946767600000,163,340464.9820274012,112436.19575533626
1176368400000,142,340802.3969000525,110622.00110716297
1176372000000,161,340802.05040413473,110760.37701587501
1176372000000,163,340785.01754737133,110775.99725557202
1176372000000,142,340799.2534715155,110680.99619324382
1176375600000,142,339529.13225758326,110287.81277877693
1176382800000,097,340792.59410486685,110691.80681111588
1176386400000,097,340257.89957024576,110578.96455222234
1176386400000,163,341647.5357436385,110321.27288367802
1176422400000,163,342012.0252611594,110202.80184961752
1176426000000,163,341663.1397653539,110407.55214408983
1176440400000,163,340491.8805964442,111671.64591471016
1176440400000,142,340410.7421117749,112150.46803633166
1176447600000,163,340525.1398272655,111543.53457735063
1176447600000,142,340469.9014189534,111945.76126512687
1176458400000,161,340780.5190964551,110785.395874373
1176472800000,161,340134.3396399545,109167.01074009894
1176519600000,111,342758.48770177265,110204.57085981475
1176552000000,128,341111.2624086733,110663.39032985736
1176631200000,111,342194.83915630565,112684.5552442912
1176645600000,097,340013.72153054137,111244.0749467761
1176649200000,097,339743.71689659037,110920.68303512054
1176681600000,097,340351.74243774125,110697.36655744465
1176692400000,097,340535.74844199314,111044.88265577314
1176696000000,163,340709.7885095535,110818.69257740778
1176699600000,163,340695.04735220445,110773.71599457794
1176714000000,097,340241.66515122756,111325.55170552933
1176717600000,097,340332.99105016445,111141.60773880934
1176724800000,076,340836.0352366231,110797.7508662211
1176735600000,097,339708.25644594204,110454.94584502884
1176768000000,097,339875.4185917596,110598.56780595475
1176778800000,097,340432.46920814563,111103.88212750081
1176800400000,097,340618.83206265443,110984.55834298261
1176822000000,097,339637.9366928579,110405.15663393674
1176858000000,097,339772.0453146817,110544.23648985913
1176894000000,128,341605.26939935156,110431.88867007894
1176897600000,128,341659.8637666404,110169.57674937742
1176897600000,097,339813.56791889877,110565.74377495772
1176962400000,076,340873.2728744262,110698.29318183268
1176973200000,097,340528.83296502347,111027.51939519725
1176976800000,097,340518.3028796663,111027.90720466338
1176987600000,161,340629.66996621713,110628.98806807157
1176994800000,161,340257.0470592274,109184.68766855376
1176994800000,097,339419.3567975201,110374.84511112102
1177030800000,111,343054.7090132914,110259.3295219497
1177041600000,097,340448.89510092855,111235.51470242804
1177052400000,111,340777.00298769306,110733.96822079721
1177056000000,111,340766.524772821,110809.03842311219
1177059600000,097,339747.8158345983,111593.52135595481
1177063200000,097,339652.01370682754,111482.086597116
1177077600000,128,341098.1839890181,110715.8990452147
1177077600000,097,339589.10707857995,110451.89533301828
1177124400000,097,340504.6110116932,111053.86747129826
1177146000000,097,340456.0766483103,111277.3592948224
1177149600000,097,340531.14023525827,111032.5494919123
1177153200000,111,339834.95359807333,109323.05021408256
1177167600000,097,339652.6325713084,110458.67761875343
1177200000000,097,339321.0598943886,110169.45540570744
1177203600000,097,339588.70214007894,110380.99409385797
1177290000000,097,340063.7808624923,110525.94104553346
1177387200000,134,340974.00354008493,110304.61509432009
1177387200000,161,340971.70499432564,110440.14513097964
1177387200000,142,340971.7957432132,110433.39160963793
1177394400000,134,340975.21202461433,110306.31283321767
1177394400000,161,340932.2430120293,110459.28780847348
1177394400000,142,340942.28236194927,110437.9780878003
1177416000000,161,340614.7670359999,110484.75773936964
1177646400000,142,339390.79787624854,110871.18851173893
1177653600000,111,340616.3048518743,110846.55308402667
1177653600000,140,340822.1440615772,110714.04579644473
1177653600000,142,340042.75756057526,110864.82766895267
1177657200000,142,340795.16013788234,110791.81605763537
1177664400000,142,340884.23902062594,110728.8717866592
1177668000000,142,340873.71470763034,110738.1380305465
1177671600000,134,340533.5534937213,111071.14367023864
1177671600000,142,340878.81267977215,110735.66703217807
1177675200000,134,339374.8237936754,111312.4981390214
1177678800000,161,340567.1060955966,110570.41901619153
1177732800000,140,340792.26178032276,110682.54056722527
1177761600000,140,340712.9774523238,110669.56782578702
1177765200000,140,342732.5207195686,111161.32336006883
1177812000000,140,342876.2204269219,111562.09243698412
1177833600000,021,340788.6708972325,110707.55942572201
1177891200000,086,340779.25317387626,111745.53317846666
1177902000000,134,339731.7593706665,110811.65023204993
1177909200000,086,340776.6734461661,110995.85677001228
1177927200000,134,340744.8020011795,110664.31695424783
1178586000000,140,342499.77107048815,111331.89042730906
1178625600000,154,342078.04588175874,110770.72873404661
1178629200000,134,339280.88742014614,111192.34944965401
1178665200000,134,340716.06020068505,110748.79421101975
1178668800000,134,340760.51967844355,110747.63593053096
1178672400000,154,341920.7671880569,110717.17465801303
1178712000000,154,341241.7874527958,110695.65586626498
1178715600000,154,341631.26356245513,110927.2406846421
1178719200000,134,340698.64036923286,110684.02316624827
1178758800000,154,341930.0833339277,110734.6017293089
1178798400000,154,341244.8350514378,110696.94536454008
1178798400000,115,340732.95611655444,109938.8583078338
1178802000000,154,341431.3524042994,110822.93302933234
1178805600000,154,341516.83202203957,110902.1564588257
1178874000000,134,339983.9908227418,110709.27466660997
1178877600000,134,339412.11254369246,110933.82590149494
1178892000000,154,341154.00672017364,110680.1996214007
1178895600000,154,341725.3443688669,110725.37071301305
1178935200000,134,339809.8444715899,110684.61184527002
1178938800000,154,342315.48195823556,110744.22286403297
1178942400000,154,341590.7544924895,110628.65521830566
1178964000000,154,340755.72229236306,110649.02093716482
1178967600000,154,340906.62195317476,110653.47833477893
1178974800000,154,341227.78326060344,110677.49670752024
1178978400000,154,341833.2201715471,110733.84186292681
1178985600000,134,340158.6964821343,110661.78418091944
1179028800000,154,342755.7065415351,111030.580687623
1179064800000,154,342105.90738831833,110775.56907992791
1179100800000,154,342709.9905797393,110889.43052164813
1179104400000,154,342263.2008434754,110789.73480927075
1179151200000,154,342115.41472576454,110751.96226467019
1179190800000,154,341945.98306729953,110723.95185240633
1179237600000,154,342060.21418051404,110736.35096922581
1179273600000,154,342748.5296763235,110992.95973744107
1179277200000,154,342317.88046421914,110857.68070497442
1179277200000,058,340881.13383375295,110901.4555790568
1179324000000,154,342014.0637421025,110735.91413201444
1179360000000,154,342700.4900269198,110878.89227519176
1179363600000,154,342188.46362364665,110788.72142634436
1179410400000,154,342202.53836609947,110787.07538107554
1179450000000,154,341983.94029008655,110734.79787286685
1179475200000,115,340496.6156082584,112185.8342004983
1179478800000,115,340527.7198863394,112433.4591246403
1179500400000,163,341668.0786328458,110328.40157357832
1179554400000,163,341537.1188361856,109679.80060373335
1179558000000,163,341723.05030887225,109707.13602320035
1179561600000,058,340650.037996564,110712.81029725738
1179619200000,163,341989.42638438294,109754.64206998609
1179622800000,163,341111.8228905245,112107.54686869198
1179640800000,154,340413.20932954986,110739.51080741885
1179644400000,154,340433.61648106546,110709.68722987158
1179669600000,154,341877.0184239186,110799.55999002684
1179705600000,134,339961.9452596428,110638.5259087616
1179705600000,163,341607.97604407626,110353.078320285
1179709200000,154,341529.63943479577,110738.77508481478
1179756000000,154,341955.58854499925,110767.8688726355
1179882000000,138,340484.71867360326,112038.6553600952
1179889200000,115,340782.2224695674,110766.18061073235
1179914400000,138,340906.3375862123,110714.04579643976
1180000800000,082,341078.4348835894,110699.90258208699
1180004400000,082,341083.94014308124,110687.7289134989
1180015200000,138,340780.6992066989,111517.76609577108
1180018800000,138,340639.81265842274,112352.07263228306
1180022400000,138,340454.9122151241,112940.8079134098
1180076400000,138,341207.8383613022,111993.35684325993
1180166400000,058,340165.97912714514,112514.33667995072
1180177200000,134,340636.38020101615,111115.52687249231
1180180800000,134,339932.27560725505,110492.44926692916
1180310400000,134,339290.4152491835,110328.68124566595
1180342800000,098,340573.5801333188,110287.85835985464
1180346400000,098,340122.08474560536,110045.46985987961
1180350000000,098,339763.6740058982,110443.00137665473
1180522800000,128,341770.9444251893,110198.97501123387
1180533600000,128,341813.9262550445,109751.9625811295
1180537200000,134,339889.78896507353,110526.24992033007
1180573200000,134,340463.4509918461,110670.80332496786
1180623600000,134,340191.6580331732,110605.05711834162
1180623600000,098,341071.78480976727,110566.20048020469
1180659600000,134,340236.5898441827,110615.55886141268
1180706400000,128,340713.3586476944,112796.66974945326
1180778400000,098,339727.4757657821,112164.09656613381
1180782000000,098,341133.89611777174,111670.94811464478
1180861200000,058,341277.7880584557,110679.84493263952
1180872000000,058,341068.2760675258,110764.12763840158
1180922400000,138,340386.6693646499,112644.34431575495
1180951200000,098,340922.84868463594,111511.44820221147
1180958400000,128,341090.35725323396,110714.04579643907
1180962000000,098,340783.5983325764,111020.09659453858
1180965600000,098,340309.5464949332,111330.43416378129
1180969200000,134,339906.9626042206,110496.0574089981
1181005200000,134,340261.5491870182,110612.11711368381
1181044800000,128,341050.5333687415,110707.25055092497
1181131200000,128,341098.6641960095,110710.33929888505
1181131200000,082,341945.8863549076,109958.62629479254
1181138400000,082,341694.40786746005,110154.62366005797
1181142000000,138,340332.38945798983,112911.40855239339
1181174400000,082,340740.45414037036,110941.81007118511
1181192400000,128,340615.1790034654,109718.85120297212
1181228400000,082,340660.4558892337,111040.88680998933
1181264400000,082,340678.47223390284,110989.25323988548
1181268000000,138,340231.526622788,112823.65658808139
1181311200000,128,340974.1905923889,110695.14265891057
1181365200000,134,341278.0394639711,111712.05015418373
1181401200000,134,340287.2124886016,110624.34855561426
1181469600000,111,342345.6281525979,109441.88317318757
1181487600000,134,340109.9116617086,110597.43368106302
1181520000000,134,340190.1099446087,110605.77330056083
1181563200000,163,341663.3622746994,110382.41354646938
1181574000000,138,340936.9316865073,111986.47638944941
1181577600000,138,340784.6722308463,112951.49529028543
1181606400000,134,341108.58830191626,111281.03090769444
1181610000000,138,340504.32577158976,111516.99671673338
1181610000000,163,342034.6814618272,109869.70565345068
1181613600000,163,341843.0915537247,110172.26396010398
1181649600000,082,340611.4936764952,111175.40720260645
1181653200000,163,341715.1926437259,110346.52339827182
1181696400000,134,340519.1597315258,111481.29079028922
1181696400000,163,341822.15386534634,110342.38116662914
1181739600000,097,340131.0139176884,110624.2177380542
1181743200000,163,341648.9646811004,110361.77409133474
1181746800000,134,340072.8867827907,110597.68824820108
1181779200000,097,340541.23135444446,110673.61127766277
1181779200000,163,341785.2911954459,110331.2290598551
1181800800000,134,341140.166675345,111747.23198984581
1181811600000,097,340549.684996095,110927.03703093063
1181815200000,134,341942.69895599433,111024.7654934854
1181815200000,097,340656.03986948566,110888.80274365397
1181829600000,097,340197.897450719,110653.70401624942
1181865600000,097,340552.5803347123,110673.85346358136
1181869200000,163,340877.26471111574,110245.52133990002
1181876400000,097,340577.44057858107,110911.62019658857
1181908800000,097,339194.2091810294,110135.21442829708
1181912400000,097,339431.26607797144,110374.46002046546
1181919600000,163,341697.82667387347,110354.60593600215
1181973600000,163,340686.9430401605,110060.90797731678
1181977200000,163,340602.41711818206,110361.29974789883
1181984400000,163,340689.5554836944,110670.26279407568
1181988000000,163,341111.1233613684,110676.13843508417
1181991600000,163,341296.7370652391,110584.60828416482
1182049200000,097,340386.6761783473,111348.26871137491
1182052800000,097,340459.72271883633,111180.26201951387
1182070800000,097,340550.24344395427,110887.67204127472
1182088800000,097,340307.96290543565,110678.21632008003
1182092400000,097,340127.3937021326,110639.739345462
1182128400000,097,340629.7680715411,110685.18806547928
1182175200000,097,340304.61949929834,110643.9592972224
1182175200000,163,340784.2867888451,110675.24340016373
1182178800000,163,341309.8421897865,110485.46661532915
1182211200000,082,340803.5851689462,110853.03945474846
1182211200000,097,340247.93609702314,110654.12408597
1182218400000,163,341907.4853264645,110290.36785435183
1182222000000,097,340570.8284171218,110826.43761292072
1182254400000,163,341645.48547028285,111085.84503534198
1182258000000,163,341518.78245205,110948.91395089509
1182261600000,163,341554.1556924023,110765.51704687481
1182261600000,097,340488.44388865796,110667.251264813
1182297600000,097,340576.7388577944,110973.50062527826
1182301200000,163,341772.37671684864,110372.44463807456
1182337200000,134,340175.04429536813,110628.68515775344
1182348000000,082,340676.7470623969,110777.4269046275
1182351600000,082,340665.89954934083,110929.42181589441
1182380400000,138,340468.9016507715,111898.04367304788
1182384000000,138,340598.49730724655,111287.04893477588
1182387600000,082,340687.4907494979,110976.53321418566
1182391200000,082,340755.30593600706,110915.09520926206
1182513600000,097,339677.68488725973,110642.3543305787
1182517200000,097,339501.02710313164,110354.7519927979
1182520800000,082,340649.13170904014,111086.30707259958
1182585600000,097,341025.9394940846,110683.71990735676
1182600000000,082,340736.42981418915,110859.06251327363
1182607200000,082,340703.9580137051,110942.04172728208
1182607200000,097,340109.9527755295,110613.11501687152
1182646800000,097,340439.0813053761,110678.58696983337
1182650400000,097,340577.8971472735,110673.70674805282
1182654000000,097,340694.8913821982,110659.5803718029
1182733200000,082,340693.2919171295,110994.32761153743
1182776400000,082,340645.57628284814,110814.02369101225
1182776400000,097,340330.40395930776,110664.83884614376
1182780000000,082,340600.9986947025,111031.39313352562
1182816000000,138,340523.9741244128,111509.85067769706
1182819600000,082,340692.4521655797,110965.69747253314
1182862800000,128,341028.30196047615,110671.96614773103
1182902400000,138,340496.67779374454,111825.76047443348
1182934800000,080,341555.0191117956,110651.37229233187
1182938400000,117,340871.00729900337,112283.1297613129
1182938400000,080,342191.95694462105,109785.56106518366
1182942000000,128,340901.560996331,110371.19477261978
1182945600000,128,341347.76855161344,110062.37613543915
1183039200000,134,340313.6666484792,110674.55242594285
1183042800000,134,340107.4607699889,110628.57496705002
1183082400000,117,340947.11526915303,111622.55889027551
1183287600000,128,339628.0957356094,110746.15272980512
1183550400000,080,340831.01338506496,110733.50490860187
1183561200000,134,340134.9412739949,110654.09069410077
1183636800000,080,341583.50039075705,110372.10168159642
1183680000000,080,341029.69331537676,110132.88070761372
1183716000000,080,341547.3040433855,110677.95157025156
1183723200000,128,340812.5851728665,110651.69721257135
1183726800000,128,340893.9547915958,110571.98545265854
1183730400000,134,340146.0536798046,110614.94575655457
1183759200000,128,341454.0046419839,112481.85208334135
1183762800000,134,340961.90201359824,110088.65857264608
1183888800000,134,339379.9868924644,110609.83144019132
1183892400000,134,339392.44107017387,110606.91772127982
1183896000000,134,339830.41973063385,110630.2720878162
1183964400000,134,340825.9654544498,110713.73692164401
1184076000000,163,341509.14666335593,110459.33991759576
1184115600000,163,341099.97867597925,110190.58154431407
1184320800000,163,341612.3056294565,109911.30226351239
1184410800000,134,340945.6171609389,110671.88438675349
1184464800000,163,341705.67594783776,110465.31842687257
1184472000000,134,339833.0510659256,110583.90654895984
1184475600000,134,340398.8174398182,110628.78438078864
1184508000000,134,340260.07361459656,110671.03952334136
1184511600000,134,340065.912762686,110610.57852078025
1184547600000,134,340571.18759068556,110656.8877025693
1184583600000,163,341600.9365108771,110390.6941727996
1184626800000,163,341686.0340215582,110379.49227282788
1184673600000,163,340924.1493334442,110656.13177214772
1184677200000,163,341428.0875691748,110455.22802187121
1184720400000,163,341812.1191557959,110306.33106541091
1184756400000,163,341647.08502348047,110368.16906033005
1184803200000,163,342085.1732005905,109730.89732002509
1184806800000,163,341854.7071377905,110083.76301512396
1184850000000,163,341699.06513639545,110377.53979385777
1184853600000,163,341872.87448939704,110068.47827670127
1184893200000,163,341211.57043047843,110162.73623772639
1184911200000,072,340786.22053804446,110786.32249876372
1184925600000,072,340457.26977013977,111774.4747468748
1184929200000,072,340410.5768006312,112209.18513509614
1184936400000,072,340363.362967032,112925.53317842953
1184940000000,072,340295.45031649363,112991.36611344735
1184994000000,128,342060.46565139707,109889.98714476118
1184994000000,153,342060.46565139707,109889.98714476118
1184997600000,128,342068.26608723006,109830.36465674848
1184997600000,153,342068.26608723006,109830.36465674848
1185012000000,128,342036.3096825826,109789.58353130858
1185012000000,153,342036.3096825826,109789.58353130858
1185015600000,128,341983.9179483041,110029.2666064215
1185015600000,153,341983.9179483041,110029.2666064215
1185022800000,128,341825.4060613024,110324.34895502494
1185022800000,153,341825.4060613024,110324.34895502494
1185073200000,128,342031.4664844481,109948.17059516833
1185073200000,153,342031.4664844481,109948.17059516833
1185076800000,128,340806.84662267927,110164.66792310533
1185076800000,153,340806.84662267927,110164.66792310533
1185080400000,128,340108.2290939022,110357.16798581096
1185080400000,153,340108.2290939022,110357.16798581096
1185084000000,128,339263.92941266607,110593.32820188646
1185084000000,153,339263.92941266607,110593.32820188646
1185152400000,090,341112.62256869517,110932.19965252442
1185159600000,090,340927.5761688575,111350.03061372282
1185159600000,171,340221.3290275683,110428.64548472213
1185163200000,171,340260.5220842915,110545.70903249284
1185170400000,090,341116.8884779481,111519.59126502098
1185181200000,171,340333.1718048748,110494.09442838561
1185184800000,171,340274.28283163684,110500.90593047108
1185195600000,090,340684.9215844862,111748.28216415332
1185235200000,090,341112.0394119252,111795.72533285781
1185238800000,090,341137.1745114925,111326.23564257962
1185354000000,171,340671.8103809539,110671.42107455955
1185357600000,171,340462.2682686872,110618.9123591999
1185361200000,171,340414.85474113905,110629.2670190356
1185364800000,171,340432.17024970363,110627.87708245257
1185372000000,171,340618.30133193365,110659.91548840047
1185411600000,171,340768.35763518023,110688.10031355724
1185426000000,090,340910.5108557138,111183.12365365794
1185451200000,090,340121.01327362144,112929.51469489279
1185454800000,090,340410.2738609049,112588.38454493624
1185501600000,090,341111.4050974992,112046.06835520291
1185537600000,171,340428.21235287865,110603.18782411981
1185544800000,090,340766.57866965694,112279.70405902811
1185602400000,171,340433.1356464227,110667.09682741207
1185681600000,090,341102.8946719818,112010.39331623857
1185685200000,090,341112.0588278716,111456.99999381293
1185714000000,128,341242.7544657078,110349.25631411963
1185724800000,128,341868.58646380407,110157.32986370787
1185728400000,128,341974.7618229077,109976.823432787
1185732000000,128,342006.61694306886,109917.6312551694
1185735600000,128,342073.4751679409,109801.40060426023
1185739200000,128,342055.16244686366,109799.90677342804
1185742800000,128,342054.2647303213,109801.07167265976
1185746400000,128,342058.13223464234,109808.20774553834
1185750000000,128,342073.5926810714,109816.31149701035
1185753600000,128,342078.59313969646,109814.44795240613
1185757200000,128,342033.0916726039,109894.755399428
1185760800000,128,341769.77880041377,110182.58810016936
1185843600000,163,340796.37437829346,110857.85790157
1185876000000,055,340815.3299176101,110828.57657088405
1185879600000,057,340791.6613163128,110782.8476573032
1185879600000,157,340791.7109990363,110796.82424183066
1185879600000,061,340763.6709698627,110770.98171721381
1185879600000,094,340791.6613163128,110782.8476573032
1185879600000,150,340791.6613163128,110782.8476573032
1185883200000,057,341181.09404116904,110822.08898092175
1185883200000,157,341074.5013323163,110817.96434567336
1185883200000,061,339912.8500409662,109191.29910737142
1185883200000,094,341181.09404116904,110822.08898092175
1185883200000,150,341181.09404116904,110822.08898092175
1185886800000,055,340841.4343318914,110682.54056722141
1185886800000,157,341590.1387840302,110781.6595912302
1185890400000,055,340546.6750709985,110671.78142848745
1185890400000,157,343054.07862156286,110722.88914136497
1185894000000,057,341533.5850995548,110912.56144489205
1185894000000,094,341533.5850995548,110912.56144489205
1185894000000,150,341533.5850995548,110912.56144489205
1185922800000,057,342456.0089594583,111136.17817473896
1185922800000,094,342456.0089594583,111136.17817473896
1185922800000,150,342456.0089594583,111136.17817473896
1185926400000,047,340838.7507751668,110885.47130835308
1185926400000,061,340693.1875656503,111000.75428376938
1185926400000,162,341865.15809466963,110364.35200790376
1185933600000,055,340208.96401208616,110707.86830051495
1185937200000,055,340344.26449830324,111181.68223794084
1185937200000,157,342814.80502496206,110990.42825315644
1185940800000,055,339661.2538432111,111312.08623524646
1185940800000,157,342426.3148157598,111111.60087687022
1185955200000,157,341763.870529231,111210.42385055727
1185958800000,157,341761.2511160369,111203.91531178997
1185958800000,146,340752.9728889146,110802.07511336986
1185962400000,055,340140.4381995814,110878.39526756426
1185962400000,047,340833.7743458233,110696.30755814293
1185969600000,061,340489.8384093753,110668.89391713704
1185976800000,146,340917.58175873663,109717.36860394996
1185980400000,057,341921.2084478151,111029.04995226921
1185980400000,094,341921.2084478151,111029.04995226921
1185980400000,150,341921.2084478151,111029.04995226921
1186012800000,057,341757.77890093,110932.40962652418
1186012800000,094,341757.77890093,110932.40962652418
1186012800000,150,341757.77890093,110932.40962652418
1186016400000,055,340252.60113245004,110640.18059517058
1186016400000,146,341411.4457257029,109143.23688462959
1186016400000,047,340839.19185672817,110833.00120234143
1186020000000,057,342060.0698254591,109852.65994311313
1186020000000,094,342060.0698254591,109852.65994311313
1186020000000,150,342060.0698254591,109852.65994311313
1186023600000,157,342731.80726486805,110992.41003497737
1186027200000,055,340776.4506583143,110710.33929888268
1186027200000,047,340956.9028734671,110849.06820736617
1186027200000,061,340621.0160297579,111213.47662653966
1186034400000,047,340908.9470657957,110868.42803834459
1186038000000,157,341734.96943672316,111210.71646878496
1186041600000,157,341786.2469970193,111192.28693927685
1186045200000,157,341748.63984274294,111201.56828370971
1186048800000,047,340701.6680612586,111059.08702336116
1186056000000,047,340777.73034219746,110965.99135750455
1186056000000,157,341721.9035064114,111194.12146837077
1186056000000,061,340746.86608409096,110797.08559742825
1186056000000,162,342375.13888232445,109632.30448506676
1186059600000,055,340561.2234844365,110642.69571851053
1186059600000,157,342447.2545293177,110979.27623297373
1186063200000,055,340324.56954892585,110628.82724015985
1186066800000,057,341561.9352936311,110910.06249405254
1186066800000,094,341561.9352936311,110910.06249405254
1186066800000,150,341561.9352936311,110910.06249405254
1186095600000,057,341637.1645473815,110928.40490502818
1186095600000,094,341637.1645473815,110928.40490502818
1186095600000,150,341637.1645473815,110928.40490502818
1186099200000,057,341699.63964240404,111049.51633828873
1186099200000,094,341699.63964240404,111049.51633828873
1186099200000,150,341699.63964240404,111049.51633828873
1186102800000,055,340379.83823049173,110650.36142936036
1186110000000,047,340818.721741186,110980.29587079691
1186113600000,057,341839.2950348153,111179.4428956676
1186113600000,047,340746.2188656032,111090.28192539334
1186113600000,094,341839.2950348153,111179.4428956676
1186113600000,150,341839.2950348153,111179.4428956676
1186120800000,157,342972.8958976764,110978.10705580718
1186128000000,057,342437.9511424869,109823.40532149874
1186128000000,094,342437.9511424869,109823.40532149874
1186128000000,150,342437.9511424869,109823.40532149874
1186135200000,055,340792.77866691654,110715.8990452147
1186135200000,061,340755.8777297088,110949.08134727024
1186135200000,162,341065.16096556606,110786.32249876372
1186138800000,047,340593.1740108361,111197.4541572236
1186138800000,061,340860.65662685886,111247.67408143774
1186142400000,057,342328.6116237625,110492.61311559743
1186142400000,094,342328.6116237625,110492.61311559743
1186142400000,150,342328.6116237625,110492.61311559743
1186146000000,057,342518.8854744484,109857.50781438476
1186146000000,047,340828.5411970428,110648.32970009258
1186146000000,094,342518.8854744484,109857.50781438476
1186146000000,150,342518.8854744484,109857.50781438476
1186149600000,057,342282.88091387314,110117.38386698284
1186149600000,094,342282.88091387314,110117.38386698284
1186149600000,150,342282.88091387314,110117.38386698284
1186153200000,055,340335.796589283,110713.42804684909
1186200000000,057,341786.7610490221,111197.31130263141
1186200000000,094,341786.7610490221,111197.31130263141
1186200000000,150,341786.7610490221,111197.31130263141
1186203600000,055,340450.18656438444,110704.7795525521
1186210800000,057,342812.5457309096,109552.70342127547
1186210800000,094,342812.5457309096,109552.70342127547
1186210800000,150,342812.5457309096,109552.70342127547
1186225200000,055,340763.0576719555,110668.95007618952
1186232400000,055,340794.4192293233,110673.89207292997
1186239600000,055,340466.05722954986,110659.44623630674
1186239600000,057,341843.4831138191,110993.14506231908
1186239600000,094,341843.4831138191,110993.14506231908
1186239600000,150,341843.4831138191,110993.14506231908
1186243200000,057,341684.15783744934,110936.16795824037
1186243200000,094,341684.15783744934,110936.16795824037
1186243200000,150,341684.15783744934,110936.16795824037
1186275600000,057,341477.2013593446,111067.01455683027
1186275600000,094,341477.2013593446,111067.01455683027
1186275600000,150,341477.2013593446,111067.01455683027
1186279200000,057,341608.705741681,111194.17175132263
1186279200000,094,341608.705741681,111194.17175132263
1186279200000,150,341608.705741681,111194.17175132263
1186286400000,057,341787.89573615906,111264.600446611
1186286400000,094,341787.89573615906,111264.600446611
1186286400000,150,341787.89573615906,111264.600446611
1186297200000,057,342485.1042230421,109953.71590997167
1186297200000,094,342485.1042230421,109953.71590997167
1186297200000,150,342485.1042230421,109953.71590997167
1186311600000,055,340951.96433885256,110697.59821354132
1186326000000,057,341669.7000080603,110921.78900616725
1186326000000,094,341669.7000080603,110921.78900616725
1186326000000,150,341669.7000080603,110921.78900616725
1186329600000,057,341541.0267661533,110895.753849957
1186329600000,094,341541.0267661533,110895.753849957
1186329600000,150,341541.0267661533,110895.753849957
1186354800000,057,343095.728753356,111388.58716811192
1186354800000,094,343095.728753356,111388.58716811192
1186354800000,150,343095.728753356,111388.58716811192
1186376400000,047,340717.1643557475,111018.3792983746
1186380000000,047,340756.5219305909,111218.79312731084
1186398000000,047,340794.9028540536,110954.9681375037
1186398000000,162,340741.34201950807,110680.68731845105
1186401600000,162,341640.1711410366,110061.08447720183
1186405200000,146,341140.2999559672,109757.61498990025
1186408800000,146,341421.4013616507,109126.04325029827
1186412400000,055,339865.93952216743,110561.33809718098
1186416000000,057,341692.7028598069,110890.04265533545
1186416000000,094,341692.7028598069,110890.04265533545
1186416000000,150,341692.7028598069,110890.04265533545
1186441200000,057,342851.5052534402,111374.75274518694
1186441200000,094,342851.5052534402,111374.75274518694
1186441200000,150,342851.5052534402,111374.75274518694
1186448400000,146,341239.1652720356,109522.88730447172
1186448400000,162,341622.0396582723,110245.63716795172
1186477200000,157,340642.8479736949,110732.85627153213
1186480800000,047,340682.66002308624,111026.04567884984
1186491600000,146,341208.7278786075,109666.55735703533
1186491600000,162,341164.4864407219,110660.76489409046
1186495200000,162,341813.07833042165,109941.64645443094
1186498800000,057,341736.67113923834,110968.09114235977
1186498800000,094,341736.67113923834,110968.09114235977
1186498800000,150,341736.67113923834,110968.09114235977
1186527600000,057,340042.567760501,110178.38562097077
1186527600000,094,340042.567760501,110178.38562097077
1186527600000,150,340042.567760501,110178.38562097077
1186531200000,047,340675.0933530191,111386.56918610922
1186531200000,146,341302.9457207242,109215.79711817046
1186534800000,047,340663.7482698811,111231.67639566463
1186534800000,146,341033.3136307875,110025.61535476532
1186581600000,057,341628.1692024963,111033.06933597986
1186581600000,094,341628.1692024963,111033.06933597986
1186581600000,150,341628.1692024963,111033.06933597986
1186617600000,057,341575.1193582608,110874.9077903189
1186617600000,047,340700.51835024974,111276.43899859978
1186617600000,094,341575.1193582608,110874.9077903189
1186617600000,150,341575.1193582608,110874.9077903189
1186621200000,057,341753.69621145737,110950.7674402747
1186621200000,146,341289.3093127527,109253.92960836463
1186621200000,094,341753.69621145737,110950.7674402747
1186621200000,150,341753.69621145737,110950.7674402747
1186621200000,162,341209.164135468,110665.12002871648
1186624800000,162,341035.6328534886,110680.93441828535
1186653600000,057,341879.6001680109,111006.16413497935
1186653600000,094,341879.6001680109,111006.16413497935
1186653600000,150,341879.6001680109,111006.16413497935
1186671600000,057,341727.4608237357,110958.11866042556
1186671600000,094,341727.4608237357,110958.11866042556
1186671600000,150,341727.4608237357,110958.11866042556
1186675200000,057,341607.8606481394,110895.61784540745
1186675200000,094,341607.8606481394,110895.61784540745
1186675200000,150,341607.8606481394,110895.61784540745
1186700400000,057,340015.8842216556,110270.81046384324
1186700400000,094,340015.8842216556,110270.81046384324
1186700400000,150,340015.8842216556,110270.81046384324
1186707600000,162,341811.52075550007,109542.88081905969
1187136000000,087,340687.35094382433,111140.34449437787
1187172000000,087,340648.80371494195,111014.27209838056
1187175600000,087,340645.8130239146,111155.11900546358
1187226000000,087,340675.7732914534,111124.79311637915
1187359200000,111,340733.9930212794,110910.49016684716
1187359200000,087,340733.9930212794,110910.49016684716
1187362800000,111,340704.1656403459,111066.44105146558
1187362800000,087,340704.1656403459,111066.44105146558
1187402400000,111,340676.38112612936,111097.20498116846
1187402400000,087,340676.38112612936,111097.20498116846
1187409600000,060,340680.59434278135,111441.67759767077
1187427600000,111,340669.0156459376,110985.08343013798
1187427600000,087,340669.0156459376,110985.08343013798
1187488800000,111,340698.5042190951,110958.6746350589
1187488800000,087,340698.5042190951,110958.6746350589
1187568000000,111,340690.18927865545,111098.08012642714
1187568000000,087,340690.18927865545,111098.08012642714
1187571600000,060,340634.4420564589,111060.19148475265
1188802800000,139,341079.7237466217,110644.85784208293
1189656000000,139,339820.7133904144,111747.41731472439
1189659600000,139,339925.0838796559,111505.47568683347
1189663200000,139,339964.63232499367,111420.85031901642
1189666800000,139,340063.0255061008,111460.63339277206
1189728000000,139,340129.17974347505,111765.17480755552
1190160000000,139,340045.9227647775,111629.02119283135
1190296800000,139,339930.8862299227,110950.1575768487
1190332800000,139,339966.907970586,111342.9512197869
1190343600000,139,340108.0939507899,111876.92508484237
1190419200000,139,339956.6237308001,111331.09527270573
1190430000000,139,340200.67355025426,111762.36685486097
1190433600000,139,339922.7558153812,111313.84014255839
1190437200000,139,339474.98856897623,110826.2844835999
1191308400000,107,341303.59004233143,110693.6600598898
1191312000000,107,341576.6850030656,111010.3285573782
1191315600000,107,341588.987817064,110961.49303594763
1191333600000,139,340542.788833951,110180.31014854678
1191333600000,108,340542.788833951,110180.31014854678
1191387600000,105,340140.61367681215,110585.1461486483
1191394800000,105,339735.84482839843,110558.81856134476
1191394800000,139,340747.0372543795,110703.5440533703
1191394800000,108,340747.0372543795,110703.5440533703
1191405600000,105,339379.2312713197,110654.0877477606
1191409200000,105,339592.419166089,110603.2938377109
1191412800000,105,339914.2408180549,110559.60826480946
1191596400000,105,340719.9779183258,112334.92568868214
1191600000000,105,339710.14585389895,112348.77819530256
1191603600000,105,340190.7216570507,111803.07082383923
1191628800000,139,340049.2498643612,111644.99443229396
1191628800000,108,340049.2498643612,111644.99443229396
1191654000000,107,341784.63033136295,110599.91655923182
1191657600000,139,339921.3927401228,112234.67670632253
1191657600000,107,341799.46178849065,110473.5867675716
1191657600000,108,339921.3927401228,112234.67670632253
1191661200000,139,340103.92662915506,112366.83953136252
1191661200000,108,340103.92662915506,112366.83953136252
1191672000000,107,341433.56760995265,110726.16319229371
1191679200000,139,339857.342611548,110817.59607187811
1191679200000,108,339857.342611548,110817.59607187811
1191715200000,107,341180.15057046607,110986.39772391207
1191718800000,107,341037.5015459808,110813.66642804231
1191740400000,105,342066.58413717686,110598.47973423536
1191740400000,139,340536.23898047605,112121.77356776249
1191740400000,108,340536.23898047605,112121.77356776249
1191744000000,105,341839.33101799566,110624.38797612966
1191744000000,139,340502.3618842919,112367.69968052403
1191744000000,108,340502.3618842919,112367.69968052403
1191747600000,105,340993.2135886699,110678.24394662147
1191747600000,139,340339.90131800034,112442.7801688965
1191747600000,108,340339.90131800034,112442.7801688965
1191751200000,139,340226.7443599067,112555.01644485345
1191751200000,108,340226.7443599067,112555.01644485345
1191801600000,139,340101.7054222176,111763.91122884225
1191801600000,108,340101.7054222176,111763.91122884225
1191852000000,139,339895.601058343,110609.02836572034
1191852000000,108,339895.601058343,110609.02836572034
1191888000000,139,340053.86737433675,111500.00860294033
1191888000000,108,340053.86737433675,111500.00860294033
1191909600000,105,341550.5814462281,110666.78795261795
1191913200000,105,341086.71543595544,110895.21684071596
1191916800000,105,340863.016010355,111442.84652901208
1191916800000,106,341306.6008182745,112460.85684705865
1191920400000,105,341347.38972186943,111641.21485447313
1191920400000,106,341668.28084560693,111828.2191418718
1191934800000,163,341885.40858871955,110280.75623228257
1191938400000,163,341995.5870659741,110091.72485698565
1191974400000,163,340940.39500051254,110013.9810707722
1191978000000,163,340890.47701514873,110433.04695056609
1191988800000,163,340996.98849421093,110720.8410419587
1192028400000,056,340473.4314807405,109926.84273883725
1192064400000,056,340636.1210595472,110223.02753286707
1192147200000,056,340621.7338157914,110330.77629928451
1192150800000,056,340715.6704191073,110522.87436005712
1192258800000,056,341799.74604823807,110036.90399315246
1192266000000,056,341740.30883706827,109960.57882475317
1192410000000,056,340572.42797400267,110257.0346479324
1192460400000,056,340520.9718320753,110320.2674962168
1192496400000,056,340568.3771091797,110163.51134511261
1192543200000,163,341658.52774502186,110333.96131991009
1192586400000,163,340926.6952736251,110708.30072523204
1192618800000,056,341824.0908997057,110152.80793669003
1192622400000,056,341768.6075105738,110011.65833230643
1192629600000,056,341740.25584656466,109825.49022637209
1192633200000,056,341164.8181582878,109985.88329215189
1192633200000,163,341762.73970717157,110279.53838308644
1192669200000,056,340586.3071053179,110271.31790100863
1192719600000,056,340524.20179878623,110125.20989831176
1192755600000,056,340611.14435120666,110268.45066039951
1192755600000,163,341834.50418836967,110448.88866367337
1192759200000,163,341572.441090874,110569.1974450478
1192831200000,175,341566.3421258725,109596.53678366696
1193011200000,056,340600.6783012877,110206.35317084033
1193014800000,175,339679.9724941742,109692.37622043921
1193047200000,056,341102.6307720926,110734.80218274894
1193061600000,163,341625.59724248305,110423.98919716648
1193065200000,056,340485.245911621,110139.53867544398
1193097600000,163,341488.80023518816,110590.10978445073
1193101200000,056,340687.9554994276,110498.48979801842
1193148000000,163,341076.3340703235,110672.92683919174
1193151600000,056,340461.070904005,110135.60052179256
1193151600000,163,341508.26008258667,110419.03019144287
1193184000000,163,341671.7837051044,110503.22021552273
1193187600000,056,340639.1919346638,110424.5029286287
1193274000000,163,341733.90745790023,110375.09842430032
1193320800000,163,340760.04998460255,110740.54725395681
1193360400000,163,341685.53388772433,110291.79991022336
1193410800000,056,340591.04023354343,110377.33975540771
1193410800000,163,341672.80232234666,110251.56341497367
1193461200000,056,340565.8583766814,110158.13735067395
1193706000000,056,340615.2616512639,110186.17876967601
1193709600000,056,340701.1240725784,110436.39824210448
1193756400000,056,340626.4452434095,110353.1070645528
1193929200000,056,340463.91713527194,109774.79615044026
1194004800000,056,340963.4738890787,110662.15483067358
1194008400000,056,341202.6582012697,110597.56068692252
1194012000000,056,341121.55632435443,110872.2101872731
1194015600000,056,340911.4956931135,110562.71764144569
1194066000000,056,339862.30514188175,110190.16444252679
1194184800000,056,340415.0648499155,109957.3907956067
1194483600000,056,340654.24233609263,110289.03407682094
1194530400000,056,340893.6490372424,110825.24072308477
1194534000000,056,340727.7662581824,110510.2859703345
1194570000000,056,340778.5189555019,110681.38228673855
1194584400000,091,340752.00932673767,110683.46719161727
1194588000000,091,340196.65057262406,111111.94673281061
1194872400000,091,341028.58120747784,110693.66005988546
1195045200000,091,341045.60387880204,110700.14643060858
1195128000000,091,341015.65273995046,110717.75229399401
1195189200000,091,339510.9131389516,111479.90085370568
1195196400000,091,339761.7414802239,111390.84563120519
1195563600000,091,340901.739392417,110704.77955254988
1195650000000,091,341008.7379505287,110652.88858679017
1195736400000,091,340972.09818768204,110703.5440533703
1195747200000,163,340770.61865327,110788.84662359487
1195761600000,163,340825.323446173,110707.6547837935
1195765200000,091,340957.7766847781,110700.99954279754
1195765200000,163,341251.24535228364,110534.52829223784
1195801200000,163,342078.5739316456,109734.7835827115
1195804800000,163,341861.6321484497,110087.58566817563
1195848000000,163,341601.5339724547,110438.43706132557
1195851600000,091,340984.3547637037,110696.29609415642
1195934400000,091,340966.9439999046,112219.92325387152
1195941600000,163,342522.2987493704,111104.74323409435
1195988400000,163,342061.8149195836,109990.75126172187
1196071200000,163,341254.81438069453,110596.17721604802
1196110800000,091,340979.94531149487,111181.48204846321
1196114400000,163,341588.47796158295,110430.66477357836
1196150400000,163,341790.4356441442,110457.75471036654
1196154000000,163,341428.80547590443,110570.41581814959
1196190000000,091,340846.3116598262,110967.47386025415
1196190000000,163,341422.84063084755,110562.1177795347
1196193600000,091,340814.48751220014,110889.53857166818
1196197200000,091,340862.0678780489,110823.68829262008
1196240400000,134,340171.51508159895,111563.6854522559
1196240400000,163,341861.3638999576,110306.77717945656
1196244000000,134,340846.1864739949,111374.33155239308
1196244000000,163,341493.0690428091,110486.47207273662
1196283600000,091,341007.40840144467,111232.1900623703
1196283600000,163,341788.4003300647,110412.75141358348
1196326800000,163,342067.02000045055,109729.96328264163
1196326800000,174,340777.31826534163,110687.17368916844
1196330400000,163,341738.3300987788,110097.82835809325
1196406000000,164,340778.4142338326,110783.54262559197
1196413200000,099,340809.0460589029,110756.67051832142
1196413200000,176,340674.2186663525,110761.77947440944
1196413200000,164,340749.0391699183,110766.65279014387
1196416800000,099,340662.96331624425,110722.38541593739
1196416800000,176,340672.54468671314,111609.7167296501
1196416800000,164,340559.49008604215,111755.54230896867
1196420400000,176,340971.7700996914,111841.03446485462
1196424000000,176,341302.23658457195,112475.10482477759
1196424000000,164,340275.5125759844,112695.71038949689
1196427600000,176,340544.8239757298,111699.46541106461
1196427600000,164,339388.2243002441,111525.08666243879
1196431200000,110,340630.87374189537,110760.00636612064
1196431200000,101,340737.2733856427,110943.0054166461
1196431200000,104,340755.25720148074,110789.15796938942
1196431200000,092,340854.5236825415,110650.96491455556
1196431200000,109,340737.2733856427,110943.0054166461
1196431200000,173,340765.20687535265,110681.51942714865
1196442000000,110,340745.87088125956,110718.8590541656
1196442000000,101,341244.27349134086,110684.41994681014
1196442000000,104,340660.25548316445,110711.62605459132
1196442000000,092,340331.6674752167,110704.40645274066
1196442000000,109,341244.27349134086,110684.41994681014
1196442000000,051,340795.1641461462,110844.15363229044
1196442000000,173,340680.1759290515,110694.88455189983
1196445600000,110,340184.2182731802,111089.26598433632
1196445600000,101,342566.11116857774,111127.76105546455
1196445600000,104,339877.6558466493,111478.51099398114
1196445600000,109,342566.11116857774,111127.76105546455
1196445600000,173,340089.87574540847,110548.32022217396
1196449200000,104,339256.2224670125,111826.9675470227
1196470800000,176,339249.0809665308,111309.63362228172
1196470800000,164,339810.14532190276,112069.88260199355
1196474400000,176,339652.32378201606,112329.731246196
1196474400000,164,339934.42338274175,112689.79431803756
1196499600000,099,339387.9837430166,111699.11959242015
1196499600000,092,339107.35782441404,111014.25965014411
1196499600000,173,339497.4243316314,109719.25243133248
1196503200000,099,339421.73143068334,111743.51176452303
1196503200000,092,339102.2453513184,110977.38394267067
1196503200000,173,341712.02110582904,109716.83807060718
1196506800000,092,339205.441379593,110693.31833408437
1196510400000,092,339193.88910540036,110365.35716568916
1196539200000,163,340907.53639596247,110695.02740448734
1196607600000,092,339113.73097904224,110853.60914342073
1196618400000,173,339559.8871901254,109733.73591801201
1196622000000,173,339640.6949265695,109705.86570465015
1196625600000,173,339504.6354742492,109804.39337931108
1196629200000,104,340390.206068945,110414.50494265
1196697600000,101,342449.80884014245,110196.73349665475
1196697600000,109,342449.80884014245,110196.73349665475
1196762400000,091,340905.8523396239,110714.85890934203
1196769600000,110,340118.5688435717,111416.60907210899
1196776800000,110,339588.3936589012,111755.54934184813
1196784000000,173,339262.55879203737,109815.4142010194
1196888400000,091,340984.914498677,110749.41343523777
1196996400000,176,339437.1065231172,112569.9902084362
1197003600000,174,340761.86999101145,110787.80509778175
1197021600000,181,341218.51088608976,109971.8196610894
1197021600000,062,339283.9014306557,111392.64614724813
1197021600000,174,339884.71537432057,110573.53052334927
1197021600000,164,339841.1729934117,112557.41058037191
1197025200000,174,339792.3100449556,110259.13608031701
1197025200000,164,339112.1730113231,111358.20418398938
1197028800000,174,339614.168989683,110130.33809697664
1197032400000,181,339198.1376388378,112403.59093184568
1197050400000,101,340150.91202361917,110723.48221691129
1197050400000,051,340667.11522636574,110762.96859896653
1197054000000,101,339855.13128586556,110343.29395112423
1197057600000,101,339858.43438728666,110145.25501682151
1197064800000,091,341413.1094381037,109785.83970019277
1197100800000,062,340163.5083703183,112482.16044334666
1197104400000,062,339558.13510942337,112741.77187348079
1197115200000,092,339104.5725349176,110436.91952190442
1197136800000,110,339469.1996842517,110431.41709319901
1197140400000,110,339623.7770258753,110262.56256834003
1197144000000,110,339472.8626339429,110316.04002628366
1197183600000,164,339208.18410758534,110009.1697518313
1197190800000,164,339139.3465081202,109755.65142869297
1197201600000,164,339103.24816678104,110017.22425613411
1197284400000,092,339104.22249968763,110015.68427677748
1197349200000,181,339571.2012774885,109491.2413656265
1197363600000,181,340013.76080826065,109404.32399796674
1197367200000,181,339688.4822432098,109901.80804060923
1197446400000,062,342585.41717407695,111593.16029948795
1197450000000,062,342606.22082501696,111503.29547202199
1197450000000,174,339183.2153541951,109980.37108044686
1197453600000,062,341569.0216335693,111623.73994726913
1197478800000,101,339143.30208713183,110038.281638017
1197554400000,101,339180.0398660408,109847.99094581288
1197558000000,101,339148.9200231725,109894.60219622472
1197561600000,101,339230.7264945232,109884.34549425915
1197608400000,062,341242.3257447486,110354.37199541769
1197612000000,062,340579.89032836683,111007.57679803729
1197640800000,110,341620.03215019905,109107.02671159354
1197720000000,092,339098.4408668806,110372.04221274299
1197777600000,062,339121.74768082064,110902.62470104767
1197831600000,173,339283.1762214076,110125.7977623838
1197835200000,173,339199.58004724456,110402.79001075967
1197838800000,173,339217.9510265394,110386.07629628142
1197907200000,104,339718.6753481004,110676.00099736267
1197910800000,104,339214.3489132667,110965.20872148518
1198004400000,051,339883.03280631424,109702.01395056701
1198026000000,062,339212.08212576655,110735.17300098052
1198072800000,101,339761.58371894446,110727.10488023054
1198148400000,134,339602.3523516401,111223.1449965971
1198152000000,134,340163.33788640425,111075.26702635406
1198162800000,051,340799.2588232343,110699.82290632378
1198170000000,134,340713.8441846311,111302.14557059576
1198170000000,051,340618.5716910851,110655.61529818753
1198173600000,091,341021.87367806747,110680.87882082124
1198173600000,051,339454.89651821,111427.7888206302
1198177200000,134,340701.7717077425,111091.40588775846
1198227600000,134,340729.8987822479,110895.62192255504
1198339200000,051,340112.43730078376,110509.23266579775
1198342800000,051,341617.7211570705,109622.11919500459
1198353600000,051,341795.93321514217,111340.8092498187
1198357200000,051,340652.60108006134,111665.84522117993
1198422000000,091,341244.92201519606,110681.52098429558
1198515600000,104,339546.09873159084,111710.7111955303
1198519200000,104,339827.29106618685,111748.9379550253
1198522800000,104,340058.83086995495,111600.76873709743
1198522800000,091,340671.5588279195,109502.95717197272
1198526400000,091,340852.31630290806,109641.79429253169
1198530000000,104,339188.2029170835,111353.21552824423
1198533600000,051,339250.2261982681,110241.35139382033
1198537200000,051,339238.7081727839,110243.19614914835
1198584000000,091,340490.249341251,111962.88639577906
1198674000000,110,340543.87478115736,110821.11657064706
1198681200000,110,340221.89040443185,110985.2332063336
1198746000000,092,339458.4948780477,110643.55747919214
1198749600000,092,339578.3721555114,110575.59061102018
1198756800000,174,339117.1545078839,111483.51468882136
1198789200000,104,340010.8150068003,112665.30021450948
1198861200000,101,339289.55874390976,110203.39860260129
1198947600000,110,339473.1070183918,112401.06313581328
1198958400000,091,340793.7830412244,110815.10345227324
1198983600000,099,339190.1159275444,110512.04167970316
1199023200000,104,340924.07337630854,112630.75611725029
1199026800000,104,340707.60999841744,112695.12995206646
1199034000000,092,339220.35426379135,110351.87379529302
1199134800000,104,339730.05893911497,109154.46421023631
1199142000000,104,339237.1670235379,110966.63442435645
1199156400000,181,340995.3790798204,110729.10344275762
1199163600000,181,343005.08680573275,109261.79372324403
1199203200000,051,339255.1906826747,109203.22114154573
1199210400000,104,340382.86412804585,109597.40418997312
1199300400000,104,339194.27279015345,110700.97886635528
1199498400000,062,342183.2921823057,111423.94996493973
1199527200000,134,339161.5506746192,110611.39905106097
1199570400000,134,339261.05706719065,111114.0624208676
1199574000000,134,340916.4583253311,112177.22476883889
1199700000000,110,339595.49549351004,110450.8193098218
1199739600000,091,341051.61517386395,110719.13667083243
1199746800000,134,339834.80653002294,110677.03815331233
1199876400000,134,339840.0883783365,110733.33885751324
1200024000000,174,339322.70567357674,110147.34370394933
1200038400000,174,339131.6672356946,111128.62511222778
1200042000000,174,339504.0115726244,111541.59071479387
1200045600000,134,340263.096568928,111173.65452582734
1200045600000,174,340090.6835122408,112208.77928870021
1200049200000,134,340585.39643018943,111014.89326164186
1200049200000,174,340520.5393057267,111953.89191964739
1200052800000,174,340239.2206402721,111262.5713339871
1200056400000,174,339554.4184869635,110659.45081702131
1200110400000,062,339733.34328791813,111683.84341415673
1200114000000,062,340285.38484062324,111447.95294679364
1200117600000,174,339741.6832561941,112470.05352035344
1200121200000,062,339823.24533160066,112081.23151164762
1200121200000,174,340103.4258194184,112752.4922678518
1200124800000,174,339867.1724293097,112706.72235265399
1200128400000,174,339424.61454641394,112362.68893934146
1200272400000,062,339179.5123682797,110010.17139467153
1200373200000,062,339698.13365634315,112171.28552469166
1200394800000,174,340493.8570726221,110693.31686567032
1200398400000,181,340022.7587576384,112199.88800372825
1200398400000,174,339736.192029364,110536.42562889404
1200402000000,174,339462.6725829772,110377.66558520247
1200416400000,101,339127.6887009125,110208.5261680522
1200420000000,101,339378.84347926435,110349.38421588815
1200427200000,110,339964.8908133679,111481.98019883351
1200474000000,052,339652.5665274425,111008.69225777902
1200488400000,104,339334.3225939204,110854.20580231545
1200495600000,104,339834.7077197377,109186.44030545246
1200538800000,062,342801.15589201095,109944.24973437257
1200560400000,052,341097.6424473556,110945.75721447617
1200564000000,052,340364.2487923121,110801.48502420366
1200574800000,092,339127.8328134052,109977.13875628679
1200596400000,092,342093.77895801305,109788.05716347334
1200625200000,062,339229.78740385297,111834.98463764705
1200643200000,092,342707.1391271323,109722.70629285042
1200722400000,052,342224.1801147801,111417.35370746588
1200726000000,052,342314.0628680589,109480.53053807627
1200729600000,052,342121.415265453,110217.53180902237
1200736800000,051,341469.02542467054,111336.31721138532
1200740400000,051,342180.4351330002,109751.33233330771
1200754800000,110,340275.5686256974,112265.00107755978
1200758400000,110,340908.43034558726,112161.41246676027
1200762000000,110,341943.4780045716,112214.95922802326
1200765600000,110,341608.37648675474,112330.79390447582
1200769200000,110,340590.28176752594,112425.69681259459
1200931200000,092,342090.95377565944,110288.85875215998
1200992400000,092,339746.97988152807,110015.54672903716
1201150800000,112,340923.9404559743,110305.23596386152
1201158000000,112,340907.9790318977,110540.59013473325
1201161600000,092,339310.1649603117,110083.05165270856
1201165200000,112,340875.7078727024,110759.82104124049
1201201200000,092,341303.14814479894,109854.1143950388
1201248000000,092,340737.56810861046,109934.28396035083
1201294800000,134,339237.4797892022,111007.69241113357
1201406400000,112,340694.2356868899,110861.77619898345
1201428000000,112,340574.13393782976,111484.27210353997
1201431600000,112,340690.6025174662,110852.22678789156
1201438800000,092,340373.0644468535,112076.73412857512
1201442400000,092,340009.48918848124,111957.60788453976
1201482000000,112,340744.61127292475,110714.04579644235
1201507200000,092,341950.77545191173,109747.3954188995
1201593600000,092,339361.51593695366,109998.00198916593
1201802400000,134,340866.70204037667,111030.95351015229
1201806000000,134,340733.9446149863,110631.73054664547
1201813200000,134,340235.1381598208,109994.91082036831
1201867200000,134,339926.1337118343,111364.25294089844
1202166000000,134,339294.18125952396,111609.18534166622
1202202000000,134,339956.2559154045,111070.30187410001
1202907600000,085,340789.48708645976,110783.81875966133
1202911200000,085,339748.0360153283,110170.84830267524
1203030000000,112,340918.1193871288,110870.37113485234
1203166800000,085,341592.1029911803,109088.47946571387
1203422400000,112,341267.5184167197,110696.16935873403
1203426000000,112,341410.38848518085,110609.5190970244
1203480000000,174,339278.30975022237,110247.76840404476
1203487200000,085,340497.8057460622,110834.20543249499
1203490800000,085,339494.104574394,109493.66490302209
1203573600000,085,340528.1945864018,110695.94326238324
1203577200000,085,339539.3741361102,110262.31440241303
1203692400000,051,339653.5485837458,109587.65312445357
1203696000000,104,341810.5396658708,111207.84999835948
1203696000000,051,339141.23034586024,110751.90662933598
1203699600000,104,342007.4471448633,111353.07778160636
1203703200000,104,341519.8896417502,110272.28029111466
1203739200000,052,339431.450022018,111696.3117734378
1203757200000,052,340247.3797534033,111710.28417370429
1203879600000,104,339346.2057420392,111938.38276103587
1203883200000,104,340073.039893335,111778.84450383799
1203926400000,092,339586.6843378466,109755.26012845313
1203940800000,112,340913.4374330489,110781.42674498966
1203944400000,112,341034.5603165232,110733.90434254853
1203955200000,112,340808.84977949184,110811.31911826953
1203958800000,112,340802.9748043452,110810.4619907101
1203966000000,112,340906.2954835992,110754.99278310468
1203980400000,112,340910.66870654543,110831.6279449968
1204005600000,085,340645.77949697454,110961.50737458486
1204009200000,085,339607.07174925134,109874.53797834647
1204045200000,112,340552.33416825533,110909.83597002814
1204048800000,112,340326.1917402139,112236.63130021663
1204052400000,112,340157.32035729196,112958.175138421
1204063200000,112,340559.82493347017,112380.08618330331
1204092000000,085,340561.8995022808,110893.40691961616
1204095600000,085,340489.0456907184,110791.04411333255
1204128000000,112,340710.1055298279,110683.72505794352
1204142400000,085,339536.5919897094,110164.85031227875
1204178400000,085,340851.05288886814,110723.57612827871
1204182000000,085,340392.8884698625,111256.79312642179
1204228800000,085,339243.8984433511,109360.47157598926
1204232400000,085,339949.38175072696,110407.58579108483
1204236000000,085,340204.3586160227,110586.89091322744
1204293600000,085,340814.12595343095,110615.75689428228
1204304400000,085,342946.96639349125,110002.04323639991
1204329600000,085,340584.47894286306,111190.49074601129
1204333200000,085,340685.57574020745,111434.8061615669
1204340400000,167,341785.8880177146,110302.51555322229
1204354800000,092,339599.7199433137,110037.45848959901
1204376400000,112,340629.1182895105,110752.0281301339
1204380000000,112,342394.49933321564,110129.8516482268
1204401600000,110,339840.00472180266,112305.0372622117
1204405200000,110,339727.1787124856,112273.36027757927
1204426800000,101,340225.5733126014,109695.26718436656
1204430400000,101,340143.73228946544,109713.87652014286
1204434000000,101,339837.1406021504,109785.9760562501
1204437600000,101,339221.84254114394,110117.34427389369
1204444800000,167,342036.2278455901,110411.47766195438
1204448400000,167,341624.2219311693,110486.51827644503
1204448400000,104,342244.86944442574,109880.7969328435
1204452000000,167,340762.7580937871,110682.50000321619
1204455600000,167,340786.83607343765,110698.04081796382
1204455600000,101,340225.5733126014,109695.26718436656
1204459200000,101,340143.73228946544,109713.87652014286
1204462800000,101,339837.1406021504,109785.9760562501
1204462800000,052,341112.3967745807,111097.59127523456
1204466400000,101,339221.84254114394,110117.34427389369
1204466400000,052,341069.8575767253,111297.21870515628
1204524000000,085,340535.13133706694,111526.20835155602
1204527600000,085,340512.2476991279,111481.05723461107
1204653600000,104,340249.3384470149,112789.3733460945
1204783200000,085,340353.81999082025,110683.97405515438
1204801200000,167,340539.1828064805,111617.72520028308
1204851600000,167,340517.4468814576,111500.74990245156
1204855200000,167,340669.20306840877,111118.05402991445
1204876800000,104,340089.5232519583,111966.9054768339
1204977600000,174,339775.4551199165,109783.25159798608
1204981200000,174,339458.3934182914,109869.48772512432
1204992000000,092,339185.45208357775,110136.26184649035
1205082000000,051,339125.1733887499,109980.08380134056
1205164800000,092,341952.0261303349,109683.63692798425
1205168400000,167,340315.7695308157,112755.98899482247
1205251200000,167,340324.59784283314,112581.56458943608
1205262000000,092,342327.5985589632,110619.15424346593
1205337600000,104,339988.983605913,109339.4209030428
1205427600000,167,340288.5590632867,112819.50488473983
1205431200000,104,340073.4832862386,112173.16284266324
1205434800000,104,340208.7311762954,111970.86536269981
1205470800000,052,341794.18773567124,111759.69929980325
1205470800000,174,339119.19396300404,109831.89937839074
1205478000000,167,340416.26467179385,112711.847978487
1205481600000,052,341459.8386740398,111114.92115698269
1205481600000,174,339470.6662564263,109705.41514933636
1205485200000,167,340435.80210327177,112405.6531253381
1205485200000,052,342075.4635340845,111446.36587582651
1205485200000,174,339524.79152431234,109606.49799584196
1205492400000,174,339361.1646611939,109712.82814444652
1205517600000,167,340286.6760849662,112720.55019013827
1205568000000,099,339313.48376004037,110884.12549673868
1205568000000,167,340722.14576054085,112985.30513142087
1205571600000,099,339420.8347035287,110517.32196788625
1205575200000,099,339663.25105499034,109795.96694376417
1205578800000,099,339570.9669297783,109914.36894898681
1205582400000,099,339214.1237571245,110549.13473477664
1205586000000,167,342045.56341966375,111917.49922127252
1205589600000,167,341045.66869301035,112975.35678902699
1205625600000,085,340494.2873280375,111304.34289354115
1205629200000,167,340245.99632753246,112430.92635131218
1205629200000,085,340485.9838866312,111304.91705732343
1205632800000,167,340476.8509118371,111556.27014707419
1205632800000,085,340481.8332301392,111307.65861548697
1205636400000,085,340419.12306557735,111361.08280554185
1205640000000,085,340387.3814734193,111345.3926331192
1205643600000,085,340311.3224592512,111247.02850215293
1205676000000,092,339279.95892187377,110019.31966275258
1205683200000,092,342487.7940512045,109883.59454594296
1205740800000,092,342264.4558997633,109961.75482285912
1205823600000,104,339706.27066820057,111678.99073674045
1205827200000,104,340618.0908440384,111724.47886425021
1205845200000,092,341732.486635996,109206.9488705168
1205848800000,092,339667.25024667784,109354.92033243399
1205910000000,092,339593.23100617237,110555.3591602325
1205910000000,052,341630.0423150975,111228.49883205566
1205913600000,110,339802.22424747865,112825.37588059356
1205935200000,092,339510.8551497875,110519.28846156322
1205971200000,110,340294.7159093148,112993.5455984331
1205971200000,167,340294.7159093148,112993.5455984331
1206007200000,110,340264.2668099971,112670.30518113404
1206007200000,167,340264.94306431676,112667.6080363284
1206054000000,167,340318.4030381011,112439.00058438643
1206090000000,167,340413.1445570831,112939.295082941
1206093600000,167,340448.3344082075,112329.91151600683
1206151200000,167,340514.4150918989,111756.63749992849
1206154800000,167,340369.6801866327,112509.72758310809
1206190800000,167,340608.94530975114,111042.62570957401
1206223200000,167,340863.8663952575,110558.05414034902
1206230400000,167,340592.02664975816,111702.47804268473
1206262800000,167,340441.3391660023,112561.70698358514
1206266400000,167,341214.9596538888,110226.51496516145
1206316800000,092,339649.8237504051,110539.66375490835
1206324000000,167,340286.16623998084,112629.9466424801
1206345600000,101,340789.5484158939,110777.85315184707
1206345600000,174,340792.678284266,110796.20649223699
1206349200000,101,340413.35917223885,110678.47268615848
1206349200000,167,340377.4639229075,112364.65646070582
1206349200000,174,340337.84302496846,110557.2014349711
1206352800000,101,339983.8461803152,110402.1907860951
1206352800000,167,340594.0996746529,111535.17761232653
1206352800000,051,343077.2312615314,110643.88313390623
1206352800000,174,339929.33669827506,110307.5062963416
1206378000000,167,340299.4576349231,112557.11300587188
1206439200000,167,340263.59673633013,112576.91269005381
1206662400000,167,340323.59842917405,112435.79184818911
1206676800000,092,339416.73553022754,109162.40126235137
1206676800000,174,339447.1859008138,109835.60587594884
1206680400000,174,339301.18740782107,110370.92450717339
1206691200000,051,339219.8592814868,110751.38505280825
1206698400000,167,340351.0307361797,112578.96884629014
1206705600000,167,340122.27159140003,111999.10145874447
1206709200000,167,340265.4514406513,112255.59162032277
1206723600000,167,341619.65040585527,110676.23210838682
1206727200000,167,341867.89661626983,111400.94814590689
1206730800000,167,341593.8795318027,111769.76176057007
1206734400000,167,341144.28569759446,112821.71118004758
1206824400000,167,340480.0046084832,111996.04973960586
1206835200000,092,339359.3498348734,109226.90965085661
1206878400000,101,342836.90006675996,110072.63112164555
1206878400000,142,339943.9575063626,112466.6631094444
1206925200000,167,340811.1230114575,110704.4033430521
1206928800000,167,340550.59162764007,111828.0303892562
1206954000000,051,339242.9929983181,110825.36674400223
1206957600000,167,340375.8122708831,112594.579839772
1207018800000,167,340350.9115637353,112575.12551174742
1207051200000,167,340494.53843128216,112004.04082532422
1207094400000,167,340260.5804586594,112872.93627463469
1207112400000,101,339256.15660234884,110316.03818394455
1207112400000,174,339211.8380505123,110244.40166876517
1207116000000,101,339127.72606105235,111161.4426150601
1207116000000,174,339117.18631327176,111002.17430866457
1207119600000,174,339103.58544847317,111081.31643068722
1207123200000,092,342138.7289184945,110296.87699476018
1207137600000,167,340350.7583555349,112316.54692471126
1207155600000,167,341793.93466553045,110627.08553930873
1207155600000,126,341793.93466553045,110627.08553930873
1207159200000,126,342104.4628398733,110280.5593865173
1207188000000,167,340319.78854937066,112707.165908974
1207234800000,163,341971.98622668826,110018.93494731338
1207238400000,167,340359.2690849401,112472.39279270719
1207263600000,163,342002.13257545757,109728.58075905248
1207267200000,163,341410.4930719965,110041.5852113133
1207296000000,167,340308.82350942376,112511.37480639134
1207328400000,163,342909.9393722961,109858.5398295696
1207382400000,092,339130.21479218383,109295.53061587019
1207526400000,167,340259.4290467734,112808.30179151423
1207530000000,163,341174.3874529916,110041.27437095097
1207537200000,101,339485.2644329595,109278.79361210013
1207544400000,101,339527.6740809664,109211.48214085416
1207551600000,174,339209.5833915619,109450.58368850108
1207566000000,112,340780.46124989924,110281.81942685052
1207573200000,167,340403.7051923513,112056.96910797941
1207576800000,167,340565.8061560549,111582.58888150034
1207580400000,167,340750.1106027867,110773.40047382703
1207616400000,167,340357.16331059,112474.19782702842
1207648800000,167,340289.8042417135,112483.59887460983
1207656000000,112,340535.2276981157,110501.72986655142
1207663200000,112,340609.79437033203,110577.49177167349
1207742400000,112,340576.5503257814,109989.79641671051
1207746000000,112,340632.6243986526,110239.8344303149
1207764000000,112,340764.5742991591,110647.2313595685
1207767600000,112,340857.35192754527,110595.17333371958
1207771200000,112,340850.4109353922,110706.07793315621
1207818000000,112,340633.21307093836,110237.21315435412
1207900800000,089,340875.4389979821,110697.36655744827
1207944000000,112,340478.40683125943,111421.47190704642
1207947600000,112,340135.23000632774,112571.77205427946
1207951200000,112,340383.57218823704,112579.76420141
1207954800000,112,340632.94639115623,112043.93101328974
1207983600000,092,339373.95638445765,109693.9430760914
1207987200000,092,339332.54912701657,109764.99012678702
1207990800000,092,339143.10792461847,109878.13823022546
1208001600000,112,340632.3762058297,109785.50144200314
1208001600000,167,340439.6727004228,112419.72282287486
1208005200000,112,340697.4509433885,109837.91317067687
1208005200000,167,339906.463019343,112342.78411516367
1208008800000,112,340709.52623592917,109803.8694024689
1208008800000,167,339561.5174963493,112027.24699634696
1208012400000,112,340775.0233808057,109983.4747370843
1208012400000,167,339306.88880012144,111600.4390969852
1208012400000,126,339648.8567169652,111131.8778645587
1208023200000,112,341467.1218505614,110688.83049357565
1208026800000,112,341406.86100962944,110687.73452857985
1208048400000,167,340359.0376660253,112883.10314503455
1208048400000,092,339295.02905426285,109358.6329583169
1208066400000,092,339607.53310984693,109323.52729326786
1208070000000,092,339117.59187938715,109612.82375166856
1208084400000,167,340360.40958946606,112356.78951576384
1208095200000,112,340812.2276122299,110289.47571769253
1208095200000,167,340329.36626417196,112699.92172870728
1208116800000,167,340270.9810610513,112442.8103260331
1208170800000,167,340423.5848945718,111951.62481403
1208174400000,167,340658.53120352275,111337.05700595034
1208174400000,112,340545.74115577555,110236.59154686579
1208178000000,112,340687.0060799783,110379.35831866949
1208181600000,112,340750.8072403259,110543.97829417454
1208188800000,167,342461.37851159857,110256.68864638502
1208188800000,126,342461.37851159857,110256.68864638502
1208210400000,112,342130.4492728603,112045.86531649467
1208214000000,112,341246.1598511715,110378.42204352516
1208217600000,167,340380.34271125233,112581.25899139875
1208246400000,112,340657.6291204325,110519.85947729579
1208250000000,112,340827.99453787296,110656.2207545632
1208257200000,167,340522.94372508576,111669.6957536671
1208264400000,112,342240.1963557704,109279.95795039012
1208264400000,115,342429.5911334915,111830.62818483182
1208282400000,112,340919.2134714022,110514.7590237743
1208286000000,112,340967.9139575016,110605.18064419122
1208304000000,167,340521.8963696272,111398.72791820345
1208307600000,167,340354.9542578387,112391.99373361655
1208318400000,089,342549.68907620327,111326.23564257797
1208322000000,089,341850.10419174185,111007.47685286353
1208340000000,089,340508.3132057912,111064.30981536934
1208343600000,112,340525.40759910544,110634.16521438824
1208343600000,167,340259.24709412624,112817.15901416175
1208347200000,112,340512.62476929487,110448.304218251
1208350800000,112,340560.4236831632,110513.69999647205
1208365200000,112,341030.97198899556,110660.49123102096
1208365200000,167,340553.7491129307,111284.60695366595
1208368800000,112,340975.4828984754,110628.08532289919
1208368800000,167,339665.3485267841,111768.21365619244
1208372400000,112,340872.54207335477,110636.43236127593
1208372400000,167,339149.18136002467,111660.92485063401
1208376000000,112,340717.16538601747,110632.06151521772
1208379600000,112,340684.6362264396,110669.02201754316
1208383200000,167,340309.3464283329,112801.42785486313
1208422800000,167,340474.4729853486,111869.30948213006
1208437200000,112,340407.93242317636,110614.08891506167
1208451600000,167,340259.2518506955,112961.11346593725
1208512800000,089,340941.0372091601,110749.87527280522
1208523600000,112,340339.50330047763,110280.60889900482
1208523600000,167,340532.2238866314,111676.51871210913
1208527200000,112,340574.24602137087,110496.68402866898
1208527200000,167,340395.0596141139,112301.78669012338
1208552400000,167,340525.7132929329,111836.10177164094
1208566800000,167,340326.5934265381,112740.08984542385
1208566800000,092,339175.5077135704,109284.86825965431
1208599200000,167,340748.4021278741,110796.73683026452
1208786400000,115,340864.3160679529,110768.67957039886
1208793600000,167,340352.57639891544,112446.27271498741
1208826000000,167,340525.9941759911,111841.59031622819
1208829600000,167,340638.94154625246,111244.29543344947
1208912400000,167,340475.5937440536,111853.59054982635
1208916000000,167,340592.9660467511,111328.66751828112
1208959200000,167,340689.7666304571,110932.3585024199
1208962800000,167,340516.1379579033,111773.20063834013
1209002400000,167,340487.81048985175,112004.80700532199
1209031200000,089,340800.56834787654,111311.71852715478
1209045600000,128,342126.45430561976,112827.61622567789
1209078000000,112,340510.8710491069,110528.92551736507
1209106800000,112,340680.5236062613,110612.23453552596
1209110400000,112,343058.7841296991,111278.98378848603
1209121200000,089,342223.9261827227,109509.20243502913
1209142800000,167,340337.82426395774,112675.04475579728
1209168000000,112,340626.77309596044,109893.53645593197
1209171600000,112,340570.530355904,110139.70151423651
1209186000000,167,341799.11736962036,111813.12013063699
1209214800000,112,339247.70428851474,109351.85092944356
1209312000000,167,340375.44583241496,112357.08116285087
1209337200000,112,340823.2317471104,110674.28619717044
1209340800000,112,340579.90236936917,110496.95989106498
1209344400000,167,340560.1954008809,111831.84747327062
1209348000000,167,340721.4171433619,111280.54064002728
1209369600000,112,340510.7917816041,110543.28054197332
1209373200000,144,340819.7875070169,110725.49887388521
1209373200000,112,339885.2268675057,110337.69550969277
1209380400000,115,341286.2598562944,111173.56547945978
1209384000000,128,340654.3208666689,111954.66307863539
1209387600000,112,340491.2689249812,110470.54687554482
1209387600000,163,341436.95642722107,110410.9610267386
1209405600000,167,340351.1998783398,112494.18621059501
1209423600000,112,340555.9764518082,110392.4218841166
1209427200000,112,340490.5203668766,110385.79962109248
1209427200000,167,339846.1790811905,110998.38194681704
1209427200000,163,340732.72601437184,109781.66535850299
1209430800000,167,339458.29514985054,110466.16460847203
1209441600000,163,339437.85282332584,110097.70849285454
1209445200000,167,339333.0708206838,112073.3662838533
1209445200000,163,340126.609105082,110405.28274900324
1209448800000,167,339690.7599747229,112119.54304087833
1209452400000,145,339118.27273120085,110160.72805889217
1209456000000,145,339191.05103673285,110054.08585889357
1209456000000,053,340794.5991819846,110795.58874264715
1209459600000,112,339555.8014527954,110123.63460407972
1209459600000,053,340786.9043462,110755.28058173833
1209459600000,163,339598.52589873795,110092.70353997186
1209477600000,112,339298.43794855475,110205.74783167339
1209477600000,167,340344.4017691975,112691.71264272566
1209484800000,078,340832.58725400554,110817.76101101976
1209517200000,167,340423.3900802066,112918.36769407608
1209517200000,163,341145.02776545926,110049.31958054577
1209520800000,167,340746.2967856417,112005.92188540802
1209542400000,145,339141.5802784422,110013.5323198206
1209546000000,167,339691.883282729,111207.18170328294
1209549600000,167,340162.7633318624,110989.20592762032
1209556800000,163,341228.76995758346,110096.30546402514
1209560400000,053,342647.8065604937,109633.84885904872
1209567600000,167,340343.3480044558,112534.13138119222
1209578400000,112,340553.11550137564,110534.79392924419
1209582000000,078,340805.8801537507,110678.17925510214
1209582000000,051,339700.73660597403,110708.3561225434
1209585600000,078,339891.7894814593,111450.98368326164
1209589200000,078,339474.2025975319,111884.07574019593
1209596400000,078,339527.22463654215,111752.88338081633
1209600000000,167,340731.52046381665,111905.79518631983
1209603600000,163,341576.9501805322,110021.12528392943
1209607200000,128,341394.2632350857,110119.57797038012
1209607200000,163,341507.16480805865,110049.06891584455
1209607200000,153,341394.2632350857,110119.57797038012
1209610800000,163,340991.5513374163,109088.24528004097
1209636000000,078,340521.1875353545,110505.29846901137
1209636000000,112,340532.69848936464,110480.46358891943
1209682800000,078,340322.83348760795,110312.64225535258
1209690000000,112,340615.3580449113,110511.53262390496
1209697200000,112,340499.98067345517,110426.327117774
1209715200000,078,340374.1960675334,110341.73177346918
1209718800000,078,340526.60055755614,110478.1498770767
1209769200000,078,340549.9191765837,110542.98352129092
1209772800000,085,340512.4694535256,111329.41516190948
1209776400000,085,340527.2409185722,111332.10449510082
1209780000000,085,340524.366220544,111330.28704618767
1209783600000,085,340528.43845666497,111334.62686924636
1209808800000,128,342384.2089240701,112916.36774806619
1209816000000,078,339561.07809223665,110404.6690168872
1209830400000,167,340394.92182109406,112583.80338663582
1209855600000,078,340418.0418430623,110358.18152445505
1209880800000,092,339416.8499788861,109305.63204508577
1209884400000,128,340821.1330977856,112814.63986577513
1209895200000,112,340604.9037930959,110552.93091586465
1209895200000,167,340590.9905421265,111274.73324130465
1209898800000,167,343048.8100986898,110636.31548506167
1209906000000,163,341644.88261981,110336.60377928898
1209916800000,167,340711.58730087266,111483.72040951345
1209945600000,092,339581.1763167147,109075.2324746984
1209949200000,112,340544.95536205964,110518.55727473185
1209952800000,167,340459.2574151714,111990.57212559602
1209960000000,167,340140.45338106516,110741.0555801643
1209963600000,167,340141.12928392505,109482.31274946779
1209974400000,112,340335.5922502267,110334.62998577591
1209978000000,112,340472.5099628069,110452.9614328946
1209996000000,053,342353.0632030067,109491.38207525546
1209999600000,167,340555.2496690169,111292.87126788443
1210003200000,167,340392.04837429675,112221.90937272404
1210024800000,085,340112.1696086818,110703.37077201263
1210028400000,078,340510.6781606429,110496.33146477985
1210028400000,085,339257.47222484945,109460.5866708541
1210028400000,053,343058.74942231696,109194.99954855908
1210032000000,053,342559.4109629231,109645.32496170525
1210039200000,167,340321.08930499986,112372.59388397163
1210050000000,069,339539.18410815997,112568.11823997305
1210050000000,129,339121.6677746721,111947.31157900687
1210064400000,069,339793.1509564794,111748.98228035895
1210064400000,129,339620.23718560627,111844.06423846718
1210068000000,069,340015.65385078255,112649.7705793368
1210068000000,129,339934.0809342377,112620.2923409712
1210068000000,085,339302.1082382486,109336.88054590696
1210071600000,089,341035.01163145935,110693.83426527467
1210071600000,144,341035.01163145935,110693.83426527467
1210071600000,085,339724.58442579483,109974.14768670686
1210075200000,112,340657.9726962783,110668.13309170374
1210082400000,053,342130.9533962332,109950.35286274989
1210086000000,167,340358.03903481085,112475.13880821556
1210111200000,078,340485.766538779,110448.4692421121
1210118400000,053,342930.28876299295,109439.93726197285
1210122000000,085,340782.41961583646,112071.12656100054
1210122000000,053,342178.44208605174,110006.5680756653
1210125600000,167,340300.6649157137,112628.37353609139
1210125600000,112,340509.9395080411,110508.02164201638
1210125600000,085,341584.1722289567,111843.89427522485
1210129200000,085,341334.3758221638,111841.4482823483
1210132800000,085,341247.55946359225,111576.64769084094
1210150800000,053,340772.05967128294,110649.92338874252
1210154400000,078,340564.6537416614,110495.46576342605
1210154400000,053,341692.0243494755,110091.2924322716
1210158000000,053,341997.77251856023,109699.65978229897
1210161600000,112,340509.9263616801,110446.10356137299
1210161600000,053,342534.3588410698,109534.8853743332
1210165200000,128,339170.1463031201,112342.40003912595
1210176000000,167,340472.64089674846,112088.57417862944
1210179600000,167,340209.4652338639,112979.12814858306
1210197600000,078,340635.41060328047,110599.94554995946
1210201200000,078,340507.1680763634,110468.96185503644
1210204800000,163,341242.78195745836,110215.26974196559
1210208400000,112,340536.74127321044,110466.84108690165
1210208400000,167,340278.4524163016,112964.6497579108
1210212000000,167,340529.45216873847,111873.76975202786
1210237200000,078,340552.57113853644,110514.0402560885
1210237200000,112,340763.30870668753,110671.59401636686
1210237200000,167,342893.47799673193,110131.19127347998
1210240800000,089,340978.1131430489,110698.70864651343
1210240800000,144,340978.1131430489,110698.70864651343
1210266000000,167,340648.1414717005,111641.1765455427
1210269600000,104,339140.41462129174,112210.05119236372
1210287600000,078,340459.8967333676,110419.0444863795
1210291200000,163,341588.83655034384,110437.90660259966
1210294800000,112,340498.50155982195,110487.20518739057
1210294800000,167,340367.8991637602,112528.27847482357
1210298400000,112,340420.30335144623,110410.83994926844
1210298400000,167,340574.990490432,111653.86780674377
1210305600000,089,341360.5476620475,111389.99795589541
1210305600000,144,341360.5476620475,111389.99795589541
1210320000000,112,340681.3758212572,110686.83899243922
1210320000000,125,340749.74497365527,110834.97027916483
1210320000000,136,340749.74497365527,110834.97027916483
1210320000000,081,340749.74497365527,110834.97027916483
1210327200000,125,340562.5252138402,111698.00646471424
1210327200000,136,340562.5252138402,111698.00646471424
1210327200000,081,340562.5252138402,111698.00646471424
1210338000000,128,340607.31662238005,110866.66453975806
1210341600000,167,340388.0844146831,112449.12507038823
1210366800000,112,340561.0387265736,110281.57741864509
1210374000000,078,340533.89978282363,110499.97739419337
1210377600000,125,340424.1005469084,112526.70244740324
1210377600000,136,340424.1005469084,112526.70244740324
1210377600000,081,340424.1005469084,112526.70244740324
1210384800000,085,340615.8132430357,111033.36574988511
1210388400000,085,340128.70562829555,110844.80680139817
1210392000000,085,340112.82037175546,110840.36469941998
1210395600000,167,340457.85179388494,112009.72319832853
1210395600000,125,340731.94365388405,112535.78934463456
1210395600000,136,340731.94365388405,112535.78934463456
1210395600000,081,340731.94365388405,112535.78934463456
1210402800000,125,340690.2019860973,112567.64757361733
1210402800000,136,340690.2019860973,112567.64757361733
1210402800000,128,340453.46884872654,110963.85515003755
1210402800000,081,340690.2019860973,112567.64757361733
1210413600000,092,339338.5817413566,109934.37662278983
1210417200000,078,340339.4456710369,110325.88444431743
1210417200000,112,340403.92172967637,110355.99907208025
1210417200000,092,339317.3553491521,110164.26770194553
1210420800000,112,340477.1981104001,110420.00093244505
1210424400000,112,340588.16142277134,110551.04325132213
1210424400000,125,340412.85166416416,112501.91962559934
1210424400000,136,340412.85166416416,112501.91962559934
1210424400000,092,339104.8496638549,110205.17070120433
1210424400000,081,340412.85166416416,112501.91962559934
1210435200000,167,340396.4262495012,112338.49911718123
1210446000000,112,341195.0872884537,111025.9202845212
1210453200000,112,340947.86664876237,111062.96418205439
1210456800000,112,340161.49429094983,111248.96772614926
1210460400000,078,340538.44920862414,110511.50573082306
1210460400000,112,340318.2606279121,111087.79201881176
1210474800000,125,343028.98898640455,111915.31419972646
1210474800000,136,343028.98898640455,111915.31419972646
1210474800000,081,343028.98898640455,111915.31419972646
1210482000000,167,340399.1856307155,112296.43380454829
1210503600000,078,340611.6573440868,110545.35667725305
1210518000000,167,340493.2017568127,112065.20465728891
1210521600000,167,340207.1138262075,113036.9659477082
1210532400000,112,342973.5511019839,109564.92993463915
1210543200000,085,340665.01441118156,110629.9083019463
1210546800000,085,339901.2743881787,110031.09300551063
1210550400000,115,341019.5099406875,111368.07719466914
1210554000000,163,341155.8237498596,110000.58353732077
1210554000000,112,340525.4586890507,110502.60374278516
1210554000000,167,340307.0714551404,112891.14738764804
1210557600000,167,340451.92435230286,111911.540065273
1210586400000,167,342731.46771046723,110121.09958719638
1210600800000,163,341539.8020151778,110439.5987959555
1210615200000,167,340363.9771427392,112458.23541346335
1210629600000,085,340307.16247800516,110680.52868035214
1210633200000,078,340487.8113092592,110461.60961290493
1210633200000,112,340476.9484548206,110421.00065670133
1210633200000,085,339485.3276353112,109931.641722197
1210636800000,163,341613.2387897679,110427.37585225236
1210665600000,085,339141.43643915595,109548.70312000027
1210669200000,078,340725.34494837787,110668.78851312275
1210687200000,089,340886.8239748577,110894.73755223629
1210687200000,163,341486.0800271053,110431.8950285071
1210690800000,089,340886.68335218506,110868.67624130473
1210694400000,112,340553.18853004905,110533.12988135665
1210694400000,167,340330.21236753475,112548.50027987985
1210701600000,112,340557.7112849304,110555.80358449393
1210726800000,163,341645.46590261895,110416.3844346724
1210730400000,112,340507.5837517463,110512.48663933696
1210730400000,167,340273.7203960334,112744.46060589918
1210755600000,112,340675.33806099475,110570.32535584962
1210777200000,167,340829.7418476958,110751.98493518162
1210777200000,163,341533.34643415146,110395.75250912395
1210780800000,167,340575.1640843462,111701.44499960935
1210809600000,112,340523.77260653465,110501.66844208624
1210813200000,163,341646.1325628995,110370.78814803551
1210838400000,085,339555.24599147146,109143.85808442713
1210845600000,167,340457.83312021306,112413.7951980365
1210852800000,167,340127.92525441595,112962.42359509354
1210867200000,167,340401.2506326871,112340.2415790506
1210888800000,085,340515.99253950897,111261.82361933585
1210892400000,085,339791.84820196836,109813.1493722692
1210903200000,112,340457.81751201896,110376.48108753902
1210921200000,167,340427.8476358772,112153.31710909167
1210932000000,167,340023.12310494337,112069.80129651098
1210932000000,126,340072.48453927913,111759.10712523315
1210932000000,129,340163.63142966776,112137.04823926292
1210935600000,167,339302.2566236404,112116.06705524944
1210935600000,126,339316.7727800255,111986.0833928863
1210935600000,129,339161.07171441475,112638.03503047186
1210946400000,167,339572.8638488304,112871.58675940975
1210946400000,126,339689.3689931345,112615.50640185893
1210946400000,128,339411.2015465831,111571.15324157066
1210946400000,129,339661.28235118045,112596.71935311715
1210946400000,085,339916.3987382803,109539.71492192132
1210957200000,112,340522.73585935344,110493.11990951032
1210986000000,078,340555.02348221926,110532.56252876382
1210989600000,167,342276.838959729,112617.79806403781
1210989600000,126,342388.8792677594,112562.50142175722
1210993200000,085,340631.68688008643,110140.7973597877
1211007600000,112,340149.88628713536,110640.53569311222
1211022000000,078,340567.29447462637,110552.82231414932
1211022000000,163,341736.40250210447,110792.95125605167
1211022000000,153,341755.0076906778,110786.53619680261
1211025600000,085,339307.91596154455,109110.63701898919
1211032800000,163,342115.74567711283,110149.38760565175
1211032800000,153,342671.9361543382,109864.3880045486
1211043600000,112,340452.47280014434,110393.67744780834
1211112000000,078,340329.2463237362,110297.36252740737
1211115600000,078,340480.4924195681,110470.8456023605
1211126400000,112,340509.4099879218,110472.41972899112
1211148000000,085,340536.5936563737,110923.2459870378
1211151600000,085,339721.0157202502,109467.55725063218
1211155200000,078,340562.2839127132,110507.66127350213
1211158800000,167,340483.0373880203,111922.26971124021
1211158800000,163,341616.0566543422,110439.07610400187
1211162400000,112,340542.3594365468,110503.75918241475
1211162400000,142,339565.7103961153,109906.06545574719
1211166000000,073,340767.5426977268,110795.23116317233
1211169600000,085,340075.7495072326,110031.7934663175
1211205600000,167,340377.2711531842,112386.6749607672
1211205600000,163,341494.4869313331,110453.99560538537
1211209200000,078,340449.8670109074,110388.0774177566
1211209200000,142,340816.78662954515,110734.81577323905
1211212800000,073,340906.27002444654,110869.06602786956
1211216400000,112,340714.49258067476,110944.94507929773
1211227200000,104,339780.2282410152,111490.56033168013
1211230800000,104,339527.25562160416,111627.77067811647
1211234400000,085,340544.64172888803,110880.34219478839
1211238000000,078,340399.8684540354,110205.85532969474
1211238000000,085,339811.8943527795,109512.60802285043
1211241600000,163,341634.02414752136,110416.94801009295
1211245200000,167,340367.63485413097,112451.2645211454
1211248800000,078,340333.27227930195,110252.52447580716
1211248800000,092,339325.62684940756,110455.31700617827
1211274000000,052,341934.17300909007,111118.00319794967
1211277600000,078,340769.6851556624,110799.66403670848
1211277600000,052,342306.3023298158,111436.22446378377
1211281200000,078,340760.66538629594,110813.29613759035
1211281200000,112,340620.81497800583,110697.49662181298
1211281200000,167,340620.81497800583,110697.49662181298
1211281200000,052,342415.9596106438,111440.0596535036
1211284800000,052,341892.45846251305,111364.70563795394
1211288400000,112,340554.9199256646,110663.57190369861
1211288400000,167,340554.9199256646,110663.57190369861
1211288400000,052,340578.9572051508,111200.69090075571
1211292000000,052,340234.4323105197,111294.72163108065
1211295600000,078,340439.3654647709,110405.22965527025
1211295600000,167,340543.5621056411,110858.10747118597
1211295600000,052,341005.88105735864,111579.36071429685
1211299200000,052,342317.4039097429,111741.86660848046
1211302800000,112,340450.1341481702,110391.19433845767
1211331600000,078,340543.9178177146,110504.3658006997
1211335200000,112,340553.56557369366,110528.9858683365
1211335200000,073,340871.06394979026,110888.46471695977
1211338800000,167,340391.49040517514,112293.70226137748
1211338800000,052,339387.25387120777,111924.44008570728
1211353200000,052,339340.020629532,111833.91097475242
1211360400000,167,339952.18008030957,110700.50567043865
1211364000000,167,339524.0130942317,110926.95056098484
1211367600000,167,339314.0874808198,110998.68093129044
1211367600000,126,340362.5865388503,110840.22116104385
1211367600000,085,339761.02196597244,109501.0170373631
1211371200000,085,340389.6422133406,111009.21276041406
1211374800000,167,339499.06211030064,110952.55893539703
1211374800000,126,340343.36015125405,110785.71051577486
1211374800000,085,340514.2779715047,111313.90364074444
1211378400000,167,340005.2918243596,111317.22067689942
1211378400000,085,340513.41329852416,111324.63069293868
1211382000000,167,340266.452145479,112343.40174059705
1211382000000,073,340880.2528259327,110796.73961013772
1211382000000,085,340510.22215889907,111331.6813713888
1211385600000,112,340299.1780680479,110291.72817783289
1211385600000,073,340889.71751470387,110797.76051855806
1211385600000,052,342832.15019353083,111297.68200564536
1211407200000,085,340473.1680501589,111474.85075078692
1211410800000,085,339804.19430167146,109946.38836037957
1211418000000,112,340712.8300854856,110702.56426912337
1211418000000,073,340891.3823657015,110888.61505978694
1211421600000,167,340340.9162835416,112504.06008291268
1211421600000,085,339650.01133533125,109371.78868026628
1211421600000,142,339455.6626613522,109971.73920344951
1211425200000,167,340422.79627693753,112022.78970210487
1211425200000,085,340080.5096396315,110328.8200656085
1211428800000,167,340525.6452348658,111915.82847581584
1211428800000,085,340266.80467770825,110603.26630003029
1211432400000,085,340020.0965126123,109133.76700137676
1211436000000,167,340452.69425442215,112733.83190643511
1211439600000,174,339339.9539161683,110067.39434803712
1211443200000,174,339773.1749803864,110352.16688176368
1211446800000,101,339619.509460029,110561.73610891662
1211446800000,126,339619.509460029,110561.73610891662
1211446800000,085,340214.8991179989,109912.72256562869
1211446800000,052,340706.88385703386,111585.5221346518
1211446800000,174,339887.2372815827,110460.61277621325
1211450400000,101,339243.0330164726,110569.15349749739
1211450400000,167,341599.49784407986,110399.25894131087
1211450400000,126,339243.0330164726,110569.15349749739
1211450400000,085,340120.92488827574,111228.07875682361
1211450400000,174,339679.90115550515,110668.77751756327
1211468400000,078,340544.6063444974,110538.8905265147
1211468400000,112,340615.9651262325,110592.94670642051
1211468400000,125,339818.5442378426,112338.02943171788
1211468400000,136,340926.09879031323,110855.17781872078
1211468400000,081,339818.5442378426,112338.02943171788
1211472000000,112,340498.05668959965,110466.63172804758
1211472000000,167,342842.5386899158,111352.09456105027
1211504400000,167,340367.7196470249,112478.98802603473
1211504400000,125,340183.4946438039,110665.22547218222
1211504400000,136,340909.946732216,110836.48376566803
1211504400000,081,340183.4946438039,110665.22547218222
1211508000000,078,340383.40449236374,110394.92309605748
1211526000000,052,341416.7707698867,111574.36154578673
1211533200000,073,340815.0073899882,110697.7372071998
1211536800000,073,340913.9208061783,109727.88778217076
1211536800000,085,339840.28700722876,109469.68686207049
1211540400000,073,341833.5518025618,110110.70729874632
1211544000000,136,340913.93191067583,110822.25493338871
1211547600000,112,340510.802028141,110624.36247389083
1211587200000,112,340451.6749914216,110517.7046014493
1211590800000,078,340685.0074483821,110586.70670360175
1211594400000,128,341521.27213478356,109974.15250008042
1211594400000,153,341521.27213478356,109974.15250008042
1211598000000,125,340692.1684170045,109181.25460610804
1211598000000,081,340692.1684170045,109181.25460610804
1211601600000,085,339959.6593419176,110575.68842021548
1211608800000,128,339230.0038819116,110995.06193326262
1211608800000,153,339230.0038819116,110995.06193326262
1211612400000,128,342643.73746515345,110104.4623112322
1211612400000,153,342643.73746515345,110104.4623112322
1211630400000,078,340625.70285047614,110597.62434367048
1211630400000,142,340196.5477091077,110488.25141613305
1211634000000,078,340213.11058910843,109777.94450912834
1211634000000,142,339752.690173029,109923.20073866172
1211637600000,145,339147.2289903249,110014.55640454874
1211637600000,142,339105.7413365002,109637.42438330005
1211659200000,078,339902.0643997347,109829.02960375157
1211662800000,078,340177.9394004673,110121.96244178506
1211680800000,136,340889.46103723446,110910.8271211694
1211688000000,136,340957.4200860382,110803.92309723329
1211691600000,136,340997.227887793,110828.31016637248
1211691600000,052,339311.6249997343,111871.87835423884
1211702400000,136,343063.4883172083,110823.15214112986
1211706000000,052,339126.23569930677,110867.58382230236
1211709600000,078,340329.25112912257,110331.90145074215
1211720400000,052,339865.7165534752,111009.36263478559
1211724000000,112,340553.66018743475,110505.10454185665
1211724000000,052,341071.9225983917,111601.6542236092
1211727600000,112,340437.3033138899,110396.79085871039
1211727600000,052,342535.9024911458,111758.61282956215
1211731200000,052,342688.13081585383,111758.11275297096
1211734800000,052,342685.4411204659,111764.05918562389
1211738400000,052,342686.1171598788,111769.67352187679
1211742000000,052,342689.5533854689,111774.69820833839
1211745600000,052,342688.95926092414,111770.17893493222
1211749200000,052,342685.58365442307,111768.1291185465
1211752800000,052,342682.3301263456,111767.12770256893
1211756400000,052,342681.3721254175,111770.1596225504
1211760000000,052,342682.4032225443,111768.09191315567
1211763600000,112,340545.70433872857,110517.52841502709
1211763600000,136,340876.402792744,110893.81092784922
1211763600000,052,342684.33503049775,111763.02307385893
1211767200000,052,342686.2970646014,111765.44662609727
1211770800000,052,342685.24969600484,111769.3949140495
1211774400000,052,342679.37908870936,111770.93611280911
1211778000000,052,342680.83688809216,111768.77001663041
1211781600000,052,342688.31327693426,111773.0470006853
1211788800000,166,340864.55181280716,110706.1244816664
1211803200000,166,341112.85349889693,110666.69158368037
1211803200000,052,341195.3114629867,111893.05532363043
1211806800000,166,341036.72887994745,110965.07570575108
1211806800000,052,339935.1749623374,112137.21551094222
1211810400000,136,340909.6056014098,110781.92103291333
1211810400000,052,339393.8413682633,112197.76756892388
1211814000000,078,340831.53297161363,110713.98000610947
1211814000000,167,340389.8783099892,112408.83246069768
1211821200000,052,339586.10208229785,112144.97433539249
1211824800000,112,340569.8808406079,110720.73708352678
1211846400000,166,340866.8568665472,110863.04897494335
1211850000000,112,340675.33598096046,110681.6806597922
1211850000000,136,340872.4077485591,110894.42867744241
1211868000000,069,339353.99585689243,110839.52591179595
1211868000000,129,339353.99585689243,110839.52591179595
1211871600000,052,340691.8419999025,111602.91523082179
1211878800000,136,340979.0425661463,110711.01320753199
1211882400000,112,340805.42979854863,110732.38554634248
1211886000000,112,340704.01209170464,110651.03801347394
1211886000000,136,340799.55966759333,110698.21315518115
1211889600000,112,340612.2910139097,110552.25933123473
1211893200000,136,340597.5893745639,110683.147750048
1211893200000,052,341753.1212715776,111032.6041234344
1211896800000,078,340841.54152122175,110726.49839272602
1211896800000,052,342768.33372169844,111604.18669271319
1211900400000,136,340742.7463015532,110764.29688088894
1211925600000,085,340327.4304238332,110047.12158863121
1211936400000,078,340542.3345379324,110477.97410167924
1211936400000,112,340520.9560343726,110493.32046831363
1211936400000,167,340341.5223607752,112594.8612390211
1211936400000,136,340755.213159423,110830.23023902468
1211940000000,073,340634.5492431819,110696.79277550754
1211943600000,073,340397.72481395246,110672.75779304311
1211947200000,073,339941.3225319933,110747.08530259777
1211950800000,092,340523.82034086896,112749.31288919556
1211965200000,167,340160.47935647424,112623.82774563778
1211965200000,052,340332.8055331782,110788.33046423708
1211968800000,126,342185.3049830716,111437.99980157638
1211968800000,085,340232.64569263614,109303.25576401944
1211972400000,092,340264.35690632556,111908.91860746086
1211972400000,052,340638.01496759837,110822.49543710536
1211972400000,085,340339.33846265206,109978.26823185784
1211976000000,136,340847.6628127451,110871.78577891916
1211976000000,092,339378.262488715,111031.52997832323
1211976000000,052,341810.0867160355,111249.1783017316
1211976000000,085,340322.88394852536,111179.38139187104
1211979600000,136,340858.5610502417,110875.31407947504
1211979600000,052,342098.8362160315,111416.6670396222
1211983200000,167,340349.88528555527,112507.53558125204
1211986800000,078,340459.47465625603,110396.86597468486
1211986800000,112,340602.7093055518,110561.32567540677
1211990400000,112,340457.7728199362,110434.1174772181
1212022800000,078,340553.2280280511,110518.54351662766
1212022800000,167,340383.861097254,112384.74870056503
1212022800000,136,340896.7446337951,110908.23979333138
1212022800000,073,340893.77789497643,110891.94536820531
1212040800000,052,341461.6600687091,111740.62375103851
1212044400000,166,340862.5605491861,110698.6673527611
1212044400000,052,339384.47832475725,110250.49364111575
1212055200000,167,341145.483965715,110745.51749459252
1212058800000,167,341086.8568218304,110749.4532919165
1212058800000,085,339866.24396537396,109813.43420774191
1212066000000,125,340859.98603947327,110821.40820461376
1212066000000,081,340859.98603947327,110821.40820461376
1212069600000,166,340741.5996642222,111203.25735147056
1212073200000,078,340799.24626949587,110690.08165889006
1212073200000,112,340817.4765815659,110691.3699556416
1212073200000,167,340398.28406946553,112366.46764254186
1212073200000,073,340869.39254981885,110726.22455315656
1212076800000,078,340670.4830668819,110574.43296771866
1212076800000,112,340661.30380884977,110592.09546909328
1212076800000,073,340886.0218323576,110799.53571195895
1212105600000,125,340394.54477438144,112540.8036815833
1212105600000,081,340394.54477438144,112540.8036815833
1212109200000,078,340325.18285678176,110287.0520890293
1212109200000,112,340556.08554183267,110524.04460694558
1212109200000,167,340374.6259567742,112310.78551806958
1212116400000,167,341184.6324859385,111489.88194921165
1212123600000,136,340899.8420216376,110905.94128348384
1212127200000,078,340723.7396065749,110724.09635106724
1212127200000,112,340735.5155616712,110713.94859354252
1212127200000,136,340869.8206947616,110838.3965918777
1212127200000,125,340707.43180705665,111188.16554878031
1212127200000,128,340656.93678511574,111114.99309912574
1212127200000,081,340707.43180705665,111188.16554878031
1212127200000,153,340656.93678511574,111114.99309912574
1212141600000,085,339732.232913371,109507.15304591884
1212145200000,085,340426.06040124985,110986.36867602651
1212148800000,085,340566.63612510206,111287.1926120044
1212148800000,052,339956.5285870794,109738.94315885186
1212152400000,085,340562.5259474362,111286.79483994564
1212152400000,052,342316.7174082717,111591.09977028488
1212156000000,125,340148.78564090386,112498.37195322834
1212156000000,081,340148.78564090386,112498.37195322834
1212156000000,085,340567.0933371643,111286.22473048617
1212159600000,078,340522.9415642052,110478.43600291993
1212159600000,085,340561.546985189,111285.01420477056
1212163200000,112,340786.89839098504,110754.51407804388
1212163200000,167,340791.4314257894,110716.01360968813
1212163200000,085,340563.46309714584,111277.6270432498
1212166800000,112,340675.8230326795,110625.55615166976
1212166800000,167,340644.151256359,111306.54122397995
1212166800000,085,340557.5543286358,111274.07161373286
1212170400000,085,340564.0209811474,111284.5167613679
1212174000000,085,340569.768805698,111294.53666824276
1212177600000,085,340571.86552617495,111299.29119688577
1212181200000,085,340573.115665117,111300.75414279783
1212184800000,085,340565.0280284164,111305.0394077169
1212188400000,085,340567.31444402103,111306.58065190427
1212195600000,073,340546.667600687,110769.0385595672
1212199200000,078,340554.1202272669,110523.15598327118
1212199200000,073,340517.50608044764,110763.36865195802
1212202800000,167,342611.8993281544,111649.93169800946
1212202800000,112,340628.3566676653,110601.2890666145
1212202800000,073,340551.32783864706,110841.97177024388
1212202800000,052,340937.31616556377,110970.1222384945
1212206400000,073,340361.6120004823,111118.18802887511
1212206400000,052,340010.30273495486,110863.49358655133
1212217200000,052,339676.70675487304,111567.5359089053
1212224400000,052,341245.8914613955,109775.74164561747
1212228000000,092,339270.5573444958,109436.53310871772
1212235200000,052,339152.2566446255,110192.2126494967
1212238800000,125,340504.4887813317,112828.30658604729
1212238800000,104,339853.0333628338,110998.96493137148
1212238800000,081,340504.4887813317,112828.30658604729
1212238800000,052,339843.29306093283,111867.64902823971
1212242400000,052,341155.86646950926,111870.6986199211
1212246000000,078,340786.49042846827,110692.631790256
1212246000000,167,342893.8741887147,111141.45661031858
1212246000000,052,342552.90088335116,111763.7232292202
1212249600000,112,340475.2321421126,110491.29326236609
1212249600000,052,342688.26345405844,111766.21382330201
1212253200000,104,342753.6911059583,109691.11200616843
1212285600000,078,340521.2897773063,110422.15333622336
1212292800000,112,340576.5485972173,110540.37899779773
1212296400000,167,341419.80934030644,112399.99143551572
1212310800000,052,342364.4979765682,111530.97083026437
1212314400000,166,340577.8292916177,111784.98918326574
1212314400000,052,342062.67153126287,109246.02524854825
1212318000000,166,340681.3946624037,112160.12464649958
1212321600000,166,340596.5917947882,112641.38728645245
1212328800000,052,342392.170858301,109872.35432248388
1212332400000,078,340666.20806932804,110658.93515933347
1212332400000,112,340533.8185933127,110507.49151875913
1212332400000,052,342489.43403772986,110500.48214620032
1212368400000,167,340372.94255543564,112455.34905066594
1212368400000,136,340887.81216374674,110882.3825603901
1212375600000,052,339958.8318502558,111725.79631658389
1212379200000,125,340259.41786819807,112578.34832310077
1212379200000,081,340259.41786819807,112578.34832310077
1212379200000,052,339128.694793054,111824.42814823298
1212382800000,125,340267.01690962823,112521.10014094663
1212382800000,081,340267.01690962823,112521.10014094663
1212386400000,052,339367.3460898943,111808.21512804079
1212390000000,052,341497.61339843326,112024.9847597031
1212393600000,052,341887.7202890903,111953.86733445733
1212400800000,167,340546.1924007316,111028.18167372601
1212408000000,167,340399.15795701125,112014.6536776661
1212418800000,112,340504.8073484013,110482.04556086962
1212451200000,052,341055.42194684694,111598.39773497026
1212454800000,078,340658.9758379115,110682.87683170247
1212454800000,112,340543.2585655918,110515.1317164191
1212465600000,125,340912.7863375445,111587.83203339712
1212465600000,081,340912.7863375445,111587.83203339712
1212469200000,125,340854.20963099133,111215.27057125207
1212469200000,081,340854.20963099133,111215.27057125207
1212472800000,052,341611.5739693849,111013.97560646517
1212476400000,052,342686.62799198896,111763.1383314859
1212483600000,052,342147.50270362606,111727.59053117356
1212487200000,052,339380.56540305924,109977.69122239445
1212505200000,112,340530.50410498725,110495.70008618862
1212505200000,052,342360.8907341839,109511.86970317196
1212508800000,167,340407.6620703188,112305.38107832358
1212508800000,073,340878.30400553334,110861.80118122714
1212544800000,167,340223.5687543399,112876.75368558255
1212573600000,052,342605.7215804559,111778.12259731609
1212577200000,052,340829.7576156875,110775.88002634479
1212591600000,112,340759.53618045466,110767.72027392068
1212591600000,052,340918.00068294315,110356.82253312667
1212595200000,078,340468.3124130735,110436.25788939797
1212595200000,112,340638.81598708406,110639.82751553618
1212595200000,052,342686.557952356,111753.9756079719
1212598800000,167,340327.3151651106,112631.8274386593
1212598800000,052,342682.1858086267,111762.48147571879
1212602400000,052,342680.6202132125,111766.95594622893
1212606000000,052,342681.61558693886,111768.82371218945
1212609600000,052,342677.7596626268,111760.89638396975
1212613200000,052,342677.73040385987,111761.66526600125
1212616800000,052,342676.8616240754,111761.05739718994
1212624000000,052,342681.57247275073,111764.31663984031
1212627600000,112,340688.9262181142,110684.98835398251
1212627600000,052,342686.1823305923,111764.23078638216
1212631200000,052,342689.4832367122,111771.82366565982
1212634800000,052,342683.4660498687,111768.46564326226
1212638400000,125,340361.8888206817,110120.93625941648
1212638400000,081,340361.8888206817,110120.93625941648
1212638400000,052,342684.61361922027,111774.2594417802
1212642000000,125,340378.1913943975,110387.45987609966
1212642000000,081,340378.1913943975,110387.45987609966
1212642000000,052,342678.1677069913,111766.13464399571
1212645600000,052,342684.2677757177,111768.58968885777
1212649200000,052,342688.1998468537,111767.05977766553
1212652800000,052,342496.53818626836,111757.84884632398
1212656400000,126,342457.1094412628,110392.3221093487
1212656400000,052,340536.47702024714,110424.60184768366
1212660000000,126,341174.6368982044,110837.43366999336
1212663600000,126,339380.2080303045,111974.98853402586
1212670800000,167,339925.20727707236,112873.13012260129
1212670800000,126,340313.6657875958,112471.38817069214
1212681600000,112,340557.12660250114,110560.59746118022
1212681600000,167,340431.89752949605,112140.85188509601
1212681600000,073,340902.7260061315,110856.42391800224
1212714000000,112,340552.3637023024,110524.55265870588
1212717600000,167,340381.6009010216,112262.04753296704
1212732000000,052,341936.1639410213,111608.37295336595
1212735600000,052,342691.5579622832,111768.18109688105
1212739200000,052,342616.6844561741,111777.17751249623
1212742800000,052,341426.7482184086,111722.21523772343
1212746400000,052,340113.29073196766,111583.88962060637
1212757200000,052,339299.72901587776,111459.62827240165
1212760800000,052,340636.9005489364,111589.8342236899
1212764400000,163,341584.36269237974,110433.41532173721
1212771600000,112,340518.6094501507,110511.61389837525
1212775200000,167,340315.82154260925,112729.74530280964
1212796800000,163,341624.96308544517,110404.55325061375
1212800400000,112,340547.5063887399,110530.93559881476
1212829200000,125,339992.7176157699,112084.98694650941
1212829200000,081,339992.7176157699,112084.98694650941
1212832800000,125,339098.1858031545,111874.19833208832
1212832800000,081,339098.1858031545,111874.19833208832
1212843600000,125,339358.25337259425,111910.87362889995
1212843600000,081,339358.25337259425,111910.87362889995
1212847200000,125,339578.4153657701,112678.60945522423
1212847200000,081,339578.4153657701,112678.60945522423
1212850800000,112,340554.8462474111,110530.07502895844
1212850800000,052,342672.83230045217,111758.93773724203
1212854400000,112,340457.2296824751,110419.65610324072
1212854400000,052,342689.1628940049,111781.99522634754
1212858000000,052,342685.357562013,111775.50190551503
1212861600000,052,342704.76950775017,111778.65902109661
1212865200000,052,342708.13774785394,111781.2194726455
1212868800000,052,342711.675071886,111793.71578869245
1212872400000,052,342690.8986780562,111787.82732245413
1212876000000,052,342682.86144532665,111761.39364169615
1212879600000,052,342689.7202140779,111765.18576594791
1212883200000,112,340625.9806870406,110483.3963328765
1212883200000,052,342689.865513483,111771.47803484926
1212886800000,112,343031.2940324856,111191.97763346921
1212886800000,125,340407.81321589154,112574.45641891501
1212886800000,081,340407.81321589154,112574.45641891501
1212886800000,052,342690.0187132827,111776.27552113438
1212890400000,052,342683.7562947919,111770.0981332744
1212894000000,052,342681.4061120439,111766.92041726563
1212897600000,052,342678.08679872204,111758.90458092035
1212901200000,112,342853.22207031486,111252.9047862358
1212901200000,052,342677.293998461,111761.1048646673
1212904800000,052,342684.28792224335,111760.32660141175
1212908400000,052,342689.54465678363,111764.55247760966
1212912000000,052,342689.10900842765,111762.07256808942
1212926400000,153,342391.18562415225,109536.20977880259
1212973200000,112,340359.79977528244,110358.21128233535
1212976800000,112,340596.6814020736,110540.32707449331
1212980400000,052,340054.5551181881,111739.61884386897
1212984000000,052,339339.64066383324,111857.086266308
1213005600000,052,342908.762275145,111483.02190775867
1213009200000,112,340632.8989914687,110705.27143492793
1213012800000,112,340630.0859890579,110640.2891766397
1213012800000,052,341013.0824488207,111161.96667117448
1213016400000,052,342093.54108862206,111513.35795546074
1213020000000,052,342290.0987120096,111593.83691534214
1213023600000,112,340527.4704626453,110489.31672906088
1213023600000,052,342684.6198153298,111748.60905454645
1213027200000,052,342682.26791357,111758.36815299238
1213030800000,052,342700.017004846,111782.76643612172
1213034400000,052,342783.11253924214,111781.17048729995
1213059600000,112,340547.1739540211,110524.58414038489
1213059600000,163,341335.9945863704,110133.31705454797
1213092000000,052,342509.8495824466,111802.87287214024
1213095600000,052,340986.6165320451,111725.78722532516
1213099200000,052,340211.8592098273,111571.64608733117
1213102800000,052,339400.9431016527,111521.59339634486
1213106400000,052,340472.8932278054,111555.07394831127
1213106400000,163,341341.48934188567,110572.30215607843
1213110000000,112,340534.63783366996,110515.01082663145
1213110000000,052,341810.48316795175,111713.87505244165
1213110000000,163,341693.80752615485,110295.96009594202
1213113600000,052,342680.7247104339,111751.52121361256
1213117200000,167,340344.9310681612,112569.34075602672
1213117200000,052,342679.0546746885,111753.16444485176
1213120800000,052,342677.22153407393,111756.48038420118
1213124400000,052,342671.5305941909,111750.85346021835
1213128000000,052,342668.23194532015,111742.04836552363
1213131600000,052,342670.05078581534,111742.410471036
1213135200000,052,342670.21371816867,111744.15890652557
1213142400000,052,342673.9313783739,111754.8363032621
1213142400000,163,341739.90789588634,110397.46972195289
1213146000000,112,340547.11658080964,110521.81056840008
1213146000000,052,342676.7548132582,111762.93699684492
1213149600000,052,342672.84907442116,111762.19275111065
1213153200000,052,342669.1645934743,111764.22598615866
1213156800000,167,340348.52687840187,112412.62651320209
1213156800000,052,342670.83543345565,111758.55907537723
1213160400000,052,342672.94596583705,111754.32159611162
1213164000000,052,342675.2582625543,111748.24724391631
1213167600000,052,342673.2494702647,111745.73501688155
1213171200000,052,342674.994608979,111777.26203280188
1213200000000,112,340535.0681378975,110525.36197656974
1213207200000,167,340292.9000524446,112862.68934721319
1213228800000,167,340524.1651671414,111808.25302600396
1213232400000,112,340553.5447939981,110525.37745783888
1213236000000,073,340939.4741616326,110969.4376862086
1213239600000,115,340329.45982417633,109236.6752048116
1213243200000,052,339933.3316814388,110691.09907043025
1213254000000,115,340389.7973576399,109918.27608767527
1213275600000,163,341545.1949978466,110389.65458397102
1213293600000,112,340543.0428615906,110530.43054866238
1213293600000,167,340295.16174884624,112894.63739777103
1213308000000,052,341082.9060119261,111580.26656445015
1213315200000,163,341689.4626066282,110379.79664430385
1213329600000,052,341063.74895362224,109576.40462559187
1213362000000,163,341758.65548212,109891.29075918625
1213362000000,153,341580.8914458015,109947.65294781075
1213372800000,112,340500.038891451,110502.5002347633
1213405200000,163,342085.2337291454,109744.33337366057
1213408800000,163,340815.5335538128,110382.08260918692
1213408800000,153,339991.1755075342,110596.53442415367
1213412400000,112,340318.06503207027,110326.09225712437
1213416000000,112,340509.50790097495,110508.31136880133
1213419600000,163,339387.33582257485,110125.77521452392
1213419600000,153,339414.14427854837,110068.33763405972
1213426800000,163,339703.44065957563,109873.68749082636
1213426800000,153,339754.1655908397,109850.54723422052
1213430400000,052,342700.0106080554,111762.41579963754
1213430400000,163,340441.24313616037,109670.08069998928
1213430400000,153,340311.2442062368,109646.49636217987
1213434000000,167,342825.9473835973,111749.33029856594
1213434000000,126,342790.789435388,111742.57842314587
1213434000000,052,342251.29006584105,109693.78578107103
1213434000000,163,340917.5564162215,109684.60783545779
1213441200000,163,341951.9326830382,109730.156020514
1213448400000,052,342270.2002450575,109242.9579840598
1213452000000,167,342550.5926541612,110693.1998005347
1213452000000,126,342599.7736052909,110687.3001126264
1213452000000,052,342491.9286636703,110499.78325434815
1213455600000,167,341886.00490770506,111334.00286530612
1213459200000,112,340586.64971706027,110557.38315239712
1213488000000,112,340750.5870224292,110542.11412068587
1213491600000,167,340472.2617037902,112017.45631513995
1213509600000,052,342296.4039056324,111556.30940766592
1213513200000,112,342921.2602868941,111338.96999746555
1213513200000,052,340700.1725706997,111718.86372087027
1213542000000,112,340540.8820277671,110514.81847227119
1213542000000,052,340220.0342137907,111833.62319967337
1213545600000,052,341642.16898283426,111774.49584447256
1213549200000,052,342672.0991684251,111761.18500233821
1213578000000,112,340336.70863168547,110367.02044768308
1213592400000,052,340717.2249618231,111433.94769702066
1213596000000,052,340468.90488353465,111397.49500635703
1213599600000,052,341046.4281086396,111508.79346510446
1213603200000,052,341700.8625169718,111620.9971403085
1213606800000,052,342521.53726751666,111760.67768643894
1213614000000,167,340488.24163889943,111995.86213888417
1213628400000,163,341787.7316972127,110307.50629634247
1213632000000,112,340564.801174207,110555.15700017817
1213660800000,163,341771.1249532622,110323.17878156817
1213664400000,112,340554.20373996906,110533.00133080097
1213675200000,052,340318.54287440376,111449.685710571
1213689600000,167,340820.4065003285,110748.76233513832
1213689600000,052,339285.32601367065,109634.98695633846
1213693200000,167,340592.5606892997,111641.44932888768
1213693200000,052,340414.5752762258,110347.78942282138
1213693200000,010,339592.0542416961,109124.14535840928
1213696800000,167,340682.77532435785,111324.01178615395
1213696800000,052,342520.4688054858,111781.63402658438
1213711200000,163,341641.6945343597,110363.67276287622
1213714800000,112,340534.6856135082,110507.91862354189
1213718400000,167,340480.7378591239,112200.94535728806
1213743600000,163,342104.85691907053,109952.0957991011
1213747200000,167,340498.95229351555,111780.88855745508
1213747200000,163,341870.9442983538,110215.93338863351
1213750800000,167,340660.92215854465,111286.90267571174
1213750800000,112,340552.23848365695,110518.5052343794
1213776000000,062,339867.9769886051,111194.03169350242
1213779600000,062,339345.28947635135,111479.65999498463
1213783200000,062,339113.83683363843,111656.96363211684
1213790400000,112,340586.4664608844,110373.3818060785
1213790400000,163,340586.4664608844,110373.3818060785
1213790400000,010,340430.7587179929,111176.16323679418
1213794000000,112,340539.5929588401,110049.34363611825
1213794000000,163,340539.5929588401,110049.34363611825
1213797600000,112,340526.4002532897,110057.49912435695
1213797600000,163,340526.4002532897,110057.49912435695
1213866000000,115,340521.0333895572,111085.18290340132
1213880400000,163,340213.0177704331,110453.73555528493
1213880400000,153,340213.0177704331,110453.73555528493
1213884000000,163,342802.8572854449,109533.45260465538
1213884000000,153,342802.8572854449,109533.45260465538
1213887600000,167,340250.96777679806,113044.64457171678
1213891200000,112,340534.90524226194,110498.60926496894
1213891200000,163,342963.80102135934,109555.88945949738
1213912800000,167,340480.15141259995,112437.42445177268
1213916400000,167,342819.34996506164,111809.1065999837
1213916400000,073,340890.0248406168,110903.00417642765
1213934400000,062,339332.15253276244,110122.88163203374
1213938000000,062,339220.2655441135,109961.20491733204
1213945200000,092,340084.32271464216,109793.4705302674
1213948800000,092,339507.64925010985,109935.32356937182
1213956000000,052,341410.4042235496,111723.47608359602
1213959600000,052,341924.99780176143,111789.27563987856
1213963200000,052,342411.47426082706,111947.67335379399
1213966800000,112,340665.2905013917,110559.95949267858
1213966800000,163,340665.2905013917,110559.95949267858
1214010000000,112,340638.58526658994,110603.6074494534
1214010000000,052,341274.559076501,111824.81715052796
1214010000000,163,340638.58526658994,110603.6074494534
1214020800000,073,340730.77372104174,111021.26062275906
1214028000000,125,341630.921491006,109156.76894701383
1214028000000,081,341630.921491006,109156.76894701383
1214035200000,126,342552.39533557213,111444.27060349355
1214056800000,125,341614.88950653496,109206.32193764979
1214056800000,081,341614.88950653496,109206.32193764979
1214064000000,112,340534.1639949002,110502.22662500183
1214064000000,052,341505.89647569077,111851.8796533104
1214064000000,163,340534.1639949002,110502.22662500183
1214092800000,112,340729.85757938924,110665.27363723623
1214092800000,163,340729.85757938924,110665.27363723623
1214096400000,112,343004.27024034294,111777.50397058624
1214096400000,167,340387.35210698686,112443.47343002948
1214096400000,163,342832.2943252375,111065.55612704398
1214110800000,112,342859.0905048949,111103.3440632185
1214110800000,163,342859.0905048949,111103.3440632185
1214114400000,112,342087.6276541965,110924.72357595165
1214114400000,126,341026.14238122595,109814.12647582358
1214114400000,163,342087.6276541965,110924.72357595165
1214118000000,112,340682.57643949374,110538.24143803371
1214118000000,163,340682.57643949374,110538.24143803371
1214121600000,112,340451.9705996141,110299.90761532412
1214121600000,163,340451.9705996141,110299.90761532412
1214136000000,112,340700.7950188368,110704.0490355811
1214136000000,126,342874.10751835577,111720.21685734233
1214136000000,163,340700.7950188368,110704.0490355811
1214139600000,153,342095.73698772397,109141.24024722952
1214215200000,115,340564.6150745834,111790.220299102
1214233200000,112,340610.45385946793,110592.84093073528
1214236800000,112,340501.5235410299,110472.80809438492
1214269200000,112,340342.04771296243,110724.57514519786
1214269200000,073,340900.4740125647,110883.84021777107
1214301600000,062,341084.58779180195,111658.98862017436
1214305200000,062,342256.16069674166,111643.68464975525
1214308800000,062,341992.8394594014,111647.43477239636
1214319600000,112,340734.6899644318,110496.26720982227
1214326800000,073,340913.8760937382,110852.55107812207
1214352000000,167,340428.5915043368,112570.59698259553
1214355600000,112,340739.08125744655,110683.4852084148
1214359200000,073,340900.4807579816,110914.45960109131
1214362800000,062,339233.22834032925,111680.59066393354
1214366400000,167,340724.75748619816,112288.09717265819
1214366400000,062,339547.23136053287,111669.43255898745
1214370000000,167,340777.53228044836,111518.87657217847
1214370000000,052,340978.8402255549,111585.31428321564
1214373600000,052,340365.4216606603,111604.40922404043
1214377200000,052,339615.6274133856,111802.32664587419
1214395200000,052,340468.09576470574,111710.80543959155
1214398800000,052,341502.6794326856,111745.77929074544
1214413200000,112,340512.0106205973,110483.58133822861
1214445600000,167,340359.52175848465,112244.30412499976
1214449200000,167,340588.7396830275,111481.69916979375
1214449200000,112,340607.65591860225,110564.66837636818
1214478000000,167,340301.28163849254,112602.84935091887
1214478000000,092,340623.337933345,110713.93758674743
1214496000000,112,340700.8839252091,110695.5935278639
1214499600000,112,340583.5452543396,110563.54009869846
1214510400000,052,340882.5882448669,111784.24728255517
1214528400000,167,342666.9318696832,112432.8908242938
1214528400000,069,342666.9318696832,112432.8908242938
1214528400000,129,342666.9318696832,112432.8908242938
1214532000000,112,340654.7911529606,110703.33301675135
1214542800000,167,343015.84750435123,112142.12358878997
1214542800000,069,343015.84750435123,112142.12358878997
1214542800000,129,343015.84750435123,112142.12358878997
1214546400000,167,341779.05535691715,111886.7024811219
1214546400000,069,341809.01769985666,112318.72776860965
1214546400000,129,341809.01769985666,112318.72776860965
1214560800000,112,340533.9652674694,110839.72371972333
1214564400000,112,340656.47020796454,110005.37559841582
1214575200000,163,341716.6082229001,110413.52572648984
1214575200000,153,341716.6082229001,110413.52572648984
1214586000000,167,340326.52043213625,112677.69423357693
1214618400000,112,340376.90732902836,110366.0119029593
1214618400000,163,339680.7501028132,110428.08942017161
1214618400000,153,339680.7501028132,110428.08942017161
1214622000000,167,342018.9226864007,111127.13848907845
1214625600000,163,339511.2970500749,110684.38160271855
1214625600000,153,339511.2970500749,110684.38160271855
1214640000000,163,340547.11231891206,110684.52724991435
1214640000000,153,340547.11231891206,110684.52724991435
1214647200000,112,341024.8326403645,112638.07607505558
1214647200000,163,340592.49185096024,110688.9901301197
1214647200000,153,340592.49185096024,110688.9901301197
1214654400000,163,340471.1311103334,110425.48082702399
1214654400000,153,340471.1311103334,110425.48082702399
1214658000000,112,340972.9955859561,112239.66514708778
1214658000000,163,340607.9630332902,109902.11468673637
1214658000000,153,340607.9630332902,109902.11468673637
1214661600000,112,340956.63011824747,111536.28182763679
1214661600000,174,339136.136705828,109988.9622122806
1214668800000,112,340717.81961339456,110644.460473474
1214672400000,112,340399.8920014829,110384.84135646501
1214697600000,112,340630.9349572694,110704.80964931396
1214708400000,101,339286.73263099144,109457.82835788644
1214708400000,126,339286.73263099144,109457.82835788644
1214715600000,112,342817.2510111773,110879.30723444045
1214722800000,101,339348.36761251825,109355.69491560382
1214722800000,073,340890.2951928676,110934.85512904971
1214722800000,052,342724.61086497206,112544.30779108749
1214722800000,174,339441.7980353611,109496.38168514305
1214726400000,101,339301.4605445743,109952.08690312937
1214726400000,052,339704.578378505,112006.2183198637
1214726400000,174,339343.6535917814,110345.37349705584
1214730000000,073,341017.9776533146,110830.97349814005
1214730000000,052,341019.763600075,112017.80761109323
1214733600000,073,341154.8294009717,110885.27594627815
1214737200000,073,341187.27695427113,110842.10669302475
1214740800000,073,341232.6102563597,110841.94164213065
1214744400000,167,342809.1986588532,110341.21067823407
1214755200000,112,340753.362967076,110710.02601560413
1214755200000,073,340862.2841282605,110697.28478284198
1214758800000,112,340623.6852121564,110596.99268214867
1214758800000,073,340883.54389834293,110788.51014311358
1214784000000,163,341885.96610360127,110287.10360934485
1214787600000,112,340336.47727589664,110340.26909136184
1214787600000,163,341501.36115961394,110488.69210779003
1214791200000,112,340495.13424625923,110504.58789751423
1214805600000,174,339678.6164742314,109581.81096905297
1214809200000,101,340786.0076371413,110700.93688398124
1214809200000,126,340786.0076371413,110700.93688398124
1214809200000,174,340001.80932100595,110115.4573759991
1214812800000,174,339639.6819471796,110245.64878774539
1214827200000,115,340473.1305757691,112127.0026554956
1214830800000,153,341884.85424254724,109655.32539162258
1214834400000,153,341975.94092451944,109703.08680432264
1214838000000,073,340831.2348478927,110721.05107681948
1214841600000,112,340541.17757421924,110505.26858991677
1214841600000,167,340399.23527706676,112264.60498627163
1214874000000,167,340523.51526400284,111930.14924305821
1214874000000,163,341826.6677038302,110339.42146881361
1214881200000,128,340590.9618135003,113041.13114298186
1214888400000,112,339911.6286063505,110316.55963189117
1214892000000,112,339896.2775674979,109780.83474393377
1214910000000,052,339328.90121703595,109289.5991290773
1214920800000,167,340607.4465603761,111213.27348733485
1214920800000,163,341567.6452988676,110426.42188509805
1214924400000,167,340480.3054716117,111922.82490634941
1214938800000,112,340525.3231401955,110499.51076961771
1214960400000,073,340937.462288923,110955.4254622793
1214960400000,163,341615.83680161147,110412.03996269405
1214964000000,112,340548.64876363944,110523.39177714965
1214964000000,167,340507.3884255144,111729.92587669926
1214967600000,089,342577.8615094409,111285.03174476029
1214989200000,052,341745.3021512109,111805.97585775985
1214992800000,052,341205.75802287034,111646.5933223052
1214996400000,125,342818.48119306046,112945.47609739321
1214996400000,052,341043.9216691137,111594.2000042819
1215000000000,052,340872.1380574421,111519.90352251202
1215003600000,052,341541.2832040553,111607.9520910314
1215007200000,052,342194.13168887835,111696.74502859177
1215007200000,163,341503.2233202684,110410.38517229877
1215010800000,125,340378.5790014508,112732.84883665267
1215014400000,112,340534.9526647318,110510.01271797574
1215014400000,073,340912.19771818514,110897.90066968735
1215018000000,167,340343.5076700274,112626.50429367513
1215043200000,125,340714.6592109464,112189.03191698775
1215046800000,112,340382.2058867603,110348.42764334226
1215046800000,163,341701.9273147638,110340.8381056343
1215050400000,112,340508.8711371239,110477.80440711595
1215050400000,163,341263.06397434924,110545.69645149515
1215054000000,145,339253.9397329145,110518.9279620025
1215057600000,145,339361.22545980907,111348.10004959957
1215057600000,167,340492.04837148444,111834.52320547307
1215061200000,145,339469.51274032664,111712.60244698857
1215064800000,145,339445.5297638788,111904.18767448404
1215064800000,052,340948.4678718461,111943.43565906232
1215068400000,145,339265.3750742961,111186.55569874421
1215068400000,052,339757.2482449282,112041.88012354259
1215072000000,052,339364.39398319443,112068.03494305721
1215086400000,052,340202.5112255472,111838.59614772191
1215090000000,128,341072.08462831273,112618.12557434598
1215090000000,052,341650.91021368635,111752.30641277174
1215093600000,125,340500.6642544345,111947.44810280444
1215093600000,052,342683.82935397985,111765.23416763695
1215093600000,163,341125.92782944656,110675.58835344129
1215097200000,112,340532.81543149834,110510.22958916395
1215097200000,052,341884.9495022023,111848.09480804311
1215097200000,163,341553.7093693232,110438.15863965901
1215104400000,052,339427.9010896847,111946.99419035488
1215108000000,052,340323.61497987586,112010.4156679216
1215111600000,092,339103.9699981073,110721.95041306567
1215111600000,052,341326.4301549719,112120.9803569697
1215136800000,112,340586.0311078352,110562.92631101924
1215136800000,163,341632.7693999885,110415.24740749302
1215140400000,125,341677.7956941194,110792.50893773497
1215144000000,125,341739.6103132383,111016.62291550422
1215147600000,125,341787.8278673981,111089.72508723823
1215169200000,089,342692.41787434,111424.95202745401
1215176400000,115,341368.6009892082,111532.39674784728
1215180000000,163,341524.06857637095,110502.59296209048
1215180000000,153,341173.99297930044,110673.61054469853
1215183600000,163,341802.34927454824,110136.26143918294
1215183600000,153,341626.44023905235,110235.27198281062
1215190800000,112,340533.1082294172,110523.50373946765
1215226800000,163,342094.1525580338,109819.22501000544
1215226800000,153,342088.250824408,109800.63419940206
1215230400000,163,341876.13751079404,110145.32961698699
1215230400000,153,341863.9282944128,110137.3755583136
1215234000000,112,340799.2524096764,110634.1513386092
1215237600000,112,340813.90072984796,110641.75365309097
1215237600000,073,340884.4099371879,110913.71429021939
1215244800000,092,339268.98602274625,109227.17525595854
1215273600000,112,340547.81608964835,110497.52702421446
1215363600000,112,340518.4547038503,110468.56302265365
1215363600000,167,340553.79546039266,111694.1625779085
1215392400000,163,341200.4495341576,109974.67276292967
1215396000000,112,340548.2969324567,110527.1662476629
1215396000000,073,340879.2261138722,110893.37539402155
1215396000000,163,340987.0552148339,110344.75309505049
1215399600000,128,342150.6565613522,111393.69776271336
1215403200000,112,340454.2768992246,110619.00318314288
1215410400000,112,340584.5536192376,110784.88600907264
1215410400000,052,341888.16673526325,111715.83157115958
1215414000000,052,342285.2698731286,111744.88510298575
1215417600000,052,342418.1419596384,111756.07375437109
1215421200000,052,342686.9320403769,111774.4991810316
1215424800000,115,340541.66705231526,111999.06964545415
1215424800000,052,342621.02953348204,111645.1573485415
1215428400000,052,342480.21188442205,111468.75059735829
1215432000000,052,342474.3498982016,111438.37137620924
1215435600000,052,342540.8192142966,111561.14041915869
1215439200000,092,342173.07945527084,112486.76794495696
1215439200000,052,342681.28499383625,111733.48807413277
1215439200000,163,341549.68202687224,110441.50002153762
1215442800000,052,342684.4128141613,111765.34866081025
1215446400000,112,340537.7247119903,110502.17892847203
1215446400000,052,342755.0211524809,111810.51811935434
1215478800000,112,340339.4734123815,110286.12694723945
1215478800000,163,341674.1488591766,110426.02711575314
1215482400000,073,340889.2437677606,110885.70111119967
1215511200000,128,340178.0801239749,109622.79403194491
1215518400000,128,340297.232067851,109948.89999063057
1215518400000,052,342836.48878851824,109693.26289167094
1215522000000,052,342658.0796543844,110486.30288907755
1215522000000,163,341511.718684219,110407.13149031268
1215532800000,112,340486.1487852484,110469.3935873804
1215547200000,115,340620.1039680183,110734.44900648094
1215565200000,112,340517.6061662461,110501.8862833479
1215565200000,163,341632.8177663134,110439.45111190171
1215568800000,052,340150.3211772803,110880.2305225229
1215572400000,052,339605.7008509094,111036.79287838137
1215576000000,167,339121.3527866396,110769.02800419083
1215576000000,052,340294.54137116176,111471.10507994163
1215579600000,167,339477.862997861,110726.04050889295
1215597600000,167,340500.97940317,111797.66364158291
1215597600000,052,342141.186950931,111892.39025140337
1215601200000,167,340395.8889503381,112210.53729420669
1215601200000,052,341666.96951496,111763.00767203364
1215601200000,163,341097.5040312352,110695.82533524666
1215604800000,167,340429.5392843117,112094.69943772985
1215604800000,052,340743.34538378305,111592.32993606433
1215608400000,052,341047.2690034527,111745.82615978725
1215612000000,052,341719.2143037222,111807.00836302398
1215615600000,073,340896.8717063727,110803.98864150023
1215615600000,052,342122.6230434412,111825.71025724984
1215619200000,073,340920.27079656726,110877.77832636712
1215619200000,052,341113.71017621015,111588.7794514521
1215622800000,112,340481.66390327906,110462.46342854222
1215622800000,052,339791.0344966283,111475.04063474969
1215630000000,052,340122.2299316785,111542.48632328334
1215651600000,073,340971.28263989004,110975.09997897329
1215655200000,112,340613.1473576604,110591.40840713007
1215655200000,073,340951.5478985425,110975.96544615223
1215669600000,052,342643.9986314687,111673.17448392973
1215673200000,052,342659.81864993554,111712.82079102342
1215676800000,144,339252.542636267,110586.48050559596
1215676800000,052,342666.05944048363,111728.19684861244
1215680400000,112,340519.9000235817,110512.6463779316
1215680400000,052,342007.35639180447,111745.135695599
1215684000000,112,340099.7671639236,110572.48294954756
1215684000000,073,340871.1848839736,110902.59347380574
1215684000000,096,340669.85576055705,111318.14133972242
1215687600000,112,339813.82824562053,110398.92294873454
1215687600000,096,340681.2831038777,111265.884681497
1215691200000,144,339481.33775547356,111778.34846285282
1215691200000,112,339302.24036482855,110217.2608547902
1215691200000,096,340637.20610345626,111261.44356113662
1215694800000,144,340888.29033523705,112546.53526841982
1215694800000,096,340404.3739296423,112124.40274884489
1215694800000,052,339541.13412417774,111664.06464796387
1215698400000,052,340590.4120548678,111702.3011933219
1215702000000,112,339577.1472446613,110333.2876075921
1215702000000,092,340948.5475896958,112636.63242894062
1215705600000,073,340904.93952141487,110859.30889782119
1215738000000,096,340174.11363422516,112871.74821804387
1215741600000,112,340542.20709644275,110532.79949466027
1215741600000,073,340877.6925563154,110909.00454622306
1215770400000,128,341483.3327732682,111779.17429315585
1215774000000,128,341956.3199567187,111800.34089918321
1215774000000,073,340400.220193422,111195.72574534269
1215774000000,096,340344.84745611704,112571.23917935682
1215777600000,052,342096.64535885333,111620.45861279871
1215781200000,052,341027.3571477842,111589.89366341096
1215784800000,052,341911.9000482121,111869.44963338428
1215788400000,153,341478.65355611546,110537.32635417832
1215792000000,112,340509.97261012066,110383.39391507236
1215795600000,112,340489.72424421133,110380.36911522408
1215806400000,104,339318.6769299256,110495.48416837702
1215828000000,153,341837.9964315105,109725.05918925165
1215831600000,153,340542.4454451557,110114.52210328932
1215835200000,126,341638.4261149063,112721.0912576386
1215838800000,096,340409.1002823832,112475.59009756666
1215849600000,174,339873.8994820053,112356.95083761303
1215849600000,153,339287.3003170748,110963.22036239853
1215856800000,174,339797.5695470772,112332.39529131296
1215864000000,126,340557.24491403543,112490.22766072502
1215864000000,153,341320.072918541,110101.92275102201
1215867600000,126,340594.1978684021,112493.09460326689
1215867600000,073,340864.37676555646,110871.21493267622
1215871200000,126,341467.108216929,112304.27328062938
1215874800000,126,341450.71211659204,112175.27827144967
1215878400000,073,340894.141169576,110830.57557517418
1215907200000,112,340707.47718012944,110567.79035127808
1215918000000,167,340361.7270112607,110772.48311830756
1215936000000,126,340199.1113043312,111043.6562655885
1215939600000,112,342082.25726805517,111051.80437543866
1215939600000,126,340191.90080462885,112295.30230907991
1215939600000,073,340574.236852864,111198.17483934158
1215943200000,112,340569.1084853108,111115.25376568685
1215943200000,126,340078.80654744094,112818.53381724375
1215954000000,153,341602.84025535116,110256.4807324639
1215964800000,112,340524.7546407245,110536.13019838075
1215993600000,096,340470.87289953046,112512.09553231121
1215997200000,096,340593.7661077279,111678.96527878365
1216000800000,112,340695.73656754865,110695.4033584595
1216018800000,092,340819.4334390342,109097.16245417132
1216033200000,092,340352.7948815334,112435.63898406686
1216054800000,093,340781.57494162145,110780.09928936524
1216080000000,096,340444.7210299465,112285.58725001999
1216083600000,096,340593.7823110302,111616.80353602726
1216087200000,096,340676.0128135017,111364.05132016285
1216090800000,167,340394.99362336035,110677.87542745148
1216090800000,096,340771.036226937,110876.32451281771
1216094400000,167,339897.37308766204,110684.33402744235
1216094400000,096,340304.5785428071,110792.18889363862
1216098000000,167,339906.0687469405,110676.02843259556
1216098000000,096,339999.14731245185,110731.42679613944
1216116000000,052,342516.65534316807,111799.73452771059
1216116000000,096,340525.93614815717,111700.16526517697
1216123200000,112,340805.03484502365,110694.69621767136
1216123200000,073,340821.08796099445,110700.54990934432
1216126800000,112,340673.99772500136,110607.60451260713
1216126800000,073,340695.2554482529,110614.23704897512
1216130400000,112,340700.69895287073,110511.5855259855
1216130400000,073,340713.44693785,110518.4905384038
1216137600000,112,340761.5673644076,110510.20302135809
1216137600000,073,340819.85870771867,110560.6651433683
1216141200000,112,340627.68203161564,110580.27950490484
1216141200000,073,340907.69179980626,110873.05771854053
1216144800000,115,340545.5427352498,111929.54768111043
1216166400000,096,340427.83771163586,112379.53097892237
1216170000000,073,340892.56911826116,110921.79773302711
1216170000000,096,340540.1109259664,111628.74954801289
1216173600000,112,340767.55517319514,110256.17415745447
1216173600000,092,341901.18990218185,109150.24271581382
1216191600000,092,339771.5460282722,110305.35353618873
1216195200000,092,341323.0778198779,111408.86522255807
1216195200000,052,342932.3622154135,112788.98522784589
1216198800000,052,342725.0477495715,112296.00185619503
1216202400000,112,341177.3753229437,111064.703780192
1216202400000,167,341156.6662644688,110803.76384567484
1216202400000,073,341174.1712317784,110784.63724810055
1216202400000,052,342713.22676267737,112122.22126138066
1216206000000,112,341169.0339542157,110915.22855874598
1216206000000,167,341166.7431523565,110780.29196912958
1216206000000,073,341149.80868547986,110797.76832129352
1216206000000,096,340751.87306559924,110743.09105174128
1216213200000,112,340999.7674477976,110769.91849056698
1216213200000,073,340994.97566754004,110889.33604555298
1216213200000,096,340748.4749563773,110723.10045769833
1216216800000,112,340846.0161405259,110787.71118314788
1216216800000,073,340862.7515337367,110895.028686551
1216216800000,096,340528.48319941305,111768.2229967479
1216220400000,112,340758.50519294105,110621.23254391617
1216220400000,167,340499.4493385192,112331.39718447211
1216224000000,112,340649.7623233671,110405.18985502173
1216224000000,167,340309.0033802678,113021.72377846488
1216224000000,073,340884.8517545142,110838.50173361985
1216252800000,096,340322.59651986713,112404.04705955423
1216256400000,112,340654.2198512767,110613.48575261385
1216256400000,167,340499.5413831389,111817.22402134813
1216256400000,073,340884.61535255756,110900.931783561
1216256400000,096,340562.23856530833,111548.40721938468
1216260000000,052,341443.41639754525,109904.59633992228
1216285200000,052,341146.79780546395,109688.72123305981
1216288800000,167,340777.73673706385,110798.06421970137
1216292400000,167,340668.4555850574,110956.32844241292
1216292400000,052,341335.1808119098,111869.07170934959
1216296000000,167,340652.1113276519,110943.2112343961
1216296000000,052,341139.22974634875,111763.55283805028
1216296000000,096,340335.27550695586,112762.71003249081
1216299600000,052,342744.14750570286,112476.5824073287
1216306800000,112,340527.08341267356,111066.190546472
1216306800000,167,340561.82322507026,110950.42951088288
1216310400000,112,340507.88761285786,111061.80190775997
1216314000000,112,340514.46182059986,110889.49336169662
1216314000000,167,340527.1249589133,111437.81911307547
1216314000000,073,340762.0871720244,110877.93097245002
1216317600000,112,340446.778919118,110643.39297251891
1216317600000,167,340360.150481188,112755.47369961877
1216317600000,073,340875.9545474632,110938.64321994947
1216339200000,093,340909.68631535984,110847.2479340247
1216342800000,112,340553.67101449164,110533.78197263394
1216342800000,073,340879.4385760965,110884.45005481069
1216342800000,096,340186.82593481074,112897.37116730378
1216346400000,167,340502.23428105394,111804.6203047932
1216350000000,096,340568.6529345227,111343.61123864111
1216353600000,096,340484.08604712016,112070.54736589399
1216357200000,052,342305.1677758151,112957.1076260054
1216360800000,052,342480.16886679985,112985.14482904592
1216364400000,092,339732.2493976523,110190.09515953415
1216368000000,092,342933.46810501185,111891.60350815425
1216371600000,167,340517.04711553775,111674.06642993652
1216371600000,126,340525.73007112823,111862.01289908722
1216375200000,167,340324.5761710606,112654.20991966387
1216375200000,126,340334.20392436534,112726.03022743328
1216375200000,096,340240.34096888686,112954.70229444167
1216375200000,153,340909.63474730944,110702.9112461301
1216378800000,172,340754.40929094993,110963.4323866993
1216382400000,172,340789.3827870439,110846.21648707474
1216386000000,167,340340.67367080273,112569.20971190353
1216386000000,153,341668.73561725416,110434.07428523882
1216389600000,167,340422.1443483436,111781.85791550594
1216389600000,126,340367.7749369717,112075.45947550557
1216389600000,115,341025.10264584917,110683.27695347172
1216389600000,153,341875.71479402576,110106.15443701774
1216393200000,167,340400.92002400936,112009.3228288906
1216393200000,126,342679.2009247267,111366.92974490451
1216393200000,115,341024.683972142,110680.82200222496
1216396800000,115,341024.8933304188,110680.37248164938
1216400400000,115,341021.90711753955,110681.3927671804
1216400400000,093,341018.07749082986,110683.5338129181
1216404000000,115,341012.18775918894,110681.37349339314
1216411200000,093,340801.4331204166,110885.52706286956
1216425600000,153,340922.6505936253,110345.45237491498
1216443600000,052,342598.86512719793,112692.02356005716
1216447200000,052,341108.5090491986,112253.43192323315
1216450800000,167,340523.2838446089,111606.16616934928
1216454400000,167,340701.7037884416,111133.1041482084
1216458000000,052,340088.3562490974,111521.30243139263
1216461600000,052,340406.49843612436,111516.58707153458
1216465200000,125,340131.6694600857,112623.11439503382
1216465200000,052,340518.21146794944,111518.15926998698
1216468800000,052,340711.9326025101,111501.09859077849
1216476000000,163,341682.35656983085,110253.53043719265
1216476000000,153,341682.35656983085,110253.53043719265
1216494000000,092,339339.7909872312,109445.94389197198
1216526400000,096,340380.4475499408,112714.87572367823
1216526400000,163,341331.5487723213,110047.13624051312
1216526400000,153,341331.5487723213,110047.13624051312
1216537200000,093,340725.9447772257,110858.05404614803
1216540800000,163,341459.4653965953,109910.44163213052
1216544400000,093,340855.5930913009,111300.93454397275
1216548000000,096,340687.8619045132,111259.61306829528
1216551600000,096,340635.33537352766,111539.65203702083
1216569600000,073,340552.65543499694,110516.70423999628
1216576800000,167,340336.35612957814,112585.74176939832
1216602000000,167,340488.3448608464,111927.14320681375
1216616400000,096,340686.6931122031,111006.74592272125
1216623600000,092,339916.78664855775,112700.59590072796
1216630800000,081,340823.75100703945,110805.92987082488
1216634400000,167,340615.67874781083,110966.58225313992
1216634400000,081,340638.3374413251,110728.94035146189
1216634400000,096,340624.2311209741,110940.30112846097
1216638000000,167,340613.8966941127,110961.15320993628
1216638000000,096,340619.07865657686,110944.96080201867
1216645200000,096,340582.88642381807,111034.30301262767
1216648800000,078,340512.5845747793,110465.83098957274
1216648800000,096,340382.37912868743,112225.58533257003
1216666800000,092,341574.2893135308,112094.95540137176
1216684800000,078,340555.5118814255,110525.31228313531
1216688400000,096,340513.75794956816,111653.55938783483
1216692000000,073,340632.8002141174,110601.4184938163
1216702800000,052,342730.7252681123,112133.94629963713
1216706400000,052,341314.1897306486,111285.2286941894
1216710000000,052,341096.00398018927,111155.11716314348
1216713600000,052,342409.45548453997,112061.72255891383
1216717200000,153,341861.49411599716,109748.47418438832
1216720800000,096,340245.7267728335,112848.43770837973
1216720800000,153,341354.5560315504,109995.05544310273
1216728000000,084,342753.5361119145,109460.91178355373
1216728000000,085,342753.5361119145,109460.91178355373
1216731600000,153,341672.3104598947,110432.6254376292
1216735200000,084,340431.5049239735,110735.55814132417
1216735200000,085,340431.5049239735,110735.55814132417
1216746000000,073,340521.7968851146,110490.3926651626
1216774800000,096,340503.1348570892,111856.30176193194
1216789200000,115,340925.5139901112,110274.73691641667
1216792800000,115,340881.79060106183,110426.02872155489
1216796400000,092,339308.061185441,109924.49646586031
1216803600000,167,339444.24482945085,110703.66392828987
1216803600000,126,339444.24482945085,110703.66392828987
1216803600000,153,341417.86820227857,109739.13145817028
1216807200000,167,339251.2181181173,110678.78680058726
1216807200000,126,339251.2181181173,110678.78680058726
1216807200000,096,340661.3337532789,111067.36507678557
1216810800000,052,342235.2094485543,112348.05859961284
1216810800000,096,340644.55663307186,111089.92737004084
1216814400000,052,341783.84271740966,112090.84789371293
1216818000000,167,339177.0979684397,110600.1245905814
1216818000000,126,339193.37031613785,110606.16856853866
1216818000000,052,342983.28702977713,112555.81198279334
1216818000000,096,340514.8205820402,111788.6806399634
1216818000000,153,341664.81847108935,110357.4135647897
1216821600000,078,340638.46953562216,110613.07457088363
1216821600000,167,339743.4139665696,110631.66542989688
1216821600000,126,342457.3578835706,110331.43460196258
1216825200000,078,340526.16265676206,110453.59360775248
1216828800000,078,340481.98761853494,110394.86932112345
1216861200000,073,340509.09643211757,110511.66447738961
1216861200000,096,340361.9501463847,112389.16395565898
1216864800000,073,340674.36803585564,110621.46903723266
1216864800000,052,340434.8498128469,112578.67930904575
1216868400000,052,339745.1530742629,112358.10428946465
1216875600000,052,339220.7321165818,112065.24783303807
1216879200000,052,341516.18250676023,112473.31483972719
1216882800000,052,342655.3345065164,112797.97272580127
1216890000000,081,340292.5150224588,110527.3859924898
1216893600000,092,339638.79781764484,109383.59245469655
1216893600000,096,340670.186840194,111040.86675395811
1216893600000,153,340854.2222766079,110936.88983679078
1216897200000,092,339971.58663159073,109116.40806884754
1216897200000,096,340683.44940325944,111220.723468149
1216897200000,153,340854.3837626517,110897.23230589034
1216904400000,096,340697.65450945235,111150.01453726078
1216904400000,153,341060.9733547422,110518.07878393307
1216908000000,084,342305.1200562045,110851.27382780646
1216908000000,085,342305.1200562045,110851.27382780646
1216911600000,096,340530.5947222096,111721.74866211551
1216915200000,073,340554.5238079842,110474.87275821924
1216947600000,073,340492.5812344386,110468.57748132791
1216947600000,096,340516.9314531411,111767.00567293823
1216951200000,073,340635.64500898065,110584.63035473772
1216976400000,081,342323.28418543446,111224.85978154824
1216980000000,078,342210.00159151584,111595.40826597654
1216980000000,096,340364.6705493131,112689.19450694228
1216990800000,084,341125.69390196167,109528.56127778468
1216990800000,085,341125.69390196167,109528.56127778468
1217001600000,073,340649.7268106042,110738.65694020488
1217008800000,092,342840.1651790504,111535.39887077396
1217062800000,062,339212.10000516794,112758.53164361493
1217062800000,052,342632.7048335044,112476.76502020302
1217066400000,062,340776.16614568175,111996.03142017534
1217066400000,052,341996.5136726787,112154.32425658987
1217070000000,062,341166.30470583914,111640.27864495972
1217070000000,052,340881.6941883077,111555.91396217771
1217073600000,062,341447.12397441646,111060.97291517089
1217073600000,052,340608.34275745315,111636.92344751407
1217077200000,062,340207.4688237883,111291.2583849152
1217077200000,052,340306.35981723754,111983.06125782958
1217084400000,073,340474.59782770573,110441.08422238422
1217088000000,073,340484.58636345796,110390.01298995336
1217120400000,062,340233.514217241,111863.58249410239
1217127600000,052,341949.56640127284,113053.24111327065
1217131200000,052,340407.3640305692,112397.26635598997
1217134800000,052,339657.0229557885,112136.31540277165
1217149200000,052,340291.2429929306,112126.40830122508
1217152800000,096,340642.2761256969,111144.63501519615
1217160000000,084,340594.2806130283,110476.81331151492
1217160000000,085,340594.2806130283,110476.81331151492
1217163600000,084,340584.6330651844,110907.79945893446
1217163600000,085,340584.6330651844,110907.79945893446
1217163600000,096,340463.07031304087,112826.537108891
1217199600000,167,340252.1709977441,112839.24087065407
1217206800000,096,340377.01221729355,112353.78746888608
1217224800000,167,340287.72815064667,112693.14687721254
1217228400000,167,340534.2109219224,111694.74176404452
1217228400000,092,341234.3057643828,109214.10907990813
1217228400000,062,342808.19769292016,111919.72192064302
1217232000000,062,340647.5791619449,112267.54427078475
1217235600000,062,340385.6403471643,110319.76773265803
1217246400000,096,340486.1143496934,112551.57009033559
1217257200000,078,340546.08312221634,110229.22129252371
1217289600000,078,340581.6830652422,110545.68881196843
1217293200000,096,340401.72386637866,112234.11425733395
1217311200000,062,339790.50951604656,111783.11874192803
1217329200000,052,341516.68003311695,112875.90291615718
1217332800000,052,340596.78488541517,112496.71101351181
1217336400000,052,340417.32708451763,112445.77368811048
1217340000000,128,339642.2980882745,112718.37178270439
1217347200000,073,340535.1260696853,110494.99127560922
1217379600000,096,340566.6169460943,111763.54334742624
1217383200000,073,340631.4383470457,110618.19658510275
1217383200000,096,340532.92763678794,111216.06756442662
1217404800000,081,339322.7903127967,112322.33636742551
1217408400000,081,339514.332647961,110302.38055003656
1217408400000,052,342659.81216096284,112406.55076481869
1217412000000,081,340494.7627824185,109071.28695151744
1217412000000,052,341697.27401907684,111951.87137809044
1217412000000,096,340666.7124268917,111015.61896290646
1217415600000,052,341367.41827866086,111798.17260486295
1217415600000,096,340669.3585763015,111042.35828168753
1217419200000,052,341403.7539240357,111484.5838104313
1217422800000,052,342376.27254974685,111701.76171306772
1217426400000,096,340325.97500813944,112555.494438995
1217433600000,073,340550.0532925055,110512.25511888138
1217466000000,073,340520.5371713845,110395.13761875987
1217466000000,096,340363.01870759326,112393.45840683489
1217469600000,073,340615.1926828421,110526.10029525167
1217476800000,096,340689.1011116059,111252.8485741294
1217487600000,062,339760.7058484635,111726.40745510871
1217502000000,082,340863.04648559215,110901.1144271062
1217502000000,096,340543.93758156133,111023.10454477664
1217505600000,082,340532.03979057464,112366.33090984057
1217505600000,096,340426.1173577561,112016.71602955443
1217509200000,093,341077.8806527663,110768.38776574555
1217520000000,073,340603.350503094,110641.39175277021
1217552400000,096,340209.497514311,112352.50955903581
1217556000000,073,340639.87537189364,110621.52907271312
1217574000000,062,341702.1148678388,111829.5685762147
1217577600000,062,340133.26578579925,111897.71111499748
1217581200000,062,339679.78289858863,111907.08503861334
1217584800000,062,339984.57043100626,111553.65746354946
1217584800000,096,340666.4547456043,111029.87394020731
1217602800000,073,340684.20307266957,110706.04035476211
1217602800000,096,340232.3833674916,112934.19724146716
1217606400000,073,340583.53432186705,110581.52923656082
1217656800000,073,340333.07124453434,110215.08080210882
1217660400000,167,340392.589510238,112290.70200745507
1217664000000,167,340924.8929031595,112446.4000963213
1217664000000,126,341457.19629608106,112602.09818518753
1217700000000,092,339135.33747107146,110767.4690033099
1217736000000,167,342397.0465660779,112687.86429471063
1217736000000,126,342397.0465660779,112687.86429471063
1217739600000,078,340552.2135140266,110514.25163636466
1217739600000,073,340498.87137047155,110785.31781804554
1217746800000,084,340424.4313822096,111674.21259459652
1217746800000,085,340424.4313822096,111674.21259459652
1217775600000,167,340493.70103407477,112854.09597492969
1217779200000,167,340463.4837886145,111827.58256618689
1217779200000,073,340679.1145464106,110685.03230897587
1217811600000,078,340398.66529315396,110347.35837724751
1217815200000,078,340540.1779713917,110488.03203164754
1217815200000,073,340508.73983278655,110504.05538105857
1217833200000,062,339636.08812308987,109670.57383219866
1217844000000,062,339977.70987184544,109178.02425918542
1217851200000,092,340636.9469149261,110427.5114915469
1217854800000,096,340512.57431686396,112123.182729047
1217858400000,096,340515.3407575305,112749.3963342245
1217862000000,073,340564.6136036952,110539.06381812454
1217862000000,096,340513.8055056556,112954.27018894104
1217890800000,062,341255.3733748129,111931.02951213162
1217898000000,096,340592.26529648097,111543.35238534624
1217901600000,073,340571.6163210605,110557.55277915302
1217930400000,167,340580.91600562655,110963.72827114952
1217934000000,167,340592.3431185131,110978.53083587936
1217937600000,128,339881.2402430007,111454.40494263884
1217941200000,128,342292.45719032973,111434.09620647687
1217948400000,078,340501.17548921186,110461.37712582196
1217984400000,078,340665.09836264927,110652.5452480655
1217984400000,073,340525.27283748856,110498.37162297237
1217984400000,096,340537.4604326805,111603.38129652593
1217988000000,073,340640.6280860333,110597.75112133786
1218006000000,092,339693.52155747294,110394.64517271955
1218016800000,167,340819.25058230525,110694.09557335218
1218016800000,062,340660.76990172017,111733.22591058188
1218020400000,167,340727.5433671656,110691.49482265858
1218020400000,062,340320.79993031285,111895.68024268562
1218024000000,167,340689.9320702436,110682.68414062825
1218024000000,062,339697.15962981427,111918.44595407689
1218034800000,073,340533.02796331083,110514.84939680224
1218038400000,104,339607.56924185506,109196.24107093932
1218067200000,078,340502.64094296924,110426.57622813796
1218070800000,078,340599.5741914038,110550.88700825564
1218074400000,073,340641.7888126024,110627.29192256491
1218088800000,167,341072.1170171297,111090.66261197392
1218092400000,167,341075.4908369087,110892.43005700439
1218103200000,153,339826.18045429507,111343.89902850727
1218106800000,062,340872.38606696675,112157.9312994549
1218106800000,153,339319.01916279306,111319.32342558821
1218110400000,062,342234.4823540185,110373.95029866259
1218114000000,062,342757.34285790485,109867.68655901302
1218114000000,153,339594.5424577772,110806.66021443691
1218117600000,153,341229.20489529474,110045.31917663231
1218121200000,078,340492.1078698601,110463.64545006954
1218121200000,073,340343.2055804894,110253.74108166009
1218121200000,153,341510.77109343704,109949.39044104802
1218124800000,078,340440.6741131953,110383.04074017666
1218124800000,153,342080.12304552045,109777.22555833556
1218128400000,104,339602.64957748144,110004.61921315
1218128400000,153,342083.6198651729,109776.33527925836
1218132000000,104,339175.34347883187,109116.69323979256
1218132000000,153,342078.3141563534,109770.60060765369
1218135600000,153,342078.0601608677,109761.58029756571
1218139200000,093,340689.01117705513,110676.09382751632
1218139200000,153,342069.9953635791,109762.21966328706
1218142800000,167,340971.36646548385,110707.83992591625
1218142800000,153,342077.9671195555,109770.46701712681
1218153600000,153,342094.43602630333,109777.1059987918
1218157200000,153,342066.2705937884,109755.44445097915
1218160800000,174,339155.57694756554,110173.46342389709
1218160800000,153,341653.05918437283,109940.32787593394
1218164400000,174,339370.5747265071,109992.5438537288
1218171600000,078,340425.1649616833,110376.01037869515
1218171600000,073,340256.70889822894,110305.95411460956
1218171600000,153,341191.0713897535,110696.4083428726
1218175200000,078,340531.64735365007,110488.76696083222
1218175200000,153,341027.29396311764,110704.99800810785
1218207600000,073,340538.32366053504,110528.2481969693
1218247200000,078,340617.0357870333,110572.79517333783
1218265200000,062,341835.8792669327,111955.51737844286
1218268800000,062,340286.39455354575,112197.94008034734
1218290400000,078,340499.0171531002,110470.23467211222
1218290400000,073,340541.17190775665,110507.38377933732
1218294000000,078,340422.99844078306,110397.98187020254
1218308400000,078,340382.15495616954,110401.65112281035
1218312000000,078,340382.42350198724,110426.51973808769
1218337200000,062,340053.89470267814,110073.13854201692
1218344400000,062,339350.84454405546,110971.75131550404
1218344400000,073,340549.34542140126,110520.74828289407
1218348000000,062,340531.38461341,110888.87752545075
1218355200000,073,339110.21746811585,110542.41013598675
1218387600000,167,340375.15491089167,112418.43484633994
1218405600000,174,341707.0672183648,112270.15701987217
1218416400000,096,340416.4600866393,112213.53227170616
1218423600000,167,340389.7047720138,112567.6332651051
1218434400000,062,340192.657454232,109542.46087220966
1218438000000,092,339340.2362590898,109998.52672529922
1218445200000,167,339725.7063927068,110679.9250982416
1218456000000,062,339936.2030475383,110751.35400847383
1218456000000,096,340533.8199372737,111396.61116961314
1218459600000,167,339968.83139635966,110651.6513697951
1218459600000,126,342299.29709607846,110454.59044092546
1218459600000,096,340504.5821616523,112257.12480382313
1218463200000,073,340540.5826675615,110521.78940129252
1218470400000,167,340358.35537278844,112465.18750041974
1218502800000,096,340391.33018990554,112348.216216798
1218506400000,167,340485.1136675101,111927.08190738688
1218506400000,073,340624.10004926304,110568.31965597667
1218524400000,092,339529.4490211079,109994.34260662495
1218542400000,073,340557.9110627671,110518.52755622455
1218542400000,096,340521.1726602394,111146.71952603046
1218546000000,096,340500.99719888566,112055.29680058085
1218589200000,096,340375.1768920909,112360.98788881041
1218592800000,073,340543.53793567844,110481.86735396893
1218610800000,092,340097.173981781,110470.06213144645
1218610800000,062,341937.9673675352,111746.92623943774
1218614400000,062,340078.9515563791,111703.27586909693
1218621600000,096,342052.71807658876,110107.30664298823
1218636000000,073,340476.00588559447,110376.01821659443
1218639600000,167,340331.7180930056,112530.16913870315
1218664800000,062,340170.84245045704,111922.93394926365
1218668400000,062,342593.9359685254,111921.53985554591
1218675600000,096,340456.99322330055,112021.68977845593
1218679200000,078,340546.3138175636,110512.67238210981
1218679200000,167,340398.4806434647,112353.13977853248
1218679200000,073,340516.1896550085,110335.79772097131
1218718800000,096,340517.9764352432,111911.88277232718
1218726000000,073,340540.7106330425,110514.87926485919
1218747600000,062,342384.61916253745,112148.43974040008
1218762000000,167,340874.9761330982,110624.27369603768
1218762000000,096,340329.8008854164,112510.31141294492
1218765600000,078,340565.29954042606,110521.64954781566
1218765600000,073,340561.18824232987,110595.95594195856
1218765600000,096,340518.3972590106,111605.57309655056
1218772800000,128,340608.27097651595,110007.23457131609
1218783600000,064,340603.08799171925,110693.77842207649
1218787200000,093,340597.8139535084,110982.99284164858
1218787200000,064,339823.5643324873,111180.96960929513
1218787200000,153,340925.75241555885,110699.81583494133
1218794400000,062,339614.79694663803,112220.98437849799
1218805200000,128,341398.3702012903,111810.74912787731
1218819600000,078,340520.80070674286,110484.52142092613
1218819600000,073,340539.2524469016,110491.52352651225
1218826800000,093,340529.96686956426,110708.47739053368
1218848400000,078,340556.34553542966,109476.9173200016
1218866400000,073,340330.00181821315,110385.95043692527
1218877200000,093,340602.7088280838,111010.84463468348
1218877200000,062,341946.15019495337,112025.5832820629
1218880800000,078,341345.7483698385,110691.01138426295
1218880800000,093,340670.1193950686,110862.42445075206
1218880800000,062,339678.0433461017,112032.73326312425
1218884400000,078,341640.1454709354,111010.23062125599
1218888000000,078,341771.26089641126,111225.26191617212
1218888000000,064,340626.74543177,110622.15105294684
1218898800000,078,340483.65101622423,110041.18123093901
1218902400000,078,340432.60923274246,110181.65098796666
1218920400000,062,341176.21470960457,112180.48578303782
1218931200000,064,340554.2511677351,111754.904369055
1218942000000,096,340437.3385607093,112982.664205009
1218949200000,078,340810.1313158686,110570.93300113233
1218949200000,073,341427.022342788,110621.28513538517
1218960000000,062,342447.05421787774,111769.01635768742
1218963600000,062,340791.47728013585,111635.58840559353
1218970800000,064,340502.67672319215,110442.08895135121
1218978000000,128,339175.98458256305,111209.87287249639
1218978000000,093,340952.0299046474,110796.07923582323
1218978000000,064,339485.18399450555,111351.86832271099
1218992400000,167,340705.110284104,110726.38102030329
1218996000000,167,340509.6435551984,111727.69477264835
1219006800000,062,340800.6532736847,112075.98648428309
1219017600000,064,342826.52013144194,110993.04551638442
1219021200000,167,340435.06331148994,112228.66858031003
1219021200000,073,340431.62309247284,110426.09096179146
1219024800000,078,340554.62996874814,110520.36946332708
1219024800000,167,340654.97133075574,111568.36130677896
1219024800000,073,340553.6543051421,110572.34699261296
1219046400000,167,340418.75079209736,112414.66747620517
1219050000000,167,340367.1279590116,112479.919284767
1219057200000,064,341880.37455861806,110554.03124039779
1219064400000,078,340536.0056004952,110510.44516297214
1219071600000,073,340540.0626709367,110527.91055651252
1219111200000,078,340542.7740082577,110510.93232390452
1219118400000,078,340868.5672029472,110593.24528288207
1219118400000,167,341168.77650068916,110692.07427197558
1219118400000,073,340810.56079904706,110876.67676504783
1219122000000,078,341182.74251442216,110724.59457763078
1219122000000,167,341146.46095222706,110696.44966651319
1219122000000,093,341151.5104855444,110671.75974832579
1219129200000,062,341548.6519279806,112039.70512871513
1219136400000,062,340592.6029171471,111895.4344824024
1219140000000,062,339533.63034435606,111666.15650681884
1219140000000,073,340657.77343821764,110641.50377528211
1219143600000,062,339145.4558567836,111339.79517180764
1219154400000,167,340415.9429453327,112317.48679344326
1219154400000,093,340626.1538966877,110815.5606362876
1219158000000,078,340515.730596668,110506.07010030941
1219186800000,052,341228.46870110324,110466.6874021491
1219190400000,093,340535.1446533006,111259.4629029573
1219197600000,078,340557.5822156365,110520.48057112914
1219197600000,167,340299.09658010455,112792.73744792778
1219197600000,062,342432.3743996913,111727.60449537532
1219197600000,073,340563.9047614624,110546.78666287377
1219201200000,167,340467.56539454474,111814.80896057635
1219201200000,062,342627.8502783077,111718.17433194254
1219204800000,167,340422.385411518,112015.24802145234
1219204800000,062,342651.0930656832,111657.36285504275
1219208400000,167,340455.5754745113,111836.01565245737
1219222800000,073,340792.4921409525,110718.43058304828
1219226400000,073,340642.1471752684,110598.2147216618
1219230000000,093,340706.05432072224,110698.31865557979
1219230000000,062,342239.612860431,111063.20617088884
1219230000000,064,342651.9205426723,110407.9814359066
1219233600000,064,341250.4810134677,110899.05486670864
1219233600000,153,341685.1697048073,109942.68730036459
1219244400000,078,340532.69322418346,110509.38580268563
1219244400000,073,340554.6565879452,110522.7065454217
1219266000000,062,339367.06291462464,111998.69756564536
1219276800000,084,340951.3263870007,110681.40203447196
1219291200000,167,340371.75009409094,112457.91129542497
1219305600000,062,341765.3154259396,112076.49435128222
1219309200000,073,340550.8174031471,110524.5792867561
1219312800000,096,340493.5485584559,111914.20282665448
1219316400000,078,340900.74804346514,110727.79405121718
1219316400000,179,339143.02124153613,110961.18252334472
1219320000000,078,340819.3039935082,111321.09744928987
1219320000000,064,341628.9282855238,110385.19485533498
1219323600000,073,340571.00424847804,110547.21382774929
1219327200000,073,340447.70664939535,110433.5606321019
1219330800000,062,340725.12486373034,111065.5631345635
1219348800000,062,341215.63337960123,112048.18371911884
1219359600000,052,340986.07189892937,110414.71614061472
1219363200000,093,340535.9243584757,110910.06537932924
1219366800000,096,340380.11099124036,112268.06535417783
1219366800000,152,340669.2590344802,111724.01878120872
1219370400000,078,340576.0700432119,110522.93570089988
1219370400000,073,340562.7960685782,110549.50958673708
1219370400000,096,340606.6300615942,111483.54621126335
1219370400000,152,340943.1271140599,111121.53146435782
1219374000000,152,340276.72307362856,112619.49459908386
1219384800000,179,341265.61154948623,112385.75788509758
1219395600000,167,340489.55764483113,111967.44616505645
1219402800000,167,340397.70430434484,112317.80230468875
1219406400000,167,340361.36026545,112844.92138911868
1219410000000,078,340476.2938047745,110034.47246161201
1219410000000,167,340418.1814805166,112414.0351343002
1219410000000,128,341014.00576577557,110701.50650929644
1219410000000,073,340544.16820761655,110504.09652638469
1219410000000,096,340560.5023364643,110622.03257378281
1219413600000,096,340331.9155126302,112009.53371863022
1219417200000,096,340142.90355366835,112786.07203407197
1219446000000,062,341923.25988789933,112142.85878444006
1219453200000,093,340754.5815658749,110971.56195703421
1219482000000,119,339296.7159382432,109585.95965327359
1219485600000,119,341316.2288743606,111063.09374012868
1219489200000,062,340055.0509741712,109239.05651208886
1219496400000,104,340704.27855788847,110634.12954376172
1219503600000,073,340545.6145136702,110530.53342851746
1219525200000,104,342080.6757361997,111924.58005354248
1219554000000,125,340719.8365766408,112124.65287271781
1219557600000,073,340505.1066898642,110520.42521470768
1219564800000,078,340524.8011279494,110080.33597358482
1219564800000,073,340647.6033056813,110657.90336522297
1219568400000,073,340635.55765635445,110627.82570081404
1219572000000,062,340217.97073667985,111709.263786592
1219572000000,064,341894.9010410453,110890.03818774302
1219575600000,062,339335.6046861295,111864.40017919496
1219590000000,078,340445.2383913177,110376.06235988415
1219590000000,073,340661.7676648171,110604.40098573772
1219593600000,078,340424.74043662904,110273.2281298309
1219597200000,078,340411.617799341,110290.58108822077
1219618800000,052,342800.67517007905,110682.11354900897
1219629600000,093,340658.11996177194,111145.06309350052
1219629600000,073,340704.3211245716,110696.81474316532
1219651200000,064,339205.42460830626,111246.44555249307
1219658400000,078,340515.5955183218,110507.05002734234
1219658400000,052,342567.9466861988,111309.38196936091
1219658400000,064,339294.6739022748,111149.32123186614
1219662000000,078,340456.60474787187,110415.75714482716
1219665600000,078,340446.04769868974,110374.58419791912
1219669200000,078,340467.1728277711,110401.28872333548
1219669200000,084,340877.4822631825,110801.42680175108
1219669200000,096,340563.05093879363,111073.4146910111
1219672800000,084,340670.924648526,111049.95647816395
1219672800000,096,340380.734015786,112233.32897159111
1219676400000,078,340621.94148237223,110633.6325869504
1219676400000,167,339781.6387587291,110819.42893491953
1219676400000,084,340635.8219103485,111153.04211304111
1219676400000,073,340624.94171877636,110663.67690389433
1219680000000,078,340531.549797946,110493.56335969243
1219680000000,093,340902.5575353395,110869.2726901932
1219680000000,073,340523.6393667656,110517.23205892325
1219683600000,078,340485.32911104005,110426.43977297604
1219708800000,084,340262.3993918877,111685.0261365919
1219712400000,093,340635.0032265747,111087.84051509804
1219712400000,096,340336.62013108615,112470.08942214532
1219712400000,064,339261.9609064469,111270.02163935764
1219716000000,078,340543.48849370243,110513.39415489395
1219716000000,073,340542.20929434744,110508.29507005226
1219716000000,085,340572.6634658284,110245.89326928176
1219719600000,167,340276.375512286,112863.31629374469
1219723200000,167,340339.2354164354,112542.32051995912
1219741200000,062,339780.23679381335,110869.21515037201
1219744800000,104,339199.65445837006,110199.24746876268
1219744800000,153,340889.57582940214,110662.95046815828
1219791600000,052,341157.2180226082,110407.32987246603
1219795200000,064,339404.4604694483,111128.07405437736
1219798800000,078,340564.835254205,110495.54888392412
1219813200000,103,340746.7731086085,110684.1581475316
1219816800000,103,341355.6497270297,110934.2179879386
1219824000000,125,339385.7383087141,109652.45546785323
1219827600000,167,340607.8469458715,110923.66676565369
1219831200000,167,340427.63359421596,111981.71260663672
1219831200000,064,339485.0227443854,112032.4026250219
1219834800000,167,340315.111360941,112652.8866483186
1219834800000,062,342474.4890995628,111475.84311152191
1219849200000,078,340591.9752664745,110567.71340394828
1219852800000,078,340458.2243307099,110456.37527273469
1219881600000,064,339598.8223073698,110886.44606907186
1219885200000,140,342062.85415935365,111386.86705057377
1219885200000,064,340207.1975064353,110809.92633745717
1219899600000,179,341337.4551875165,112350.68802599562
1219903200000,179,339747.1942992538,111821.24379568308
1219906800000,179,339404.0373655867,111659.83377407135
1219910400000,062,342011.5215963497,109482.14343218615
1219914000000,062,339994.79825532803,111571.37456626356
1219917600000,167,340353.55128611194,112642.6196419253
1219917600000,062,340028.14925511455,111858.60447128855
1219917600000,096,340212.94390726986,112813.66342171638
1219921200000,167,340462.2923017696,112121.46905445695
1219932000000,140,340540.84405611525,111196.02445933962
1219935600000,073,340461.90956397454,110418.23928223825
1219939200000,073,340416.18282368855,110374.14411275127
1219968000000,078,340559.88964774547,110520.9300298657
1219968000000,064,339421.94166918343,110937.37003190428
1219971600000,064,340061.812319999,110815.76231925901
1219975200000,062,342344.3173197031,110537.57523157069
1219975200000,073,340559.89163658087,110532.5815348144
1219986000000,062,340948.5921543379,111311.9637225151
1219993200000,062,340290.6170727911,112250.99170904595
1220000400000,103,339828.97699394345,111843.45534797844
1220000400000,064,339163.22577946895,110942.49122752763
1220004000000,062,339100.6188103493,112069.9400527057
1220007600000,062,342455.15795334906,110662.41894387286
1220022000000,115,340539.3749108583,111094.0096186685
1220022000000,096,340326.6624522337,112699.43970233471
1220025600000,064,341059.0130369977,109068.25018781451
1220068800000,085,340487.7336080147,109840.13322143305
1220097600000,179,340352.5606978419,112970.50591035116
1220108400000,073,340518.98099986074,110493.32075946967
1220151600000,167,342675.17558499234,110677.44896764912
1220173200000,153,339992.79416631465,110681.16463034286
1220176800000,153,339806.32789048675,110320.56937935145
1220180400000,153,339992.02043463045,110212.11024810218
1220184000000,052,339240.5166649485,110137.33026128581
1220184000000,064,339667.91325411765,111048.70325716678
1220187600000,153,340856.4380315584,110223.26458892689
1220223600000,052,341065.9010819676,110571.28865751051
1220230800000,073,340551.26471049513,110542.05124088321
1220230800000,096,340272.0481702635,113048.97332203979
1220234400000,096,340427.44246029813,112034.98870787802
1220245200000,103,342213.90950256505,111513.74194565382
1220259600000,103,342125.60518330976,111667.7216868997
1220277600000,167,340625.1297261731,110853.77045843092
1220277600000,096,340575.8861536049,110898.37470241952
1220281200000,167,340477.9699743168,111882.63854100199
1220281200000,073,340830.2308658193,110832.36980048256
1220281200000,096,340450.3330398783,111909.92757013143
1220328000000,103,342377.117923974,109905.34569289566
1220328000000,115,341046.2730385417,110664.3850317759
1220328000000,140,341046.2730385417,110664.3850317759
1220331600000,103,342302.2886123739,110675.29093541847
1220331600000,052,339218.78676894255,109940.32702676716
1220335200000,052,341203.67518872034,110404.9974794341
1220349600000,052,341464.2578009569,110434.05241532177
1220356800000,104,339711.002817429,109409.3967599396
1220371200000,104,339829.5277947162,109470.07255569076
1220403600000,144,342399.11632211506,112755.11441293552
1220403600000,085,340366.0728116557,109095.08382691542
1220428800000,144,340188.45167355187,111476.02779476035
1220432400000,153,341528.86090699927,109262.91601088122
1220439600000,140,340265.74351965386,110659.4303233146
1220443200000,140,339970.95006387134,110376.96202371956
1220443200000,096,340521.08858257474,111060.76980639514
1220446800000,140,341337.03056862083,110842.02442686753
1220446800000,096,340405.6925996186,112074.63400113095
1220446800000,153,341147.54991777247,110198.49547845153
1220450400000,153,341596.19531228405,109980.57169891545
1220461200000,104,341988.796796652,111816.1487143107
1220468400000,104,340239.12645376625,111615.41590365444
1220479200000,104,340473.03751229885,110795.06619289599
1220497200000,062,339692.446427919,110015.42687855086
1220518800000,167,339538.22896700026,110727.392605734
1220518800000,126,339730.0551482989,110702.60451239783
1220522400000,167,339250.33102610137,110902.95933318733
1220522400000,126,339348.93847995705,110887.06500645952
1220529600000,128,340855.3562368175,110833.0721937254
1220533200000,167,339186.44738336327,111089.10470829703
1220533200000,126,340568.68333501567,110876.03519057261
1220536800000,140,340718.2095262648,110708.01557620712
1220572800000,062,342752.500357636,111337.64686605353
1220576400000,062,340581.2766951695,111644.6166840757
1220580000000,062,340110.2397965167,112135.5525585601
1220587200000,062,339584.16154511156,110964.21976823588
1220605200000,179,340289.6476736691,112583.66988004756
1220605200000,103,342362.07173629734,109096.15122492284
1220605200000,062,342613.2197059982,109179.14895521774
1220608800000,062,341952.91126707225,111268.55647544573
1220612400000,062,340855.9989611943,111680.08656058914
1220666400000,125,340880.01473407727,111645.1689963177
1220673600000,062,341404.3520499627,111842.64727893006
1220680800000,062,339863.33788977785,111923.09708234268
1220698800000,179,340561.23797321325,112541.92507412634
1220745600000,062,341525.7811930908,111494.06362513
1220749200000,062,339979.89712614776,111753.5489104383
1220752800000,167,340329.07820974174,112686.52603171203
1220752800000,062,339481.89929816825,111885.70065921813
1220756400000,167,340327.9073440736,112572.89380322359
1220760000000,062,341109.85513465555,110986.60140514001
1220767200000,128,340993.7180333922,111891.79009057494
1220778000000,062,341247.00619798136,112288.10195096675
1220781600000,062,342077.57806954725,112358.42558751006
1220785200000,062,342732.2402895161,112278.3300162287
1220792400000,153,340310.07574838784,110481.67307324693
1220796000000,096,342693.6300202634,112908.16023753193
1220832000000,153,341829.6853448676,109242.8117466881
1220850000000,103,342298.63448247616,110556.21516599949
1220868000000,103,339921.5713920068,111734.94288026814
1220868000000,062,341230.4804597559,111657.48742518906
1220878800000,128,342948.28363836557,112858.79728516428
1220940000000,125,342005.08795952186,111985.88993401414
1220943600000,125,342404.13642442436,111068.37368298275
1220947200000,125,341873.6836441962,110945.51781491547
1220954400000,115,341524.7131879874,109216.09879539239
1220965200000,115,340983.1038757261,110645.81280237825
1220968800000,125,340133.75457934494,113003.2176696076
1220968800000,153,341361.40849743376,110082.08266834781
1221015600000,062,339102.77397128247,111657.19851674177
1221019200000,062,340222.6313526696,112737.97805878747
1221040800000,179,341294.37121732166,110650.89155146593
1221058800000,104,340119.7366670589,111996.30509420577
1221062400000,104,341696.4958079613,112070.24972042417
1221080400000,104,340242.06305474427,112206.86884529174
1221105600000,085,340777.3697983082,110920.53190268423
1221109200000,062,341070.39597377536,111782.70769187059
1221109200000,085,340759.4818664966,110901.19987705635
1221112800000,062,339739.8047345969,111805.91516154123
1221116400000,103,342532.2778278665,109223.6752079769
1221120000000,140,341588.1778085706,110672.90875164737
1221127200000,062,341292.02521203225,111079.17688608285
1221134400000,103,340808.4787475109,109539.2493378348
1221145200000,179,340248.3696510605,112945.76783118509
1221170400000,085,340577.4040057763,110343.0309972811
1221184800000,167,340221.55243799894,112904.82609581789
1221188400000,140,342272.35446136986,111075.39622127355
1221195600000,062,342335.90255181654,109323.82991058259
1221206400000,167,340929.03726964345,110230.12375173137
1221206400000,062,339898.02958801435,111652.75594140725
1221210000000,167,340605.0820892268,111355.49480283418
1221210000000,126,342670.25217517733,111249.34203959897
1221213600000,167,340137.43129520706,111819.04944383155
1221213600000,179,341113.85354851425,110689.80396273446
1221213600000,126,341678.68014949595,111985.38939026301
1221217200000,179,341098.5897480869,110691.39017256684
1221220800000,167,339316.6195213747,111850.58058837877
1221224400000,167,339999.097989333,110946.82910169172
1221224400000,126,342443.2480930513,110287.01963671208
1221228000000,179,340485.4598630766,111681.18220341968
1221231600000,179,340348.55164839793,112525.91036633434
1221267600000,085,340681.74226408167,111058.72723015814
1221274800000,167,341196.18759798777,110789.79826684188
1221274800000,126,341196.18759798777,110789.79826684188
1221278400000,167,341097.91648465744,110706.89630640541
1221278400000,126,341097.91648465744,110706.89630640541
1221278400000,085,341718.5692650604,110678.09686477168
1221282000000,167,341025.9100574407,110676.95574150937
1221282000000,126,341025.9100574407,110676.95574150937
1221282000000,085,342218.29007210524,110665.42088513527
1221285600000,179,340285.2138344701,113003.70173056702
1221285600000,084,342288.53263313224,110598.82225750244
1221289200000,084,340550.23998766276,111337.51224622487
1221296400000,125,340567.8715304139,112728.49486748851
1221300000000,140,340443.76825279783,111572.26879294094
1221303600000,140,339599.5175474587,111122.54509372175
1221307200000,085,340609.0070452428,111024.3645900701
1221310800000,167,340735.00041979214,110677.83331533034
1221310800000,126,340735.00041979214,110677.83331533034
1221350400000,062,342788.5318719573,111849.60360161107
1221354000000,062,341884.76563716057,112578.58227736945
1221357600000,179,340352.30688382057,112439.75797202304
1221357600000,062,340697.75606501906,112299.59468588687
1221375600000,153,340904.5578854474,110076.4143521508
1221382800000,167,340283.8786713026,112791.20697931675
1221386400000,167,340273.8392409177,112783.19412506302
1221386400000,179,339783.82982872863,112518.18615890174
1221393600000,179,339589.7188247024,112134.63482943439
1221397200000,084,341040.9033035177,110931.40519328545
1221454800000,140,341964.7126046885,109405.53083210783
1221462000000,062,341611.92322997504,111881.72585773126
1221465600000,062,340061.80344717135,111972.3184511989
1221469200000,104,341917.3462303659,111621.82448350205
1221469200000,062,341192.6787015336,112003.37058093982
1221480000000,084,340893.50596166484,110625.35038951649
1221508800000,167,340360.9791902627,112396.93335623774
1221508800000,126,340360.9791902627,112396.93335623774
1221544800000,167,340375.1887000997,112321.70807970117
1221544800000,125,339242.4033226818,112624.61326585806
1221544800000,126,340375.1887000997,112321.70807970117
1221544800000,062,340156.06515732984,112368.63643222554
1221552000000,125,339456.9008550208,112029.00741150836
1221562800000,010,341220.40131058765,110560.25187337838
1221566400000,084,341446.1876761411,111492.72130172403
1221570000000,084,340569.540959952,111336.68986258692
1221573600000,125,341590.8603450953,112509.75232049421
1221577200000,125,340909.3042990286,113013.72303579748
1221588000000,167,340497.14066709694,111985.46118978644
1221588000000,126,340497.14066709694,111985.46118978644
1221591600000,167,340217.4382163903,112934.4474824492
1221591600000,126,340217.4382163903,112934.4474824492
1221616800000,128,341839.7370784363,112995.18012892481
1221624000000,167,340311.7373416765,112267.93012731189
1221624000000,126,340311.7373416765,112267.93012731189
1221627600000,167,340311.61484948784,112481.26802736847
1221627600000,126,340311.61484948784,112481.26802736847
1221642000000,062,339194.96066097094,112085.72028033804
1221645600000,062,342160.00507526944,111686.23059837268
1221656400000,085,340532.4058043613,111528.45801453864
1221667200000,167,340376.8746429431,112358.85689918065
1221667200000,126,340376.8746429431,112358.85689918065
1221688800000,084,342411.0486486685,111778.60569818156
1221703200000,140,340893.9170168269,109169.30220644697
1221706800000,167,340347.4568342871,112932.56552639484
1221706800000,126,340347.4568342871,112932.56552639484
1221706800000,140,340630.6379930985,109674.99205671852
1221721200000,167,342463.27866807254,111527.31313492736
1221721200000,103,342275.58307239396,110820.25651521038
1221721200000,126,342463.27866807254,111527.31313492736
1221732000000,062,339828.91592611856,112697.80666436137
1221735600000,128,341059.3847092061,110694.88158248969
1221742800000,084,342295.37743924715,111249.5604305527
1221746400000,084,340585.13173952495,111339.44149818934
1221778800000,084,340655.8004443263,111089.02153432173
1221793200000,167,340017.388162318,110683.70137486827
1221793200000,126,340017.388162318,110683.70137486827
1221793200000,096,340032.5085720505,110673.08967855143
1221796800000,167,339551.7341389403,110832.02545632975
1221796800000,126,339551.7341389403,110832.02545632975
1221796800000,096,339555.3429327534,110818.48580079307
1221800400000,167,339427.72075012274,110787.81868125296
1221800400000,126,339427.72075012274,110787.81868125296
1221800400000,096,339411.71030295704,110788.0250634501
1221804000000,167,339746.4063552686,110794.11116284043
1221804000000,126,339746.4063552686,110794.11116284043
1221804000000,096,339735.3669854423,110794.76368461309
1221807600000,103,341666.3514619161,109860.30263952565
1221814800000,103,342138.3129583255,111068.54730966297
1221818400000,010,341140.97747415473,110951.05141732203
1221822000000,140,342068.1232818794,111659.97426817117
1221825600000,084,341465.91713328665,111031.33148660378
1221832800000,096,340620.5499168486,110932.16127346225
1221836400000,096,340512.0013226917,111895.80784325095
1221843600000,167,340517.7347116129,111684.17427637032
1221843600000,126,340517.7347116129,111684.17427637032
1221847200000,167,340414.31258389505,112253.08161401094
1221847200000,126,340414.31258389505,112253.08161401094
1221865200000,084,342714.0432974119,111772.27513229112
1221879600000,167,340463.7716052464,112493.20463980705
1221879600000,125,340342.585109095,112454.73440048416
1221879600000,126,340463.7716052464,112493.20463980705
1221883200000,125,340399.9825198455,112348.29089470848
1221886800000,125,340314.5132774629,112920.20698945424
1221894000000,167,342912.7487949437,111636.01392789306
1221894000000,126,342912.7487949437,111636.01392789306
1221894000000,104,340464.86545339116,111712.20188145584
1221894000000,115,340633.9819494362,111196.3911360606
1221897600000,115,340562.0335818265,111967.4382605505
1221904800000,062,339293.3430820822,112780.68710725887
1221922800000,125,341985.7882971366,110204.66845673892
1221930000000,104,340949.6268444591,111747.69993516289
1221933600000,104,339725.7479662424,111783.51308749315
1221973200000,125,340526.71651131386,112926.28636493951
1221976800000,125,341467.4836409188,112052.7571975577
1221980400000,167,340969.60297017446,110725.22130776159
1221980400000,125,342271.76764914865,111102.09663412093
1221980400000,126,340969.60297017446,110725.22130776159
1221987600000,062,339950.7990226627,109438.9196179694
1221994800000,062,339804.6038994803,111489.8396428054
1221998400000,062,339542.4733115311,111873.49269635868
1222084800000,084,343048.93857144006,110676.14651992144
1222124400000,084,341109.74539131526,110676.19890223049
1222171200000,128,342159.205481045,111630.13939914203
1222174800000,084,342471.77480900544,111065.12991321628
1222236000000,128,340221.01458421047,111580.43676893282
1222236000000,140,340260.8728735158,111441.36396945447
1222254000000,084,340600.470838386,111181.77195112326
1222254000000,010,340622.85263558914,111096.8021070144
1222257600000,084,340588.45640053955,111259.64952140056
1222257600000,010,341268.117873893,109672.52037683359
1222261200000,084,340583.14465122536,111287.99238607101
1222272000000,104,340007.05114528426,109556.18032424014
1222275600000,104,340287.9237258729,109055.76817337796
1222286400000,104,339231.6380348378,109682.58849918231
1222297200000,085,340523.51429281675,111400.18521079379
1222308000000,062,339800.44771933864,111873.57133626971
1222311600000,062,339152.2904570808,111995.86421969978
1222340400000,115,341752.891125838,111482.80186605982
1222340400000,062,341306.70367228513,112580.85525561743
1222344000000,104,340077.17515459756,112326.43036703502
1222347600000,128,340973.4317787761,110782.87018140276
1222354800000,125,340407.0377669708,112222.97144728387
1222358400000,125,340269.21928766975,113012.9075993945
1222401600000,125,339971.92315225775,111599.17769336731
1222423200000,011,341744.52916242916,110832.03633216598
1222423200000,088,341744.52916242916,110832.03633216598
1222423200000,140,340560.9906427079,111512.8619422108
1222423200000,010,341326.84069323627,110260.92153897272
1222426800000,011,342203.46589782706,111258.3889551004
1222426800000,088,342203.46589782706,111258.3889551004
1222426800000,085,341665.4033120085,109764.09008298635
1222426800000,140,342667.4019032065,111706.47565736403
1222434000000,085,340701.3050839942,110897.71112198549
1222473600000,012,340653.7541579606,111415.78023947353
1222473600000,127,340653.7541579606,111415.78023947353
1222477200000,012,340330.45042553334,111658.20518930952
1222477200000,127,340330.45042553334,111658.20518930952
1222480800000,012,339991.8873837173,111726.61750775207
1222480800000,127,339991.8873837173,111726.61750775207
1222484400000,012,339547.0997763542,111840.99204746187
1222484400000,127,339547.0997763542,111840.99204746187
1222491600000,085,339559.12540880777,110894.9208668123
1222513200000,012,340483.65824946534,112234.92870211245
1222513200000,127,340483.65824946534,112234.92870211245
1222513200000,010,341751.9886888652,110165.26106582089
1222524000000,140,340532.5829915439,111401.10133343945
1222524000000,153,341511.32791645685,110438.49432263165
1222567200000,012,339774.0734439265,111807.60218652032
1222567200000,127,339774.0734439265,111807.60218652032
1222574400000,013,339783.88908143726,110703.73083573207
1222574400000,070,339783.88908143726,110703.73083573207
1222578000000,013,339339.9473630329,110812.89936832938
1222578000000,070,339339.9473630329,110812.89936832938
1222581600000,013,341390.7111394719,110397.18886257174
1222581600000,070,341390.7111394719,110397.18886257174
1222614000000,104,341298.09138855303,112961.05217798652
1222617600000,104,340974.3134418917,111636.76784578462
1222621200000,104,340274.2250298161,109958.72555218886
1222624800000,104,339194.72947917046,110730.91942401514
1222650000000,167,342096.90032796364,111842.57967737084
1222650000000,126,342096.90032796364,111842.57967737084
1222671600000,153,342987.4088293356,110253.59733866538
1222675200000,153,340928.6723219331,110536.27325036925
1222682400000,011,342554.0527903902,110205.82289430298
1222682400000,088,342554.0527903902,110205.82289430298
1222754400000,167,340499.9111189168,112373.6263890241
1222754400000,126,340499.9111189168,112373.6263890241
1222779600000,140,340867.5040238413,111051.46859366882
1222783200000,140,342525.25878111966,111412.82516406519
1222794000000,104,339954.9937213403,109517.01573187322
1222858800000,153,341284.07101893733,110683.59192597766
1222898400000,052,342839.9509184121,112729.35686364984
1222902000000,052,341349.04211143125,109452.4568438125
1222999200000,096,340440.5078486767,112189.31655354696
1223002800000,096,341115.8261101966,111712.06341287935
1223006400000,096,342056.9616179688,110863.4263801766
1223006400000,052,340519.890772402,111998.48360180882
1223010000000,096,342814.033749356,110807.24076958584
1223010000000,052,339327.1064449233,111991.08485604741
1223013600000,096,342991.2572948015,110828.97607523315
1223017200000,096,342997.67485702614,110808.05670922186
1223017200000,052,339587.59369932505,112040.18453346363
1223020800000,096,342996.96266573254,110811.57521458824
1223024400000,096,342807.58235262753,111120.85484423405
1223028000000,096,341884.6023061929,112573.76504392317
1223035200000,153,341873.9143894656,110192.13636375731
1223110800000,042,340352.8056963334,112991.61851578316
1223114400000,062,342283.05458470044,110573.34844826614
1223118000000,042,340337.3353865486,112881.70743230004
1223125200000,042,340765.84105660603,111120.3173128789
1223128800000,042,340501.28770940326,112021.22850960959
1223197200000,042,340452.5048533668,112622.63769731029
1223200800000,012,340238.8187393345,112730.17460237171
1223200800000,127,340238.8187393345,112730.17460237171
1223200800000,052,340621.9972423634,112652.39353906676
1223211600000,052,339433.59758180066,111656.64426298243
1223215200000,052,341776.61039904266,112298.9666546165
1223218800000,052,342831.8958101284,112664.04245999386
1223251200000,012,339996.3009298924,111904.11605302681
1223251200000,127,339996.3009298924,111904.11605302681
1223251200000,042,340579.1841463362,111115.28779915278
1223262000000,012,339494.7232724848,112922.29881658597
1223262000000,127,339494.7232724848,112922.29881658597
1223262000000,052,342884.37359202025,112200.39953393434
1223265600000,012,339535.38570381416,113001.90201643869
1223265600000,127,339535.38570381416,113001.90201643869
1223265600000,052,342850.1507523173,111956.9337556746
1223272800000,042,340333.7316299073,113016.82826039201
1223276400000,128,340984.2733895192,110361.9826099019
1223276400000,042,340337.76443499525,112631.02854072016
1223283600000,011,342901.58500845166,109599.69628958014
1223283600000,088,342901.58500845166,109599.69628958014
1223283600000,013,341493.66542490665,110640.33220856985
1223283600000,070,341493.66542490665,110640.33220856985
1223287200000,125,340508.7350828098,112206.08206576959
1223290800000,125,340650.78402964835,111660.37898094172
1223294400000,042,340577.7793778122,112146.19345625126
1223294400000,012,339688.4196004593,112109.77257328675
1223294400000,125,340856.9448959738,110776.61460331253
1223294400000,127,339688.4196004593,112109.77257328675
1223298000000,052,342826.39438773086,111793.01155289823
1223298000000,096,340491.7797300137,113042.90216750732
1223298000000,042,340384.2128573606,112849.34746339095
1223298000000,012,340019.0634827389,111862.54762857704
1223298000000,125,340935.08153615217,110574.91360128474
1223298000000,127,340019.0634827389,111862.54762857704
1223301600000,125,340932.20368861797,110610.50198123383
1223305200000,125,340772.5524609321,111208.94401166069
1223312400000,167,340369.6437332214,112433.0077892251
1223312400000,126,340369.6437332214,112433.0077892251
1223352000000,167,340403.06732299045,112230.97635232631
1223352000000,126,340403.06732299045,112230.97635232631
1223370000000,084,340583.04064382374,111244.98158601556
1223373600000,011,342440.04818818835,109535.31243213643
1223373600000,088,342440.04818818835,109535.31243213643
1223373600000,128,339116.4727740112,110115.38722927347
1223373600000,084,340590.4053032771,111296.97983992044
1223377200000,011,342763.03045271337,110435.45036663975
1223377200000,088,342763.03045271337,110435.45036663975
1223384400000,042,340489.5440147759,112265.6095003722
1223424000000,042,340518.0814896044,111123.32146320501
1223427600000,042,340643.4677579416,110905.27800848248
1223431200000,140,342782.27535942843,111487.4379762921
1223438400000,167,340214.383529648,112775.69322050728
1223438400000,126,340214.383529648,112775.69322050728
1223438400000,084,340520.6307125937,110881.54989623236
1223438400000,052,340828.2449320282,112750.60392377795
1223442000000,167,340518.52151781716,111755.89633869968
1223442000000,126,340518.52151781716,111755.89633869968
1223442000000,052,339998.6542020307,112497.7441997881
1223449200000,052,340395.70757641183,112494.23262160171
1223460000000,125,340368.7495031111,112122.79234823649
1223460000000,010,341592.3330988233,109318.14624155685
1223463600000,125,340366.5629091249,111651.09318372523
1223467200000,125,340401.6060737009,111461.68817210959
1223470800000,125,340603.15859282675,110972.68286238007
1223474400000,125,340606.8500289631,111408.76262642315
1223474400000,096,340496.0754054808,111894.70676172397
1223478000000,096,340273.99048291845,112828.38756290724
1223481600000,104,339111.40711460105,110689.35575563407
1223485200000,104,339714.64022573945,109617.6061724952
1223488800000,167,340338.5231636214,112548.55202812124
1223488800000,104,339710.8943873207,109375.11958151317
1223488800000,126,340338.5231636214,112548.55202812124
1223492400000,104,339646.68311997753,109472.4004962971
1223506800000,084,342963.90311292897,111801.1507214141
1223510400000,013,342689.7432308182,110591.16576982973
1223517600000,042,340561.99381638865,111322.59213698655
1223524800000,167,340362.741921129,112355.56313646748
1223524800000,126,340362.741921129,112355.56313646748
1223524800000,085,340613.0083634229,110768.00454692228
1223524800000,042,340546.2518280429,111549.24486651385
1223528400000,042,340477.13601479493,111962.86033878618
1223542800000,179,340554.3568800941,112529.16686135603
1223546400000,084,340871.4043590067,110696.20308632379
1223550000000,011,342481.5841652679,110170.75526756812
1223550000000,088,342481.5841652679,110170.75526756812
1223550000000,084,340707.37967943266,110683.03498530411
1223553600000,084,340731.80232656485,110706.0395905313
1223557200000,104,339466.99406287743,109730.75112153945
1223557200000,084,340630.9716559557,110919.35087277222
1223596800000,013,340893.57605198404,110816.13446852325
1223596800000,085,340424.60739368026,109423.63886047961
1223604000000,096,340318.7327081571,112690.44993147132
1223629200000,011,342577.36881180387,110192.99541765163
1223629200000,088,342577.36881180387,110192.99541765163
1223629200000,013,342480.50746664417,110670.63841833996
1223632800000,084,340872.35612584895,110832.2512525502
1223632800000,010,341618.10173093935,109298.65332513175
1223654400000,104,339304.8988922898,110171.45343414499
1223686800000,013,341988.8138268809,109706.61699072085
1223690400000,013,341571.63513150124,109289.11268753785
1223697600000,011,340624.3801196111,111732.29459267645
1223697600000,088,340624.3801196111,111732.29459267645
1223697600000,042,340175.2075441163,112621.5489249342
1223701200000,011,339731.55183136475,111622.59534380733
1223701200000,088,339731.55183136475,111622.59534380733
1223701200000,042,340415.9942692837,111665.84711593465
1223704800000,011,339404.6874621023,111416.56922718545
1223704800000,088,339404.6874621023,111416.56922718545
1223708400000,011,339235.8396644357,111474.89181789725
1223708400000,088,339235.8396644357,111474.89181789725
1223708400000,085,340590.67196895665,110946.0488217882
1223712000000,011,340408.13660127466,111629.95410974782
1223712000000,088,340408.13660127466,111629.95410974782
1223715600000,011,341882.91714393586,111691.15351806504
1223715600000,088,341882.91714393586,111691.15351806504
1223715600000,068,341380.5083558238,110864.8782467372
1223715600000,042,340776.5291972929,110810.41102636824
1223719200000,125,340226.93132391555,112911.02719742415
1223719200000,085,340659.7942664736,110874.51148019686
1223719200000,042,340583.72882562515,111886.02563984174
1223726400000,125,340542.6196009754,111509.68124140744
1223730000000,068,341495.61145579926,111025.88149333117
1223730000000,125,340532.49588568544,111724.69250010645
1223791200000,144,342089.03832162946,109911.73150011415
1223791200000,125,340520.4052830771,112027.24145131317
1223798400000,085,340600.8077426322,111009.78487185006
1223798400000,179,339122.546468129,112889.61890111533
1223802000000,125,340474.33921545366,112218.51802105976
1223805600000,179,339576.16531682306,112474.58612539904
1223805600000,052,339111.3560337122,109864.06619855856
1223805600000,085,340641.3769029677,111125.92823320226
1223809200000,085,340635.86060796236,111342.70492284391
1223816400000,128,339552.96843590937,111420.6331324355
1223827200000,167,340348.05954168283,112485.72929560873
1223827200000,126,340348.05954168283,112485.72929560873
1223830800000,104,340833.54793380405,109413.39657561225
1223834400000,104,339724.9296061792,110533.54926814603
1223870400000,013,341213.7257213517,110786.11932778281
1223884800000,013,341821.1194325943,110302.8862615089
1223888400000,042,340385.8923858323,112285.47500154121
1223895600000,042,340370.62732790934,112521.04611181568
1223902800000,042,339987.9183967294,112957.74723954087
1223906400000,096,340261.11962245643,112802.87421719349
1223906400000,042,339936.6834257481,113053.22692533115
1223942400000,013,342873.99252191826,110528.64739653643
1223949600000,144,342360.85526233306,111580.84889703937
1223949600000,167,339110.0224298373,112806.18773328829
1223949600000,126,339110.0224298373,112806.18773328829
1223949600000,096,340430.875139949,112319.40084562349
1223953200000,144,340029.31237352587,109764.17358202534
1223953200000,167,339815.633834191,112124.3394396522
1223953200000,126,339815.633834191,112124.3394396522
1223953200000,042,340493.82745383226,111666.31474675903
1223956800000,144,339371.61456384155,109231.08652050469
1223960400000,144,339367.1435617068,109118.6985877946
1223960400000,042,340526.97859277343,111429.26593080666
1223964000000,144,339367.4823538331,109077.5643151081
1223971200000,013,341382.74374060123,110660.18757635514
1223978400000,167,340325.1753507277,112879.5293348285
1223978400000,126,340325.1753507277,112879.5293348285
1223978400000,096,340216.2334633376,112684.32682063984
1223982000000,084,341068.9427662234,110712.79977620822
1224025200000,042,340484.2211968093,112060.15855188917
1224028800000,042,340630.68417572044,111434.39198653036
1224036000000,096,340504.01370559493,111816.19445245835
1224036000000,042,340560.1181660242,111883.56634489322
1224039600000,167,340745.0109229693,112136.03453438064
1224039600000,126,340745.0109229693,112136.03453438064
1224043200000,167,340817.5318204565,111409.66221965202
1224043200000,126,340817.5318204565,111409.66221965202
1224057600000,013,341891.5850690281,110667.53907657928
1224072000000,167,341118.40296117525,112872.09261410937
1224072000000,179,340547.9496490247,111632.07466348898
1224072000000,126,341118.40296117525,112872.09261410937
1224072000000,128,342663.1247382184,112726.13353745101
1224072000000,062,342957.36052914744,109958.58349806891
1224072000000,042,340448.91195678024,112342.78004273107
1224079200000,167,342480.9395787906,112289.53447492083
1224079200000,126,342480.9395787906,112289.53447492083
1224079200000,085,340685.6980326914,111005.99695105867
1224079200000,096,340298.62546995527,112733.34701704241
1224082800000,167,342188.2313930369,112446.86302744043
1224082800000,126,342188.2313930369,112446.86302744043
1224115200000,013,342759.4723707973,110381.72762859281
1224118800000,096,340314.84989006247,112795.4455659249
1224122400000,096,340489.4022773963,111768.71697071604
1224122400000,085,340474.58397369215,111288.08444958896
1224126000000,167,340109.7158050146,112609.04635165136
1224126000000,126,340109.7158050146,112609.04635165136
1224126000000,096,340458.06479257817,112047.28459685562
1224126000000,085,339871.9907127392,111328.30486459381
1224129600000,096,340334.5808028853,112600.39022104985
1224129600000,085,340147.48127780895,111217.22814038144
1224133200000,085,340244.9521537396,110018.65663683372
1224144000000,167,340336.316354275,112169.08661589382
1224144000000,126,340336.316354275,112169.08661589382
1224147600000,167,339758.6640106939,112779.33376909076
1224147600000,126,339758.6640106939,112779.33376909076
1224158400000,062,341430.2168822367,111065.54272635351
1224162000000,084,341683.15528802766,111460.02638860089
1224165600000,096,340342.5558941117,112570.96574385022
1224169200000,042,340384.107073825,112042.82376738488
1224208800000,167,340500.0936278598,111578.7737864413
1224208800000,126,340500.0936278598,111578.7737864413
1224208800000,140,342885.10259060696,111598.96293042456
1224216000000,128,340817.74705464044,110706.9381221331
1224219600000,128,340796.7789753776,110673.34414689177
1224223200000,167,339847.396439495,110699.21045059274
1224223200000,126,339847.396439495,110699.21045059274
1224223200000,128,340806.4984233347,110701.27188426537
1224226800000,128,340819.5560993923,110691.94554735173
1224230400000,128,340820.8768705454,110675.04285489813
1224234000000,128,340809.0799094911,110634.0162627177
1224237600000,128,340799.9070588486,110629.34526664978
1224237600000,052,339370.9975799136,109474.3915330491
1224241200000,042,340424.46194917226,112196.74093854659
1224244800000,062,342871.7328362169,110039.17404918675
1224252000000,084,340899.09549208847,110697.27844646238
1224255600000,084,340734.38308941823,111017.15741145777
1224298800000,085,340636.15818443365,110979.20333651613
1224302400000,085,340415.1643842902,112858.92625808541
1224309600000,167,342696.36150215013,109267.92749573042
1224309600000,126,342696.36150215013,109267.92749573042
1224324000000,085,339344.2523105585,112486.59182550375
1224331200000,062,341497.2316252066,110963.15532346182
1224331200000,085,339737.2836393777,111172.84181504563
1224385200000,084,340549.88025812217,111077.71012778103
1224388800000,084,340556.8130857659,111210.01819112222
1224392400000,085,340589.9915236378,111239.70498616282
1224396000000,084,340542.4388382507,111062.91590754088
1224396000000,085,340117.09642034175,111739.91563710352
1224399600000,084,341347.91205332236,110295.17540162083
1224399600000,085,339617.68143167713,111894.40647586441
1224403200000,085,339226.4636223828,112253.80057631589
1224410400000,084,342437.91099944897,109128.9347073232
1224414000000,011,342910.2765602754,111528.61805498862
1224414000000,084,341309.785007359,110752.1152802538
1224417600000,167,339104.1518880616,110990.90120572205
1224417600000,126,339104.1518880616,110990.90120572205
1224417600000,084,340614.170634527,111252.16789869912
1224421200000,167,339680.1638834366,110829.94940447966
1224421200000,126,339680.1638834366,110829.94940447966
1224424800000,167,339911.34143704927,111316.17927944206
1224424800000,126,339911.34143704927,111316.17927944206
1224428400000,167,340096.98404261464,112366.57407572599
1224428400000,126,340096.98404261464,112366.57407572599
1224453600000,011,342656.3028894082,111392.57722334373
1224457200000,011,342528.60860813514,110062.85644403189
1224457200000,084,341471.5410369562,109377.38779917349
1224464400000,012,340101.68799966347,111849.26596337535
1224468000000,167,340369.52692959993,112147.29883621237
1224468000000,126,340369.52692959993,112147.29883621237
1224475200000,085,340595.14875292993,111298.27037067006
1224478800000,014,339779.6542685551,111727.82847514706
1224478800000,085,339834.3962344194,111747.28867212478
1224482400000,011,342537.98132717964,109656.3234134793
1224482400000,014,339791.58005687536,111766.17589884924
1224482400000,085,339429.9888567174,111924.76728256592
1224486000000,014,339819.5603351202,111726.61089070032
1224486000000,085,339187.4415057536,112202.86712926172
1224493200000,167,340323.2237494471,112741.52873648694
1224493200000,014,339987.67393797997,111535.44957935077
1224493200000,015,340566.62073154916,112146.18077529785
1224493200000,126,340323.2237494471,112741.52873648694
1224496800000,014,343055.2970563023,111195.37389586767
1224500400000,012,340376.9457296159,111579.34371210272
1224500400000,062,341688.14465696685,110690.8312122585
1224504000000,062,342841.11844665103,110300.45991302899
1224504000000,084,340609.0370816041,111224.30940951762
1224511200000,014,339791.5800568754,111766.17589884924
1224511200000,128,343009.29474964057,112908.61242137858
1224514800000,014,339819.56033512024,111726.61089070032
1224514800000,096,340363.604040508,112569.29617744654
1224522000000,014,339987.67393798,111535.44957935077
1224525600000,014,343055.2970563023,111195.37389586767
1224543600000,011,342452.59515107446,109216.46501336609
1224543600000,084,340806.10295439046,110766.89034294299
1224550800000,140,342405.80636336975,111251.4861071733
1224550800000,012,339967.7721996402,111961.77754649245
1224558000000,167,340586.70544960775,112098.11702101472
1224558000000,126,340586.70544960775,112098.11702101472
1224561600000,014,342559.2272211819,112601.58809983823
1224568800000,014,341121.50274377613,111709.13680513219
1224572400000,014,340913.3624228409,110844.71092023898
1224576000000,014,340715.7581189061,110955.96301271934
1224579600000,014,341046.6072118718,111244.54905308403
1224590400000,153,341244.20855344343,110700.42029959636
1224597600000,014,341121.5027437762,111709.1368051322
1224601200000,014,340913.3624228409,110844.71092023898
1224604800000,014,340715.7581189061,110955.96301271934
1224608400000,014,341046.6072118718,111244.54905308403
1224633600000,013,342957.7484799898,110417.65320085583
1224633600000,014,339919.24595719343,111812.37391602858
1224637200000,012,339958.5922227946,111949.2860017436
1224637200000,014,339896.08071355766,111796.93747338388
1224644400000,014,340058.2569505058,112024.32313782614
1224651600000,014,340488.4869711402,111780.81979574118
1224655200000,167,340381.5566498742,112244.68927973023
1224655200000,126,340381.5566498742,112244.68927973023
1224658800000,167,340529.4551788031,111728.01405211516
1224658800000,014,340264.29862403846,111566.32706721529
1224658800000,126,340529.4551788031,111728.01405211516
1224662400000,167,340791.2026736043,110858.73409645491
1224662400000,014,339857.2338470398,111825.26685194494
1224662400000,126,340791.2026736043,110858.73409645491
1224666000000,012,339934.78444999136,112776.36921757628
1224666000000,167,340795.42598908284,110719.66868834244
1224666000000,014,339862.4610546672,111810.67824487637
1224666000000,126,340795.42598908284,110719.66868834244
1224666000000,096,340645.5958785211,110725.17990125922
1224669600000,012,340156.4031561645,112525.3863240736
1224669600000,167,340574.4727692627,111534.25498865999
1224669600000,126,340574.4727692627,111534.25498865999
1224669600000,096,340431.53475801443,111837.25815112941
1224673200000,167,340440.0313846408,111988.76471128663
1224673200000,014,340058.2569505058,112024.32313782614
1224673200000,126,340440.0313846408,111988.76471128663
1224680400000,014,340488.4869711402,111780.81979574118
1224687600000,014,340264.29862403846,111566.32706721529
1224687600000,085,340624.8718214143,111160.9299382847
1224691200000,167,340372.3067881408,112464.07374543569
1224691200000,126,340372.3067881408,112464.07374543569
1224723600000,012,339910.7301587026,111973.53996974452
1224723600000,085,340567.3209399069,110777.9664851377
1224727200000,000,339180.90024106303,111713.8994126795
1224727200000,167,340327.51533757424,112552.88504010145
1224727200000,015,339863.07994290564,111763.9606488107
1224727200000,126,340327.51533757424,112552.88504010145
1224730800000,167,340514.9823420873,111624.60062077371
1224730800000,126,340514.9823420873,111624.60062077371
1224738000000,001,340014.9341046937,111431.0043478045
1224738000000,015,339850.02570270956,111746.54568997672
1224741600000,001,340245.82618488744,111266.16340584985
1224741600000,015,339857.1762129334,111755.90489521381
1224741600000,006,339879.24717235373,111701.20470321065
1224745200000,015,339857.7649012413,111757.70882366091
1224745200000,006,340256.5474616425,111688.31428930217
1224752400000,011,342510.1958524835,109169.98514110332
1224752400000,012,340198.6520568535,111766.99211453812
1224752400000,013,340713.3313128502,110607.9065324611
1224756000000,011,342704.49149994995,110367.02404841535
1224756000000,012,340394.10573868564,111603.67231966677
1224756000000,014,339508.36365086073,111712.69484563086
1224756000000,015,339871.0499029679,111740.18346699647
1224759600000,014,339956.92142274976,111222.81286297171
1224763200000,014,340656.18526193383,111391.05275678483
1224763200000,128,341068.1553836676,110773.28252317628
1224766800000,014,342279.24276429776,111843.37729819216
1224774000000,084,342731.5240860819,110518.49843694415
1224781200000,167,340285.234034763,112788.35254265375
1224781200000,126,340285.234034763,112788.35254265375
1224784800000,014,339508.36365086073,111712.69484563086
1224788400000,014,339956.92142274976,111222.81286297171
1224792000000,014,340656.18526193383,111391.05275678483
1224795600000,014,342279.24276429776,111843.37729819216
1224806400000,014,340202.739914428,111739.85981254131
1224810000000,001,339834.2501687065,112460.67715393746
1224810000000,167,340348.63499658793,112427.44488825787
1224810000000,014,340093.31945292384,111789.92005422586
1224810000000,126,340348.63499658793,112427.44488825787
1224813600000,001,339677.5411054902,111473.00720389915
1224813600000,014,340007.4041286577,111790.34735358728
1224817200000,001,339398.73239843984,111242.36752604786
1224820800000,001,339665.2877182195,111181.1396976979
1224820800000,167,340894.8320169298,110543.0705031194
1224820800000,126,340894.8320169298,110543.0705031194
1224824400000,001,339909.5791710759,111134.82612729851
1224824400000,014,339818.9384713346,111741.26645616214
1224828000000,001,339857.5664873584,111165.60524190345
1224828000000,167,340853.7493731613,110592.00300989149
1224828000000,126,340853.7493731613,110592.00300989149
1224831600000,014,339817.93870464293,111759.49627790606
1224835200000,014,340009.83942618966,111758.79295609565
1224835200000,005,340737.85824471497,110909.18393533299
1224838800000,012,339565.3963058192,112239.34058145185
1224838800000,014,340001.19261459965,111785.85540270056
1224838800000,004,340448.45940787374,112872.83740924949
1224838800000,005,341983.56578105205,109960.1857179942
1224842400000,003,340444.3706934377,113009.04001865952
1224842400000,014,340007.4041286577,111790.34735358728
1224842400000,004,340437.3243073692,112912.20947697434
1224842400000,005,342353.7262090575,109555.16615745304
1224842400000,006,342101.6167977172,111146.37680330848
1224846000000,003,340457.911050268,112952.5645773585
1224846000000,004,340457.4130723867,112872.06533113304
1224846000000,126,340399.0474603514,112493.2608752558
1224846000000,008,340674.74243880244,111299.32052163068
1224849600000,003,340456.3076140632,113037.16825111474
1224849600000,004,340457.929996503,113012.0825697747
1224849600000,008,340471.2555398976,110746.16265920151
1224853200000,084,340628.5206224833,111244.9728323833
1224853200000,014,339818.9384713346,111741.26645616214
1224853200000,008,340991.13532778824,110381.92041392268
1224856800000,008,340959.7893774807,110400.29884562556
1224856800000,084,340603.1139026739,111282.52167674279
1224860400000,014,339817.93870464293,111759.49627790606
1224860400000,005,342349.51376278454,109935.47344628484
1224860400000,084,340583.51317724976,111307.21628542211
1224864000000,014,340761.87274040387,111210.92498460133
1224864000000,096,340344.4892179122,112888.51786640838
1224867600000,012,340541.2006282507,111746.84280760337
1224867600000,014,340595.5722276203,111039.95850901218
1224871200000,014,339819.87652884773,110269.54602141725
1224885600000,012,339553.6056266872,112185.76889554314
1224889200000,012,341654.23957987723,112311.7883581474
1224896400000,085,340529.8786553129,111067.91901736528
1224903600000,011,343056.4755860891,111403.5586123376
1224903600000,014,342787.8631791031,111171.05180554838
1224907200000,016,342010.0421232983,109866.21755550313
1224907200000,006,341517.0094797026,111101.82420374796
1224907200000,008,339210.00434714806,110781.57208410339
1224910800000,006,340638.8789280824,110466.43601377266
1224918000000,011,342597.9696189435,111795.28210754352
1224918000000,008,339457.0430229329,110934.5316469196
1224921600000,011,341351.97205114696,111937.36862328449
1224925200000,084,341446.21128505876,109875.5234290384
1224925200000,085,340585.8434822726,110734.91291378248
1224925200000,153,340836.0891982476,110698.87695519782
1224925200000,011,340936.6790337663,111973.55579318381
1224925200000,004,340431.73880997614,112376.50280196835
1224928800000,084,341148.71886293427,110337.07031702861
1224928800000,153,341221.3923035145,110672.06976369013
1224928800000,003,340740.3745548233,109676.50343882566
1224928800000,008,340684.7245614175,111076.36927581562
1224932400000,084,341054.2641347756,110432.06122672775
1224932400000,085,340611.62942131713,110886.89076421139
1224932400000,153,342895.9990647424,110060.41870559583
1224932400000,012,340261.6251062383,112965.00358705774
1224932400000,003,340427.16065830836,111569.98087827628
1224932400000,008,342409.17260973353,111370.06351459492
1224936000000,084,340837.3279825188,110682.91830849824
1224936000000,085,340663.9568400784,111166.40537557838
1224936000000,002,339291.82276336127,109435.23220659845
1224936000000,003,340088.5299884886,112218.58411742553
1224936000000,006,341669.14316747006,110737.32489442198
1224939600000,085,340672.59053551,111215.54183174158
1224943200000,012,340016.76905318897,112740.74836358914
1224943200000,016,341886.9074254563,109442.54249905619
1224943200000,005,340521.3979573742,112489.68556936715
1224943200000,007,342069.2907781468,111290.54701312225
1224943200000,084,340704.85787787265,110931.65554598688
1224943200000,085,340689.90856086113,111306.05651606136
1224943200000,096,340305.58425349806,112738.58430747534
1224946800000,005,340742.41139086976,112200.29577772316
1224946800000,084,340590.8173551805,111286.81938853138
1224946800000,085,340688.5501804136,111316.66452151863
1224986400000,011,342762.85985657084,110294.30980673931
1224990000000,085,340046.4452360349,110287.74585900649
1224997200000,179,339114.6122647126,112686.49523369683
1224997200000,008,340212.003653801,111175.3972535868
1224997200000,084,340525.0700765537,111751.0134597383
1225000800000,084,340518.0439076455,111708.64220343696
1225000800000,008,340306.2562004037,111263.85151301403
1225004400000,008,340499.57094693644,111320.09965555686
1225008000000,084,340645.4203072168,111219.61267235725
1225008000000,001,341445.5997390867,111800.35585441628
1225008000000,012,340501.4148372846,111805.93585111962
1225011600000,084,340837.8232517508,110696.65741400584
1225011600000,012,340242.84866758756,112166.66151455461
1225011600000,003,340482.057363434,112808.24302154836
1225011600000,004,342952.4265310266,111725.20844302718
1225011600000,005,340464.9902659041,112749.03751665907
1225015200000,084,340771.622331963,110835.07765787188
1225015200000,003,340518.29467167147,112086.21913301152
1225015200000,005,340451.5687350984,113045.75193835683
1225018800000,084,340698.92531522183,111042.01668306864
1225018800000,011,343029.7472445851,111347.17022121881
1225018800000,003,340340.09417430044,111251.76885592191
1225018800000,008,342445.06139631564,110370.28540908624
1225022400000,003,340033.8321166324,110299.09015136703
1225022400000,126,341841.6932676256,112202.10658712008
1225022400000,008,342861.1228771509,109434.34144021058
1225026000000,085,340686.88851743314,111073.22150350535
1225026000000,003,339761.19622964686,109911.15187048155
1225029600000,085,340693.7482787983,111189.92754249409
1225029600000,003,339906.07365409675,110623.93846160702
1225033200000,012,340490.02873746434,111869.66168998509
1225036800000,007,341717.42282853875,111027.36918683782
1225062000000,011,342438.4945680675,109063.36534423126
1225065600000,007,341528.7737172754,110883.35691997343
1225069200000,012,340136.68641605927,111830.05966063813
1225069200000,007,341623.2747902459,111100.58810602575
1225069200000,008,340578.7821080709,111649.54283429228
1225072800000,008,340663.215800869,111547.40541446659
1225076400000,012,340135.8149756766,112122.73523125777
1225080000000,012,341213.29658873344,110494.70161599468
1225080000000,001,340566.36906695104,111451.63063119326
1225080000000,009,340553.49084121763,113052.30328856221
1225083600000,012,341351.6395006444,110269.20599919093
1225083600000,009,340586.7022900986,113003.93743245967
1225087200000,007,342025.0811616377,111239.36769488537
1225090800000,004,339512.5923556593,112549.59135065187
1225094400000,004,339200.2320281448,112363.94727806268
1225098000000,012,340093.74652932,111701.68531239379
1225098000000,003,340698.4548504189,111828.79512358614
1225098000000,015,340460.4990664087,111106.0926328071
1225098000000,005,341169.98042870127,110727.45089055673
1225098000000,007,341810.4479444386,111408.44261343729
1225101600000,012,340317.10569779796,111626.21418001447
1225101600000,014,341584.0704306192,111327.31321718144
1225101600000,007,341680.085256258,111368.11460373728
1225105200000,085,340696.3630667503,111104.21703484391
1225105200000,011,342618.4873185762,109848.05040714165
1225105200000,000,340398.47730927466,112962.87007337634
1225105200000,001,340371.6458634349,111951.3223923893
1225105200000,007,341724.62538206304,111299.44436919365
1225105200000,128,340342.0452515503,112845.86430952932
1225105200000,009,340640.4201654638,113038.75074093122
1225108800000,096,340312.0912346115,111247.74279538593
1225108800000,179,340603.07512271614,111018.44962590383
1225108800000,016,340910.1795610936,111049.43159723189
1225112400000,085,340693.7187392724,111085.43603084516
1225112400000,096,340674.9715096513,110976.0513485151
1225112400000,007,341781.307928741,111229.34934343275
1225112400000,008,340628.0743257947,111075.91338779175
1225119600000,096,340647.4256344143,111780.05161764956
1225152000000,001,340087.45217231417,112236.87166139328
1225152000000,014,341817.03996221465,110894.97649012716
1225152000000,016,340783.270449848,111091.17945164531
1225152000000,007,340904.7681075761,111033.45029122189
1225155600000,012,339853.2678770249,112008.41828254166
1225159200000,085,340661.48490890395,111049.04083170928
1225166400000,014,340290.77103404363,111160.33831222898
1225166400000,016,340436.88664010254,111284.39845407534
1225166400000,009,340593.65695043775,112932.35319650243
1225170000000,014,340227.28353016835,111247.47494404891
1225170000000,016,340689.2897937032,110871.36649210463
1225184400000,012,339648.22209272115,112999.84109426342
1225184400000,003,340467.5442242043,112553.11722070306
1225188000000,153,340869.89636282553,110650.85824979248
1225188000000,012,339988.5307458332,112696.53232178674
1225188000000,001,340059.29468021,111202.67284210245
1225188000000,014,342474.9784237788,112097.17648595624
1225188000000,008,340596.2246466001,111372.27052661213
1225188000000,009,340581.1522527478,112897.86450265962
1225191600000,096,340295.380387725,112837.86482955108
1225191600000,001,339489.8420583309,111220.2524940004
1225191600000,008,340514.1075614828,111216.484074977
1225195200000,008,341460.3593522198,111358.33307190728
1225198800000,084,342094.361450802,109726.29622792722
1225198800000,153,341735.44324127684,110217.77295483278
1225202400000,153,341906.7803743942,110000.42549803591
1225206000000,153,341965.74498389754,109923.589639061
1225209600000,007,341691.06748416874,111235.51293742833
1225209600000,153,342080.1959482403,109779.81513355482
1225213200000,153,342081.17458049423,109780.86768546107
1225216800000,153,342073.19729632343,109784.16290442289
1225220400000,153,342070.5372952909,109783.12684458603
1225224000000,153,342070.55444766494,109779.23483988426
1225227600000,153,342081.070036532,109775.40336288609
1225231200000,153,342078.80241085694,109770.59212038871
1225234800000,153,342045.4350798203,109764.06827175165
1225238400000,001,340030.0538210633,112253.98015312193
1225238400000,007,341424.45479970105,111211.48865577721
1225242000000,012,340136.70360269345,111802.34562286302
1225242000000,014,340299.48836672824,111210.09174820952
1225242000000,016,341449.2299845289,110711.80336542023
1225242000000,007,341580.60760284046,111281.83117483265
1225245600000,016,341294.46131807205,110653.48162639517
1225249200000,012,339848.41679860547,111969.24107262664
1225249200000,014,340329.99420334713,111112.78114680162
1225249200000,015,340387.2050607251,111074.67821032976
1225252800000,007,341523.90714767005,111279.66923704834
1225252800000,008,340639.60320887284,111389.30096408607
1225252800000,009,340537.3514945471,112811.0247265033
1225256400000,008,340620.19880327734,111397.67186659499
1225260000000,008,340610.708051054,111396.5291951528
1225263600000,003,340272.39644316724,113014.94147392744
1225263600000,014,339837.511142236,111763.71849097026
1225263600000,007,341726.2728619051,111521.7714099951
1225263600000,008,339940.4440801291,112704.62987465992
1225267200000,014,340825.0012202696,111165.31731653372
1225270800000,000,340511.3924949031,111306.84439157779
1225270800000,012,339580.68251931836,112139.58762590266
1225270800000,003,340801.11225672916,111283.04507354232
1225270800000,014,341004.95515950973,110860.912005245
1225270800000,004,340614.4363235453,111732.12982833246
1225270800000,015,340353.2446844556,112270.93681386195
1225270800000,005,341298.68596838915,111637.2127178952
1225270800000,016,340571.6543214485,109825.87301049467
1225270800000,007,341656.1907379301,111373.97939978779
1225274400000,003,342013.36763201945,109510.13819831147
1225274400000,014,340385.36840864184,110400.2926284828
1225274400000,004,341830.80042451236,109953.10611097868
1225274400000,005,341480.7373670107,111289.70639513544
1225274400000,016,340200.0316548075,109704.13591127355
1225274400000,007,341624.9589758264,110961.66678813758
1225278000000,005,341204.0286059613,111812.58299420135
1225278000000,007,341632.3162799548,110867.23314529307
1225278000000,008,340569.5056467614,112139.85959114453
1225281600000,085,340772.04673545336,109534.8104034892
1225281600000,012,340095.70130114607,111802.69509263251
1225281600000,003,342046.2443697916,110497.53715914472
1225281600000,004,342215.2811742886,110057.4340616258
1225281600000,016,340623.2120488733,110072.07804822913
1225281600000,007,341698.3549079807,110965.2053878111
1225285200000,085,340844.4455397613,110930.4992998545
1225285200000,004,340802.6249659286,112621.56890954768
1225285200000,007,341720.8973959487,111235.09769653819
1225288800000,085,340888.1722177136,110835.66635698067
1225292400000,007,341651.21479043947,111411.76343962125
1225324800000,014,343032.8394802881,110263.70660533253
1225328400000,012,340005.5582329456,111939.38756153928
1225335600000,012,339797.1184160949,112063.97088303474
1225335600000,014,340158.7373539792,111357.69058492979
1225339200000,012,339578.90259057126,112286.78828601283
1225339200000,001,340433.2408671539,110973.18927948372
1225339200000,014,340711.4625191617,110597.95175659398
1225339200000,009,340614.2866955268,112961.81682108335
1225342800000,001,339962.5303985536,111123.70148922529
1225342800000,014,340894.08400522167,109965.48032500356
1225342800000,128,340739.8257288648,110678.08906366187
1225342800000,008,340835.2498281406,111363.89867312813
1225346400000,001,339677.9959408807,111111.3555168408
1225346400000,014,340962.59354740236,109808.29022367993
1225346400000,008,341916.5253740633,111192.93661435714
1225350000000,004,340102.63970768405,112967.58262368971
1225350000000,016,340171.9073961674,110550.42562120034
1225350000000,008,342043.8214533698,110833.40460125725
1225353600000,001,339581.17969237873,110901.35732966632
1225353600000,014,340655.76542262,110651.63410513179
1225353600000,016,340624.6301448147,110523.60391698021
1225353600000,008,342062.0330743425,110828.77708031278
1225357200000,016,340776.1495852754,110515.00214480213
1225357200000,007,341661.7163911505,111314.88392328373
1225360800000,012,339929.96887266403,113031.47297621667
1225360800000,016,340556.9096889954,110826.31837228058
1225360800000,007,341642.97380467935,111163.33398826708
1225360800000,009,340531.2502013724,112678.17966608754
1225364400000,016,339570.69576822594,111293.16134444349
1225364400000,009,340861.93824710505,112976.66461861879
1225368000000,007,341867.27098958025,111057.58684812034
1225371600000,096,340633.4646421864,110860.74078353103
1225371600000,016,339560.8584479981,111115.84886406375
1225375200000,012,340477.54185828357,111823.07541457162
1225375200000,096,340373.5189333004,112209.96227642114
1225378800000,096,340170.14354758325,112915.91686762571
1225378800000,042,340359.91288373043,112744.78025578777
1225382400000,007,341792.94167285284,110910.12562670217
1225407600000,017,340426.4919528092,112339.10082058223
1225411200000,001,339993.4644919417,112917.697140996
1225411200000,017,340125.9963558897,112065.05104937713
1225414800000,012,340039.39074035996,111915.53996326313
1225414800000,016,340008.6451989978,110848.53788378037
1225418400000,042,340016.02463810856,113053.18637892474
1225422000000,012,339797.62706872716,112021.25015551996
1225422000000,167,340488.8299358282,111947.05803839272
1225422000000,014,339866.44816164154,111726.10032066208
1225422000000,016,339972.2270850219,110868.71619342506
1225422000000,126,340488.8299358282,111947.05803839272
1225422000000,007,341779.3994573881,110913.37164916948
1225425600000,167,340389.5976928794,112371.44288348324
1225425600000,014,339895.67757050396,111803.12527800482
1225425600000,016,340507.7960915477,110651.72579529187
1225425600000,126,340389.5976928794,112371.44288348324
1225425600000,006,341482.9390511186,110920.58526027275
1225425600000,007,341642.4902836516,110904.25200104878
1225429200000,001,339651.3958888677,110649.36180764243
1225429200000,014,339903.6074603123,111790.98323547124
1225432800000,001,339880.1431639873,110526.11302474499
1225432800000,014,339849.1877285152,111851.03850340279
1225432800000,007,341535.7626220974,111060.65729702878
1225436400000,001,340103.3108541022,110576.55759817948
1225436400000,014,339810.4351112106,111830.59701495059
1225436400000,007,341816.2558540914,111285.52840724438
1225436400000,042,340407.4335678816,112956.02666297814
1225440000000,001,340389.83909935266,110734.7286473085
1225440000000,003,341231.45660425693,111471.25504416593
1225440000000,042,340464.7271911388,112293.94888822606
1225443600000,012,339642.05665079923,112837.95787712252
1225443600000,014,339597.98867618304,111400.55648507673
1225443600000,005,340656.60522120766,112658.47686427565
1225447200000,062,340001.1617772879,110928.78159048036
1225447200000,084,340728.7251940669,111032.42011927874
1225447200000,012,340000.582820232,112596.02553294212
1225447200000,005,341157.8335998915,111884.76165103418
1225447200000,016,342322.7871327331,111007.98182402867
1225450800000,005,341280.9457499145,111671.46453632739
1225450800000,016,342997.2564922023,110961.05755963904
1225450800000,007,342913.3144883159,109894.69569288862
1225454400000,062,340116.47487310274,110024.36328591402
1225454400000,014,339536.70285238215,110970.99830655876
1225454400000,015,340479.3287601094,112521.29317897999
1225454400000,005,341593.00894127396,111146.93386543445
1225458000000,084,341150.9551011202,110688.78820202193
1225458000000,005,341327.0818909057,111556.58287385055
1225461600000,016,342628.64853289304,110645.67301079755
1225465200000,016,341978.6979308979,110543.61963210856
1225465200000,007,342823.0663710636,110086.98789318086
1225465200000,084,340902.5189561719,110901.34733058712
1225468800000,042,340362.0312952729,112695.30438996237
1225494000000,012,341264.5242771111,110275.13261620012
1225508400000,016,342930.88791467325,110753.40851090294
1225508400000,009,342411.15225654794,112504.95388554016
1225512000000,011,343079.72573179693,111304.07079226417
1225512000000,167,340603.23684071965,112532.87523096085
1225512000000,008,342577.36853089725,110120.91024658518
1225512000000,009,342701.2648721866,111334.06878149319
1225515600000,167,340528.376910228,112303.14606046525
1225515600000,008,342950.7234182756,109629.17248131084
1225515600000,009,343064.11461317696,109671.37108439469
1225519200000,167,340532.8152657509,111914.7038173126
1225519200000,126,340732.5941276516,111893.28069055393
1225519200000,017,342221.6032142368,110379.33207436214
1225519200000,008,342956.7578406793,109329.92745318601
1225522800000,062,340328.7133023014,111784.96431021852
1225522800000,017,342165.49634760927,111744.62293221924
1225530000000,003,340702.4777237568,112655.30782928778
1225530000000,004,340670.08295381203,112703.94297571921
1225530000000,009,343070.8393954558,110150.62080075184
1225533600000,096,340359.44891354407,112806.41137353033
1225533600000,003,340855.1532144835,112536.9537186501
1225533600000,179,340359.44891354407,112806.41137353033
1225533600000,004,340817.1571420353,112568.57230709228
1225533600000,005,339689.16219287354,109962.73564116587
1225533600000,009,342352.3909962155,112503.25336319683
1225537200000,003,340726.3669922811,112744.95141609124
1225537200000,004,340701.6028439715,112692.22466393227
1225537200000,005,340223.06580934033,112963.52361606034
1225537200000,128,342333.09051984706,111085.06359204643
1225540800000,084,342480.7204224122,110437.89382997392
1225540800000,128,341819.66419034847,112739.08931955915
1225544400000,126,341043.4721895651,110689.63897921935
1225555200000,005,340764.89312794415,112300.98940191044
1225573200000,167,340283.42116883665,112752.26878379175
1225573200000,126,340283.42116883665,112752.26878379175
1225587600000,007,341481.25409682404,110671.30524651194
1225591200000,007,341077.502894356,111244.49553490494
1225591200000,084,340726.7827472713,111056.42795686125
1225594800000,007,340870.038250695,111530.11487197236
1225594800000,085,339552.82454866346,109093.2278040077
1225598400000,007,340581.6590795016,112123.34272277191
1225602000000,003,340178.79844024277,112736.3220424139
1225602000000,004,340186.98728975793,112770.01467640526
1225602000000,007,340905.6575477798,112203.47804818345
1225612800000,003,339985.0321863135,110367.83436105005
1225612800000,004,339943.7520283456,110362.58439799557
1225612800000,062,340439.7972625695,111923.70967156469
1225616400000,062,339279.9318306184,112084.2233496167
1225616400000,085,340335.87443162437,110621.94179395602
1225616400000,003,339714.98613615544,111087.4536775426
1225616400000,004,339674.7887627856,111282.56369101905
1225620000000,085,340517.0401869908,110972.20019957823
1225620000000,003,339761.4526567127,112097.69229406159
1225620000000,004,339735.5545585864,112229.15446405183
1225620000000,007,341475.88491126685,111624.553185285
1225623600000,015,341013.1211382184,110260.62798250816
1225623600000,007,341271.37723465014,111620.19004890093
1225623600000,008,341236.7925456792,110162.1723232113
1225627200000,153,341627.1918249761,110307.0319828473
1225627200000,007,341171.28794080584,111287.93133832623
1225627200000,008,340949.41160652123,110790.88086130666
1225630800000,007,341199.02935083816,111183.75302659984
1225638000000,085,340732.12842653686,111230.97131154336
1225656000000,167,340292.23548159085,112744.81899188343
1225656000000,126,340292.23548159085,112744.81899188343
1225670400000,016,341183.041035496,110562.82984805014
1225670400000,017,341966.20281982044,110981.47593799821
1225674000000,085,340863.35907200014,110853.11529163737
1225674000000,012,339981.0918917011,111913.14316001975
1225674000000,167,340469.6483631989,111887.70467072922
1225674000000,016,341133.5539119205,110588.72442379154
1225674000000,126,340469.6483631989,111887.70467072922
1225677600000,085,341127.6319190847,110757.50754751937
1225677600000,167,340642.0934739748,111289.06421437683
1225677600000,126,340642.0934739748,111289.06421437683
1225681200000,012,339770.9913391273,112018.55745997984
1225681200000,085,341084.3478114702,110830.57130833455
1225684800000,085,341038.30624793045,110984.3835037329
1225688400000,085,340782.8495020833,111185.96120653766
1225692000000,015,342208.0845585293,109421.41404044186
1225702800000,012,339563.10031430976,112100.19857499408
1225702800000,007,341517.1282410948,111246.28218307617
1225706400000,003,339959.6459725227,112956.98227300789
1225706400000,007,341520.18314497836,111256.88843239914
1225710000000,085,340709.79995387356,110997.68505851124
1225710000000,007,341553.57638236805,111250.16534772054
1225713600000,084,340842.408345711,110918.82939882156
1225713600000,012,340091.38575186493,111794.70765057231
1225713600000,128,340833.7620433311,110687.13724194256
1225717200000,084,340738.79932607914,111032.75662772823
1225717200000,007,341629.6915829736,111195.6034319991
1225717200000,128,340429.897772907,112665.08764371101
1225720800000,084,340592.07310099166,111239.47389367201
1225728000000,007,341623.54558293,110923.71532888807
1225731600000,167,340359.1610467938,112594.34242940384
1225731600000,126,340359.1610467938,112594.34242940384
1225753200000,084,341962.76668338967,111706.15467892858
1225756800000,017,340616.7980092005,112829.48905155223
1225760400000,012,340057.4648215836,111916.03210744866
1225764000000,007,341718.136824902,111273.68175427955
1225767600000,012,339811.2778049516,112018.22382784446
1225767600000,007,339793.3889996833,112405.8357913027
1225771200000,009,340650.2764697148,112920.23503104744
1225774800000,001,339997.4583270587,110859.73233033133
1225774800000,009,340594.629494812,112926.91381831995
1225778400000,001,339832.8968238861,110933.0674068479
1225789200000,012,339578.52732242475,112057.15529079523
1225789200000,009,340497.76102005993,112902.60970290554
1225792800000,012,339545.3701421267,112097.2549019019
1225792800000,084,341124.969582209,110697.79675420957
1225792800000,010,340946.1600581485,111587.50974396554
1225796400000,084,340930.2638742089,110898.03736587291
1225796400000,012,339538.7826903784,112045.93152151052
1225796400000,014,339861.08470848086,111766.73187348258
1225800000000,084,340814.9680304577,111051.84808176251
1225800000000,001,340624.1568381785,110964.36908093643
1225800000000,007,341743.47099224385,111845.98640582671
1225803600000,084,340614.6239125123,111251.29108211084
1225803600000,001,340563.6394387942,111172.23061496246
1225803600000,167,339128.105414112,110049.73200193178
1225803600000,126,339128.105414112,110049.73200193178
1225803600000,008,342133.70760004607,109905.27450012641
1225807200000,001,340160.02576932224,111906.78479646803
1225807200000,084,340554.02791156725,111321.24415621406
1225807200000,010,340856.36997948034,112139.1988770081
1225814400000,167,339505.23830891633,110378.77340250641
1225814400000,126,339505.23830891633,110378.77340250641
1225843200000,013,342897.88267258025,110332.18715169127
1225846800000,062,339450.38902951934,109463.1536113318
1225846800000,012,339944.86644228885,111969.15166225709
1225846800000,018,339225.4193586876,110517.45193063411
1225854000000,012,339741.7607809389,112049.0944725443
1225854000000,015,339979.75563652173,111799.45226366605
1225854000000,016,341226.3354309782,110219.13260170064
1225854000000,009,340536.4727537715,112833.62032252976
1225857600000,128,340548.6072795908,112606.18547005329
1225857600000,009,340575.8371588816,112786.59642950963
1225868400000,006,342061.3169560277,111211.74811060604
1225872000000,003,340142.45265690796,113018.68405571504
1225872000000,008,340244.4504021501,110089.93117692016
1225872000000,062,339473.9834462686,111897.31758341775
1225875600000,062,341666.5167934769,111604.12093617048
1225875600000,012,339560.86979544576,112103.41887294449
1225875600000,008,339849.92615103495,109145.49218613969
1225875600000,009,340621.9732544484,112981.96158580785
1225879200000,062,341667.74950163043,111642.010990921
1225879200000,014,342733.4871438608,112031.33705373826
1225882800000,062,340977.2906209624,111700.24540932257
1225882800000,001,340893.20620423165,110622.31242044437
1225882800000,005,340925.5452243743,112500.74100302394
1225882800000,006,341797.4297917279,111418.92681398807
1225882800000,007,342383.64727863943,111250.37599262313
1225886400000,062,339548.12734100333,111820.56002418582
1225886400000,085,341466.0151709206,109470.08947470835
1225886400000,001,340527.2931988066,111635.70528733479
1225886400000,012,340281.2903889329,112221.99494852449
1225886400000,006,341650.3552037956,111398.06672531657
1225886400000,007,342256.5178555702,111289.46978788555
1225886400000,008,340588.0010288828,109105.45350552174
1225890000000,085,340686.1053505374,111273.29640205659
1225890000000,007,342138.9677106036,111363.49992776861
1225890000000,128,341206.4607637292,110433.5293170368
1225890000000,008,341865.4726854641,109251.37895628018
1225893600000,085,340691.3979363992,111294.65427110616
1225893600000,096,340450.60085467115,112620.23089149257
1225893600000,007,341924.0857729641,111342.2838162004
1225893600000,008,342743.4386559679,109332.26431079333
1225897200000,007,341649.15213315637,111352.3586511058
1225897200000,008,342171.25880501536,109995.8562765605
1225897200000,085,340690.7329272335,111300.73377245323
1225900800000,007,341507.86463222717,111177.57193397864
1225900800000,008,341232.2592856505,110857.57949474436
1225900800000,085,340691.7065778831,111315.67498969038
1225904400000,007,341442.92727222183,111172.48697055397
1225904400000,085,340687.99764132424,111328.43846675527
1225908000000,085,340689.5830141574,111325.51635692386
1225911600000,085,340691.4517604188,111320.60114261927
1225915200000,085,340692.0864739233,111317.76770180045
1225918800000,007,341521.8753105418,110861.51878069129
1225918800000,085,340690.38582380366,111326.48339157861
1225922400000,007,341590.6119483518,110898.40374590899
1225922400000,085,340687.5035005931,111327.52170307115
1225926000000,013,341741.94585855363,110650.9332823914
1225926000000,084,342947.30068045494,111831.10665996886
1225926000000,085,340685.8987468837,111325.22688248142
1225929600000,013,341332.41416517284,110716.5342699271
1225929600000,014,339851.52018974366,111739.86161945917
1225929600000,085,340685.57803147525,111313.78028944474
1225933200000,085,340686.830895266,111311.16851155816
1225933200000,012,339894.4205227945,111981.69412370102
1225933200000,007,341670.21787207056,111003.23318175056
1225936800000,085,340687.59954012913,111307.08651440748
1225940400000,016,341167.36928314174,110635.06834759648
1225944000000,085,340705.9311370755,111108.87439981803
1225944000000,007,341868.3095221035,111321.83690908608
1225947600000,001,339792.57578622724,110686.36205375905
1225947600000,006,341864.2753112658,111194.35784182834
1225951200000,014,342518.89154962735,111472.35631544764
1225951200000,006,341725.38199274766,110735.72020946976
1225954800000,179,339808.12520721665,112661.50950993139
1225954800000,004,342157.7314189584,112670.73417514225
1225954800000,006,341692.4709309989,110220.88438749849
1225954800000,062,340428.230571177,111016.18810444104
1225954800000,096,339808.12520721665,112661.50950993139
1225958400000,004,342176.8718933506,112566.38249092258
1225958400000,006,341567.88649463124,109983.22106864896
1225958400000,018,339372.6195298961,109710.95062574802
1225958400000,062,341582.90603334055,109893.7933173097
1225962000000,062,341915.3434822135,110146.17368544055
1225962000000,014,340236.5171574502,111197.72288140545
1225962000000,015,339949.1613887816,111980.65998131994
1225962000000,007,341796.62756570947,110566.8363400936
1225965600000,062,340579.6741948519,110684.3523515201
1225965600000,012,339219.4676055477,112998.6453499131
1225965600000,015,340033.05778801115,112177.9939235673
1225965600000,007,341558.4943449793,110625.69837352293
1225965600000,008,340512.3300519,111392.50279964315
1225969200000,014,341028.4754984733,110899.97318581236
1225969200000,007,341497.65805868414,110832.10095764733
1225969200000,008,340411.766801266,111392.06596574068
1225972800000,012,339560.7189879669,112159.13747779987
1225972800000,003,341587.67131531116,112730.88235087048
1225972800000,014,342941.1731858505,110827.8826415696
1225972800000,007,341439.1742086788,111053.7758023528
1225972800000,128,341049.9265454565,110708.8352439417
1225972800000,008,340496.7216415046,111187.08419402309
1225976400000,001,340121.5788088767,112977.93801968587
1225976400000,003,340594.384349196,112884.09393723977
1225994400000,167,340236.3572631748,112928.58217572069
1225994400000,126,340236.3572631748,112928.58217572069
1226016000000,001,340042.02824730135,112722.48991349242
1226016000000,017,340289.58142320736,112020.97502356349
1226019600000,012,339909.3188308147,111770.16006141658
1226019600000,003,339692.57326544897,109775.09442179062
1226019600000,007,341813.2846054667,111127.54964342457
1226026800000,012,339737.84889928845,111958.80035177589
1226026800000,001,340568.8110638895,111246.18596561458
1226026800000,014,339843.77455146477,111758.71471927124
1226026800000,009,340592.7402808725,112638.6708443632
1226030400000,012,339568.04548774986,112272.41352575581
1226030400000,001,340584.2050330625,111342.86739821004
1226030400000,007,341773.6689071847,111556.21995492
1226030400000,009,340598.4614040655,112636.3895641136
1226034000000,014,340141.3219689348,110440.96032284576
1226034000000,010,340494.98633449065,112791.16388989409
1226037600000,167,340522.59274205,111694.63471597865
1226037600000,003,340174.27003557346,110751.36537252164
1226037600000,126,340522.59274205,111694.63471597865
1226041200000,003,340199.4165132593,112758.7674045054
1226044800000,003,340216.9206374455,112772.42659924195
1226048400000,012,339798.2011204894,112226.61082626104
1226048400000,003,340208.57048494014,112265.00691124269
1226048400000,016,339820.54493135854,109336.19457570529
1226048400000,008,340802.48350954097,112375.83019077846
1226052000000,012,340186.98384762445,112419.71522816416
1226052000000,001,340670.92179491156,109358.31886206575
1226052000000,003,340027.07530085853,111142.91063365388
1226052000000,007,341534.4128933782,111050.87318259478
1226052000000,008,340740.41060637694,111952.1940455673
1226055600000,007,341697.76087168243,111108.48604043119
1226059200000,014,341037.0590529185,111547.69391748698
1226059200000,007,341830.88266142225,111241.59465043394
1226062800000,003,339601.2249729126,110181.85222392503
1226066400000,001,340672.3398779567,109651.7841844626
1226066400000,003,340025.3224453634,110950.99388292886
1226066400000,005,340498.8644140094,112004.03049543635
1226070000000,005,340829.54983523116,111531.1104704793
1226070000000,140,340556.2258096457,111482.0183228084
1226073600000,001,340226.98569515423,112154.72348106623
1226073600000,012,340528.20974510745,112035.99427134974
1226073600000,005,340707.26126116153,112087.44900744302
1226098800000,007,342219.2762140439,111364.1822893527
1226102400000,017,341778.28776668163,110165.13212053117
1226102400000,007,341954.0934854548,110596.25123287072
1226109600000,012,340399.0945824324,111995.08014233806
1226109600000,004,340516.5075333209,112031.22598987164
1226113200000,085,340178.9403264236,111245.90525806401
1226116800000,085,340406.3357983049,111278.17680741931
1226120400000,008,342024.2143333114,110398.46768325979
1226124000000,085,340646.481070773,109620.40761888944
1226127600000,001,341611.44120021455,109707.18364677593
1226131200000,004,341807.02486517915,109609.2794938344
1226134800000,001,342611.6436639498,109348.85720805972
1226134800000,004,340407.1278595294,112873.78654814839
1226134800000,005,340635.8684500471,112748.25339384229
1226134800000,009,341010.6745742046,112815.05739324611
1226138400000,001,342855.6644512116,109395.46777825279
1226138400000,009,340899.70612710534,112699.31555006513
1226142000000,085,340594.6960784644,110383.18339926496
1226142000000,001,341787.46501123905,110732.56997736865
1226142000000,007,341425.39798019687,110543.62983742684
1226142000000,009,340745.5286559617,112510.5752146832
1226145600000,140,340612.27981055854,112376.7239912062
1226145600000,007,341349.0055773458,110664.07164587731
1226145600000,009,341052.39160089777,112847.6902671756
1226149200000,140,340664.7367750384,112339.4653185523
1226149200000,007,341488.2152963187,110891.07233637886
1226152800000,140,340754.7101640771,111810.61590296733
1226160000000,005,340816.56129387673,112347.68483591313
1226160000000,140,342600.4639531615,111248.99079876272
1226174400000,012,340512.41631766286,111859.6416018724
1226203200000,001,339174.84510356054,112487.87028371025
1226203200000,002,342292.64211166976,109076.3438230835
1226203200000,007,341590.9485392672,111564.20210056011
1226206800000,001,339817.2582110003,110424.48993910376
1226206800000,012,340580.05477195367,111336.73076690486
1226206800000,002,342864.40158604603,110235.7796642118
1226206800000,007,341688.9031037431,111481.81044344122
1226210400000,012,341112.30272533954,110970.4963122633
1226210400000,002,342692.02113182977,110870.0511916906
1226210400000,009,341519.8539954712,113042.32843896921
1226214000000,085,340822.5432475596,110757.85933654777
1226214000000,012,342231.79672491533,112341.21375419013
1226214000000,007,341730.2992484638,111198.4751483909
1226217600000,009,340848.6774785402,112516.1548861087
1226221200000,062,340421.68036847987,112075.73529908936
1226221200000,085,340736.4003542243,110969.3965854285
1226221200000,001,339501.953832478,110481.56246693339
1226221200000,015,339856.31635029975,112591.04723927125
1226221200000,005,340463.4247465824,112846.09940222571
1226221200000,007,341684.6443485444,110968.9820487448
1226224800000,062,340495.81139986997,111866.72262138031
1226224800000,005,340456.71601795265,112917.44136296418
1226224800000,017,342037.9073594909,112959.7731148231
1226224800000,007,341492.13357296586,110895.07620495211
1226224800000,008,342740.0512411847,109746.64763903752
1226224800000,009,340594.84159879666,112624.33883267391
1226228400000,062,339879.58491774625,112069.89979622443
1226228400000,085,340670.9313457284,111240.55129102705
1226228400000,007,341549.4681730909,111002.04935458327
1226228400000,009,340928.590527435,112781.87544146313
1226232000000,085,340692.6285964445,111310.86193603741
1226235600000,017,341706.8779144111,109954.38581541691
1226235600000,085,340691.793097319,111307.71171765565
1226239200000,085,340690.63548266754,111313.87431859353
1226242800000,085,340688.13679570134,111312.71813930833
1226246400000,085,340686.2494287378,111321.43462474631
1226250000000,085,340684.56217271544,111330.53831509773
1226253600000,085,340687.44624149916,111334.2316956484
1226257200000,085,340686.4153953686,111327.38421297561
1226260800000,085,340686.29482026096,111322.72654830055
1226264400000,085,340683.74149924034,111334.69598659106
1226268000000,085,340684.0578413861,111335.75788907579
1226271600000,011,342545.12882091786,109113.76574940357
1226271600000,085,340683.6971272199,111323.57347400696
1226275200000,085,340657.4992316878,110745.19043018766
1226275200000,013,342699.89812276576,110385.98923655567
1226275200000,007,341646.82797178347,110973.3593776687
1226278800000,000,340517.24910980335,111976.51929813092
1226278800000,012,339879.79488106206,112034.18317817608
1226278800000,014,342395.35112764646,110929.82848866844
1226278800000,007,341847.99983726325,111130.54894289069
1226286000000,042,340623.9282821,111017.22603617933
1226286000000,000,340534.5818682306,111814.25744623592
1226286000000,012,339733.84966596885,112084.68157379644
1226286000000,007,341896.0353450655,111320.05898765952
1226289600000,042,340728.90196209453,110893.7730841878
1226289600000,014,340377.92716163676,110999.52478213649
1226289600000,007,341637.27215106675,111178.77142392332
1226289600000,009,340515.3299677338,112716.47998848239
1226293200000,007,341687.685701886,111239.87910329796
1226296800000,007,341808.64695156016,111210.28582604184
1226300400000,003,340525.28877865546,112743.29358143912
1226300400000,007,342013.8869609726,111312.58149515609
1226304000000,011,342646.43294554664,109304.27294155884
1226304000000,003,341953.5449332114,110443.22878721938
1226304000000,016,341075.53363540233,110592.46649914699
1226304000000,085,340650.4777644791,110476.95465330147
1226307600000,011,343029.9626596683,110266.03239063418
1226307600000,012,339564.19145048567,112124.89317016823
1226307600000,015,339414.9155868806,111547.01834082033
1226307600000,016,340552.6082457799,109890.2169178912
1226311200000,013,341066.7367924879,110663.61550120196
1226311200000,007,341666.5142480864,111580.6435816244
1226314800000,007,341610.42388407484,111603.31195048298
1226322000000,012,340127.9971777921,111773.0823059012
1226322000000,008,341901.45247700106,110040.14947716959
1226325600000,008,342639.94206519274,109459.47800310527
1226329200000,008,342877.14065033145,109214.5279060244
1226361600000,014,340208.8844954351,111759.9886524986
1226361600000,017,340045.93439491943,111776.74673604022
1226365200000,012,339941.12040795747,111956.70848536435
1226368800000,016,340419.5066297409,109389.81656240951
1226368800000,007,341817.11963242904,111209.79778689274
1226372400000,012,339754.914852294,112045.84078241335
1226372400000,007,340316.0703508494,111853.87236950902
1226376000000,062,340217.8290833219,111465.33914507984
1226376000000,014,340868.2788359257,110202.81364807395
1226383200000,014,340580.21620446956,110358.02690274507
1226386800000,004,340168.0249726889,112882.47982385787
1226390400000,014,339847.0491005383,111508.82291019612
1226394000000,012,339600.5110977668,112120.53118731485
1226394000000,008,342773.1796938666,111640.58955293163
1226397600000,011,342655.6867025184,110388.08970735506
1226397600000,012,339623.6434843276,112127.31636916923
1226401200000,062,340548.18820192764,111653.1249116495
1226401200000,012,339921.70973823406,112066.79939690723
1226401200000,001,340509.2023665535,111616.33585575594
1226404800000,012,340298.5617812225,111863.7195403208
1226404800000,001,340562.2461832729,112077.3510390835
1226408400000,014,342983.9682780724,111823.88259001586
1226444400000,011,342432.1219019331,110503.66767364735
1226444400000,014,342858.2851516383,111983.84259027785
1226448000000,011,342443.07168695773,109068.16728796955
1226448000000,015,340238.75615137734,111965.72287727152
1226448000000,006,342057.40381704556,111639.91469303318
1226451600000,012,339659.09607419313,112141.90013459884
1226451600000,006,342032.97927248536,111603.51297241142
1226451600000,009,340710.043044635,113018.23387484162
1226455200000,015,340249.75518034276,112402.77939465916
1226455200000,128,341221.551097116,111334.02992156152
1226458800000,012,339615.45598880365,112141.95335667476
1226458800000,015,340258.269977513,112687.3956473656
1226462400000,008,342062.6699621165,110274.89689246511
1226462400000,009,340609.2544921124,112967.21802066904
1226466000000,015,339752.7190742685,112559.77965005777
1226466000000,006,341884.40204688266,111168.9327564218
1226469600000,001,339864.3206966372,110727.88250481278
1226469600000,015,339874.9633377447,111831.64707734928
1226469600000,016,339431.5545640665,110521.17935445641
1226469600000,006,342013.18415400165,111141.362157075
1226469600000,008,340297.6720681781,112474.55171977199
1226473200000,001,339922.31285599194,110720.2204034288
1226473200000,006,342051.6808672703,111229.81298268649
1226476800000,006,342111.1070501611,111392.6235255173
1226480400000,012,339569.8643827293,112170.22700748537
1226480400000,006,342098.1726297345,111579.34824714604
1226484000000,062,339636.9368064672,111855.11481926552
1226484000000,011,339374.61334099097,110249.60025733788
1226484000000,013,340769.0802746634,110705.09576312646
1226484000000,014,342984.702751675,110708.21126090815
1226484000000,008,341543.03024679015,110455.07898601716
1226487600000,062,339113.95980054163,111858.38050528706
1226487600000,011,339938.31037690723,110729.51576450407
1226487600000,012,339913.14689382724,111935.54764128785
1226487600000,006,341960.1223001472,111600.50259140835
1226487600000,007,342401.86256419594,111433.60567838824
1226491200000,011,340898.0528816365,111701.2176908541
1226491200000,012,340482.2854208337,111543.56369712771
1226491200000,001,340387.40792712366,112380.6840501927
1226491200000,007,342408.57655662025,111451.88186186517
1226498400000,015,341010.3301262527,110884.09070768309
1226509200000,007,341520.07498321414,110903.1618916808
1226534400000,016,340947.9991002908,110606.4416338561
1226538000000,062,341710.758413351,110414.30220457642
1226538000000,001,339827.31502542895,112908.63787064927
1226538000000,012,340053.0328898098,111864.62258574687
1226538000000,007,341786.1722456546,111104.45672904374
1226541600000,001,340410.2436360758,111514.76828185358
1226541600000,015,339921.7799575391,111822.42155150748
1226545200000,012,339809.0340900028,112000.03015350358
1226545200000,013,340910.7328077027,110673.05816528818
1226545200000,006,341525.7213531119,111366.2717806493
1226548800000,006,341611.2125531493,111301.67690102124
1226548800000,007,341527.4461733657,111262.2723802376
1226548800000,009,340780.1412644252,112980.03516828653
1226552400000,004,339343.1784525004,112540.56287011644
1226552400000,006,341632.3632744712,111119.69935194308
1226552400000,007,341571.22916716,111277.88721567934
1226556000000,004,339305.62013446866,112392.49920243905
1226556000000,015,340700.650093502,110944.0949475804
1226556000000,006,341645.536835522,110684.03576504967
1226559600000,000,339799.12187507283,111554.43125199297
1226559600000,004,339772.5482261644,112352.35516539705
1226559600000,015,340969.0466664288,110756.0275589266
1226559600000,006,341909.3523384223,110221.04156465425
1226559600000,008,341251.4576348134,109257.8798140952
1226563200000,000,339817.3614792039,110748.80789847851
1226563200000,015,341027.5687484448,110667.49415033635
1226566800000,012,339573.53722934716,112148.32334558644
1226566800000,013,342965.959175357,110646.83411930325
1226566800000,014,340981.72115061356,111763.23221172875
1226566800000,015,341175.620493419,110516.92515994917
1226566800000,005,340547.5408185266,112937.00091538153
1226570400000,012,339835.20921474707,112259.75785917116
1226570400000,015,341143.12636581337,110490.7975571063
1226570400000,005,341857.053259379,110848.44408073218
1226574000000,015,341124.79738185793,110496.60876390676
1226574000000,016,340964.5711566017,110507.96835523799
1226577600000,062,339888.8633553742,111310.46173259309
1226577600000,015,341180.9633940456,110562.22669760924
1226577600000,005,342725.1936347276,109509.8942941054
1226577600000,016,341213.9958502988,110504.32172121991
1226581200000,015,340636.09922571573,112302.76616565842
1226581200000,005,341998.649130606,110338.72548711175
1226584800000,012,340538.74640765233,112017.70930013078
1226584800000,005,341524.1998790433,111186.77729080034
1226617200000,011,342398.852198375,111468.84005248731
1226620800000,016,341188.72163469944,110566.253602521
1226624400000,012,340119.7282175293,111820.55221378483
1226624400000,018,339517.84875852335,110064.75483450906
1226628000000,003,340963.5597868832,112335.4187838756
1226628000000,015,339918.6115440083,111799.68164809904
1226631600000,012,339844.691211313,111973.40616417941
1226631600000,009,340599.4045194771,112960.47983446535
1226635200000,014,340840.6749115644,110418.78052964374
1226635200000,009,340649.19309689396,112908.53155677537
1226638800000,096,340414.8012795633,112317.61235486323
1226642400000,014,341318.30649443116,110617.12570847294
1226642400000,016,340534.81341823144,111154.30160212782
1226642400000,008,340697.76697904203,111462.17471084045
1226646000000,014,341034.9533899601,111044.70361581625
1226646000000,003,342059.76122806896,110498.04311582612
1226646000000,016,339737.3746194775,110849.11116244292
1226649600000,014,341429.8476791854,110536.8113188178
1226649600000,016,339941.6368173132,110756.88064548392
1226653200000,012,340194.5301777935,111747.41606182378
1226653200000,014,341006.4976241198,110389.12765567453
1226653200000,003,340284.7216549049,112782.20155567885
1226653200000,016,340070.5023458101,110568.7098860076
1226656800000,062,342019.9038110134,110313.43985088715
1226656800000,012,340776.48683623836,110688.6671480216
1226656800000,014,340048.1592993985,109970.73645727774
1226656800000,016,340432.6773326045,110807.16145210911
1226660400000,062,340234.67095684435,111118.33388650199
1226660400000,004,339917.33304360975,112595.34994655276
1226664000000,014,339225.10978685535,110753.27243855284
1226664000000,003,340084.2330969825,112846.27142776934
1226664000000,004,339854.5946297984,112540.93742961147
1226664000000,016,340271.07679886813,111123.62928776637
1226667600000,001,340530.48193185724,111345.70284101402
1226667600000,016,341022.8585214865,110755.85288503708
1226671200000,001,339944.51829552714,112374.8107894031
1226710800000,007,341592.9855430453,110926.34542292505
1226710800000,062,341015.1150319327,111192.19783361768
1226714400000,001,340173.70590443275,112981.18863612186
1226714400000,007,340467.5861878077,110262.71001556469
1226718000000,011,342865.0276261398,111659.10532285155
1226718000000,001,340617.99240111484,111829.1823665173
1226718000000,005,339726.5625993922,110118.34368084639
1226718000000,007,339644.9263821099,109741.22410213067
1226721600000,011,343000.4809951872,111486.18002249178
1226721600000,001,340631.2893584606,111604.80095823128
1226721600000,005,340003.5838122433,111339.01204524904
1226732400000,002,342242.7970733163,111001.6146442722
1226732400000,008,341879.3593991441,109843.9786180572
1226736000000,015,340496.1027103401,112533.66299454476
1226736000000,008,342359.3061114475,109412.26628654248
1226739600000,003,340429.3262081371,112865.17974849773
1226739600000,015,340812.06428572774,111482.69831933588
1226739600000,008,342607.63520633825,109212.68288505946
1226743200000,003,341103.59942537977,112634.58977894863
1226743200000,005,340528.87714504974,112965.14647261018
1226746800000,096,340353.7339678699,113038.89954855017
1226746800000,003,340924.10361121834,112718.72665281525
1226746800000,179,340353.7339678699,113038.89954855017
1226746800000,004,340742.483708954,112693.99070829831
1226746800000,005,340767.0662959247,112699.58354955912
1226750400000,006,341307.19551791396,111314.69653441878
1226754000000,005,341138.627225447,111830.26043536139
1226757600000,005,340963.3335803376,112059.63194998205
1226757600000,008,342562.80369009695,109326.89198739978
1226761200000,005,340792.89491587883,112539.07894807319
1226800800000,009,342198.59091213375,110969.08968495777
1226800800000,085,340678.1090520617,111276.65506028676
1226804400000,085,340641.2399338434,110995.31801967585
1226808000000,085,340656.9863563821,111104.8750705925
1226811600000,085,340664.7084053279,111113.30770940706
1226811600000,042,340756.16196806286,110727.32268248212
1226811600000,011,341303.6804970562,110736.24016187142
1226811600000,001,341553.61363825604,112435.93792758005
1226815200000,085,340694.70320946997,111309.79503244115
1226815200000,096,340040.4999531921,112454.12760821974
1226815200000,011,340163.3085935726,110898.61855880715
1226815200000,001,341505.56649238843,112449.0514159433
1226815200000,179,340040.4999531921,112454.12760821974
1226818800000,085,340691.7321862267,111308.22979911165
1226818800000,011,339720.8019340677,111160.64740021694
1226822400000,085,340687.7695254232,111309.64096947147
1226822400000,011,339734.1446937295,111187.13862962031
1226826000000,085,340686.55440910225,111313.88566628622
1226826000000,042,341055.77461869206,110699.91980475986
1226826000000,007,341703.1960294134,111362.82311029878
1226829600000,007,341920.68455874233,111384.64217403866
1226833200000,085,340691.09350421384,111323.08102269951
1226836800000,085,340690.61701347714,111323.69217959765
1226836800000,011,342993.3868374748,111473.44678216224
1226836800000,014,342232.9206650094,111515.71382085081
1226840400000,085,340689.2314525876,111315.16195725197
1226844000000,085,340687.35145202297,111312.3152805344
1226847600000,007,341484.43097791483,111223.44935084805
1226847600000,085,340688.0736821898,111312.79102259937
1226847600000,042,340400.41527425376,112492.62454612243
1226851200000,006,341680.416153771,111294.94133072335
1226851200000,007,341517.1765325699,111036.66682477554
1226851200000,085,340688.51310522266,111322.40424287094
1226854800000,085,340691.6329105476,111321.33183933888
1226858400000,085,340691.0122132883,111315.59313867158
1226876400000,011,342384.4014021086,110864.12968558824
1226880000000,016,341251.8381782082,110564.12772428943
1226880000000,007,341785.3127591105,111148.70186932028
1226883600000,167,340511.12520966405,111806.83617702565
1226883600000,014,342372.48492844886,111168.82261437608
1226883600000,126,340511.12520966405,111806.83617702565
1226883600000,007,341936.322289053,111252.82108976206
1226887200000,096,340362.02280603553,112734.72523390353
1226890800000,014,341134.10553767066,111898.32664429591
1226894400000,012,340828.3243847658,110751.6781197404
1226894400000,001,340597.91429712466,111380.11287920224
1226894400000,007,341921.3861674493,111184.48361200155
1226898000000,001,340596.83098054817,111388.14259846766
1226901600000,096,341573.4510779315,112467.84278949475
1226901600000,003,339344.7348463351,111028.05975867924
1226901600000,179,341573.4510779315,112467.84278949475
1226905200000,167,340196.5651152595,112720.46505939143
1226905200000,014,343085.9779048061,112089.18350770375
1226905200000,126,340196.5651152595,112720.46505939143
1226912400000,005,340442.2692902238,112725.44797336243
1226912400000,008,342082.2258657947,109936.0312560266
1226916000000,001,340442.8603509066,112733.31844947473
1226916000000,003,339733.61196862283,112605.01940203761
1226916000000,005,340903.0261160745,112149.62170428233
1226916000000,007,341857.801507204,111390.54116890595
1226916000000,008,342415.4124215734,109638.73869003354
1226919600000,001,340359.82261782524,112990.94160592004
1226919600000,005,341113.8815178976,111783.48545567672
1226919600000,006,341520.1784225416,111120.28694425386
1226919600000,017,341867.60959837964,112902.97536477027
1226919600000,007,341966.70676768816,111370.02474889898
1226919600000,008,341866.54622635926,110077.97930580932
1226923200000,012,340097.5772027071,111796.04353693128
1226923200000,005,341151.5604284269,111857.72538161215
1226923200000,006,341603.94991314015,111239.8958533144
1226937600000,007,341608.74922053615,110943.69236056134
1226941200000,007,341585.9626927037,110921.49422073996
1226959200000,008,340633.8265347059,111398.05874019659
1226962800000,017,342132.9923757821,112971.52853995458
1226962800000,008,341377.7088311183,111233.87148851117
1226966400000,016,340326.340788853,111428.11758228346
1226966400000,017,342699.79381384904,111580.05554427617
1226966400000,007,341813.3521233494,111169.92404591478
1226966400000,008,341808.02273124893,111169.54257594906
1226970000000,012,339990.858610764,111907.85815641907
1226970000000,167,340412.1233284165,112203.73580756989
1226970000000,016,340072.7537988287,111590.55964623086
1226970000000,126,340412.1233284165,112203.73580756989
1226970000000,007,341976.64866608795,111233.45925576694
1226970000000,008,342467.59643322043,110505.74456499389
1226973600000,016,339983.6163269921,111646.42024670377
1226973600000,008,342012.8602273781,110468.12346228173
1226977200000,012,339782.16556033515,112017.85799500206
1226977200000,014,339836.78637786274,111431.8293246535
1226977200000,016,339925.06753237726,111673.516815183
1226980800000,014,339748.9449173795,111308.94508585261
1226980800000,016,340436.0522225778,111298.25030399638
1226980800000,008,340609.64085473516,111528.49775584714
1226984400000,011,343066.1505290084,111068.59642979491
1226984400000,167,340271.47536276345,112979.73553331656
1226984400000,014,339929.179861654,111223.39986893482
1226984400000,126,340271.47536276345,112979.73553331656
1226984400000,008,341036.29837254214,112035.11510708247
1226988000000,011,342317.58200677455,109900.88236020633
1226988000000,016,340364.8895112728,110167.0699084707
1226988000000,008,341004.84708645556,111850.2678518161
1226991600000,011,340969.46408688027,109621.64819504245
1226995200000,011,339870.1780647521,109713.71268142266
1226995200000,003,340039.2362982669,112794.92002280228
1226998800000,011,340305.8820454863,111157.08981080273
1226998800000,003,340154.79577263206,112841.11112753813
1226998800000,007,341498.4510714692,111233.58426573554
1227002400000,011,341569.2741634182,111518.51772681066
1227002400000,014,341720.5874953235,110826.33454693611
1227002400000,007,341520.59694617544,111265.44668877809
1227006000000,014,342817.6195590638,110734.21233697693
1227006000000,128,340527.39636906877,111179.77356819967
1227009600000,016,341252.62503375614,110541.99551981557
1227013200000,001,340516.6921887052,111380.33949795611
1227016800000,001,339885.0121279199,112478.76118253818
1227024000000,167,340347.0898691764,112509.14694676912
1227024000000,126,340347.0898691764,112509.14694676912
1227024000000,007,341778.0340958926,111048.33384399759
1227052800000,011,339896.47479570727,110716.10858436645
1227056400000,012,339989.23196971446,111924.82752722147
1227056400000,167,340444.3603429235,112057.27194340245
1227056400000,016,339584.01395561296,110611.6903580921
1227056400000,126,340444.3603429235,112057.27194340245
1227056400000,008,340998.58036097104,110872.4846740968
1227060000000,167,340630.2515634417,111367.82179168882
1227060000000,016,339690.7899946164,110585.03986883913
1227060000000,126,340630.2515634417,111367.82179168882
1227063600000,012,339788.8188042902,112026.52520036393
1227067200000,016,340438.98685552215,110494.69658714437
1227070800000,003,342458.93292338314,111421.7137190651
1227070800000,004,342322.2098276313,111456.64328979675
1227070800000,008,341413.98776467325,109705.84933904534
1227074400000,003,341233.1273696212,112694.76482050741
1227074400000,004,341171.61720790796,112708.09256044273
1227074400000,008,340694.1319555834,111331.70834622225
1227078000000,011,340457.7311257537,110682.91134183087
1227078000000,016,339909.19590524875,109609.20205428507
1227081600000,011,341802.135098196,110984.1006769509
1227081600000,016,339110.9775791841,109839.64350437715
1227081600000,008,342171.997162955,111570.12273940144
1227088800000,001,340674.2390161974,109286.9106571318
1227088800000,003,340393.32755357516,112999.39978851887
1227088800000,004,340428.5400452169,113036.19526095045
1227088800000,015,340204.0599449125,112192.03949515648
1227088800000,005,340438.77910592005,113044.20241721375
1227088800000,006,342136.0362928668,111421.71390441316
1227092400000,012,339899.3762321485,112966.18279169001
1227092400000,006,342110.56984377705,111414.44008123061
1227099600000,001,340481.4934005203,109749.69177205118
1227106800000,006,341102.94648956636,110706.5657930349
1227110400000,006,340840.20816851524,110741.70726907706
1227128400000,006,340451.8834183092,111078.45923927633
1227132000000,006,340670.18632301816,111381.41007460465
1227139200000,012,340091.3845380413,111840.72505251694
1227142800000,012,339802.51744494145,112039.60502539159
1227142800000,007,341908.59212493047,111145.51323508372
1227146400000,167,340546.70263424696,111677.20553694159
1227146400000,126,340546.70263424696,111677.20553694159
1227150000000,012,339535.6210268043,112182.32330051286
1227150000000,006,341217.6948805236,111454.61059474171
1227153600000,006,341267.54091361887,111432.63198274665
1227153600000,007,341702.4626369957,111195.00647890051
1227157200000,007,341773.4353547039,111151.66680011677
1227168000000,011,343017.6073272561,110470.91961255074
1227171600000,011,343039.9085428267,110940.285264875
1227171600000,012,339488.3140344939,112850.4516981225
1227178800000,012,339812.69132976054,112936.51860151082
1227178800000,003,340181.9834848241,112604.33194951314
1227178800000,014,342824.1786072787,112144.56807868136
1227178800000,017,342557.7836915804,111711.46319509545
1227178800000,007,341903.34392175433,111209.28888199155
1227182400000,001,339718.2278433591,112721.97392763532
1227182400000,003,340298.0343800642,112566.1925628839
1227189600000,007,342098.95295667485,111447.74698741727
1227193200000,007,341770.9393610376,111366.78472582815
1227196800000,007,341654.28797346546,111325.56433596827
1227200400000,007,341469.1136900287,111152.0049404656
1227225600000,017,342609.32142555725,112487.37081962987
1227229200000,012,339974.21486078633,111935.77668589819
1227229200000,167,340125.45205491164,112977.69465648783
1227229200000,126,340125.45205491164,112977.69465648783
1227236400000,012,339776.8827430781,112051.12564040328
1227240000000,011,342937.01259614486,110062.81373713192
1227240000000,012,339627.40171015984,112274.6677138319
1227240000000,014,340310.85639369354,111132.35976266043
1227240000000,015,339978.57608471764,111661.52341864673
1227243600000,003,340214.52707613213,112442.23167711933
1227243600000,014,340632.24786294217,110811.0077081876
1227243600000,015,340457.39098623,111083.79336791168
1227243600000,016,341341.7258818103,110729.3165663668
1227243600000,007,342348.89884691563,111234.46688145174
1227247200000,003,340058.4702322242,110640.38188999533
1227247200000,016,341186.9697621517,110491.80375195897
1227247200000,017,343079.7992503769,110504.27223730723
1227247200000,007,342266.90214284905,111249.05087856398
1227250800000,003,340019.5418628166,109867.19581534185
1227250800000,016,341149.7491649804,110489.50239122484
1227254400000,014,342769.20932958816,109326.89439500839
1227254400000,015,340418.1675185649,111262.39983887553
1227254400000,016,341062.28556478565,110419.69094674556
1227258000000,012,339581.51768838736,112246.50381611989
1227258000000,014,341628.85236667807,109967.32443865355
1227258000000,015,339940.8311923217,111506.49310450461
1227258000000,016,341077.91858931474,110526.09786227898
1227261600000,014,340299.5008587289,110075.69765893549
1227261600000,015,339645.1263109001,111490.34727382402
1227261600000,007,341677.1669645619,111013.55548115219
1227265200000,016,341102.25421939086,110535.37950723413
1227265200000,006,340866.23986470926,110188.66407657291
1227265200000,007,341731.933887554,111079.5423832896
1227268800000,016,341237.164287179,110499.78534287476
1227268800000,007,341908.11719545565,111130.95123434288
1227272400000,014,342166.70800367196,111827.81653035976
1227272400000,016,341336.649778183,110449.98798316128
1227272400000,007,342173.51218803367,111227.69905505788
1227276000000,003,340450.91083760426,112571.93087279164
1227276000000,016,341462.68582329265,110473.59276763797
1227276000000,005,340417.70989273535,112617.51404523873
1227279600000,005,340781.8184911614,112076.80506120721
1227279600000,007,342296.8778389421,111328.13786957902
1227283200000,007,342000.21750762,111354.08378133718
1227286800000,007,341848.0620099876,111211.59345161096
1227312000000,012,340508.8885617883,111844.007301305
1227322800000,011,342945.91349923384,111551.79292266439
1227322800000,167,340228.0731517024,113020.5006730328
1227322800000,126,340228.0731517024,113020.5006730328
1227326400000,167,340382.7431076395,112345.22301370547
1227326400000,126,340382.7431076395,112345.22301370547
1227330000000,003,340229.5515408589,112194.62543602237
1227333600000,003,340261.9654421083,112057.27097481502
1227337200000,012,340573.92279452155,112373.62484658368
1227337200000,019,340522.93056859396,112660.49564420873
1227340800000,005,340934.83104284276,112520.92777164628
1227344400000,005,341915.7424035909,110868.94594930542
1227348000000,005,342942.2124011163,109319.6309414552
1227362400000,012,340469.6490767814,111777.31367271356
1227362400000,167,340355.467694053,112694.97100625258
1227362400000,003,340106.1354177352,112356.03781186487
1227362400000,005,342839.68973174907,109517.06706669896
1227362400000,126,340355.467694053,112694.97100625258
1227366000000,005,341981.6808065386,110571.19069853344
1227405600000,016,339758.19641654973,110651.35047939965
1227405600000,007,341640.9314088884,111323.52304795891
1227409200000,012,339923.5375542755,112004.77935089267
1227412800000,016,339717.110340468,110707.29067555748
1227412800000,007,341911.36838403303,111244.29715158463
1227416400000,012,339737.0033190192,112478.55963804756
1227416400000,016,340805.73713775876,110560.67548710533
1227420000000,016,341156.00353076943,110499.4033706819
1227420000000,006,341193.6721128221,111514.62036528262
1227423600000,012,340046.00898268784,112329.1748952801
1227423600000,006,341323.6784117179,111449.50952806507
1227423600000,007,341548.050675764,111238.00940608911
1227427200000,007,341689.17288094974,111313.44358040852
1227434400000,000,340342.6646984925,113000.21878324957
1227438000000,007,341504.5685829737,111402.40815281121
1227441600000,007,341592.9353559622,111396.8401139158
1227484800000,012,340145.72658297396,111809.69916587017
1227492000000,167,340448.4994018349,112009.73121872813
1227492000000,126,340448.4994018349,112009.73121872813
1227495600000,012,339564.17874224647,112125.46829865694
1227502800000,014,339888.6063379993,111740.07914453409
1227502800000,016,340109.1284108457,110895.393978327
1227506400000,014,339913.3665288851,111739.7132271158
1227506400000,016,339785.1788818707,110954.59088051383
1227510000000,014,342379.2585935318,109741.2617536862
1227510000000,016,339899.49481195636,110937.68019568051
1227513600000,016,340216.18054886564,110782.87674618524
1227517200000,016,340832.8131936335,110634.66447631859
1227520800000,012,339285.27506395156,111744.74749894084
1227524400000,012,339617.4042450963,111481.51468264768
1227524400000,015,340313.8407902576,112328.06454153902
1227528000000,005,339494.74030141725,112869.654852469
1227531600000,005,339892.0184677217,111820.15728873404
1227535200000,005,340352.4213155536,112187.51490688568
1227538800000,167,340330.8416410562,112572.46116023451
1227538800000,126,340330.8416410562,112572.46116023451
1227567600000,014,342820.5485883546,111943.92953384067
1227571200000,014,341367.6753208084,111844.51540854642
1227571200000,016,341271.1911681935,110620.35045838464
1227574800000,167,340366.92781162495,112344.87467842302
1227574800000,126,340366.92781162495,112344.87467842302
1227578400000,167,340595.9916318784,111543.10426676432
1227578400000,126,340595.9916318784,111543.10426676432
1227582000000,014,340305.60781875486,111207.4030312813
1227585600000,167,340599.421990884,111579.82748970989
1227585600000,126,340599.421990884,111579.82748970989
1227589200000,167,340604.02588635276,111581.69515264448
1227589200000,126,340604.02588635276,111581.69515264448
1227592800000,014,340274.0324368394,111153.50405735895
1227600000000,014,341774.19245507667,111465.59546405016
1227618000000,153,341540.844733211,110412.54838386858
1227621600000,085,340687.05177395605,111014.62291512349
1227625200000,167,340379.2823295529,112475.19296175524
1227625200000,126,340379.2823295529,112475.19296175524
1227654000000,014,342774.7573185702,111972.99745611924
1227661200000,128,342382.1569988386,111924.60540391775
1227661200000,085,340603.6286216802,109671.36292418391
1227661200000,042,340387.03606957034,112508.62831804539
1227664800000,128,341498.5848101967,111468.74045716494
1227668400000,014,340235.1589517748,111184.33722506004
1227672000000,014,340420.9349641141,110582.03004530184
1227672000000,153,340958.473344469,110322.80743466677
1227675600000,014,339889.3208948455,110437.38929004502
1227675600000,153,342374.5562973097,109482.73834416163
1227679200000,153,342898.58703755424,109119.58099358172
1227682800000,005,339471.0133178409,109501.3833811317
1227686400000,005,339376.7835602837,111187.09799748486
1227690000000,005,339725.9687020195,111927.29354813782
1227693600000,014,340336.9397987251,111041.55238129631
1227740400000,014,342824.5965133109,111968.97291894056
1227751200000,167,340395.31663588446,112258.07004551972
1227751200000,126,340395.31663588446,112258.07004551972
1227776400000,005,341061.28058574523,112217.8601571558
1227780000000,005,342089.25518990034,110855.06166755606
1227783600000,005,342594.6642266851,109834.49242889194
1227787200000,005,341976.2696174327,110844.97230780381
1227787200000,084,340603.6149164182,111239.71673868818
1227787200000,153,340748.762621832,110680.21263404474
1227790800000,084,340590.1729985538,111272.6288967989
1227790800000,153,341183.51955566293,110275.09208937983
1227794400000,167,340363.4378289339,112699.28286246411
1227794400000,126,340363.4378289339,112699.28286246411
1227794400000,084,340560.72912634205,111335.5171077964
1227798000000,084,340560.5183740076,111340.61160498967
1227801600000,084,340558.08597973123,111341.96299044455
1227805200000,084,340560.45360798883,111338.35316544959
1227808800000,084,340563.915975657,111335.08138995315
1227812400000,084,340568.38012995064,111331.57465503312
1227816000000,084,340578.5486076895,111330.61734942989
1227819600000,084,340584.5442380199,111327.58251696418
1227823200000,084,340580.851118474,111334.0024664891
1227826800000,014,341931.9172261238,112006.80163301021
1227826800000,084,340988.9557089736,111185.32204495318
1227830400000,014,340912.8642303662,111862.64096558324
1227834000000,153,341097.35621204815,110094.06603405939
1227844800000,167,340557.42173179286,111573.79358252435
1227844800000,126,340557.42173179286,111573.79358252435
1227862800000,014,341232.8602020783,110826.56395730506
1227862800000,128,341155.39278174227,110700.50072817082
1227866400000,014,340195.59193153447,111063.9558901664
1227870000000,096,340474.9514962708,112108.29234511223
1227873600000,014,340093.8432767682,111382.37462475852
1227877200000,014,342873.43662434164,112492.78936320104
1227880800000,167,340447.4678116129,112474.82381782793
1227880800000,126,340447.4678116129,112474.82381782793
1227931200000,167,340449.34980774554,112351.62880875677
1227931200000,126,340449.34980774554,112351.62880875677
1227934800000,167,340558.67471388855,111588.31942556959
1227934800000,126,340558.67471388855,111588.31942556959
1227942000000,179,340445.06395795173,112135.48432239912
1227942000000,096,340445.06395795173,112135.48432239912
1227960000000,167,342294.64898119314,110301.34060215586
1227960000000,126,342294.64898119314,110301.34060215586
1227970800000,085,340694.675617913,111386.86654315708
1228014000000,085,340630.2037317526,111286.59218023116
1228050000000,085,342330.07861444383,111325.5919759406
1228057200000,084,340614.19302535715,111218.15426677461
1228089600000,010,342908.64565271203,111923.27786681488
1228104000000,009,340583.2942749549,112926.09753948075
1228104000000,085,340628.00793520676,111299.70868646131
1228107600000,009,340558.633377349,112914.38790407871
1228107600000,085,340650.46928076807,111296.89370085276
1228111200000,085,340663.09337133955,111292.45856490727
1228125600000,001,340373.5651454537,112488.34833616123
1228125600000,006,341476.001223626,111213.01094849632
1228125600000,009,340667.6907386264,112647.13429954817
1228129200000,014,341365.5466475135,110215.32855698206
1228129200000,006,341597.8322242033,111187.21798934056
1228129200000,009,340739.6128769536,112584.20404936536
1228132800000,096,340526.2360000065,112123.19909762205
1228132800000,014,342716.96983910096,110640.8745735707
1228136400000,009,341041.69675563165,112824.8061573946
1228136400000,096,340518.250762081,112755.10479608618
1228140000000,096,340512.7067849956,112964.1258690394
1228143600000,167,340732.8750431438,110743.05872557695
1228143600000,126,340732.8750431438,110743.05872557695
1228147200000,167,340458.3157130477,111873.06946514029
1228147200000,126,340458.3157130477,111873.06946514029
1228147200000,084,342893.0467540661,110512.22105254115
1228150800000,084,341730.2041998816,110924.5366549024
1228154400000,084,341340.15762327285,111064.28772159282
1228158000000,084,340541.3126430336,111342.13697557694
1228161600000,084,340557.22197695734,111346.68842516925
1228172400000,011,342338.9733868854,109415.76145683593
1228172400000,004,341191.65181746683,112699.49453561648
1228176000000,084,341360.92900270526,109856.93814782638
1228176000000,017,342310.21566270385,113025.53071378532
1228179600000,085,340603.6550332521,110406.65755668627
1228179600000,042,340551.75225694134,111261.99137047703
1228186800000,004,342374.3471901686,112639.42024257283
1228194000000,009,340685.69579672423,112963.56565073477
1228194000000,042,340272.60011273436,112683.23631884732
1228197600000,012,339934.71593531984,111748.71824960684
1228201200000,012,340141.23625891114,111904.82399269156
1228204800000,011,342407.28887596243,112096.10163139022
1228208400000,011,341754.74748004985,112092.71896070188
1228208400000,009,340711.1621405714,113051.60315022622
1228212000000,032,339914.6018837678,111755.52443573973
1228212000000,015,339914.6018837678,111755.52443573973
1228215600000,032,340036.6864367204,112020.93111873567
1228215600000,011,342208.85062333726,111616.57840039217
1228215600000,015,340036.6864367204,112020.93111873567
1228226400000,001,340490.3998277877,111243.21318609844
1228226400000,003,340463.4359307621,112923.9708335504
1228230000000,001,340111.27207812486,112489.55557848312
1228230000000,167,340345.9807890567,112532.686751536
1228230000000,126,340345.9807890567,112532.686751536
1228230000000,006,341717.2983122443,111433.5887458981
1228262400000,144,341438.6361087583,112993.1868458729
1228262400000,014,342520.5804905263,111871.21009221139
1228262400000,006,342056.6300710457,111602.96434421372
1228266000000,012,340119.8516045067,111828.51967725872
1228269600000,167,340477.9166125262,111966.61897987379
1228269600000,003,340243.3605585066,111827.0133431068
1228269600000,004,340327.0340645856,111394.97812487122
1228269600000,126,340477.9166125262,111966.61897987379
1228273200000,012,339841.99450634466,111986.43093076561
1228276800000,032,341009.43782794825,110163.19610163923
1228276800000,015,341009.43782794825,110163.19610163923
1228276800000,009,340669.8105479313,112983.68628915606
1228280400000,032,341044.5515142102,110361.35623917144
1228280400000,015,341044.5515142102,110361.35623917144
1228280400000,009,340617.6710896064,112967.9503170371
1228284000000,003,340789.10446839407,109076.0445497887
1228284000000,015,341049.2682199063,110401.08039626374
1228284000000,032,341049.2682199063,110401.08039626374
1228287600000,015,341067.7769724331,110492.8055051466
1228287600000,032,341067.7769724331,110492.8055051466
1228291200000,011,342468.2084425125,110197.77533956956
1228291200000,013,340761.52889208385,110827.03878623257
1228291200000,015,341067.000698111,110460.68866520992
1228291200000,032,341067.000698111,110460.68866520992
1228294800000,032,341071.75520432537,110469.01144973405
1228294800000,011,342773.4191357095,110718.40027232878
1228294800000,012,339570.66773949447,112209.27559811634
1228294800000,144,339268.3870983926,110557.87070368683
1228294800000,015,341071.75520432537,110469.01144973405
1228298400000,032,340776.33647124056,111782.64560439659
1228298400000,012,339581.9132506571,112279.33745133979
1228298400000,144,341345.2284090728,112233.92924467503
1228298400000,015,340776.33647124056,111782.64560439659
1228302000000,012,339599.34299836814,112334.41423645592
1228302000000,003,342237.6695893109,110329.0465004348
1228302000000,006,341513.8903558033,111409.94390455695
1228305600000,011,342902.5768192386,111545.65121409675
1228305600000,006,341601.5631190167,111308.0589460565
1228309200000,084,340885.62977490685,110737.25536694346
1228309200000,096,340495.21591695887,111901.58135443901
1228312800000,012,340405.5682342588,111988.86210749067
1228312800000,084,340760.3121207683,110939.22786639497
1228312800000,096,340262.88509141933,112950.30363747726
1228316400000,167,340334.01810301346,112517.52015033671
1228316400000,126,340334.01810301346,112517.52015033671
1228316400000,084,340713.3242247105,111078.29287210295
1228348800000,084,340889.20048683655,110844.87886607356
1228348800000,032,340525.1523080617,112086.31169643172
1228348800000,015,340525.1523080617,112086.31169643172
1228348800000,017,342973.06156024616,111813.69601965202
1228352400000,032,340709.6762437488,111585.99302958984
1228352400000,012,340258.96154329827,111733.78723399874
1228352400000,015,340709.6762437488,111585.99302958984
1228352400000,007,341856.6387763001,111089.79326416325
1228356000000,032,341075.6855596346,110558.55927704326
1228356000000,012,339929.75821803685,111939.66391029839
1228356000000,167,340519.29409964377,111754.8845026344
1228356000000,015,341075.6855596346,110558.55927704326
1228356000000,126,340519.29409964377,111754.8845026344
1228359600000,032,341069.22238728666,110518.02090323402
1228359600000,012,339809.15893472463,112006.2585852535
1228359600000,015,341069.22238728666,110518.02090323402
1228363200000,009,340528.12292613427,112763.17709346772
1228366800000,001,340537.3403726786,110756.19152479121
1228370400000,001,340070.4952368629,110703.33804209578
1228370400000,062,340208.71017627564,112642.50872313633
1228374000000,001,340066.3759208364,110713.00965567467
1228374000000,006,341603.6161084559,111340.80545328552
1228377600000,062,340339.78305692296,112688.35068423244
1228381200000,062,339898.5890372355,112527.19787696667
1228381200000,012,339577.4661595296,112128.96711960535
1228381200000,009,340631.86189333396,112992.89559406751
1228384800000,062,339275.98448478745,112097.86724240238
1228384800000,014,339847.60436479375,111665.44484802897
1228388400000,012,339835.74669513176,111971.70152253352
1228388400000,014,341307.0942565025,111116.11693736844
1228388400000,007,342317.5211582193,111320.52760642879
1228392000000,007,342227.9469151695,111362.61782015792
1228395600000,006,341803.3935492794,110674.15570665352
1228399200000,007,342127.78596137697,111403.66092796242
1228435200000,014,342795.7618513509,111966.28211889025
1228438800000,062,342175.4046559615,110161.69340246539
1228438800000,012,340082.6492001796,111857.14621520614
1228438800000,003,339302.5811223035,112365.79053336132
1228438800000,004,339384.65589962027,112302.0811647875
1228438800000,005,339300.48129393416,112173.87747115661
1228446000000,011,342445.51372446225,110339.3273716488
1228446000000,001,340490.11002609244,111766.822055599
1228446000000,012,339830.2579116473,111994.02494550473
1228449600000,001,340556.9062128213,111482.35862986157
1228449600000,009,340639.9836758232,113007.69720068175
1228453200000,014,341135.81523749506,110034.11372303989
1228453200000,009,340586.0464322907,112980.45740216496
1228456800000,096,340403.8910806503,112159.48775343382
1228456800000,014,341521.6213418358,110271.48567301813
1228456800000,009,340568.8969531506,112978.2337549113
1228460400000,014,340994.0959748926,110822.95803133247
1228460400000,009,340537.68239785166,112966.04435375863
1228464000000,014,341106.5865437345,110863.92496791242
1228464000000,009,340544.512900612,112964.37816109898
1228467600000,096,340416.52102512156,112545.03547643372
1228467600000,012,339545.1045704167,112220.07296249733
1228467600000,013,341994.5438255407,110552.29502073556
1228467600000,014,340745.3822318869,110968.69832179633
1228467600000,003,340490.80925182684,112754.47375936787
1228467600000,004,340449.958914908,112769.06578236463
1228467600000,009,340550.9014327664,112961.64839745102
1228471200000,014,340025.6700492114,110424.2474165917
1228471200000,003,340646.72375940793,112770.53683043475
1228471200000,004,340646.0817801149,112748.46269789318
1228471200000,009,340555.55927451723,112959.37263734329
1228474800000,008,342742.2870636974,110252.3581000268
1228478400000,085,340630.26068468986,111192.74474963997
1228482000000,008,342782.42371168296,109902.6858767598
1228507200000,012,340464.0081589054,111991.11589513252
1228518000000,004,340971.08651254856,111296.99120431516
1228521600000,007,341501.94800922764,110698.86117753931
1228525200000,001,342408.71447660733,109835.28461849563
1228525200000,014,341647.54658545257,111480.8383480609
1228525200000,007,341561.2443574467,109935.28894112949
1228532400000,014,340704.9791794347,111520.32008477772
1228532400000,005,340720.03293436253,112838.94245589378
1228532400000,085,340519.664790735,110688.34320088134
1228536000000,062,339481.9182052585,112416.62536767079
1228536000000,085,340197.02032105415,110178.81124690786
1228536000000,014,339813.24417782977,111509.79421979716
1228539600000,085,340231.96129502007,110056.04756425523
1228539600000,014,339129.7393768192,111339.27472874262
1228543200000,085,340256.40019102726,110143.6762913066
1228543200000,008,342008.0926452417,110530.46297255074
1228546800000,085,340526.47120877553,110682.53038982725
1228546800000,012,340328.93346992653,112120.38984740428
1228550400000,085,340657.2099830852,111184.57129340518
1228550400000,001,340096.1573541796,110661.94133641434
1228550400000,014,342976.5621733037,111175.1995272754
1228550400000,017,342137.0391396478,111764.20082272435
1228554000000,005,341222.872245507,110934.90010074306
1228554000000,017,342234.10003382404,109514.04939703878
1228557600000,002,340280.4807431253,109600.4874202846
1228557600000,005,340920.61287493317,111831.88822853004
1228561200000,002,340041.8259295158,111910.42980457375
1228561200000,008,342036.42329097417,109884.84356957838
1228561200000,009,341187.358978703,112907.93660221313
1228564800000,002,340433.2138300816,111615.7886941444
1228564800000,008,341188.69036956114,111324.43087766603
1228568400000,002,340917.3085043272,109075.03909537736
1228597200000,012,340007.37479929737,112475.30239328755
1228600800000,012,340263.69191537343,112133.18158582335
1228611600000,084,341958.25908922695,110241.01198850195
1228615200000,011,342828.9822524739,111570.5640926044
1228618800000,011,342665.02205597155,111506.41889636935
1228618800000,001,340033.76464352006,112799.6451062537
1228618800000,007,340371.04539382656,111616.17793812134
1228622400000,011,342650.31506710994,111457.2728988881
1228622400000,003,340382.3162687115,112778.18115146032
1228622400000,007,339612.6579262414,111564.3001963237
1228626000000,085,342977.9438803718,110618.85389899522
1228626000000,011,342522.5956278118,111447.80724971979
1228626000000,003,340402.20815720916,112994.34746546848
1228626000000,004,339976.9793210174,112445.75732338332
1228626000000,007,339790.3825433206,111601.82659112185
1228629600000,011,342570.0847704276,111501.83738494077
1228629600000,004,340070.01760821,112481.93836625683
1228629600000,085,342265.465627605,110704.99612310347
1228633200000,011,342808.3266225497,111413.74124854481
1228633200000,004,340179.6326469576,112479.78712064367
1228633200000,085,341730.56317490456,110749.02965050306
1228636800000,004,340336.83487261797,112761.89931717317
1228636800000,007,341510.60525732476,111274.95007141164
1228636800000,062,339797.1328762986,112552.5948351743
1228640400000,012,340237.7188882024,111384.07570388074
1228640400000,007,341573.52556188876,111317.85214810054
1228644000000,007,341835.0615976173,111366.34229049248
1228647600000,007,342096.8981719183,111444.70890180422
1228651200000,011,342948.17288773187,111489.13020760166
1228651200000,007,342261.592067823,111445.58363873027
1228654800000,004,340477.90866709524,112802.66366006414
1228658400000,004,340521.50539641094,112457.01332948511
1228658400000,128,340999.5224128769,110700.78460227756
1228665600000,006,341589.2007756914,111314.63000180775
1228669200000,006,341560.20981364674,111340.12840211536
1228672800000,006,341564.27851313906,111344.87946147897
1228676400000,006,341564.2258905393,111354.68475870557
1228680000000,006,341566.0963399744,111350.87413122544
1228683600000,006,341576.04118016304,111343.70589143061
1228687200000,006,341583.7833002875,111333.36197415936
1228690800000,006,341598.15251633944,111330.2106222197
1228694400000,016,341202.5728981327,110576.66565473133
1228694400000,017,341604.87672490935,112977.09524517319
1228698000000,012,339990.84175090166,111929.79815297021
1228698000000,004,340431.3846766544,112895.35102676867
1228698000000,016,341142.791280798,110578.00981552186
1228701600000,032,340478.64137935656,111144.33520354432
1228701600000,015,340478.64137935656,111144.33520354432
1228701600000,016,341128.55973656086,110566.53632708582
1228705200000,012,339780.81866766023,112032.46502293753
1228705200000,004,340418.90906911227,112905.96686579274
1228705200000,016,341095.1405567655,110806.32302630454
1228705200000,096,340410.7491664698,112412.44544964074
1228708800000,004,340474.05050221505,112800.66153891712
1228708800000,016,341093.72207191586,110867.90764338539
1228708800000,009,340656.6485755099,112937.75960227652
1228708800000,096,340611.05936976394,111556.27364322619
1228712400000,011,342462.28576595144,109944.79451124382
1228712400000,004,340516.48925826995,112788.17514730686
1228712400000,016,341092.24785904895,110856.72843193151
1228716000000,004,340607.66271826794,112604.9364629893
1228716000000,015,341098.2899010014,110567.84910521058
1228716000000,016,340993.10093379323,110692.0346324283
1228716000000,032,341098.2899010014,110567.84910521058
1228719600000,015,341090.45346805116,110573.83434549508
1228719600000,016,340975.15711165074,110594.25221097218
1228719600000,032,341090.45346805116,110573.83434549508
1228726800000,012,339659.2842971387,112032.55817161649
1228726800000,167,340584.2889742009,111623.91063870187
1228726800000,003,340433.56759019825,112884.48722126447
1228726800000,126,340584.2889742009,111623.91063870187
1228726800000,009,341243.56172279763,112335.02690457765
1228730400000,012,339880.7055286712,112165.91216223646
1228730400000,167,342773.2630863562,110950.18513847275
1228730400000,126,342773.2630863562,110950.18513847275
1228730400000,017,341167.4270710947,112235.14674851122
1228730400000,009,341528.4590211839,112917.83147660761
1228734000000,012,340123.4640586059,111917.07220186527
1228734000000,014,342068.8059274723,110123.2223636629
1228734000000,128,340703.281646969,112361.23465411583
1228737600000,011,343027.51559041784,111438.73292792153
1228737600000,004,342864.7241034485,109277.53640451812
1228744800000,001,340188.1033069572,112755.42933299995
1228748400000,007,341936.6812389245,111382.24863705522
1228748400000,084,342921.873544301,110347.0762607028
1228752000000,167,342361.5878086377,112279.98411560636
1228752000000,126,342361.5878086377,112279.98411560636
1228752000000,007,341798.18926011375,111195.49037854557
1228777200000,011,342361.10590072075,111548.36908814064
1228780800000,016,341056.42498710874,110586.20263059738
1228780800000,017,343030.1188331248,111785.21710185015
1228780800000,007,341612.0468245042,111311.29983924082
1228784400000,001,341094.57695993123,112259.10508860464
1228784400000,003,340466.8445767909,112218.31893346988
1228784400000,016,341062.65674694953,110637.98884790644
1228784400000,007,341862.3895081297,111310.21283567829
1228788000000,001,342782.3940640853,111395.7578639064
1228788000000,003,340036.9749676394,111827.18705693848
1228788000000,016,340909.54612436617,110787.89913759536
1228791600000,001,343014.6173120841,110399.5460742158
1228791600000,012,339563.55214205786,112144.62773940606
1228791600000,003,340146.1413877276,112029.69191462931
1228791600000,016,340523.2125779968,111148.67946257164
1228791600000,006,341421.8894544142,111303.82173657554
1228795200000,167,340473.1983063253,111927.90208970323
1228795200000,003,339178.7202127331,111061.64598664637
1228795200000,004,340079.77420796925,112257.31091709684
1228795200000,016,340356.21532431414,111275.01696745452
1228795200000,126,340473.1983063253,111927.90208970323
1228795200000,006,341509.1611121334,111347.44871768946
1228795200000,007,341923.7809215289,111356.33734472032
1228798800000,012,339578.29426902527,112311.89090070136
1228798800000,004,340257.8442834838,112631.01165653308
1228809600000,062,341251.9884741783,109820.71415028519
1228813200000,012,339464.1935496045,112077.18294292554
1228813200000,015,340085.0761391814,112224.25620604804
1228813200000,007,341789.824483309,111391.24850128734
1228813200000,062,339903.2688930348,110821.7526757638
1228813200000,032,340085.0761391814,112224.25620604804
1228816800000,007,341789.81377839774,111360.4808034329
1228820400000,012,339762.46697642654,111808.46386737892
1228820400000,004,340445.6069293265,112618.34273261689
1228824000000,003,340457.73695155635,112805.50015238136
1228824000000,004,340376.33873291314,112750.10290157818
1228827600000,001,340556.1918277392,111290.92472947128
1228831200000,001,340038.51287137676,112238.30699965122
1228834800000,084,340611.0964656864,111135.11478628922
1228867200000,013,342913.5488529083,110363.41508079685
1228867200000,014,342722.06894355867,111968.69665932906
1228867200000,016,341236.806356819,110567.55018708426
1228867200000,007,341916.4871677443,111089.81163049764
1228870800000,032,340305.071819109,111103.81088239097
1228870800000,001,340176.2366410885,112884.07301303376
1228870800000,012,339975.77433575655,111955.27394418334
1228870800000,003,340519.03140928503,110940.560319634
1228870800000,015,340305.071819109,111103.81088239097
1228870800000,016,341157.74627802806,110534.01040711901
1228870800000,007,342026.8525560693,111171.6296914847
1228874400000,032,340686.24234691303,110810.46440653871
1228874400000,015,340686.24234691303,110810.46440653871
1228878000000,032,340819.91007573745,110728.33581918513
1228878000000,012,339768.83884659706,112046.6600768735
1228878000000,167,340469.8737046682,111991.93793495298
1228878000000,015,340819.91007573745,110728.33581918513
1228878000000,126,340469.8737046682,111991.93793495298
1228881600000,032,341055.48731795006,110442.08600130578
1228881600000,004,340577.8980892426,112710.69119211096
1228881600000,015,341055.48731795006,110442.08600130578
1228881600000,007,342341.5428955556,111230.11820151609
1228881600000,009,340652.820266184,113040.51900166343
1228885200000,032,341078.650505897,110434.07522181317
1228885200000,015,341078.650505897,110434.07522181317
1228888800000,008,340799.4490673018,111291.41346143307
1228892400000,006,342138.2777578096,111436.16072044533
1228892400000,008,341454.4342354401,110394.70983964845
1228896000000,001,340174.04819294845,110732.50709805256
1228896000000,006,342098.1113199983,111521.4908180986
1228896000000,008,341999.6665221627,109670.4508082627
1228899600000,096,340465.6385311651,112130.37032552723
1228899600000,001,339584.599186065,111839.8918610841
1228899600000,012,339578.4127190145,112266.95663309135
1228903200000,096,340277.9420719157,113021.11218804825
1228903200000,001,339255.1722533297,112927.95141312193
1228903200000,014,342994.718288423,112128.86774465811
1228903200000,016,340338.52600972785,110418.89117879997
1228903200000,007,341525.0023487005,111273.2305900027
1228906800000,003,343009.6930448811,111881.25715592598
1228906800000,016,340183.3023364753,110347.23878830954
1228906800000,006,341703.01913545025,111367.37431330686
1228906800000,007,341706.1560176555,111318.78832536875
1228910400000,011,342071.1849172628,111660.29662465674
1228910400000,006,341659.96567137726,111339.01476948809
1228910400000,007,341738.6698023418,111331.56543269934
1228914000000,003,342567.2594169102,112225.45019198139
1228914000000,016,340291.1101820271,110359.88413767915
1228914000000,128,342134.32948992145,112228.1290238441
1228917600000,003,340874.4495294536,112588.18260393637
1228917600000,004,340260.9118572548,112969.07611329305
1228917600000,016,341039.21497173485,110481.36747942798
1228946400000,003,340412.374678034,112403.78984721443
1228946400000,004,340439.78486808925,112410.09864300709
1228953600000,016,341256.4905472143,110624.50040244962
1228953600000,007,340438.3863241177,111719.36953524694
1228957200000,012,339978.2106662473,111945.9174730622
1228957200000,016,341109.0284069036,110610.03989897604
1228960800000,032,340957.447219368,110866.32951119366
1228960800000,015,340957.447219368,110866.32951119366
1228964400000,032,341072.2495550095,110554.7555937596
1228964400000,011,342477.00194600667,109226.87114756924
1228964400000,012,339779.4308800933,112042.08600707664
1228964400000,015,341072.2495550095,110554.7555937596
1228968000000,032,341081.96330498223,110496.40670571534
1228968000000,015,341081.96330498223,110496.40670571534
1228968000000,006,341790.52165270847,111190.07227916237
1228971600000,011,341617.20146798197,111744.86609336923
1228975200000,011,339737.6563044905,112291.68148835504
1228978800000,011,339864.17629955144,112025.37045477022
1228978800000,167,340600.07178465405,111151.23088952931
1228978800000,126,340600.07178465405,111151.23088952931
1228982400000,006,341628.37397887756,111400.44553773977
1228982400000,007,340400.22220222856,110630.4796461003
1228986000000,011,341653.80078565085,111318.47868943907
1228986000000,012,339975.50760078,111713.76285858593
1228986000000,017,342029.442877657,111466.16476039749
1228986000000,007,339169.37326693506,111836.67794349261
1228989600000,017,341750.57405306795,112289.92211390175
1228989600000,009,340699.7777749593,113050.25436932637
1228993200000,001,339765.6683421651,112376.56576967427
1228993200000,017,341608.0148420699,112835.81663432869
1228996800000,014,342782.64626206266,112169.79712313844
1229000400000,007,339787.869467644,111736.3289400431
1229004000000,007,340832.48355738743,111553.3900201421
1229007600000,167,340310.8074621204,112927.97151610802
1229007600000,126,340310.8074621204,112927.97151610802
1229036400000,011,342413.33632553974,109071.84321981954
1229040000000,014,342285.2447273537,111848.31627462924
1229043600000,062,342226.37404988,110031.29446152382
1229043600000,012,340099.9020387175,111854.9294207717
1229047200000,014,341293.9033416845,111527.52258489822
1229050800000,012,339829.9494541046,111998.05816272536
1229050800000,001,340384.1384124941,111124.26583193468
1229050800000,167,340584.7869259372,111385.19617907134
1229050800000,014,340323.6291084827,111156.1665127048
1229050800000,126,340584.7869259372,111385.19617907134
1229054400000,001,340421.4375196245,110835.53114347058
1229054400000,014,340608.10343544517,110989.00976824964
1229054400000,007,341602.8373683205,110219.7262345525
1229054400000,008,340430.23379154765,112131.35957740534
1229058000000,001,340371.1817235816,110766.02773424872
1229061600000,008,340514.821179252,112337.5859235633
1229065200000,014,340362.0497686086,111170.43879233376
1229065200000,016,340760.1357087382,110696.29384281045
1229068800000,011,341585.160673756,109865.02719052853
1229068800000,014,341298.41010803287,110338.58881317372
1229068800000,016,340938.61859611457,110648.16138156457
1229072400000,011,342316.6588918709,111099.44250552285
1229072400000,014,340870.9753761625,110541.36502222538
1229072400000,016,340912.81920922216,110613.35713424499
1229076000000,011,342847.1079179725,111398.76759843367
1229076000000,014,339691.4805673345,110323.2151246472
1229079600000,062,339310.4990229313,109895.07370023082
1229083200000,062,339732.767613281,110131.67376748174
1229083200000,014,339404.8783789959,111270.07326261229
1229126400000,012,340378.31222903024,111984.82184339671
1229144400000,007,341549.5970682243,111013.5571121735
1229148000000,007,341550.67855105724,111014.1259758136
1229151600000,007,341557.89915201796,111024.31803078741
1229155200000,016,341324.8727249967,110617.79132538129
1229155200000,007,341541.8999939886,111143.83264255903
1229158800000,062,340746.24790028273,111841.38952258848
1229162400000,062,340344.3703180801,111860.86626778706
1229162400000,001,340170.3944330096,112878.4477849823
1229166000000,001,340755.9414213504,112260.32450923258
1229169600000,001,341752.261686586,111308.3702841701
1229169600000,007,341753.6568302143,111278.14692555263
1229173200000,001,341429.9627427114,111623.70792323344
1229176800000,001,340438.41252600093,112936.18739756658
1229184000000,007,341592.5640518731,110823.37158931859
1229187600000,007,341601.81772355654,110803.16985389564
1229230800000,012,340453.62230065936,112677.37916274903
1229230800000,003,339645.21878115786,112906.69560473038
1229230800000,007,340672.3277887327,112746.91262576997
1229234400000,007,340685.55288453895,112733.79918851392
1229238000000,011,341841.94670185656,112229.54805191432
1229238000000,167,342633.98598461517,110493.84895922671
1229238000000,004,340519.5730800056,112825.7347290141
1229238000000,126,342633.98598461517,110493.84895922671
1229238000000,007,340973.58979920717,112237.49831025528
1229241600000,011,341208.08663734107,112349.34857035597
1229241600000,004,341106.7095587512,111577.34563657941
1229241600000,009,340704.2754501549,112503.58698616033
1229245200000,011,340843.43965812033,112388.89585053304
1229245200000,004,340940.88395539304,111997.14895714236
1229245200000,009,340799.3698537983,112515.97972598992
1229248800000,011,340255.1856286789,112464.42240672583
1229248800000,012,340409.81662039715,112679.20932459073
1229248800000,009,341078.3441961991,112855.62477455492
1229252400000,011,340596.8495554437,112352.37973168795
1229252400000,012,340432.6474367513,112649.53979543099
1229252400000,001,340419.2487748548,112222.0352144027
1229256000000,012,340458.9975711089,112442.24673785844
1229259600000,012,340556.9350087601,112014.71363937896
1229259600000,007,341480.57306926866,111323.47929369623
1229263200000,016,341719.61743525724,109481.03836189648
1229263200000,007,341511.3204296995,111296.34253384845
1229266800000,007,341537.62636153697,111254.17122469163
1229299200000,013,343059.8472364512,110330.68496795121
1229299200000,016,341233.71780047356,110569.12739219621
1229299200000,007,341829.69627256476,111090.59010495717
1229302800000,012,340112.65268449136,111848.12905027205
1229302800000,016,341150.9365466753,110493.31874963104
1229302800000,017,342698.54682368273,111137.9948816607
1229302800000,007,341974.80001624837,111175.0031225583
1229310000000,012,339829.96115935495,111981.1005803612
1229310000000,007,341964.47579099983,111297.57744473433
1229313600000,016,339716.762617439,111484.33552922867
1229313600000,007,341925.9254366332,111338.8479841727
1229317200000,016,340242.2114310507,111064.33723082766
1229320800000,012,339523.7421334429,112038.68092214629
1229320800000,007,341942.0354299996,111276.54257798451
1229331600000,012,339581.1609874974,112240.13315417885
1229331600000,007,342064.22622445883,111338.71109559841
1229335200000,014,342885.37037995335,112106.65938630683
1229335200000,007,341757.71107174363,111313.60371610819
1229338800000,025,342985.85793923435,110277.81489655862
1229338800000,007,341678.29070748016,111301.53168508998
1229338800000,128,341016.7009809016,110638.88543902437
1229342400000,012,340118.54587826703,111798.67658285695
1229385600000,003,340585.5172936126,113041.83315846391
1229389200000,024,341897.60472716147,111162.52812168114
1229389200000,016,341139.7070827644,110520.16504142151
1229396400000,024,341825.76224929385,111283.30218133953
1229400000000,024,341825.2441251165,111373.89586302245
1229400000000,014,339455.3266798233,109483.13447995672
1229400000000,142,339988.6765751215,110930.57522677371
1229403600000,142,339906.4961341589,111039.63155014353
1229407200000,025,341412.18244157126,110684.69796777098
1229407200000,142,340136.03458346595,110934.23507256633
1229410800000,025,340443.7380760109,111141.99269331161
1229418000000,024,341614.37293502653,111337.23889746243
1229421600000,024,341776.70833539515,111376.29940679576
1229425200000,024,341898.72708239715,111387.74828028477
1229425200000,014,342567.3409235425,110987.41367038722
1229425200000,032,340787.71976462094,112316.35098042543
1229428800000,024,342072.8071393734,111414.43611228287
1229428800000,025,340736.3020146365,111042.59065818325
1229428800000,032,340787.67886540806,112389.50739129822
1229432400000,024,342139.13822671724,111413.26602353714
1229432400000,032,340638.5213224291,112293.75798494711
1229436000000,024,342134.9755868699,111407.27176016384
1229436000000,126,340631.5709539808,110764.6278100582
1229436000000,032,342057.15654264385,112359.47570471442
1229439600000,024,342008.97121073067,111333.1821064418
1229439600000,126,340481.5432320403,111735.80896702113
1229472000000,085,340540.07324490586,109563.82922213867
1229475600000,024,341846.385814783,111369.4715105212
1229475600000,126,340546.3643481383,111600.77371421456
1229479200000,032,340173.16865306406,111518.8428471565
1229482800000,014,339649.4484510353,111255.7667464519
1229482800000,032,340431.92723584163,110996.71099837804
1229486400000,014,339476.7820171625,111135.8584331703
1229486400000,032,340895.3653738464,110524.98679665996
1229490000000,032,341069.9948746537,110420.0859592887
1229493600000,004,340627.3019460742,111486.79946008055
1229497200000,014,340233.95731270284,111233.97003968703
1229497200000,004,341432.10329625284,111831.01348823182
1229500800000,004,341174.3342412697,112180.48837939189
1229504400000,017,340368.7627180672,112765.05637985891
1229508000000,014,342101.60595669155,111790.49089345864
1229511600000,025,342548.64459058084,110508.57917520383
1229515200000,025,341312.12156060577,110873.33976315684
1229515200000,017,339753.8369909969,110254.4155776055
1229515200000,128,342697.98735925,112585.03951146996
1229533200000,024,341681.86210313905,110982.45248672205
1229558400000,033,341038.8745704453,110612.44722362189
1229558400000,003,340390.14387887885,112959.14594191163
1229558400000,032,340262.3826418307,112889.16892349414
1229562000000,033,341071.1513091421,110546.07928776156
1229562000000,003,340192.25463518547,110589.9333215066
1229562000000,032,340668.9966576476,111708.31466077754
1229565600000,033,341080.43512988853,110547.09254324478
1229565600000,003,340150.34629570274,109313.43234622547
1229565600000,032,340807.3089893271,111305.63265703479
1229569200000,032,341085.78421212174,110484.3736240284
1229572800000,024,342074.5463779371,111287.11850288411
1229572800000,003,340024.92718790093,110918.3274149201
1229576400000,032,341081.7213635406,110423.196328994
1229580000000,032,341088.9208497291,110437.97349409145
1229583600000,003,340438.6621411656,112924.29318651959
1229583600000,032,341090.06828113855,110445.20598515135
1229587200000,032,341106.7349187283,110465.02774530252
1229590800000,032,341105.7472292424,110472.60921947517
1229594400000,024,341588.27193780657,111496.10089551812
1229594400000,003,340860.46327979065,109855.8506522014
1229594400000,004,340859.5453088465,109785.39559770108
1229594400000,032,341128.9078904135,110483.60381602378
1229598000000,024,341866.09933635197,111442.17260254541
1229598000000,032,341150.0904533681,110496.76181351098
1229601600000,024,341958.4818922481,111426.77056962642
1229601600000,032,341162.9704143796,110511.26074274183
1229605200000,024,342144.0683328143,111391.07932797198
1229605200000,017,341474.44428326155,112714.80341434831
1229605200000,032,341139.17999861785,110518.63808004132
1229608800000,014,341982.2236921311,110136.45856270936
1229608800000,142,339420.79285874043,111152.91504837705
1229616000000,003,339959.6404033635,110041.82174438165
1229616000000,004,339946.53264814895,110013.19129313217
1229644800000,014,342844.8584422155,111962.3220568878
1229655600000,024,342113.9316083833,111306.75182043201
1229666400000,014,340663.480574324,109926.63294168634
1229666400000,017,342495.6283393001,110003.71412781793
1229673600000,014,340318.1068499957,110685.28362564766
1229677200000,014,340308.95605991903,111011.83688547673
1229680800000,024,341803.8577927661,110786.57392921257
1229680800000,142,340472.0252567707,111046.56774936488
1229684400000,024,341672.8624084066,110921.66099768615
1229684400000,142,340441.9136428607,111117.5161912801
1229684400000,010,341086.27317525784,111080.5534679427
1229688000000,014,341029.2468814183,111695.94548169046
1229688000000,025,339162.37758728885,110893.82042574963
1229688000000,142,340429.8852596535,111146.91582090006
1229691600000,003,340457.73698273016,111690.79764607247
1229691600000,004,340490.7841248716,111255.69293650691
1229691600000,142,339702.58821753145,110925.28582784087
1229695200000,003,340492.0101843217,111198.10859938894
1229695200000,004,340507.10961132543,110977.57939969999
1229698800000,003,340670.2935173786,111315.00824463666
1229698800000,004,340664.0838912695,111132.26166756176
1229702400000,024,341837.7165637355,110902.63588872587
1229706000000,024,341678.79601086926,110916.41969393738
1229706000000,004,340599.803851292,112667.22453950628
1229709600000,024,341653.39139884483,110887.88548834705
1229713200000,024,341553.76520868397,110858.31543401377
1229716800000,024,341560.9233844457,110873.87980842411
1229734800000,024,341164.7328326343,110593.05146049171
1229738400000,024,341608.9277879376,110910.7900336551
1229738400000,017,341536.3206721939,112641.17531749335
1229742000000,017,341528.659945267,112824.62673462971
1229745600000,024,341937.2027290914,111336.48406831521
1229745600000,017,342546.13969506905,112724.22867218025
1229752800000,024,341868.77547403617,111398.64598629062
1229756400000,024,340858.8288289395,110428.14725702231
1229760000000,024,339631.36392886034,109843.77786675461
1229760000000,014,342904.60200958396,111874.78624377731
1229763600000,024,339114.5963527768,109562.98780770668
1229763600000,014,341399.74993698485,111163.97954998953
1229763600000,003,340737.3718003602,112616.40677840084
1229763600000,004,340711.7439564521,112651.97232432327
1229767200000,024,339669.32457116543,110247.49784240201
1229767200000,014,340976.52442494774,111008.21724298537
1229767200000,003,340747.7951107142,112584.24595400601
1229767200000,004,340746.089156944,112597.22107981757
1229770800000,014,340190.2849762869,110913.6054162706
1229770800000,003,340650.04134935496,112842.79726838322
1229770800000,004,340648.20047981566,112854.88163516858
1229774400000,014,341254.294804446,111486.38893892373
1229774400000,042,339656.90161756385,111051.62566009353
1229778000000,126,342620.6901782658,110123.25110422424
1229781600000,042,341795.6054557763,110881.8975335956
1229788800000,167,340369.06067778176,112451.85086897408
1229821200000,014,340097.6248862022,110948.7841339443
1229824800000,167,340231.7160030773,109600.98116211464
1229828400000,014,340117.94819929707,111136.14856990564
1229846400000,085,340597.6529040241,110993.79246886351
1229850000000,004,340430.084626053,112985.80307503231
1229850000000,017,341783.36240264744,111211.58493006113
1229850000000,085,340626.8592228602,111084.7097880363
1229853600000,024,341805.53511097655,111362.22901169072
1229853600000,004,340449.38338957896,112990.78961022172
1229853600000,017,340448.0270235493,110132.24791164616
1229857200000,024,341894.243378092,111385.99341882818
1229857200000,017,340319.1875485908,110894.69941937359
1229904000000,033,341301.2073349732,110646.75433333319
1229904000000,014,342847.63568058016,111971.54560802909
1229904000000,017,342767.33735943993,111837.51943734223
1229907600000,033,341192.1752432195,110612.13559483465
1229907600000,024,341914.62200329575,111161.48226751645
1229911200000,033,341161.8301068146,110606.67273689686
1229911200000,167,340344.9286171376,112428.857687274
1229911200000,025,342382.8836423884,110595.66060007803
1229918400000,085,340696.5577090197,111291.23395066909
1229922000000,085,340672.2054454372,110112.25867174949
1229925600000,014,340048.76990351634,110881.04832245232
1229929200000,025,340239.2426059318,111517.07106061705
1229936400000,014,341678.46821029804,109943.9588871569
1229940000000,014,342880.40800859674,110455.93991019623
1229940000000,017,341337.34855212277,110178.09884309827
1229958000000,167,340305.089940468,112676.97144302876
1229958000000,126,340305.089940468,112676.97144302876
1229990400000,033,341160.8259164581,110573.79088147813
1229990400000,017,342722.4045034272,112061.06144691167
1229994000000,033,340785.60295375576,110969.63553275992
1229997600000,167,340498.2088282624,111867.11761727964
1229997600000,126,340498.2088282624,111867.11761727964
1230008400000,025,340412.71020524175,112026.3017445387
1230012000000,017,341698.94636097684,109343.62675229897
1230015600000,025,342131.9946756414,112157.6838419721
1230015600000,017,341885.76033905364,109996.01818346661
1230026400000,010,341560.6768452423,109604.0200849643
1230030000000,167,340570.0909441306,111242.80121390405
1230030000000,126,340570.0909441306,111242.80121390405
1230076800000,014,342923.8630194777,110191.51224578111
1230076800000,025,339475.1413097542,112429.68096813408
1230076800000,017,341980.9562554558,110919.48880919997
1230080400000,025,339111.7744235145,112330.41389591328
1230087600000,003,340383.461349992,112753.82237852481
1230091200000,003,340613.21937307634,112343.28280028637
1230105600000,003,340105.88947051443,113000.22900232841
1230105600000,014,339804.40184385376,111908.58890132474
1230109200000,167,340003.0611051421,110667.45868611675
1230109200000,014,340796.9838482332,111148.71697758786
1230112800000,167,339581.59339940734,110705.03313722867
1230112800000,126,342595.7496902238,110695.56914191961
1230116400000,128,341380.64938434487,111708.6998766663
1230120000000,017,342715.94661496737,112427.37280021665
1230127200000,126,340803.0190764474,111055.47087873737
1230130800000,167,339456.9932433944,111612.9621803502
1230130800000,126,340657.9307380873,111597.29585329244
1230166800000,167,340518.0026622496,111781.84673885496
1230166800000,126,340518.0026622496,111781.84673885496
1230170400000,085,340503.94610038545,110183.88671045723
1230177600000,003,340894.2561820113,112469.86865740188
1230181200000,003,340737.69240133977,112447.01065047664
1230195600000,142,341591.76284299284,109140.81472612174
1230199200000,003,340548.2752453419,112395.23895735558
1230199200000,014,342019.7978572707,109936.62141838617
1230202800000,003,340543.32989336876,112444.8784149655
1230206400000,003,340527.7589918443,112492.60577172191
1230210000000,003,340515.3483791351,112632.30505202198
1230224400000,167,340442.87057611893,112407.49148797941
1230224400000,126,340442.87057611893,112407.49148797941
1230249600000,017,342980.02580404584,111078.26141760944
1230253200000,167,340516.89433282625,111850.86811759215
1230253200000,126,340516.89433282625,111850.86811759215
1230256800000,142,339327.0874369383,109895.01641500214
1230264000000,003,342933.86411939404,110307.1177747324
1230264000000,142,340205.88902035286,110797.9427732337
1230267600000,167,339988.9467328481,110670.5493612467
1230267600000,126,339988.9467328481,110670.5493612467
1230274800000,142,340024.83737544494,111499.94631970598
1230282000000,167,340559.108384813,110939.54646017766
1230282000000,003,342747.6832239911,110363.48802001931
1230282000000,004,340414.1107282271,113042.95222012151
1230282000000,126,340559.108384813,110939.54646017766
1230285600000,167,342263.91187701013,111343.46665812709
1230285600000,025,339413.52239731373,112339.90207947775
1230285600000,126,342263.91187701013,111343.46665812709
1230289200000,025,339894.3757987998,112430.65485540619
1230289200000,003,340956.5885140339,113019.8390617517
1230289200000,085,340863.8835558495,109610.53587130301
1230292800000,025,339638.86192186334,112957.62716623413
1230300000000,003,339237.0073658713,112480.70338231284
1230303600000,167,340343.4387820379,112483.19828456803
1230303600000,003,339330.02018270263,111856.04342801432
1230303600000,126,340343.4387820379,112483.19828456803
1230307200000,003,339869.7309132763,111863.0280052693
1230307200000,085,340808.8493508321,110732.5412192394
1230310800000,003,340442.5334092523,112385.14419799723
1230350400000,128,342735.0309456776,110744.67662918825
1230361200000,025,339204.11708133464,112631.88845457231
1230364800000,025,339254.06315606175,112653.55691438667
1230368400000,128,340983.0902652571,112163.21247222724
1230372000000,085,340739.2809895881,110933.37655374811
1230429600000,017,341482.6858382033,112476.46935760813
1230433200000,167,342707.311562761,112692.06447120877
1230433200000,126,342707.311562761,112692.06447120877
1230447600000,085,340590.9564067722,111232.96276019241
1230451200000,003,340474.82705733366,112422.26801163379
1230451200000,085,340012.9324512562,111461.90768232722
1230454800000,003,340451.8366093454,112488.85430663204
1230454800000,085,339975.93499671126,111487.81872679885
1230458400000,003,340444.2286427895,112527.1360335498
1230458400000,017,340950.71337627724,112709.64724018976
1230462000000,003,340440.40075598704,112536.0122586577
1230462000000,025,340680.3313411688,111750.16195993559
1230462000000,017,341292.6897553592,110984.56662638225
1230465600000,017,341516.37274037284,112607.64040338264
1230476400000,003,340190.21021877456,111992.71440246461
1230483600000,167,340307.3848983003,112896.42465632371
1230483600000,126,340307.3848983003,112896.42465632371
1230512400000,085,340575.4709556528,110498.77213334183
1230516000000,167,340505.7793739304,111722.76977989347
1230516000000,126,340505.7793739304,111722.76977989347
1230519600000,003,339550.8172156131,113047.73328879164
1230526800000,003,339486.96646662307,113017.32310700869
1230566400000,167,340283.90996824816,112736.10541648549
1230566400000,126,340283.90996824816,112736.10541648549
1230613200000,003,341902.19050988666,110400.91251572988
1230652800000,085,339337.8873037024,111426.03896885073
1230717600000,167,339291.61831487546,110866.60851008838
1230717600000,003,340422.12088754546,112573.86125201818
1230717600000,126,339291.61831487546,110866.60851008838
1230724800000,167,339292.1501771737,110796.88010366388
1230724800000,003,340459.5488466653,112495.38733330677
1230724800000,126,339292.1501771737,110796.88010366388
1230728400000,167,339981.41293681576,110576.15518109317
1230728400000,126,339981.41293681576,110576.15518109317
1230728400000,010,339640.7963475966,112389.81859621304
1230732000000,003,340855.93446490995,112800.68811721195
1230732000000,010,339263.0283568909,109729.14424930053
1230778800000,085,340692.3440274188,110943.04833536762
1230782400000,003,340722.7445476461,112562.07073612083
1230782400000,085,340812.4708521527,110765.5366074723
1230786000000,003,340705.31963632535,112292.09230768873
1230804000000,003,341635.5987635988,109163.7602302128
1230804000000,004,340433.45811499056,112967.13303131206
1230811200000,003,340860.52957626124,112688.65849795565
1230818400000,167,340890.33923575096,110722.92104117414
1230818400000,126,340890.33923575096,110722.92104117414
1230822000000,167,340902.3556399944,110722.43115129956
1230822000000,126,340902.3556399944,110722.43115129956
1230825600000,167,340907.9295661684,110717.31163243913
1230825600000,126,340907.9295661684,110717.31163243913
1230829200000,167,340913.56596348877,110708.22332344484
1230829200000,126,340913.56596348877,110708.22332344484
1230858000000,025,341075.24310236867,111182.77264982088
1230861600000,025,339741.1794459006,111618.3213595327
1230865200000,025,339275.19793601835,111736.38716630502
1230876000000,003,341951.03629920044,111993.76142290152
1230879600000,003,342836.5696105692,109284.73769304599
1230886800000,004,340598.4396678574,112721.8544506441
1230890400000,004,340618.69037023885,112718.11245971233
1230897600000,003,342168.1769085014,111360.43733581612
1230955200000,003,340654.64300955733,112410.22515605466
1230958800000,003,340576.4675448608,111524.12221157167
1230962400000,003,340798.28951506194,110975.41724766033
1230966000000,003,340101.210002309,111273.71912312624
1230969600000,003,339545.9374953008,112489.42132753388
1230991200000,003,340373.0375967614,112873.20631163497
1230994800000,003,340493.4632933783,112481.42591291088
1231045200000,085,340576.676235054,110523.17960246607
1231048800000,085,340616.75435748347,110865.55309026281
1231052400000,003,339495.60916562856,111628.7488182101
1231052400000,085,340640.1819210961,111011.81153521485
1231056000000,003,339224.834006159,111515.5876122627
1231056000000,085,340684.8836644936,111285.22043861826
1231059600000,003,339547.9132321681,111918.86686006938
1231059600000,085,340695.4321292359,111309.70015711966
1231063200000,025,342176.0374301258,110788.86715252741
1231063200000,085,340694.9755203666,111305.88630248944
1231066800000,025,340733.3005421916,111532.93056558335
1231066800000,085,340684.8174532074,111293.22161583423
1231070400000,025,341725.71302761114,111056.76408017921
1231110000000,085,340684.5427397205,111319.58283500688
1231113600000,085,340740.1582432077,109449.04309192664
1231124400000,128,339350.69249237434,112024.39408793754
1231200000000,017,342589.4013322315,113049.51563723269
1231221600000,003,341290.0993055352,111511.9132932989
1231225200000,003,341681.0777148544,111356.55944467997
1231236000000,167,340231.0208204936,113010.9745049956
1231236000000,003,341925.2220438792,111984.99835725644
1231236000000,126,340231.0208204936,113010.9745049956
1231239600000,003,341951.8579777026,111602.72014934744
1231243200000,167,340201.5090313405,112804.10512304498
1231243200000,126,340201.5090313405,112804.10512304498
1231246800000,167,340259.83859974664,112248.27078609995
1231246800000,126,340259.83859974664,112248.27078609995
1231254000000,003,340968.60820693936,112250.31646031406
1231290000000,153,341051.65058770886,110649.54214899408
1231293600000,140,341897.9803758043,111401.47007622881
1231304400000,004,339442.32269598835,112840.43993329121
1231315200000,017,341908.17758872523,109369.05866944033
1231322400000,033,341791.7970940817,110411.57221269452
1231326000000,033,341779.4435365631,110455.06482714674
1231329600000,033,341770.2811031185,110441.1913889229
1231333200000,033,341697.6016247024,110458.53225412856
1231336800000,033,341622.2308553997,110465.0131993965
1231340400000,033,341570.02939234365,110508.23852747904
1231365600000,003,342275.9123876218,109546.62891826051
1231459200000,033,341212.3029637271,110575.21335940923
1231466400000,033,341148.66900897474,110517.07313355495
1231466400000,003,340519.21548572695,112478.4410405058
1231470000000,033,341073.92052710184,110414.34660597614
1231470000000,003,340546.49428242375,112387.4938363528
1231473600000,033,341073.40506412834,110476.79896818208
1231477200000,033,341072.6867818411,110493.77609170908
1231477200000,003,341681.4100086349,111395.17605136482
1231480800000,033,341075.87993543874,110537.56559483409
1231484400000,033,341075.3253261374,110554.82030640721
1231484400000,022,339890.7370083708,111714.37983340598
1231484400000,128,339960.97728751285,111218.55571111508
1231488000000,033,341062.41426361166,110589.30337568144
1231491600000,033,341071.5989856636,110638.97554375367
1231491600000,022,339120.8529485378,110815.64121911168
1231495200000,033,341078.68054768874,110634.86474666187
1231495200000,003,340552.5098543903,112445.29255933512
1231498800000,140,341094.69866337767,109543.93037709336
1231498800000,033,341102.6707521599,110610.17121801763
1231498800000,004,340508.84939296334,112929.40674655764
1231498800000,017,342121.74636077083,110716.63556334737
1231502400000,033,341086.8262718991,110534.57306768639
1231502400000,014,342558.0973574621,112037.37159245362
1231502400000,017,342041.61618314113,111681.34201756849
1231506000000,033,341343.4847474751,110309.9006740111
1231506000000,135,341087.4093999285,110723.6402447082
1231506000000,017,341911.08627603814,112922.25135264586
1231506000000,140,341952.0422552358,110219.18466329004
1231509600000,033,342157.9094900489,109466.22204262899
1231509600000,135,343073.3028489439,110515.80240827071
1231509600000,003,340551.5113904249,112499.05225156203
1231513200000,003,340593.63357480045,112463.38411456588
1231516800000,003,340839.53190005245,112722.09350270353
1231538400000,083,341590.0813022259,110659.32836990959
1231560000000,003,340460.17763957346,112526.97158695135
1231560000000,085,339318.3138703459,110824.78624946221
1231563600000,025,339495.85154306516,111581.35580770121
1231567200000,025,340986.41165507544,109809.86194132689
1231574400000,024,342508.6246449631,111343.56295566737
1231578000000,004,340593.7360189405,112882.15117468513
1231581600000,004,340549.9222739434,112916.13256642238
1231581600000,017,342439.9314679569,111406.64947086845
1231585200000,017,341911.3501858282,109591.65540845173
1231588800000,017,341823.6165629046,109602.24482771037
1231588800000,083,341048.13319535705,111555.29922367341
1231592400000,083,340428.5147599182,111575.12179426638
1231596000000,083,339371.1827810031,111355.71930507832
1231606800000,083,340557.70065527334,111067.88783224266
1231610400000,083,340343.39342865977,111108.3691598551
1231614000000,083,340166.32378150447,111268.00595311924
1231617600000,083,339721.90807299415,111300.01546817516
1231646400000,003,341513.48106162524,110746.37009067873
1231657200000,017,342461.6286562054,110150.57953457534
1231660800000,017,342931.7522241532,109450.00414524041
1231718400000,003,340880.99753047316,112655.27972825308
1231718400000,014,342761.6147693213,111945.34335559275
1231718400000,017,340465.9721968811,111023.55466080784
1231722000000,033,342293.45165102696,109745.15879432317
1231722000000,017,339793.97087847977,110710.8002431792
1231725600000,014,341268.4582825698,111963.36533277223
1231725600000,140,342838.3095000989,111623.5981057012
1231729200000,167,340452.7059780195,112123.86597388069
1231729200000,014,339773.7474787944,111918.5104888276
1231729200000,126,340452.7059780195,112123.86597388069
1231729200000,140,341842.95402481325,111164.98489533513
1231732800000,167,340614.3612730572,111457.20323342897
1231732800000,003,340444.7135533494,112712.90659035076
1231732800000,126,340614.3612730572,111457.20323342897
1231732800000,017,340967.8094241952,112832.49799047534
1231736400000,014,339793.9546199763,111763.38862508442
1231736400000,003,340641.2969338563,112392.98818534185
1231740000000,017,342665.81460997096,112925.27697900655
1231743600000,014,339823.6347801412,111813.42532427196
1231747200000,014,339830.2482569978,111928.33287844801
1231754400000,014,341282.125271418,111363.81807475792
1231754400000,004,340612.22890982864,112862.07121465511
1231754400000,140,341064.070975328,112832.99070851128
1231758000000,033,340800.50500834064,111977.79836329282
1231758000000,004,340642.86165751854,112861.67689582748
1231761600000,033,341075.7467146257,111436.12323659804
1231765200000,033,342066.4445315371,109727.83789263217
1231776000000,167,340307.4739161459,112813.48631893721
1231776000000,126,340307.4739161459,112813.48631893721
1231808400000,003,340467.25231262966,112455.61830795498
1231808400000,004,340391.38270246546,112903.94544531705
1231812000000,030,340467.05252311105,112054.36645910378
1231812000000,140,341539.68267178594,111371.5751268179
1231812000000,167,340372.26273594756,112577.61917822293
1231812000000,014,340890.11152939836,111320.5089684348
1231812000000,003,340580.47076056316,111729.4491237957
1231812000000,004,340471.27221521107,112225.75183712856
1231812000000,126,340372.26273594756,112577.61917822293
1231815600000,004,340423.20984395884,112645.1177728183
1231819200000,167,340413.709711006,112300.30147680761
1231819200000,003,340759.16935893684,111543.38124029961
1231819200000,126,340413.709711006,112300.30147680761
1231822800000,167,340479.4385731239,111987.88496420285
1231822800000,014,339889.29623514204,111895.8655743837
1231822800000,126,340479.4385731239,111987.88496420285
1231822800000,029,341440.4344299182,110589.90859813863
1231826400000,010,340327.34215598606,112596.39563397036
1231830000000,004,340658.2096254657,112540.58630743224
1231837200000,004,340546.15578721615,112910.38242186667
1231837200000,029,342067.1611044915,110663.69821625522
1231844400000,005,340568.29438168573,112962.40037596537
1231848000000,005,340523.1384276331,112971.0085449086
1231855200000,003,340823.418783622,112689.89743415602
1231869600000,083,340115.9194704709,110975.34026717868
1231873200000,083,340326.5140283354,111003.40711585517
1231880400000,083,342655.72673902626,110872.90940059765
1231891200000,033,340821.30670423247,111081.77974816026
1231891200000,013,342531.57473921654,110635.23423935662
1231891200000,003,340720.6378972583,112501.75211427615
1231891200000,014,342780.491017358,111968.79629819837
1231894800000,003,340536.7628521841,112537.43479789249
1231898400000,033,340321.35624891444,111411.01798616553
1231902000000,033,339977.73977948097,111612.92325073358
1231905600000,033,340341.41378936515,111233.25766523664
1231905600000,003,340467.4701924399,112314.72456422092
1231905600000,027,340999.7140165223,110543.65907924005
1231909200000,033,340770.770496099,110769.5174433932
1231909200000,014,340385.112081976,111100.46487615089
1231909200000,027,340506.19505028275,110169.76867387744
1231912800000,033,341081.98864107224,110458.50666524406
1231912800000,014,340647.01944997103,110934.21639950955
1231916400000,033,341090.47221088473,110478.67724499312
1231916400000,014,340544.056804839,111160.64376153215
1231920000000,033,341083.0684190863,110561.9074071505
1231923600000,033,341089.6650993971,110531.8253930802
1231927200000,033,341105.66433948016,110528.49528890394
1231930800000,033,341255.9361249817,110481.57647447225
1231930800000,003,340517.09628952626,111139.13549428734
1231934400000,167,340514.45340114855,111737.47304799732
1231934400000,003,340574.9806442093,111438.89499247089
1231934400000,014,342599.14296926034,110997.18224172125
1231934400000,126,340514.45340114855,111737.47304799732
1231938000000,003,340770.03402803646,111959.7885370154
1231941600000,003,341079.6831145663,112672.49172491791
1231956000000,167,340330.7925085213,112694.61532786189
1231956000000,126,340330.7925085213,112694.61532786189
1231963200000,083,340038.38424752676,110155.23257642101
1231970400000,083,341166.43403437035,110417.25514189788
1231977600000,003,340867.83862182946,112726.3672005227
1231981200000,167,340253.6402741527,113050.58945382788
1231981200000,003,340699.7787005362,112531.29424599235
1231981200000,126,340253.6402741527,113050.58945382788
1231984800000,167,340418.7172855834,112109.75569210776
1231984800000,014,340974.6356617715,111208.83250161179
1231984800000,126,340418.7172855834,112109.75569210776
1231999200000,014,339848.52797722275,111750.56413114855
1232002800000,167,340750.7742723783,110663.29643192029
1232002800000,126,340750.7742723783,110663.29643192029
1232013600000,003,340498.44725044037,112522.31433495232
1232013600000,014,339796.4031879884,111725.84538432138
1232013600000,017,341215.5581348168,111047.19751231061
1232017200000,003,340535.5793242231,112505.5878723386
1232017200000,014,341513.3640618659,111264.47797091021
1232017200000,017,341536.5063742264,112910.31681851481
1232024400000,003,340743.4691493337,112517.42302656257
1232028000000,003,341100.3651040528,112871.85148609619
1232028000000,004,339195.2802441645,112338.46171586157
1232028000000,030,339331.8313809587,112407.5081782983
1232056800000,004,339289.1462356706,111955.08581601229
1232056800000,030,339233.6559606306,112222.9376824396
1232064000000,003,340752.8136888395,112514.43250572338
1232067600000,003,340635.1144626272,112441.57340503056
1232067600000,014,342888.8269476413,110020.84878037746
1232071200000,167,340460.0754014496,112149.52234228118
1232071200000,126,340460.0754014496,112149.52234228118
1232078400000,167,340481.60605974897,112091.15085405333
1232078400000,014,340479.19202302385,111107.62795610567
1232078400000,126,340481.60605974897,112091.15085405333
1232082000000,167,340472.1482975427,112141.27052715604
1232082000000,126,340472.1482975427,112141.27052715604
1232085600000,167,340513.9649074495,111799.54261789464
1232085600000,126,340513.9649074495,111799.54261789464
1232092800000,158,340820.7645270361,110839.71602161301
1232096400000,030,340496.47195674403,112721.3621309825
1232096400000,014,340180.2564000222,111324.09907137432
1232100000000,030,340691.18783616053,112686.64756069396
1232100000000,014,340464.00419357745,110987.99953056645
1232100000000,004,340494.3312035049,112937.91098003999
1232103600000,014,340624.6736985971,110798.47072998113
1232107200000,014,340879.74154906935,110495.41238311364
1232107200000,128,342610.6599542113,111961.29743471826
1232110800000,003,340332.34881112137,112959.50913645123
1232110800000,005,340750.6140178542,112474.98084919495
1232110800000,029,339438.8230931235,109055.92979851758
1232114400000,003,340410.4562269935,113021.23868154094
1232114400000,005,340918.09584116057,111880.88479514641
1232118000000,005,341234.8346408455,111022.23994159303
1232121600000,005,341288.6830333468,110701.68644159292
1232125200000,005,341261.4783379648,110705.2796457024
1232128800000,005,341237.87200613524,110694.20736346388
1232132400000,005,341249.8762885461,110755.73103321694
1232136000000,005,341281.76190260757,110776.41229443981
1232139600000,005,341281.12235485524,110771.05332970306
1232143200000,005,341286.87193809607,110773.6046160918
1232146800000,005,341303.68791306013,110786.03878484032
1232150400000,005,341492.48566659214,110020.14912162365
1232154000000,003,339516.0514735116,111688.46740734502
1232157600000,167,340422.6707192491,112126.30827580395
1232157600000,003,340189.8226751887,112583.58940697531
1232157600000,126,340422.6707192491,112126.30827580395
1232182800000,026,339255.39510460175,111496.51057903892
1232182800000,017,341691.24897586415,111499.97376494549
1232186400000,017,341287.86969829514,110797.52080898848
1232190000000,026,340465.7807212842,110337.42378486485
1232193600000,026,340453.89531317644,111787.52081355378
1232193600000,017,341464.13735800463,111517.47768243498
1232197200000,026,340185.4494285003,112002.02765146676
1232244000000,153,341290.42300393333,110083.39582748152
1232251200000,024,340522.67171207216,113028.7604282619
1232254800000,024,342210.1094113557,110003.01663118173
1232258400000,024,342803.6555590195,109601.92931620614
1232280000000,163,340838.44129920116,110691.39168338584
1232287200000,126,342374.76593051135,112459.67023620414
1232323200000,014,342932.22703545226,112038.2887085184
1232326800000,014,342705.2748109759,112049.961782418
1232326800000,003,340262.2043138145,112543.57821810094
1232330400000,003,341662.49355474586,111063.98874040156
1232330400000,026,339381.4192203184,110314.9429640607
1232334000000,004,341815.9327587772,111207.82176512499
1232337600000,158,340827.8284584543,110858.95840429774
1232344800000,003,340993.5687044334,111188.63471698553
1232348400000,167,340549.1662297093,111809.11947969503
1232348400000,003,340694.3629903621,111946.92695860754
1232348400000,126,340549.1662297093,111809.11947969503
1232352000000,003,340604.3245699599,112154.63532077438
1232355600000,003,340420.3684283949,112793.27388524429
1232366400000,004,340779.9798964407,111991.28528019265
1232409600000,014,342867.1029666361,112000.42211552442
1232409600000,017,343096.9153603093,111734.74871954517
1232413200000,158,340831.58441045677,110843.38840902252
1232424000000,014,340407.85863325273,111022.9843581615
1232424000000,158,341101.0623294757,110671.77319182822
1232427600000,167,340431.5107718819,112651.47353085958
1232427600000,158,341109.65114518395,110673.86214015467
1232427600000,126,340431.5107718819,112651.47353085958
1232431200000,167,340512.3341433826,111964.16267363918
1232431200000,014,340335.0235035111,111118.97127137492
1232431200000,126,340512.3341433826,111964.16267363918
1232434800000,037,339502.32903259585,109919.63038018184
1232438400000,004,340683.2530115699,112437.7612229561
1232445600000,167,340179.0222947745,112724.1418702308
1232445600000,158,340845.79291972716,110934.4406274211
1232445600000,126,340179.0222947745,112724.1418702308
1232492400000,014,342259.8440801883,111917.44489478582
1232496000000,014,340320.77010946313,111852.60092287847
1232499600000,037,339849.0531024121,110089.82614013515
1232499600000,158,340834.58711947384,110705.04827362676
1232517600000,167,340534.18431105796,111739.50356033168
1232517600000,126,340534.18431105796,111739.50356033168
1232524800000,013,342314.2587263248,110672.5502173182
1232524800000,037,341241.0459507436,109776.07212846185
1232532000000,030,339633.0052818982,111260.25887184245
1232539200000,030,339130.96338145575,109301.27253021383
1232546400000,030,339592.19367429253,109771.12195028648
1232553600000,030,340078.01250331313,112393.93451352118
1232560800000,167,340269.31518117647,112697.24598964282
1232560800000,126,340269.31518117647,112697.24598964282
1232582400000,014,342760.69929014146,111955.13399359962
1232586000000,030,339602.0566851462,111757.52465542915
1232586000000,024,339579.7178577671,110720.20937036807
1232586000000,158,340760.2038296395,110802.73217429806
1232589600000,030,340045.8191030965,109967.64252816106
1232589600000,014,341744.254210414,111845.77786582592
1232593200000,014,341871.5456364184,110740.85040825361
1232596800000,014,341828.614481894,110105.86422760789
1232600400000,014,341834.1060075765,109500.90745395095
1232607600000,014,341762.2095533584,109820.74219257192
1232607600000,030,340089.98873080115,110839.04885704468
1232668800000,014,342605.83511922444,112007.7801098186
1232672400000,014,341219.3033494562,111699.4898687906
1232676000000,014,340752.325889419,111640.09522679751
1232686800000,031,341036.5933533482,110522.94708064325
1232690400000,031,340683.2239122614,110262.91165412182
1232694000000,014,339738.4932672892,111835.62269028497
1232701200000,014,341175.6257805528,112016.58060048762
1232704800000,158,340882.9972200326,111035.97364156465
1232758800000,158,340896.2770692478,110838.48527434793
1232766000000,167,339677.9363444059,113054.70517980476
1232766000000,158,340858.13850643777,110851.54450073281
1232766000000,126,339677.9363444059,113054.70517980476
1232780400000,158,340942.7756844313,110994.28063142253
1232784000000,158,340934.48265441915,111007.25580611212
1232787600000,158,340951.7932318884,111009.09728177982
1232852400000,014,339174.0983901953,109468.63587353376
1233061200000,083,339150.41032015125,111020.57934350299
1233118800000,167,340076.56609189964,112951.7063369997
1233118800000,126,340076.56609189964,112951.7063369997
1233291600000,024,341418.78568755847,109559.60567047907
1233313200000,083,339475.67093536304,111065.94841710599
1233367200000,014,343045.1275750828,112846.71866369559
1233370800000,014,342918.61243661493,113014.45873769635
1233374400000,014,343069.4733922132,112730.08950044429
1233446400000,017,341506.7642796291,112310.03793579746
1233453600000,140,342359.7574861974,111470.44191237992
1233464400000,017,340500.81107463734,111181.57636605245
1233482400000,013,342208.9267868542,110167.33125807696
1233532800000,017,341816.0232389067,111474.86201202944
1233540000000,140,342739.2209881427,111483.53682412834
1233543600000,140,341918.03801686456,111087.09530492856
1233550800000,017,340991.9012061895,110764.35902974919
1233558000000,017,341029.052180215,110645.67137077836
1233561600000,017,341032.31507029245,110590.07143645757
1233565200000,013,340743.32470393484,110682.24404742055
1233565200000,017,341256.9719780513,110606.64082676724
1233568800000,167,340629.7096452857,110708.17197321058
1233568800000,126,340629.7096452857,110708.17197321058
1233572400000,167,340379.8311102408,112090.27327189667
1233572400000,126,340379.8311102408,112090.27327189667
1233619200000,024,339332.1446265363,112223.3190250622
1233619200000,017,342988.14973072,110909.85332425204
1233640800000,167,340410.153567067,112421.90374075397
1233640800000,126,340410.153567067,112421.90374075397
1233651600000,022,339130.3513700421,110122.33703330172
1233655200000,022,339264.7919228066,109394.59317865885
1233655200000,044,341056.45501929923,110611.44780575957
1233658800000,140,341506.0812980275,109492.01989222552
1233669600000,167,340387.51288151694,112775.60349417047
1233669600000,126,340387.51288151694,112775.60349417047
1233698400000,083,339543.4298818994,110812.70847996729
1233705600000,017,342901.9324266828,110993.1711144123
1233709200000,128,342286.4110961454,112290.06444173929
1233712800000,128,341545.3255869419,111500.51469870639
1233720000000,022,340026.52153806033,109629.89786714615
1233720000000,013,340765.84403093596,110788.1472360176
1233723600000,022,340284.20421938825,109629.14070962644
1233723600000,044,340771.6735748657,110663.18100099648
1233723600000,167,340167.73613557656,112914.31162131403
1233723600000,126,340167.73613557656,112914.31162131403
1233727200000,022,340220.40781326423,109651.94158542149
1233727200000,044,340610.1205490344,111003.49448254396
1233730800000,044,340571.94613935606,111116.8404980494
1233741600000,022,340143.2711773432,110428.54619448924
1233745200000,022,339909.1775832739,109613.66976192704
1233748800000,022,339409.6715167221,109760.78622253866
1233802800000,167,340522.1059876708,111875.37178781263
1233802800000,126,340522.1059876708,111875.37178781263
1233810000000,028,342572.99827965494,111138.64780574843
1233813600000,028,342085.3154761767,110345.27321768795
1233820800000,013,341090.89717031637,110670.91360892754
1233824400000,017,342307.3484696475,111751.43434997975
1233878400000,036,341542.28959302657,111017.73054571512
1233882000000,036,341545.97888629755,111045.03822634838
1233882000000,014,342682.854284227,111910.45683629876
1233882000000,140,341243.7126630058,111151.72179735955
1233892800000,014,340323.88108553365,111187.3130361268
1233892800000,036,342869.4216840562,110121.82055051398
1233896400000,022,339470.46724016266,109114.38769942982
1233896400000,167,340356.254656537,113026.00659290396
1233896400000,126,340356.254656537,113026.00659290396
1233900000000,022,339363.961929138,109510.53130027252
1233900000000,167,340484.7938194467,112127.46322870451
1233900000000,126,340484.7938194467,112127.46322870451
1233903600000,036,342958.241106991,110356.66836908505
1233907200000,013,340833.5202983482,110734.51868577278
1233907200000,014,340704.76169155544,110691.4406736144
1233918000000,014,340280.85401833383,110703.69097033721
1233925200000,014,341346.4393160506,111356.6593030669
1233964800000,167,340639.45785107854,112734.83779432173
1233964800000,126,340639.45785107854,112734.83779432173
1233968400000,167,340838.8161175638,111725.65339474598
1233968400000,126,340838.8161175638,111725.65339474598
1233968400000,030,340605.86120855017,111021.1593135352
1233979200000,036,341274.84770205774,111558.40645111409
1233982800000,025,340490.3206539451,109454.60038192764
1233982800000,036,341353.958715759,111493.15257206262
1233986400000,036,341414.7518797768,111362.1921797447
1233986400000,003,340738.97769755276,112646.92064943934
1233990000000,003,340655.94061938365,112602.3746863038
1233990000000,038,339402.1031649378,111177.35501451144
1233990000000,030,340872.27286247816,110665.71863410146
1233993600000,036,341543.95479116123,111092.85573479193
1233993600000,003,340594.15808474965,112804.85069878715
1233993600000,010,339384.9495110247,110939.78730465127
1233997200000,010,339203.61025618995,111056.69669938882
1233997200000,036,341600.9921528477,111185.45667966502
1233997200000,158,340764.28730858874,111873.74908511361
1234000800000,167,340267.55217271857,112549.71406060357
1234000800000,126,340267.55217271857,112549.71406060357
1234004400000,158,340661.6023569283,112163.90971245404
1234008000000,158,340483.0201595266,112938.58703600813
1234011600000,022,342096.003545313,110062.36482051235
1234051200000,036,341586.70761980175,111221.90560216598
1234069200000,144,342035.33382875356,112734.37716452792
1234069200000,036,341340.40611127246,110770.28279459571
1234072800000,030,340502.96559437184,112884.0101285941
1234072800000,036,341197.7851056048,110679.98851820739
1234083600000,036,341421.52329714876,111294.68183962739
1234098000000,038,339125.81471541093,110359.68963250851
1234134000000,014,342811.97676627286,112460.76863898987
1234137600000,014,342696.1915032954,111839.14465533127
1234144800000,022,339928.98104179633,109669.54088176043
1234144800000,140,341809.93667378277,111046.26278703185
1234148400000,022,341184.7691919963,109593.47852761872
1234152000000,022,340398.02089865034,109769.64994503575
1234152000000,014,342919.4545554336,111679.2302087129
1234152000000,040,340062.71698025096,110491.9393657917
1234155600000,014,342561.4040318292,111998.59940232997
1234159200000,014,342563.7313710147,111962.48083041348
1234170000000,014,340320.27715769655,111183.78769111735
1234173600000,035,340411.69577601843,111978.61339052173
1234173600000,014,340538.88446905906,110665.17809325503
1234177200000,014,341500.9867286373,110716.53067075922
1234224000000,014,342820.94879725133,111988.43172489377
1234224000000,017,340629.73676520295,112895.73886829273
1234227600000,022,339459.53688187484,110514.1702211626
1234227600000,017,342227.18954550807,112200.47829943323
1234231200000,003,340449.23639859643,112904.64592216116
1234231200000,017,342690.7308083311,109472.50719736614
1234238400000,014,340441.594284749,111014.67881520907
1234242000000,003,340622.71920813696,112203.0669303426
1234245600000,035,339391.01843849086,111183.39387950367
1234249200000,035,339821.0368816617,111319.54074642947
1234252800000,022,341110.40736403223,110483.24529681657
1234256400000,040,342404.88200386724,109664.91664279583
1234256400000,022,341130.5999421098,110489.35292534687
1234256400000,017,341800.60164473794,111193.57623588516
1234260000000,040,342772.2150439676,109651.07814416978
1234260000000,022,340645.60873341514,110498.18260308553
1234260000000,035,340426.86364981753,111991.66527876603
1234260000000,003,339910.34629538597,110646.76326673193
1234263600000,040,342897.02514837775,109642.98392046755
1234267200000,040,342951.58198850043,109646.14740357379
1234270800000,040,341490.46664809785,109910.512118033
1234274400000,040,340185.1586202644,110030.51121726168
1234310400000,003,340688.31895321707,111141.4487763374
1234310400000,014,340220.29510162235,111181.97776934555
1234314000000,035,339856.7241096186,111567.48031353176
1234314000000,017,342661.25121846504,111191.51915707398
1234317600000,035,339406.274562621,111353.00019372322
1234324800000,167,340466.85332311003,112174.73105359921
1234324800000,014,339454.0537291842,110624.54271906322
1234324800000,126,340466.85332311003,112174.73105359921
1234328400000,014,339549.7126789904,110794.8675488487
1234335600000,035,339219.6459902693,111175.94492791907
1234335600000,014,339907.4303649234,111457.81311696251
1234339200000,014,340628.12695628783,111958.38376192717
1234342800000,167,340199.6358394946,112828.99663429236
1234342800000,014,340630.68787416373,111652.52979502827
1234342800000,126,340199.6358394946,112828.99663429236
1234346400000,035,340314.74369338213,111860.97766071752
1234346400000,014,341003.6281782511,111100.52370067377
1234346400000,003,340413.85083093785,109615.66521372477
1234346400000,128,339384.88722674845,110280.88474697202
1234350000000,035,340508.96788707585,112154.99131777234
1234350000000,014,341960.1910187939,110562.84283507771
1234350000000,003,340456.3439736018,111109.47721385783
1234350000000,128,339544.61093198846,110271.6052580105
1234353600000,035,340138.9434550717,112819.03738862376
1234353600000,128,339862.00696183095,110347.97801827535
1234357200000,003,340707.2092004141,112693.5200828992
1234357200000,128,340333.4368137138,110508.00472474746
1234364400000,022,339619.3425273866,110926.42316433527
1234368000000,022,340197.382660528,111683.70385725622
1234375200000,022,340007.08793586784,112035.29678195831
1234396800000,003,340708.7565206548,111266.74370203198
1234400400000,022,339844.1114295248,110355.3213033994
1234400400000,035,339996.5998534073,112084.8399081262
1234400400000,003,340445.4004701193,109302.1502414736
1234404000000,035,339268.10273149714,111687.92255034603
1234418400000,035,339189.1155226813,111171.08448394608
1234422000000,034,340258.0891590248,112691.57583003496
1234422000000,035,339774.1553065946,111312.03577401437
1234422000000,003,339481.3427978259,110287.5236284329
1234425600000,003,339962.78605424915,111676.9988916579
1234432800000,035,339912.3452891454,111562.37849138289
1234436400000,035,340207.707097695,111983.04362383153
1234443600000,035,340348.68048319145,112103.72593054816
1234447200000,035,339479.9238019127,112779.11896844194
1234483200000,003,340695.6856149534,111901.06006222968
1234486800000,003,340497.2236016408,109829.03016920679
1234494000000,014,341331.3706853697,111615.62334115131
1234497600000,014,340987.9093599691,112141.54083095663
1234501200000,040,339419.96452667646,109318.85419410067
1234501200000,014,340991.6421605515,111912.79164145766
1234504800000,040,339469.8051302248,109296.3649453662
1234504800000,035,339324.70711573435,111211.23110828582
1234504800000,014,340733.08849373175,111843.5837080049
1234508400000,035,339604.02007849445,111280.00980609952
1234508400000,004,340226.80978221964,112412.65249278852
1234512000000,014,340565.15423475363,110833.86068680292
1234515600000,030,340043.63003009866,112177.92816489481
1234515600000,014,340413.54817591084,110482.04622790139
1234515600000,004,340095.6752286359,112296.5209648684
1234519200000,022,341037.8835952634,109116.779473564
1234519200000,035,340420.44640231726,111976.55408370959
1234519200000,036,341239.96564071014,111323.25731735576
1234522800000,022,341423.20000025985,109133.84801688934
1234522800000,003,340429.2655538967,110289.36591974407
1234522800000,158,340620.01637451095,112213.44665689957
1234526400000,036,341219.97814518353,111177.81782814616
1234526400000,158,339847.1364213801,112036.86262802119
1234530000000,030,340525.79785192106,113008.36582409513
1234530000000,158,340211.9924326021,111827.18028488204
1234530000000,017,340836.193237042,111765.60775697429
1234576800000,035,339121.3900593265,112233.71842583334
1234576800000,038,339182.0771979775,109334.13237301742
1234580400000,035,339238.9257333291,111670.41392368234
1234580400000,002,341153.14355628984,110173.79465834021
1234580400000,167,340435.5190229121,112506.9527936578
1234580400000,004,341064.8817739492,111039.31380896641
1234580400000,126,340435.5190229121,112506.9527936578
1234584000000,030,339438.522766066,112408.02050617251
1234584000000,002,340832.99845145346,110792.54596687811
1234584000000,167,340623.3258892522,111584.79451951262
1234584000000,003,341159.1621297186,113008.4203255313
1234584000000,004,341615.00989786687,109465.88245836855
1234584000000,038,339897.8461834831,109076.97130677656
1234584000000,126,340623.3258892522,111584.79451951262
1234587600000,002,340853.3150279583,110425.75600385119
1234587600000,167,341703.86557331926,110110.32552725189
1234587600000,003,342764.6264915853,112642.470083103
1234587600000,004,341303.34752295905,110407.98357554078
1234587600000,126,341703.86557331926,110110.32552725189
1234591200000,140,342654.61663634714,111122.81320850356
1234591200000,004,341141.0681194979,110867.85617686698
1234594800000,004,340588.6552331602,112535.38753781487
1234598400000,004,340384.2276035435,112905.69376034154
1234598400000,017,341378.3125245548,113017.4858965748
1234602000000,128,341477.5576868576,111457.38299947331
1234605600000,167,340143.29366527376,112750.61993208734
1234605600000,003,340822.97700800863,112552.73996165542
1234605600000,126,340143.29366527376,112750.61993208734
1234609200000,003,341059.1240204651,112885.0826115102
1234609200000,039,341773.92920129857,111496.4111444824
1234612800000,040,339241.5350261818,109870.98917152401
1234612800000,004,340612.1095181664,112659.52154186141
1234616400000,004,340596.323568605,112570.7117766956
1234620000000,030,339241.0552951048,112183.92860252825
1234627200000,036,341514.1393554909,110825.80372728304
1234630800000,036,341510.84298603726,110850.3214544945
1234634400000,036,341515.05436069897,110843.84359860064
1234645200000,036,341496.18403356185,110866.86469062569
1234659600000,004,340164.35898998874,112497.0374112627
1234663200000,004,341299.384192027,111800.30346914804
1234663200000,017,341561.33922225074,112649.10760532597
1234666800000,036,341884.29706399527,111320.1444038549
1234666800000,004,341027.7985403884,111073.40716989407
1234666800000,017,340688.39376437536,112192.61527404605
1234670400000,036,341779.4257227356,111303.1625814288
1234670400000,038,339653.766998298,110531.08910376203
1234670400000,017,340639.38599623676,112060.58560852158
1234674000000,036,341909.3857399467,111290.56144193461
1234674000000,017,340104.71082458337,111753.70389672388
1234677600000,023,340419.7880546077,109971.61988087026
1234677600000,036,341825.538106973,111165.61608430553
1234677600000,038,339713.5641688105,110364.7375994744
1234677600000,017,341744.3211233433,112155.53380377335
1234677600000,039,339122.3278359987,111320.33290011346
1234681200000,044,341306.5967361157,109621.02398683691
1234681200000,023,340748.36295866675,110280.78417049907
1234681200000,036,341757.5759413145,111029.26496145235
1234681200000,004,342328.20531486295,110481.72677953518
1234681200000,039,340078.45362880453,111854.78578083598
1234684800000,044,340767.522107796,109750.42214965337
1234684800000,023,340853.1189122956,110375.24596859753
1234684800000,004,341148.7128721323,111431.7359210743
1234684800000,039,340836.1302683474,112395.62396793695
1234688400000,044,340039.2754203855,110183.09628475369
1234688400000,023,340856.78935179167,110465.0018187081
1234692000000,044,340296.4364702657,110691.38107774977
1234692000000,023,340336.2973906771,109572.91727943138
1234692000000,167,340570.4029022873,111638.15873414108
1234692000000,004,340304.3888355474,112454.22828849315
1234692000000,126,341067.7454417755,111245.87212692913
1234695600000,004,340571.9100518946,112590.19491599468
1234699200000,036,339940.4552038417,111648.1977918256
1234702800000,044,340677.01431936666,111345.85694686827
1234702800000,036,340513.25328623015,111515.32536300231
1234706400000,044,340549.52278648515,111232.62040400086
1234706400000,036,341354.02159114194,111277.2085479226
1234720800000,167,340513.6143539331,112995.96640152654
1234720800000,126,340513.6143539331,112995.96640152654
1234742400000,035,339883.12052794197,112050.84426154179
1234746000000,035,339902.94443635806,111349.7998204664
1234749600000,035,339471.1033316367,111280.40011299319
1234753200000,140,342008.2156123679,111393.87640228595
1234753200000,167,340353.7337646882,112429.12711970878
1234753200000,126,340353.7337646882,112429.12711970878
1234756800000,022,339196.83902109717,109975.62730205114
1234756800000,003,340458.3820175577,109876.1437201415
1234760400000,003,340490.3797935808,111118.166609231
1234760400000,004,340197.55685140775,113037.70742535731
1234764000000,035,339504.3414487842,110948.02311589384
1234764000000,003,340503.801821698,111525.31560585806
1234764000000,036,341815.8276724351,111385.81946223874
1234764000000,004,340302.0572475941,112650.71065411567
1234767600000,035,339684.5185497698,110925.49505707144
1234767600000,003,340679.01409515954,112300.93326615618
1234767600000,004,341724.11257807864,112488.78165388684
1234771200000,003,340808.8232794434,110408.35707566892
1234771200000,028,339834.79010387993,110144.36671944645
1234774800000,035,339990.628767902,111142.6995453386
1234774800000,036,341588.8845957012,111398.93550336824
1234778400000,034,339714.90640403563,112357.23322359647
1234778400000,035,339996.24136832444,111701.51600530885
1234778400000,036,341800.92962551786,111383.34618598806
1234778400000,038,341922.57978776586,111452.9428928413
1234782000000,035,340198.12426702917,111943.91136667175
1234782000000,038,341919.91787255736,111443.67195138331
1234785600000,003,340426.925533415,110251.58691195566
1234785600000,004,342181.02414454473,112909.36372764519
1234785600000,038,341957.19346507004,111306.61804335687
1234789200000,038,339607.1256463597,110453.37729002243
1234803600000,167,340395.34101914207,112666.21609513342
1234803600000,126,340395.34101914207,112666.21609513342
1234828800000,004,340690.5368727853,112419.16034778387
1234832400000,167,340582.7209485246,112893.18008050784
1234832400000,004,342520.1827891675,111023.86854956488
1234832400000,126,340582.7209485246,112893.18008050784
1234836000000,140,342714.0652371959,111510.95131653897
1234836000000,167,340567.908309508,112051.89876642988
1234836000000,035,339298.4214774395,111204.53578228709
1234836000000,126,340567.908309508,112051.89876642988
1234857600000,025,341216.38421572937,111735.41277922415
1234857600000,040,339182.8033740234,109940.28691152587
1234861200000,040,339115.44799754815,109960.55705334859
1234861200000,022,339658.35260968126,110380.00025466573
1234861200000,025,341683.95564340125,111472.34866004731
1234864800000,022,340155.2056214909,110496.12446670135
1234868400000,022,340518.18929344224,110475.46922926354
1234868400000,025,341010.8015713796,111300.06777862177
1234872000000,025,339135.10962799704,111677.64367798268
1234872000000,004,341000.9826794795,112615.29507594398
1234875600000,004,340262.99976335675,113010.97285338612
1234879200000,004,340466.09232822387,113016.74057187031
1234882800000,004,340453.9137190155,112968.18119829388
1234922400000,028,339143.66062731424,109352.224756209
1234929600000,030,340264.8541941914,112617.03365014284
1234929600000,034,342736.745667866,109720.16262652366
1234929600000,038,339830.8876537308,111621.06054980794
1234933200000,035,339181.51158425445,111141.60273263103
1234936800000,035,339826.37458158785,111275.14161791024
1234936800000,014,342764.1296500561,111942.33275488835
1234940400000,035,339911.0736339296,111312.83733211253
1234940400000,014,342906.4024155486,111744.26981251013
1234944000000,004,339175.5067306319,110912.94115791119
1234947600000,004,339444.53191203385,111665.38758741585
1234951200000,034,340594.03465657553,112952.98140339911
1234951200000,036,341577.5221525693,110903.77033937858
1234954800000,002,341316.89986969484,111389.24960991043
1234954800000,035,339893.10467185715,111317.11860897753
1234954800000,036,341391.40135801706,111199.76815428764
1234958400000,128,340973.7874733341,110687.56498941031
1234962000000,002,339767.2553388944,112185.58212559075
1234962000000,035,339426.9567557798,112320.10747732891
1234962000000,038,339849.4658804797,109808.7170172915
1234998000000,014,342843.55220583087,112908.51145701272
1235001600000,014,343051.9709524901,112140.2952526694
1235001600000,017,342899.9085904092,111903.37629445437
1235005200000,014,342899.5866535871,111834.38925543356
1235005200000,003,340341.02474984206,112812.84931714865
1235008800000,140,342568.6671881651,111510.94097755851
1235008800000,035,340817.9479433277,111088.2870834052
1235008800000,014,342594.6787150197,111642.82894605449
1235008800000,003,340459.098597888,112555.00402757563
1235008800000,037,340699.47107642284,111538.36831660793
1235012400000,034,340149.57450584834,111586.6422601815
1235012400000,035,341348.93278098456,110807.2394210142
1235012400000,014,340953.38521013875,111853.10538809824
1235016000000,035,340842.9834731728,110805.1751646899
1235016000000,014,339751.42030119075,111994.40899720501
1235019600000,044,340915.35469190025,110473.58581939821
1235019600000,035,340317.57647622016,110828.34820895198
1235019600000,025,339723.04626360786,111386.15506486072
1235023200000,044,340998.7681217576,110465.4216375191
1235023200000,035,339848.04365465493,111112.38523259274
1235023200000,025,340045.48226465826,111173.47952016357
1235026800000,044,341019.0201341696,110461.84744960682
1235026800000,035,339978.448372386,111312.59696707583
1235026800000,024,339842.45361261157,112815.89621662743
1235026800000,025,339647.14874115284,111363.7909655448
1235030400000,044,341068.0451902731,110496.26501603109
1235030400000,024,339605.4600433656,112295.17924801658
1235030400000,014,340330.7760962924,111174.25058853331
1235034000000,044,341068.580075576,110492.34817713381
1235037600000,044,341078.3733643932,110520.27749883266
1235037600000,035,340274.43539414,112191.26321084717
1235037600000,036,341730.7101715615,111291.35539119877
1235088000000,003,340931.3788124741,112750.92550334695
1235088000000,014,340279.8533235962,111768.19208525919
1235088000000,036,341456.31118395797,111242.92993235547
1235091600000,003,340744.36421099247,112533.80590582882
1235098800000,014,342399.88176638744,111399.46595760368
1235102400000,034,340024.9533239472,111857.8836375206
1235102400000,003,340491.8416154737,110384.4930457275
1235106000000,140,341250.4737147165,111573.81757212293
1235106000000,014,342971.2017730556,111301.7880620511
1235106000000,017,341556.0538984724,109246.29554649156
1235106000000,128,341397.1110312498,111694.93656127522
1235109600000,140,340508.75108090835,111972.43735997997
1235109600000,035,339462.9235194804,111245.64331742025
1235109600000,014,342107.34563650837,111414.07729950872
1235109600000,017,339842.3014375162,109896.52548623469
1235109600000,128,341373.2107282638,111695.21619306729
1235113200000,014,340565.601608061,111710.11707463938
1235116800000,014,340491.0974187591,111067.606591862
1235116800000,017,340696.1557227249,110774.09456497598
1235120400000,030,341322.87852975883,110197.92251125467
1235120400000,014,340622.7281824603,110774.3140497805
1235120400000,025,340063.36775561515,111809.49454750995
1235120400000,004,341041.30789067905,111080.0967668221
1235120400000,017,342002.3928085308,111425.80711632634
1235120400000,028,339615.53581748944,110584.00348163574
1235124000000,153,341044.2298483155,110695.30574480373
1235124000000,035,340372.35648815904,111928.33045861892
1235124000000,017,342973.9040463556,112659.24772097012
1235127600000,025,341906.91276408127,111057.69522769073
1235131200000,044,341177.26971802086,111942.51278476958
1235131200000,026,341696.1841297711,112246.03373996052
1235134800000,035,340111.2688032623,112535.64619714246
1235134800000,025,341082.87158054713,110830.61652133652
1235138400000,025,339540.0166745082,111352.9481083086
1235145600000,036,341645.98963488016,110967.33671984453
1235145600000,030,341769.64093590993,110877.14241044217
1235167200000,083,339216.13317500136,111359.3103035831
1235174400000,036,341715.29675186,111277.49888356042
1235185200000,030,339520.43573768163,113022.33996767545
1235188800000,040,339174.06259742525,110134.52652604508
1235188800000,002,339796.3656535392,112750.52251127492
1235192400000,017,342139.67801489716,109950.32778124479
1235196000000,017,340164.61894169264,110043.45964959961
1235199600000,038,339473.4003126789,109707.84773838708
1235199600000,128,340335.9218467852,111476.84968557092
1235203200000,144,341026.70326519565,112180.79106903942
1235206800000,022,340744.02248782944,112998.630353302
1235210400000,022,339772.5917728574,112090.77706205439
1235214000000,039,342599.38513511233,112599.07379491164
1235217600000,002,340536.55193385936,112449.19410530671
1235217600000,004,340123.8241393897,112606.0929311106
1235221200000,002,340571.489963823,110363.90909595301
1235221200000,039,342485.8981555401,111914.8028672055
1235228400000,036,341418.54299243673,110851.02369030715
1235239200000,083,341562.11622000666,109309.99892389747
1235242800000,083,340411.96968939644,110632.35550146208
1235246400000,083,341273.301561338,111053.4644772361
1235260800000,043,339622.3957411805,109702.02699715052
1235275200000,038,339219.149710807,109854.31818514284
1235278800000,038,339206.3851706586,109867.93209726026
1235278800000,039,342240.6921186487,112939.38865199889
1235282400000,039,341170.0088394713,112421.17767318623
1235286000000,039,339670.8643464432,111797.03239906764
1235289600000,038,339305.56258099916,111281.66043072019
1235289600000,039,339691.52367577585,111658.0899009087
1235293200000,038,339423.9410234347,112028.26240701404
1235293200000,005,340607.9212303737,112867.53580420783
1235296800000,038,339334.3993140599,111992.74556919944
1235296800000,005,340632.5855882496,112913.331107258
1235296800000,126,340271.84844990016,110690.13852023234
1235300400000,035,340444.5664488878,112886.85448685318
1235300400000,126,340562.5586998005,110691.82694945342
1235304000000,044,339618.7069905216,112461.74316082452
1235304000000,035,340735.0181083711,112394.45399401565
1235304000000,126,340667.81321677595,110670.89095021662
1235307600000,035,340443.44498047204,112773.67935605494
1235307600000,126,340863.25155105855,110659.27064886449
1235343600000,035,339256.91955094837,112839.15246147414
1235347200000,035,339878.8545259805,111666.76619601913
1235350800000,022,341084.3113330702,110427.61253107697
1235350800000,035,339723.0615414293,111148.028962708
1235350800000,004,339942.0156986284,111261.06173317705
1235350800000,037,339563.3744180216,111966.77157547307
1235354400000,022,341092.7893557567,110446.32410620965
1235354400000,035,339127.6238605029,110964.49722386584
1235354400000,037,339685.69310348737,112273.71616576877
1235358000000,028,340744.7703350089,110669.85693259233
1235365200000,022,341046.6112133496,110321.60914747477
1235365200000,014,340295.60419207404,111215.0467423644
1235365200000,017,342100.2875852798,112493.07642835245
1235368800000,035,339124.44468707126,110847.4147041074
1235368800000,024,343096.8095736607,109740.05146597442
1235368800000,017,342197.937168508,109929.4564595335
1235372400000,085,339528.23121746694,110971.38669299871
1235376000000,035,340631.4132300312,110778.4417436588
1235376000000,014,340349.86563002097,111039.34357818637
1235379600000,085,339749.88149094774,110890.41170443152
1235379600000,014,340065.2459174955,111366.41289687085
1235383200000,035,340430.24226422835,111642.85590675361
1235383200000,036,341740.0068960612,110975.60066807596
1235383200000,017,342107.0681243761,110267.92594940617
1235386800000,035,340556.1281285872,112358.01953970894
1235386800000,014,341269.8027243344,111192.24108259982
1235390400000,085,340426.6474759901,112284.99226081406
1235390400000,035,340617.43502423033,112369.26123417694
1235394000000,035,340511.26822945365,112688.69865668954
1235394000000,085,340634.46936241805,111490.52571774222
1235404800000,036,341774.6871213723,111054.1972244084
1235412000000,085,340355.1259388111,112455.82012304859
1235430000000,036,341466.69137810735,111233.20702277924
1235433600000,035,339727.58270997705,112255.308762424
1235433600000,036,341570.53035995684,111203.35417154222
1235437200000,035,339582.15071151557,111066.08920670312
1235440800000,035,339138.38711744244,110773.77640805095
1235444400000,014,340756.4840565332,110250.76582845091
1235448000000,014,339835.3678437807,111794.68461011715
1235448000000,036,341620.69308487466,110955.02656934792
1235451600000,085,339356.6830411505,111191.35671496189
1235451600000,014,340666.68375197885,110225.58787856573
1235451600000,036,341610.082767716,110973.56522413463
1235455200000,035,339361.5394141887,111214.32104729759
1235458800000,035,339650.53200736834,111282.73112661215
1235462400000,035,340189.2744412309,111411.89478624938
1235469600000,035,340189.8701165456,111843.73219412252
1235469600000,014,341297.13154925354,109412.058790527
1235469600000,036,341534.4481479797,111110.31755865626
1235473200000,035,340562.18968901224,112347.58379512465
1235473200000,002,341258.7435983755,111135.34274211182
1235473200000,003,339746.96159091237,111832.84409044885
1235473200000,014,341405.71692139964,110269.90624333738
1235473200000,036,341676.6128500956,111225.75236349808
1235476800000,044,340691.26816461305,111984.14521138999
1235476800000,035,340623.99031193164,112359.17275884467
1235476800000,003,339425.9735170615,110263.18607016874
1235476800000,014,342693.71637820173,110697.97730654366
1235476800000,004,339897.0325696622,111657.36475346547
1235480400000,040,339161.07547138684,110055.95291261854
1235480400000,035,340737.8055184487,112388.08745283131
1235484000000,035,340437.5695105067,112762.55713271887
1235516400000,004,339181.94485856727,110699.6964197024
1235520000000,035,340275.62447282136,111774.10450038036
1235520000000,003,339470.0020122575,109141.13121134644
1235523600000,044,340752.0956967612,112532.79324556724
1235523600000,035,341436.2062841316,110719.06972381467
1235523600000,003,339406.4395663758,110582.46076531106
1235527200000,044,341079.5243999986,110399.60258447942
1235527200000,035,341236.1413818519,110697.48599986394
1235530800000,044,341058.9606243281,110471.97388498911
1235530800000,003,339781.6641781363,113036.25606616319
1235534400000,044,341055.48551281774,110688.55531760975
1235534400000,034,340295.2050697207,112698.46568621765
1235534400000,035,339538.66488810815,110826.57560396023
1235538000000,044,341048.3930089272,110688.35203428495
1235538000000,034,342264.7192042608,109557.47411389036
1235545200000,035,339391.8722440303,111239.14003025951
1235545200000,037,340626.57597667945,111528.43084287643
1235545200000,030,339981.6042447264,112787.1633308733
1235548800000,037,339576.5000110496,111544.13364370936
1235552400000,030,339980.4780544683,112079.70992512035
1235552400000,003,339098.02570734185,112351.20630228343
1235556000000,002,342063.63466139126,109689.24548135462
1235556000000,035,339965.3030383317,111409.9764535845
1235556000000,003,339164.927139914,110874.37081326827
1235556000000,036,341617.52636592684,111262.90066399507
1235559600000,035,339884.4940507951,111331.75673586102
1235559600000,036,341655.7778515017,111217.16546175137
1235563200000,035,339847.1794165186,111289.91451491474
1235566800000,035,339509.3276423501,111883.58777333477
1235566800000,004,339922.4218274226,111720.91297507421
1235570400000,002,339920.970364218,111919.21732144101
1235606400000,035,339825.60179123696,111956.55406500574
1235606400000,003,339437.6481948272,109262.40189141376
1235610000000,035,339512.9702898529,111066.59377129143
1235610000000,003,339389.56707445456,110831.84091977056
1235613600000,044,341075.7994489437,110436.98818915412
1235620800000,038,339296.38177384296,111396.00871539747
1235624400000,038,339286.601137935,111625.64597095108
1235628000000,035,339238.88516606763,111191.6588026839
1235628000000,014,340433.16303405183,111047.49986782849
1235631600000,035,340229.86053893954,111402.23789097145
1235635200000,035,340146.5225249201,111388.81930675554
1235638800000,044,341095.1761566816,110341.3328402396
1235638800000,034,339268.68314028234,111288.46366430905
1235638800000,035,340054.34469431126,111393.12655703
1235638800000,003,339424.1445292523,112308.38858638669
1235642400000,035,340060.5318835922,111525.21537592246
1235642400000,003,339354.6203025178,110502.24280229997
1235646000000,035,340309.9623000696,111864.38128194016
1235646000000,004,339929.83896469144,111475.59187394746
1235649600000,035,340565.9768198835,112185.08035449153
1235653200000,044,341038.0365177892,110570.4576719387
1235653200000,035,340398.7196638538,112812.68409709347
1235653200000,004,340514.89338752313,112670.02939824012
1235656800000,044,341044.71778785216,110531.12898670815
1235692800000,035,340211.9889732783,111663.65025342723
1235692800000,014,340933.4742707444,111786.82917879324
1235696400000,035,341568.2577593565,110640.47521195243
1235696400000,003,339409.27097514825,111300.10662340153
1235700000000,035,341653.8409543458,110625.90698353863
1235703600000,035,340788.3422917197,110692.78764066454
1235703600000,003,339904.0203518137,112067.77804698671
1235707200000,043,339550.08580013545,110121.02451902114
1235707200000,035,339570.7236823384,110835.12905084492
1235707200000,003,340423.9430675425,112626.60624730564
1235707200000,014,342624.5242445791,111737.81405929547
1235710800000,043,340291.5561881251,110357.29166747653
1235710800000,003,340822.01873661974,111423.0009071153
1235710800000,014,342385.77421169094,111264.49089157424
1235714400000,003,342027.8091713358,109232.05432704969
1235718000000,035,339203.5805363985,111190.70435087483
1235718000000,014,341250.0095375726,110962.37816151253
1235718000000,004,341786.18818130874,111341.8270631648
1235721600000,035,339791.637041436,111334.5844649205
1235721600000,014,341053.71558644564,110444.97533746794
1235725200000,014,341147.2906566684,110501.0575406716
1235728800000,035,340250.01597046776,111877.26463574677
1235728800000,014,341215.51244619256,110616.07056237829
1235728800000,004,342588.3034529752,110817.386727616
1235732400000,044,339152.6897398143,111378.15620211804
1235732400000,035,340618.40465527587,112365.12230096385
1235732400000,014,340363.9420479504,110503.25859337147
1235736000000,044,339510.4692198072,112770.44826014411
1235736000000,035,340661.3617801096,112368.09557894051
1235736000000,014,340280.804005852,110776.13488726631
1235739600000,035,340425.3772165424,112684.18941010234
1235743200000,003,340980.3507738056,110520.15783168079
1235743200000,004,340496.52705907484,112794.64249055964
1235790000000,035,339363.6650083594,111027.50015880556
1235793600000,035,339389.445610203,110536.53266955244
1235797200000,035,339187.9564236351,110867.9347204395
1235797200000,013,340170.17707596626,109735.54433430408
1235800800000,003,341319.2951237462,112312.46884004191
1235800800000,039,342737.5656372595,112449.23002198875
1235804400000,003,342538.0586492139,109837.1795987507
1235811600000,004,339957.1249254729,112831.83489257439
1235815200000,044,340426.0969627555,111619.45021452777
1235815200000,004,339865.1285142833,113000.51133751543
1235818800000,035,340397.674450939,112820.98717805957
1235818800000,038,339130.6308474349,110857.42434435543
1235818800000,039,342226.7578584583,110751.8648257977
1235822400000,035,340735.4966791621,112384.67932250556
1235822400000,038,339130.6881644566,111113.42098488608
1235822400000,039,341778.6872211377,110892.60645639818
1235826000000,035,340323.7709114226,112899.89461375478
1235826000000,003,342483.7591420643,109934.97273097391
1235826000000,038,339098.47815689695,111147.41722941957
1235826000000,039,341988.95698858186,111340.82598864334
1235872800000,003,341072.0395771106,112867.95567646525
1235876400000,003,341034.1714780284,112662.91104375271
1235880000000,003,340917.380721191,112648.80610555878
1235890800000,035,340481.208618344,113009.38970509842
1235890800000,003,340313.5490658427,112506.00089769483
1235894400000,003,340410.59358909493,112744.07541313674
1235901600000,035,339591.0449133416,111426.66599291617
1235905200000,035,340223.9421097527,112024.60398687965
1235908800000,035,340745.00053775666,112380.48619634802
1235912400000,035,340606.8682344121,112557.40080036917
1235912400000,004,340438.1209474755,112905.79972928792
1235923200000,043,339398.8194755999,111784.48530203274
1235948400000,035,339382.68808526755,113005.51699172646
1235952000000,035,339854.1542045713,111825.86499667972
1235955600000,035,340551.70723175124,111142.40727862397
1235955600000,037,339238.54622306925,111367.68362954022
1235959200000,044,341315.5513283794,110750.02454101665
1235959200000,035,341108.81813919736,110886.46812812619
1235962800000,044,341609.876396302,111155.49358615017
1235962800000,034,342356.63108473946,110432.54452258219
1235962800000,035,340655.28424626705,110707.49638445878
1235966400000,044,341544.2509078594,110989.86638200843
1235966400000,036,342080.7227528417,111221.31928462321
1235970000000,085,340158.7884935546,112844.32435296051
1235970000000,044,341393.91063922987,110730.30843749018
1235970000000,036,342170.6822320097,111279.75439018203
1235970000000,014,341570.29774728947,110528.53795442429
1235973600000,044,341178.20963817596,110531.88840872348
1235973600000,035,339250.33708008786,110682.82678351935
1235973600000,037,341629.0914112265,110896.02144521319
1235977200000,044,341064.47612489917,110462.91237461958
1235977200000,035,339645.8722396768,110798.3857213739
1235977200000,037,342779.2720507949,110826.08761048652
1235977200000,085,340295.77244174655,112794.87057658912
1235980800000,044,341066.3347795158,110482.15529397405
1235980800000,035,340169.94081472186,111009.40432949056
1235980800000,014,340389.1367308002,111069.27763992731
1235980800000,085,340508.52667073905,111937.64651444057
1235984400000,034,340621.46339543833,112701.68696087359
1235984400000,014,340592.691376291,110627.78423200359
1235984400000,037,339331.8166237143,111032.16409500843
1235995200000,014,343091.26889951184,111772.46227343267
1235995200000,038,339112.3437720214,109954.36719012819
1235998800000,003,340481.8783473669,112800.98703341879
1235998800000,004,340574.33880999987,112467.37137101963
1236034800000,004,339879.21183920914,112446.12792737252
1236038400000,035,339788.9943777334,111855.81402071443
1236038400000,014,342607.2735048584,111889.63587919412
1236042000000,035,339996.6751852879,111384.6816433533
1236045600000,035,339324.380231276,111768.01170360576
1236045600000,041,339721.5899913268,110598.71472221609
1236056400000,015,340541.5807505355,112940.41260541564
1236060000000,035,339447.6633571964,111244.71586826039
1236063600000,035,339748.6958345327,111303.09386004886
1236063600000,036,341866.3821348047,111192.12356002495
1236067200000,035,340227.9590290811,111406.9380099987
1236067200000,038,339188.602469299,109846.72057196945
1236070800000,035,340106.64262479485,111409.37756350452
1236070800000,038,339108.0514770406,109891.88108325054
1236074400000,034,340192.76638059044,112386.04901619401
1236074400000,035,339996.4111466872,111441.01944098953
1236074400000,014,340294.41875264567,110848.56611598055
1236074400000,036,341745.84428104904,111501.1936525751
1236078000000,035,340247.1199474006,111770.86270745685
1236078000000,014,340961.1582937232,110914.3451762842
1236081600000,035,340500.5579993837,112086.97948909721
1236081600000,036,341680.3409947138,111365.05522314293
1236081600000,004,339328.4411885265,111001.32103333539
1236085200000,035,340126.44948335574,112940.81533466333
1236085200000,036,341720.5680547298,111142.55847452235
1236088800000,036,341752.55868939,111110.05188494292
1236092400000,036,341730.50661641563,111135.14448641935
1236096000000,036,341633.66549274,111116.45168024192
1236099600000,036,341545.89424338326,111074.50276140055
1236103200000,036,341554.28223664634,110938.44683730324
1236106800000,036,341594.1218171174,110902.05238911758
1236121200000,035,339232.49945326283,113024.77687699157
1236124800000,035,339982.8013050098,111736.92379418312
1236128400000,041,341563.8216297157,112924.95706915199
1236128400000,035,340743.246468684,111063.76405635978
1236128400000,014,342052.66743245255,111105.58991048952
1236132000000,035,341004.3667090526,110817.20871883247
1236132000000,014,340502.1918991855,111464.68374331381
1236135600000,035,340304.2815620534,110746.37429964969
1236135600000,003,339312.7652337426,110552.60139590933
1236135600000,014,340036.3391310402,111519.6345154384
1236135600000,004,339299.862488495,110579.28910072429
1236142800000,014,340347.70292875264,111099.13708404083
1236150000000,035,339502.0757237727,111252.11678234156
1236153600000,004,341854.94177687395,110638.48136447177
1236157200000,013,340712.7637123702,110683.93998554592
1236157200000,004,342909.13763379556,110036.57678519166
1236157200000,158,341175.3446666697,110665.28814485641
1236160800000,035,340361.771140573,111878.64643979294
1236164400000,035,340546.1551334326,112143.43951765247
1236164400000,014,342858.3404279508,110740.0740699044
1236168000000,035,340607.0580775492,112221.10233661013
1236168000000,158,340890.18298947025,110708.24085103968
1236171600000,035,340369.3235521827,112794.93790566409
1236178800000,036,341655.15475060174,111034.32253946162
1236182400000,003,339559.90247851016,112690.9811078296
1236182400000,036,341585.2751430146,110952.195862891
1236182400000,004,340534.5500315878,111021.73854486899
1236186000000,036,341569.7203523096,110959.23567539417
1236204000000,004,339121.6454803783,111764.88212186558
1236207600000,013,342560.5016932769,109762.14134331119
1236211200000,036,341686.8409725927,111244.48654305875
1236218400000,022,339507.61200489,110450.35950112
1236222000000,022,340433.98757997854,110595.87934691583
1236222000000,036,342146.3123093399,111059.0020320111
1236225600000,022,341111.88317933446,110481.6134414504
1236225600000,036,341880.0150860327,111053.93601593828
1236229200000,022,341112.9259370572,110480.08063676808
1236229200000,044,341080.0182129074,110469.77762630148
1236229200000,036,341767.85111626465,110993.76574105829
1236232800000,022,341101.45886793156,110480.1108073939
1236232800000,044,341070.141659138,110462.54770373573
1236232800000,036,341048.70298139326,110858.12537502112
1236236400000,044,341062.2951726997,110530.49644605031
1236236400000,035,339514.6220474426,111260.48996430286
1236236400000,036,340795.5333115647,110770.42347328411
1236236400000,014,340317.52444284235,111090.92866808498
1236236400000,030,339938.5741860732,112986.63506505486
1236240000000,044,341059.8553372039,110541.86035974523
1236240000000,014,339758.55494600383,111773.07379419115
1236243600000,044,341056.66198648995,110475.41554950306
1236243600000,035,339991.7656714305,111408.81495508319
1236243600000,014,339716.1154324906,111752.64276729799
1236247200000,030,340302.782514915,112731.00502219751
1236247200000,044,341042.9612525111,110258.6264967131
1236247200000,022,339390.9269709258,110573.03719405545
1236247200000,035,339997.6274185499,111449.80083007523
1236247200000,036,341527.2194661345,111215.517726054
1236250800000,044,340775.71970643837,112584.56704351057
1236250800000,035,340242.2259142005,111770.96137757269
1236250800000,036,341521.073322852,111142.82261412927
1236250800000,017,341501.49802162196,113000.05857098616
1236254400000,035,340495.5440000111,112085.8311885238
1236254400000,036,341514.69089827384,111131.09920895829
1236258000000,035,340516.535141,112678.14031948072
1236258000000,025,339168.77079987153,112226.37292127898
1236261600000,022,339210.1522835986,110514.61106453865
1236261600000,025,339410.78737435985,111820.05244498102
1236261600000,043,339166.85174612235,111464.12717421992
1236272400000,022,340677.17433261184,112481.52622043173
1236272400000,043,340710.01524307195,112477.2704873301
1236276000000,022,339753.69172668655,111912.57161626194
1236276000000,043,339770.0786966027,111807.56498713126
1236297600000,035,340290.53028393496,111689.56547835046
1236301200000,034,340605.05143799476,112459.19522675172
1236301200000,035,341084.7939523209,110881.14206464363
1236301200000,028,340211.1952774281,109352.51838964026
1236304800000,030,339332.6918839123,111784.49763228546
1236304800000,035,341462.35306066443,110624.57374818203
1236304800000,003,339342.89815880137,111999.92444522776
1236304800000,004,339348.3757426827,112275.05944989211
1236304800000,028,341378.2286068221,110828.18967225403
1236308400000,035,340445.48188840074,110730.39263545652
1236308400000,036,341550.14352734457,111668.08463174931
1236312000000,036,341539.35045493336,111430.78586636216
1236315600000,038,339819.0698376369,112222.96125234883
1236319200000,035,340264.14781476645,111387.31631992233
1236319200000,036,341742.7428921591,111207.33813930137
1236319200000,014,339872.1396442277,111976.46573896507
1236319200000,004,340190.4059187044,112829.83372578448
1236322800000,035,340284.28044806,111402.61294981692
1236322800000,025,339425.27544491633,112260.00252542901
1236322800000,038,341917.3134062039,112077.3472936519
1236326400000,035,340184.7869513608,111404.23985082994
1236326400000,038,341208.0843023374,110908.52232808905
1236326400000,017,340903.8169399773,110104.2164599888
1236330000000,035,340090.6091939823,111410.91219580591
1236330000000,025,340207.8304454355,112446.7903409846
1236333600000,044,340978.26989746763,110229.78422228823
1236333600000,035,339988.7742531938,111465.67220131047
1236337200000,035,340229.16386233683,111788.47148086503
1236337200000,002,341633.42038856476,110682.40597071593
1236337200000,025,340131.81867692154,112427.07895431595
1236337200000,014,342532.8731425748,112049.25505217092
1236340800000,030,342643.81855486304,111576.69439366169
1236340800000,035,340482.7704315006,112110.62576862735
1236340800000,025,339179.7902385943,112221.58779468646
1236344400000,153,342716.7763734409,109856.52766470927
1236344400000,035,340131.3197006261,113050.71111473518
1236344400000,038,339563.99578636966,109807.80205294496
1236348000000,038,339231.36598559574,109875.05669906863
1236348000000,085,340768.0336287229,109994.06960293344
1236351600000,002,339956.0042421302,111902.13857217373
1236351600000,085,340693.0885564075,111232.74515296162
1236355200000,036,341559.46781418886,110897.64185782237
1236355200000,085,340688.82760250365,111313.12941390148
1236358800000,036,341558.3535686246,110904.6817584146
1236358800000,085,340688.20235247817,111314.38381310728
1236362400000,036,341552.7292137181,110897.07210833002
1236362400000,085,340688.66945950064,111313.47733222198
1236366000000,036,341543.79306892544,110925.67949701384
1236366000000,085,340685.1065125537,111313.5133546774
1236369600000,036,341544.32642059075,110919.18468093249
1236369600000,085,340683.74469175184,111314.60930154141
1236373200000,036,341551.42304593086,110912.77019365154
1236373200000,085,340685.09829855914,111314.1349117948
1236376800000,085,340687.37886670703,111310.05149180374
1236380400000,004,340011.1837484974,112339.27685054248
1236380400000,085,340688.5669786316,111307.91942638817
1236384000000,085,340687.3207886059,111305.07205917682
1236387600000,022,339372.7365526423,110497.72605556846
1236387600000,024,342703.68103609,110467.05695755922
1236387600000,036,341639.07652518764,111217.37045295708
1236387600000,085,340608.72495705326,111647.67360712386
1236387600000,043,339396.66990518686,110471.19170777375
1236391200000,022,340207.1973936213,110541.71779140715
1236394800000,022,340501.3983994961,110522.7390837015
1236394800000,035,339113.9508061486,110525.56522190299
1236398400000,036,341556.66152567643,111259.66282816329
1236402000000,036,341582.73887413274,111270.4187433887
1236405600000,039,343048.0008598992,112705.774810583
1236409200000,026,339430.1914338727,109631.12943469216
1236409200000,039,342578.0438930018,112061.65469759029
1236412800000,082,341100.21950368985,110674.10606138919
1236412800000,024,340087.3272277,110523.37221666197
1236412800000,025,339702.0147228677,111212.33380009008
1236416400000,043,341236.3915588685,110569.5593938742
1236416400000,022,341036.68479963206,110549.42525631789
1236416400000,025,340047.9846955969,111016.38604930288
1236416400000,005,340443.3571358796,112570.93507766804
1236420000000,043,339704.67234110675,110425.76087395834
1236420000000,022,339603.7914829184,110414.23109181182
1236420000000,034,340674.8665023673,112411.56879599474
1236420000000,025,339796.87893150054,111214.24981318571
1236423600000,043,339187.80354541686,110362.98777652117
1236423600000,035,339974.51909452287,111125.9341257363
1236423600000,002,340042.10483243974,112392.46696414484
1236423600000,025,339157.1350365435,111524.04273865574
1236423600000,004,339176.14087580866,110774.3495613035
1236427200000,035,340236.81413625047,111537.90745013526
1236427200000,002,340265.1293008635,110339.58136668234
1236427200000,004,340052.80347525113,111985.77607620304
1236430800000,035,340605.5539748606,112591.59128610494
1236445200000,036,341567.9122762229,111030.84513196717
1236448800000,036,341568.6015656986,110951.61187447354
1236452400000,036,341570.6055453175,110929.4044042054
1236474000000,022,339844.83384045784,110496.42495408427
1236477600000,022,340474.4709597812,110481.95971427638
1236477600000,004,340527.46143650764,112759.14714064547
1236481200000,004,340203.71101776685,111568.42053943103
1236484800000,004,340062.2429257081,111078.56141134062
1236484800000,039,342071.1644838956,112882.88745518147
1236488400000,004,339591.86532213876,110104.30773346442
1236488400000,039,341331.7818454277,111811.57397163793
1236492000000,025,340351.32308995555,112526.02231537271
1236492000000,004,339110.882766129,109854.91564526879
1236492000000,039,341141.47498152795,110779.3119459428
1236495600000,025,339832.8161015261,112390.19259514724
1236495600000,039,340538.67169646546,110249.41070820414
1236499200000,022,340890.39113071933,110623.34865009075
1236499200000,025,339501.83509279764,112178.58281597392
1236499200000,039,339244.7549027219,111865.40654043756
1236502800000,022,340891.9279339827,110633.42463412043
1236502800000,025,339360.23123772827,112157.15667508451
1236506400000,022,340481.40696813905,110610.47105757038
1236506400000,025,339414.5184871823,112186.92200444902
1236506400000,004,340540.5337489542,112559.25066257195
1236510000000,004,340613.6669046449,112556.52038315666
1236513600000,035,340682.31555346685,112505.12213834554
1236513600000,004,340558.1330184442,112746.98103177662
1236517200000,035,340477.4342698581,112617.48084940459
1236531600000,083,339484.59760986286,111525.8064046314
1236535200000,083,339274.6714565564,111354.54898425513
1236542400000,083,340949.79716476455,111815.47164293159
1236553200000,035,339161.0492260203,112901.59792148882
1236556800000,035,339961.7797740405,111723.07340130919
1236556800000,014,342768.7428519587,111950.88258866807
1236560400000,035,340487.9193493784,111232.4923785022
1236564000000,035,341104.5991284658,110967.42820555542
1236567600000,035,340841.3612771011,110749.91465519783
1236571200000,022,339591.10351335414,110543.7254196232
1236571200000,035,339854.2231761543,110766.38532525806
1236571200000,036,341499.7647759629,111220.12835622461
1236571200000,038,339212.60220681067,109386.37912454239
1236574800000,022,340347.72452382895,110505.77519138408
1236574800000,036,341544.97261433676,111030.58965488555
1236574800000,014,340329.1858027503,111181.96937918293
1236574800000,038,339233.59580508963,109410.61195702721
1236578400000,036,341657.03083639574,111078.98847745865
1236578400000,014,340968.4356041928,110973.4521640261
1236582000000,035,339767.0901681639,110783.8345439178
1236582000000,014,340818.60425568843,111008.74902231328
1236585600000,040,340963.1666566503,109215.16217833187
1236589200000,040,341866.127638161,109478.06431727212
1236592800000,030,340500.770616964,112964.57217841566
1236592800000,044,340622.9707227401,110249.84826526754
1236592800000,035,340239.81062749674,111669.70376572887
1236592800000,003,340546.1599983132,112906.84873200105
1236592800000,014,341216.9584480418,111516.38231448145
1236592800000,036,341597.1998872193,111157.1375600685
1236596400000,030,340482.1762549592,113026.26669886886
1236596400000,044,340544.5893686208,111320.87972271163
1236596400000,034,340183.3991731071,111997.4035429812
1236596400000,035,340479.2017334038,112030.4086881296
1236596400000,003,340509.46412656165,113022.26959649893
1236596400000,014,342207.61738535215,110536.98700375759
1236596400000,036,341660.6196797552,111210.15813295619
1236600000000,085,341132.0617382934,110051.63643528023
1236600000000,044,340600.35772800446,111307.73024818957
1236600000000,035,340568.58278873627,112143.11270225102
1236603600000,035,340530.5884104231,112622.74850124742
1236603600000,025,339315.9927524801,112861.67871987542
1236607200000,025,339532.7346903132,111854.65842219435
1236639600000,035,339322.72590657417,112756.60679733905
1236643200000,035,339933.00144561374,111517.45702399411
1236646800000,044,340736.68575145514,112230.24650161347
1236646800000,034,340968.82108465966,111781.87412213026
1236646800000,035,340001.8165125226,111378.72148743873
1236646800000,003,339139.68693924556,110728.47579003689
1236646800000,028,340631.7064655623,109570.30815043901
1236650400000,035,339982.56956866203,111369.05275790433
1236650400000,028,341333.25338857964,110759.55383912202
1236654000000,035,339398.09560757235,111236.96018611453
1236654000000,003,339168.2705147605,110500.3032244309
1236657600000,003,339666.60242100566,112066.4038895901
1236657600000,036,341586.79484137736,111326.50319904128
1236661200000,036,341770.862179135,111317.89399603821
1236661200000,014,341529.9366413606,110616.9151101199
1236664800000,014,341807.11382430326,109848.81181782734
1236668400000,044,340796.7626014008,110537.58139864409
1236668400000,035,339587.22193920653,111272.1997706251
1236672000000,035,340127.8702156596,111404.14298476056
1236679200000,082,340887.80414430425,110961.06555477795
1236679200000,034,339220.1017928762,111612.67371195328
1236679200000,014,339838.2896664906,111813.66447214602
1236679200000,036,341524.96513024456,111257.18066095668
1236682800000,082,340844.27906452736,110945.54068886439
1236682800000,035,340676.47917387175,112385.96781231469
1236682800000,014,341749.5002207914,111934.50827898143
1236682800000,036,341613.56231799757,111250.65080971521
1236686400000,022,340940.5904283634,110584.31233059766
1236686400000,035,340551.01297424093,112465.88495863354
1236686400000,014,342203.3733013668,111897.62741806323
1236690000000,022,340196.33105358435,110465.42243230101
1236729600000,035,339942.9694409647,111917.27159046446
1236729600000,014,342600.2691602525,111732.78885556651
1236729600000,036,341875.07033687574,111425.96193902423
1236733200000,022,339611.92360103654,110577.96441225495
1236733200000,035,340762.3450369276,111041.62183273816
1236733200000,128,340909.4844754959,111375.82439188307
1236736800000,022,340371.0477883485,110537.79051526505
1236736800000,035,341029.37460230076,110801.6502829708
1236736800000,014,341479.9806335113,111451.86454939676
1236740400000,022,340636.94252115715,110531.46004967064
1236740400000,035,340326.93653469137,110724.84856725519
1236740400000,014,340630.53580510314,110981.59656903727
1236740400000,025,340544.3592099506,109952.13164749059
1236744000000,022,341133.07146658533,110498.3912674593
1236744000000,035,339107.0771540595,110864.85222717193
1236744000000,014,340525.27871318365,111037.98084817709
1236747600000,022,341137.39688284515,110591.64263326845
1236747600000,014,341194.0995705037,109622.52854330884
1236751200000,022,341009.86302350165,111189.52050669443
1236751200000,025,341865.3899227903,109306.15235807262
1236754800000,022,340816.1516801829,111701.83405820494
1236754800000,035,339485.1682356734,111257.02308018228
1236758400000,022,340788.4964623833,112185.42377857953
1236758400000,025,339399.8507766037,111867.31186664371
1236762000000,022,341264.15548469155,112090.17997012218
1236762000000,014,340617.9270344427,110408.31171576999
1236762000000,025,339294.30239622854,111887.96873464763
1236762000000,017,342976.5337811057,110294.72793081887
1236765600000,082,341099.44529198867,110691.3434989176
1236765600000,022,341477.73072622594,111636.59728403867
1236765600000,035,340065.82154794806,111615.80576404862
1236765600000,026,339240.5504734729,111932.28128939588
1236765600000,017,342076.1576291331,112859.78118774871
1236769200000,022,341520.89038027514,111043.4315277221
1236769200000,035,340390.1799995507,111999.43583946538
1236769200000,014,340874.37905690155,112162.08887348059
1236769200000,026,339654.2053782983,112278.56542882665
1236769200000,128,341727.670985259,110124.98815620356
1236772800000,022,340816.2341300137,110556.56650377181
1236772800000,035,340509.78799017234,112116.74345224012
1236772800000,128,341819.6036988944,109960.36899438151
1236776400000,022,339895.41233600286,110383.89341759049
1236776400000,035,340527.9205461336,112625.1975332637
1236776400000,128,341843.31827104604,109903.42076329107
1236780000000,036,341879.1136745738,111365.46152645521
1236780000000,128,341644.34007069824,112604.52604511159
1236805200000,003,340418.56964955304,113020.74463355477
1236816000000,035,339572.2661321795,112253.10174541466
1236816000000,017,341522.9794058477,112479.54950410241
1236819600000,035,339995.5445715479,111368.87056562131
1236823200000,030,339993.89691871306,112542.04265203558
1236823200000,022,339623.11779586476,110575.17808210057
1236823200000,035,339659.1777586416,111292.58586832265
1236834000000,144,340347.4718718704,110138.0424346987
1236834000000,030,340214.54659376625,110158.61369951538
1236837600000,035,340261.0456407133,111387.36246903875
1236841200000,144,339347.74822684436,109085.58471148883
1236841200000,035,340164.34936395194,111399.12158589807
1236841200000,014,339863.53258525435,111771.13519257799
1236841200000,030,340334.2303123658,111559.17298716589
1236844800000,034,339459.4546858431,111762.84763122458
1236844800000,035,340105.6862472223,111402.07793437608
1236844800000,040,340547.8067455568,111094.38447908864
1236848400000,041,339534.4420673399,109188.68954292357
1236848400000,144,342327.8069885103,109992.59222919331
1236848400000,035,340013.1365633644,111410.65717202918
1236852000000,040,340915.935544887,110923.2706639533
1236852000000,035,339987.10317321797,111414.88561472665
1236852000000,014,339860.9837511755,111756.67985211355
1236852000000,036,341913.626401281,111293.20504463663
1236855600000,040,341357.6582355213,110736.79035687845
1236855600000,035,340226.1598756577,111742.98700168745
1236855600000,036,342018.51436663314,111370.81985061856
1236859200000,040,341361.91860476066,110737.1355023578
1236859200000,022,339879.24109851004,110646.44326322847
1236859200000,035,340476.3497248188,112060.16645755526
1236862800000,022,339178.66257687425,110467.57520706474
1236862800000,035,340332.6500223984,112870.12608170796
1236870000000,014,339854.41268770804,111762.79557307938
1236870000000,005,340977.7049772383,112026.2166128931
1236873600000,005,340699.9307874221,112569.50706099397
1236902400000,035,340496.3527561963,111708.58524729536
1236906000000,035,341718.3244248789,110621.5172978143
1236909600000,043,339349.9317907194,110506.87747426849
1236909600000,022,339462.55998195626,110549.07249845094
1236909600000,035,341638.2611783054,110616.92632416465
1236913200000,043,340187.9409484492,110457.25018938299
1236913200000,034,341858.2638600024,110937.42668581406
1236913200000,144,341586.0368752345,110680.81051237475
1236913200000,035,340532.69330959156,110724.33375079394
1236913200000,037,340863.73153583816,109090.88134047539
1236916800000,144,341234.8657574443,111461.88944191387
1236916800000,035,339317.5078924359,110853.3407517236
1236920400000,144,342628.0144935783,112602.9445410495
1236920400000,003,340700.7781180135,112593.66478765829
1236924000000,003,340598.77155189513,112842.60571498846
1236924000000,025,339729.5247270039,112390.51778954822
1236924000000,004,340218.75352773914,112067.81249314302
1236927600000,035,339499.0139124912,111256.14541356328
1236927600000,025,339261.63368563715,112129.17702875225
1236931200000,034,339313.715925365,109741.28435943602
1236931200000,025,339623.4304048501,111691.042912789
1236931200000,038,339176.2474325071,109844.21745970537
1236934800000,025,340486.3607439523,111345.7819936128
1236934800000,038,339152.62998824316,109859.35141480953
1236938400000,030,340478.19765593344,112511.13567611616
1236938400000,025,341644.54450641153,111162.05273316173
1236938400000,014,340025.1695487428,111376.45853000888
1236938400000,036,341495.00959860266,111601.01144162429
1236938400000,038,339104.41838232364,109907.05604981503
1236942000000,034,339766.6796615424,112182.65339763835
1236942000000,025,341425.24593944824,111517.96524414136
1236942000000,036,341628.88971898693,111520.86779578462
1236942000000,003,340534.6385642019,113003.53394213105
1236942000000,026,339151.49835039844,111359.45655075449
1236945600000,014,342166.18070211867,112470.2590265651
1236945600000,003,340666.5295905515,112782.28161346901
1236949200000,043,340973.2852595539,112075.72621179707
1236949200000,044,340539.6949225331,112689.37381588937
1236949200000,035,339709.06690922624,112322.63021463063
1236949200000,025,339121.37957599806,111950.96425285077
1236949200000,003,340631.85616065183,112815.94478938264
1236949200000,026,339153.7935573985,111630.66019042754
1236952800000,043,340839.8752995752,112247.27257525186
1236956400000,043,340581.87464659713,112195.68055715777
1236960000000,036,341664.6801167398,110973.38713767266
1236960000000,043,339736.9654239762,111634.27654734986
1236963600000,036,341601.41393742594,110920.97590885605
1236967200000,036,341621.467838939,110899.55915965617
1236981600000,085,340007.8820060291,111141.27901385997
1236988800000,035,339360.1986894811,112703.84635078548
1236992400000,035,339578.97740160365,112281.05837161602
1236992400000,002,340502.8152241063,109102.20440522132
1236996000000,043,339488.12417631666,110363.6655873695
1236996000000,035,340004.7833574266,111426.19101707784
1236996000000,002,340653.7616843989,110624.94099995891
1236996000000,014,342153.85026636696,109760.87526024686
1236999600000,043,340025.77864181594,110402.17120824543
1236999600000,035,340005.75209877756,111422.11841609007
1236999600000,025,339143.0706920782,112156.03801646878
1236999600000,014,341407.5756530358,110318.66997819909
1237003200000,043,340962.39146486664,110493.07483268803
1237003200000,035,340003.73358320614,111415.04398330716
1237003200000,025,339732.65462305764,112265.05453848808
1237003200000,036,341669.25999653514,111237.5133290813
1237006800000,014,341359.0489643526,110572.73889978157
1237006800000,038,339151.442543893,109956.96031239124
1237010400000,025,340181.06037294754,112257.32902517269
1237010400000,005,340569.6946672144,112869.61047896711
1237010400000,038,339339.85885655513,111365.5775680562
1237014000000,038,339262.2935809886,111318.53332557516
1237021200000,035,340285.3190311671,111864.3557519483
1237021200000,128,340248.1794250758,109373.1174180833
1237024800000,044,340985.91506764933,110223.64682683273
1237024800000,035,340502.51924939477,112122.22168829216
1237028400000,035,340579.1172559359,112210.42772410404
1237028400000,128,340257.67619847873,109339.54662457517
1237032000000,035,340735.4411295286,112370.68677097147
1237032000000,036,339627.571567618,111971.0735835656
1237032000000,128,340813.9447305843,109903.40718852496
1237035600000,035,340597.9940043905,112563.5951073544
1237035600000,036,341017.7785031941,111579.09892539018
1237035600000,128,341548.0806881601,110804.65203148958
1237039200000,036,341156.9503428088,111503.06365013953
1237042800000,036,341506.1160949987,111277.16242119092
1237046400000,036,341499.80291402136,111152.41713891462
1237050000000,036,341544.1009429253,111005.79610259885
1237053600000,036,341594.01877006696,110869.67387913073
1237078800000,039,341493.06534920546,112464.27850814727
1237082400000,004,339614.19026225765,112965.08031099293
1237082400000,039,339818.0052080428,111466.6452371901
1237086000000,004,339220.2061429601,111902.80338712035
1237086000000,039,339276.0210565306,111081.46186043245
1237100400000,039,341763.3402926639,111060.54831817534
1237107600000,010,340299.0584412277,111251.98376189037
1237107600000,026,339221.67685786524,111154.52401016589
1237107600000,039,341757.74173625285,111058.3889844387
1237107600000,128,342871.60081745114,110476.06058022281
1237111200000,035,340322.7192948484,113004.1619791261
1237111200000,026,339148.5313732787,112561.51745676267
1237114800000,035,340460.2242178503,112802.42562905666
1237118400000,035,340737.58534972375,112382.23584356159
1237118400000,004,340820.4865631596,109831.88872956927
1237122000000,035,340375.59796583693,112841.34282351355
1237122000000,004,340621.2268243109,110851.60705810827
1237125600000,004,339896.96181078255,112774.86679482687
1237129200000,036,341553.2765857939,110878.13318449227
1237158000000,036,341509.70146800106,111101.94161383821
1237161600000,035,339699.95879526134,112488.31626069339
1237161600000,036,341691.64555508073,111190.91405677127
1237165200000,035,340834.17316979135,111182.53460063401
1237168800000,035,341181.53778974485,110980.82084531034
1237172400000,035,340836.695258928,110781.53223544813
1237176000000,034,340390.2161158374,112611.37065587095
1237176000000,035,339847.48803296086,110790.7385186969
1237183200000,036,341868.7133792284,111154.918364481
1237186800000,035,339499.2261549957,111000.87990830113
1237194000000,003,339333.57701713184,111971.22699163257
1237194000000,004,340440.87354790984,113012.9300453051
1237197600000,003,339161.22623334423,110930.8089901458
1237197600000,036,341890.18690565176,111424.64218091793
1237197600000,004,340441.8462930985,112977.7488654792
1237201200000,035,340684.88841831015,112363.10377261012
1237201200000,036,342000.51756463165,111357.96154027802
1237201200000,014,342814.0909219437,110757.970755627
1237204800000,035,340719.76681459433,112357.5086257483
1237204800000,004,340471.3040644174,113049.08056916873
1237204800000,017,341969.5296137314,112615.18783219405
1237208400000,082,341055.83030344517,110653.55996827534
1237208400000,085,340612.00603941974,111049.7371624606
1237208400000,035,340521.1090854393,112624.07690578212
1237240800000,085,340475.4776457743,109123.52639590099
1237248000000,014,341731.33152690023,110870.54415530284
1237251600000,082,340860.33534118644,110858.72336874693
1237251600000,044,340727.7042652823,112204.85574646383
1237255200000,044,341058.0091305615,110428.03058985516
1237255200000,035,339343.79244386405,111158.76022930116
1237255200000,037,341380.53260411764,111724.06336684123
1237262400000,036,341564.90030948224,110902.11825924278
1237266000000,036,341837.0308152852,111163.6865355026
1237266000000,014,340341.7391105537,111193.15237021567
1237269600000,035,339191.6713352104,111173.29541537417
1237269600000,036,341924.5940603925,111272.84910955589
1237269600000,014,340745.03531694564,110467.78031590724
1237269600000,028,342269.6914264195,109819.93951534944
1237273200000,035,339781.5909956005,111316.40644126285
1237273200000,036,342109.28871478204,111445.27158474618
1237273200000,014,341088.21459839365,110344.08460751094
1237273200000,037,342324.7407419439,112125.71247784956
1237273200000,028,342162.2906609038,110061.56718432003
1237276800000,036,342118.5394177712,111384.15355706248
1237276800000,014,341229.7210112906,110131.09563057272
1237276800000,037,339299.05348086474,111421.0682159392
1237280400000,014,340912.50424802455,110638.42042144477
1237280400000,028,340853.67051463254,109206.55903106948
1237284000000,034,340977.24636474886,111536.89611780786
1237284000000,035,340345.39575016574,112249.97143418872
1237284000000,036,341789.1204626377,111175.29671751024
1237287600000,035,340541.75980681967,112314.15113580994
1237287600000,036,340369.309270378,111275.2986096043
1237287600000,014,339942.536244772,111504.29593520236
1237291200000,035,340608.5012423403,112328.57442179207
1237294800000,035,340556.2110521663,112537.57007719732
1237330800000,035,339197.41879856377,112910.47157933081
1237330800000,014,342919.02259730827,111985.26505628362
1237334400000,035,339982.1054672408,111613.57245277609
1237338000000,035,340760.90963283606,111029.06037564995
1237338000000,037,339237.52267486183,111235.16137693064
1237341600000,035,341120.29926696693,110774.72386660571
1237345200000,140,341350.36492217286,111298.33736576396
1237345200000,035,340406.2889508036,110721.00647189589
1237345200000,025,339534.84905837465,112036.75136739647
1237352400000,025,339503.94293078134,112161.1277425721
1237352400000,014,341847.69348623493,109731.07254543845
1237356000000,035,339743.48482225474,111289.04202668418
1237359600000,035,339825.0984237647,111329.70069350251
1237359600000,037,342713.81914535933,109543.69298957709
1237359600000,004,339704.54500166327,112459.3516202782
1237363200000,004,341873.5924530402,111598.08046992453
1237366800000,034,339618.08601308975,112158.50903615142
1237366800000,025,340993.22336845804,111808.41357909288
1237366800000,036,341862.87628849316,111351.79671673849
1237370400000,035,340526.00704078167,112325.39079955145
1237370400000,025,342097.87665045366,111338.51385368992
1237374000000,035,340632.0989872975,112347.79499313311
1237374000000,128,341589.5218060842,110769.39788962512
1237377600000,035,340671.2324425568,112349.57200511108
1237377600000,025,341734.2140455846,111318.68639228318
1237377600000,004,340806.7999965984,111098.95607599158
1237377600000,128,341735.9239252104,110297.44989656712
1237381200000,035,340699.1764065631,112434.74481184925
1237381200000,004,340545.3951621156,112258.34335886424
1237381200000,038,339325.3694618925,109840.1699695044
1237381200000,128,341782.4673214378,110142.32046968902
1237384800000,038,339290.1116136167,109840.40248488562
1237384800000,128,341625.38141460577,112300.36528549273
1237392000000,036,341569.0092636113,110912.0591454381
1237395600000,036,341576.7575452222,110900.8347266388
1237399200000,036,341569.85359889525,110906.33682815993
1237402800000,036,341557.6461131081,110912.02076517185
1237406400000,036,341520.2834550128,110889.43450189654
1237410000000,036,341514.72109681385,110873.47421556422
1237413600000,036,341513.7462489382,110863.99804510153
1237417200000,035,339173.1219186009,112875.97928849088
1237417200000,036,341530.9889951383,110880.82932885883
1237420800000,035,339855.2476598457,111671.10054587974
1237420800000,036,341555.33947775303,110981.14654279851
1237420800000,017,341581.38385670254,112654.34743265902
1237424400000,035,339997.70147536177,111375.5263687626
1237424400000,036,341719.4865545787,111128.87016639742
1237424400000,003,339241.52113809285,110222.29225537948
1237431600000,035,339219.36572259257,111210.32609108425
1237431600000,036,341899.6684976582,111312.71915151618
1237431600000,003,339859.35371602717,112712.54387982909
1237431600000,038,339109.78645292425,109874.13346030339
1237435200000,036,341673.67657822603,111136.83538381393
1237438800000,036,341644.6555405984,111070.50832853113
1237438800000,003,340377.40252944396,112885.24819358802
1237438800000,017,340504.0553541139,111165.18026541645
1237442400000,036,341675.18695554417,111037.18130485357
1237442400000,003,340454.301989699,112450.4747042906
1237446000000,035,339634.1034350207,111286.16983551614
1237446000000,003,340459.5453834862,112671.85583087931
1237449600000,035,340102.2138764429,111422.96199472873
1237449600000,036,342045.6315831415,111134.59526806636
1237453200000,035,339968.52363032964,111426.29277409425
1237453200000,017,340459.8676277737,110931.4296248005
1237456800000,035,340021.6418039989,111502.01216542185
1237456800000,036,341888.15646351164,111365.745286186
1237456800000,017,340185.48700618173,111329.02961985198
1237460400000,153,341300.90446264175,110077.34473662052
1237460400000,034,339173.4778113092,111818.46942712877
1237460400000,035,340287.56908988376,111812.9186949687
1237460400000,036,341575.25196441496,111379.20378940395
1237464000000,153,341006.30728262407,110377.84891179236
1237464000000,035,340555.1747465218,112122.6207331589
1237464000000,017,340951.78226051293,112888.1492270141
1237467600000,035,340564.29213942593,112618.54919946585
1237467600000,153,341171.54107436584,110194.64682332851
1237507200000,035,340470.71021583927,112025.43376587445
1237510800000,035,341711.589301206,110629.98815033256
1237514400000,043,339711.4332823294,110453.05198250184
1237514400000,035,341449.34757720336,110711.2475744619
1237514400000,037,339467.3272036924,112033.66153565732
1237514400000,028,340243.22129382315,110929.29233810982
1237518000000,043,340392.843550666,110450.31471653278
1237518000000,035,340352.79626792244,110821.67406681622
1237518000000,028,340223.31911275745,111018.4636747592
1237521600000,044,340984.1272841436,110192.7710403266
1237521600000,035,339133.3676811212,110946.95013127061
1237525200000,044,340974.9709562501,110229.93920042206
1237532400000,035,339461.3256690945,111253.59646752379
1237536000000,035,340008.2318254398,111393.16367818166
1237536000000,037,340244.6607687671,109916.47558826864
1237539600000,035,339965.47666997125,111406.4260137168
1237539600000,024,340409.3670279911,112471.83615043471
1237539600000,036,342071.8151063393,109402.94657017148
1237543200000,035,340136.1358409496,111634.78543724121
1237543200000,003,340458.19955750956,112819.59045872874
1237543200000,036,342050.8828775422,109539.47756614121
1237543200000,038,339387.1113818145,109264.03507380457
1237546800000,030,340511.8010372268,112928.2494976672
1237546800000,035,340396.79907984537,111955.25458053604
1237546800000,036,341995.29037626815,110138.50496654473
1237546800000,038,339315.31500794104,109277.6243756765
1237550400000,043,340991.97789128765,110491.310090387
1237550400000,022,341123.95788861415,110481.43997452155
1237550400000,035,340662.3539710294,112270.30096646633
1237554000000,043,340029.0980375272,110416.68778718333
1237554000000,035,340719.37628149724,112409.4050253447
1237557600000,004,339649.9057380242,112627.86587563923
1237604400000,022,342684.1128920638,111219.41709307686
1237604400000,035,339634.68191952445,110980.4730522512
1237608000000,022,342167.69912528474,110969.06428046177
1237611600000,022,341125.2547621042,110498.75839054136
1237611600000,036,339342.76580836857,109514.66317106597
1237615200000,022,340267.00189622503,110404.30037800585
1237615200000,035,340662.6600422832,111253.22458175516
1237615200000,036,339328.4662996749,110910.87124537506
1237615200000,039,340192.1017861235,112370.22032109882
1237618800000,022,339552.1592381068,110219.59692496294
1237618800000,035,340662.94566459337,111258.16586181508
1237618800000,025,340029.62341834255,110445.9058478729
1237618800000,004,339643.5371956411,112390.83077722779
1237618800000,039,340592.78094446776,112602.20181711216
1237622400000,035,340663.5200977718,111259.2084530795
1237622400000,025,340256.17625964835,110123.77767618292
1237622400000,004,340644.2916865135,110234.8061752232
1237622400000,039,341074.46899614664,112767.12130495305
1237626000000,022,339158.26540994085,109866.59804852873
1237626000000,035,340588.5994279856,111292.33164241993
1237629600000,035,339965.60334827943,112265.4424670018
1237644000000,004,341105.9492421816,109281.45360731964
1237647600000,004,339971.5162204157,111859.00276715872
1237672800000,038,342936.73520081746,109272.59773560226
1237690800000,004,339553.46733174485,112465.23017058522
1237694400000,004,339197.74883999047,111559.60231701318
1237698000000,039,342298.4982737977,112823.27953493112
1237701600000,039,342165.42565538274,112261.15366031113
1237705200000,025,339610.0128439579,112267.9970827157
1237708800000,030,342168.66697972035,110667.99206844009
1237708800000,036,342264.13720960834,111770.75838525363
1237712400000,030,341000.6400530738,111236.23473118932
1237712400000,044,340111.88294818904,112812.85581858017
1237716000000,030,340613.2784718629,112592.33752208603
1237716000000,044,340335.7655733847,112670.16627409915
1237716000000,004,339216.0362523772,109888.17724876749
1237719600000,035,340560.6229736025,112670.4070355944
1237719600000,004,339174.4938995902,109879.27479768351
1237723200000,035,340619.61012678355,112571.4743497584
1237726800000,022,339394.1044394315,110022.06500312628
1237726800000,035,340575.57891837734,112573.71836151458
1237726800000,039,341949.30979130935,110685.86878399993
1237730400000,022,342053.5139001918,113038.14678897093
1237730400000,036,342104.158068657,111720.5349766052
1237730400000,039,342568.5329611128,111449.26283590257
1237734000000,036,341570.94146685937,111072.40822088513
1237737600000,036,341548.1953658191,110952.76271933655
1237741200000,036,341547.2185848088,110912.4997742661
1237744800000,036,341539.98979049193,110907.90117837737
1237748400000,036,341484.91764683265,110861.08948474894
1237752000000,036,341481.70238576015,110888.35462972308
1237759200000,085,340574.93212305586,110571.3975315462
1237766400000,035,339946.0013720692,111981.85220648604
1237766400000,036,341409.91285411816,111282.90556298156
1237766400000,017,343041.1462362488,111688.62165156374
1237770000000,035,340538.11074604763,111252.11530392054
1237770000000,037,341125.54746859876,109681.1554513699
1237773600000,035,341060.3210604417,110989.65431490999
1237777200000,034,341915.6205980646,109829.26660192518
1237777200000,035,340336.66305184364,110836.34103134398
1237780800000,044,340950.4760810935,110112.3200912263
1237780800000,036,341617.916829284,110941.91416856267
1237784400000,044,340954.0223809836,110222.45317597184
1237784400000,036,341649.17834774574,110976.31390752141
1237788000000,040,341084.4808437303,110435.84535622007
1237788000000,035,339291.8847063239,110747.95988755781
1237788000000,036,341892.3584558238,111041.72245300499
1237791600000,036,342027.087020861,111179.62481969985
1237802400000,036,341526.37061745004,111274.20446971596
1237806000000,036,341587.7864374835,111253.4469270035
1237809600000,082,341035.3353420731,110690.20931066586
1237809600000,036,341772.31935790967,111253.25459666162
1237824000000,036,341575.7122922592,110912.48653780654
1237827600000,036,341571.2635072932,110929.0568789989
1237845600000,085,340474.9411514079,109683.82505669954
1237852800000,040,342635.0010073835,109137.81050160853
1237852800000,036,341759.19180384255,111415.69219866004
1237856400000,040,341807.18763382925,110006.81929153048
1237860000000,140,341749.7525074762,111664.77577662985
1237867200000,036,341500.9036621053,111201.63496607692
1237870800000,044,340733.24798626546,110366.2280658967
1237870800000,036,341538.39465695503,111078.66326353417
1237874400000,022,341027.79343332007,110620.63047525461
1237874400000,036,341612.1062522498,111178.77440813174
1237878000000,022,339705.3649839258,110414.34106617131
1237878000000,036,341752.5795371986,111257.2882300169
1237885200000,036,341898.7997612414,111495.07914886312
1237888800000,036,341771.97824724845,111419.82155741157
1237892400000,128,341503.17776829586,111388.45047148784
1237896000000,128,341509.15759526344,111143.08658825922
1237899600000,003,340507.04968084546,112969.79282261049
1237932000000,085,340495.4775916032,109069.17681244157
1237935600000,003,339209.6859976009,112167.5760938902
1237935600000,004,339153.22328335175,112062.5470605964
1237946400000,140,341073.6832866308,110809.3927588279
1237953600000,037,340251.9590557515,109429.84605224968
1237960800000,003,339877.5903021095,112441.43873108756
1237960800000,004,339908.9561990372,112449.12144723903
1237971600000,044,340659.6296649124,111849.32302210858
1237971600000,024,343035.0643575762,111626.67091465835
1237975200000,024,342979.3279870006,112871.12692149793
1237975200000,026,340149.85620625195,113024.59947629261
1237978800000,044,340953.53338292235,111485.49894395904
1237982400000,044,340749.0837565571,112398.27008021454
1238007600000,083,340096.01041581895,111124.6657398992
1238011200000,083,340277.16170973075,110985.65553138201
1238025600000,017,341618.0655210505,113051.18537805662
1238029200000,022,341028.1503505495,110508.65960719308
1238032800000,022,341092.48007989547,110507.3965161273
1238036400000,022,341098.1530474991,110498.94121006613
1238036400000,140,342749.1221063612,111522.44139802095
1238040000000,022,341120.1442497051,110489.24214062572
1238043600000,022,341100.65937788395,110481.03021496806
1238047200000,022,341102.85153750336,110489.97282538575
1238061600000,034,340831.5286694148,112666.1828529509
1238065200000,022,340967.641905413,110272.8665245644
1238072400000,022,340022.2950793735,110050.99473884853
1238104800000,085,340475.0012535469,111356.49262330934
1238108400000,085,340710.41784876183,109186.68447844218
1238112000000,022,339651.1854779021,110513.75798314999
1238112000000,043,339817.7459725173,110554.06676939034
1238115600000,044,340954.510525362,112767.1531737226
1238115600000,022,340370.43811906385,110527.36482422783
1238115600000,043,340480.21614812274,110613.66189786981
1238119200000,140,342784.08936973044,111078.02430266669
1238122800000,037,342484.95729812555,110715.29968763106
1238155200000,082,341279.34270649846,110683.41922517476
1238216400000,068,339309.73978044715,110318.8490320966
1238216400000,017,341513.16898931016,113016.9199890958
1238230800000,140,342215.88073362573,111177.05529708654
1238238000000,140,341233.9570488803,110686.04576492363
1238238000000,153,340827.10848465,110648.95919163885
1238284800000,085,340601.1073453681,111389.51261583454
1238288400000,037,341135.9767247051,112127.3640269365
1238292000000,037,341090.4122113208,111443.50437270851
1238320800000,128,339414.34697808925,110778.16034921566
1238324400000,128,342034.1955598497,112813.78475474202
1238371200000,017,342673.00289741857,112840.9942549735
1238374800000,037,341999.96164618654,109300.62855137418
1238378400000,037,342681.1973461175,109484.23639412283
1238382000000,037,341781.9188584785,109709.48008205199
1238382000000,140,342164.72232085915,111422.02623343865
1238396400000,128,341481.27247781627,111707.24369967692
1238414400000,082,341034.3754484365,110684.00189945761
1238454000000,035,339135.4748983141,112844.04474369976
1238457600000,035,339857.37231515045,111663.99474848299
1238461200000,035,339987.2056456753,111380.88676721533
1238464800000,035,339472.6818302758,111271.71026451985
1238479200000,035,339256.3480225053,111180.1697182771
1238479200000,037,339899.5612322637,110741.29547453618
1238482800000,035,339525.7523159493,111257.5439071328
1238486400000,035,340095.7256659439,111401.63879689212
1238490000000,035,340010.3637901586,111409.21469638096
1238493600000,035,339983.47074242606,111394.30741223974
1238493600000,014,340410.59606310644,111048.39102925871
1238493600000,037,339629.69679956575,110017.93165230718
1238497200000,000,339747.3170993219,112774.67605435319
1238497200000,035,340228.28146881534,111696.90583080564
1238497200000,003,339747.3170993219,112774.67605435319
1238497200000,014,341455.2033215581,110259.33826234152
1238500800000,035,340476.95916147326,112022.18566236929
1238500800000,014,342435.96597861167,110734.31413784396
1238504400000,035,340180.12441764266,113002.64181542983
1238536800000,085,340439.98676617024,109318.79374289054
1238544000000,035,339461.34250965196,112792.08918276394
1238544000000,014,342446.78159247164,111105.27061207464
1238547600000,035,340559.5165091792,111326.82998573473
1238551200000,035,341443.8139758271,110757.03438479839
1238551200000,025,340282.59331883676,111395.78772398163
1238554800000,035,341218.80383667274,110615.09245368208
1238554800000,025,341208.5279854187,111316.73784669724
1238558400000,025,341576.0457182634,111310.21270114096
1238562000000,025,341298.36660334864,111512.70259452432
1238565600000,035,340258.0040815537,111376.03616985344
1238565600000,014,340564.63816412014,112040.8572360796
1238569200000,035,340116.24111404887,111399.05934527947
1238569200000,014,340391.7877156639,111910.22631483345
1238572800000,035,340073.2600941758,111404.72065128956
1238572800000,014,340143.60654565116,111838.53017202958
1238576400000,035,339980.4989461996,111418.17027441379
1238576400000,014,340386.9889482787,111746.2132653183
1238580000000,035,339985.8158492037,111399.74414629051
1238580000000,014,341653.1905062224,111330.0613804616
1238583600000,035,339915.25286341837,111335.82289527128
1238587200000,035,339865.54609221144,111262.18990099929
1238587200000,128,340724.4310725606,112442.81342873312
1238590800000,035,339655.1536466188,111589.2045634181
1238594400000,044,340868.36908889096,112133.19328672742
1238598000000,044,340881.220913076,112083.48244752173
1238601600000,044,340626.63732868736,112826.04986010736
1238623200000,035,339427.928475366,112524.38997527034
1238626800000,035,339615.7962117931,112140.47742815582
1238630400000,035,340157.45349603915,111238.63699777525
1238630400000,017,342585.3795690846,112971.38494557334
1238634000000,035,340336.8317768531,111126.92878780597
1238637600000,035,339734.9750215853,111364.36352555326
1238637600000,028,340328.2600384381,109676.35298920011
1238652000000,035,340096.19653877226,111032.76707026767
1238655600000,035,340198.7326126701,111162.79628844786
1238659200000,035,340295.02075148054,111274.85262679493
1238662800000,035,340118.0660016462,111407.4841983813
1238666400000,030,340469.5814088097,113021.59530502131
1238666400000,022,341094.6921060758,110537.05259570357
1238666400000,035,339991.2716746146,111421.63227269128
1238670000000,022,339894.6555265753,110262.44103467255
1238670000000,035,340248.34657683584,111740.71645742892
1238673600000,022,339506.081060066,110195.08878276742
1238673600000,035,340501.13286526647,112068.74188395846
1238673600000,025,339344.142207249,112120.14703673235
1238677200000,035,340257.68753319426,112994.63596872873
1238677200000,025,339291.68036364025,112146.87963466188
1238677200000,039,341650.6668354419,113052.22072351922
1238709600000,085,341082.24707827996,109207.50108961816
1238713200000,035,339627.48388043186,112124.03793200057
1238716800000,035,340065.3341488073,111320.25499858816
1238720400000,035,340686.72703651845,111055.134801222
1238720400000,014,342371.0903159125,111921.08583270232
1238724000000,035,341282.77673341386,110798.97801909862
1238727600000,035,340827.47662823997,110656.89065785678
1238734800000,035,339483.78667214245,110906.73526288343
1238738400000,035,340341.11155775795,110979.58054422948
1238742000000,035,340290.22402193357,111124.71502599462
1238742000000,014,340145.9405104949,112655.2167177947
1238745600000,035,340244.5149241315,111256.73163646628
1238745600000,014,340180.5914927641,112161.23865254913
1238749200000,022,340169.97686630796,109063.12447022091
1238749200000,034,341855.6914329113,111926.2940480089
1238749200000,014,340425.49799561716,111280.67519820524
1238752800000,022,340494.7694723837,109533.1417121654
1238752800000,035,339999.6681238461,111385.54037564251
1238752800000,037,339371.4658092105,111273.53420724616
1238756400000,022,340714.9998314134,110077.55877946461
1238756400000,035,340306.68718627025,111780.76933119896
1238760000000,140,341443.84628538106,110674.92934523079
1238760000000,022,340400.5998128177,109386.47754138202
1238760000000,035,340446.987812526,111978.90374113435
1238760000000,014,342957.80577039544,112159.5763442306
1238763600000,140,341329.1423505155,110694.79956585773
1238763600000,035,340580.48304235935,112463.36162283491
1238763600000,017,341154.8390345919,112296.81525240795
1238767200000,140,342724.2788330382,111204.23819719876
1238767200000,017,341346.3603530654,112647.95622485546
1238796000000,041,340534.0951954357,109705.91404390679
1238799600000,041,339236.4050095257,110909.86446095587
1238810400000,037,339798.2589545229,110403.26859119683
1238810400000,085,340553.9386335051,111306.9255625049
1238814000000,085,340700.6713191098,110602.23783943303
1238814000000,035,340784.49423836224,111041.27008946595
1238817600000,037,342486.9323615713,109181.87912038372
1238821200000,004,339250.69220541796,109754.90770744206
1238824800000,085,341378.0997061044,109966.05870488899
1238824800000,037,342897.2703097015,109097.6012006782
1238839200000,035,340292.2984206356,112840.01010388727
1238839200000,025,340641.6400562461,112313.2271392089
1238842800000,000,340274.8978057912,109538.26581639866
1238842800000,003,340274.8978057912,109538.26581639866
1238842800000,025,339717.9500103979,112238.13700411803
1238846400000,025,339488.7424046093,112253.86048234518
1238850000000,036,342120.9621443233,111128.73475341061
1238850000000,004,339815.0313496275,109099.77077970775
1238896800000,004,340564.9329738529,112913.68530283579
1238900400000,004,339692.7085279508,112172.11305390544
1238904000000,004,339281.23585742054,111319.72956552643
1238904000000,026,340893.71338466747,112259.56414074765
1238907600000,085,341062.41807632067,110180.1753068259
1238907600000,026,341218.3892879766,111471.54912782305
1238911200000,026,341836.5061577917,109874.1306574202
1238914800000,000,341543.0499470949,111315.53477897756
1238914800000,003,341543.0499470949,111315.53477897756
1238914800000,026,341895.76314274466,109883.40937046228
1238918400000,085,341130.7431817008,109949.24059505605
1238922000000,085,341061.787927974,110276.38755386739
1238925600000,017,341416.0601652112,111362.74105857426
1238929200000,017,341419.1039586953,111343.64097482293
1238936400000,035,340136.6538799355,113053.29412935046
1238936400000,004,339224.506995193,111501.05573719891
1238940000000,000,340569.4101114071,111600.16765543428
1238940000000,003,340569.4101114071,111600.16765543428
1238943600000,036,341485.9634332152,111076.39851342175
1238947200000,036,341512.5006170479,111013.21552615345
1238979600000,085,339971.75221802,110090.02561957335
1238983200000,000,339132.6843110098,112969.99635194878
1238983200000,003,339132.6843110098,112969.99635194878
1238990400000,036,341411.5560023578,111236.81689281276
1238994000000,034,340416.2439492384,112908.1865608126
1238994000000,036,341540.87537601177,111219.24586573205
1239008400000,000,340380.2573400949,112971.87157983957
1239008400000,003,340380.2573400949,112971.87157983957
1239012000000,000,340438.38399999455,112725.76879473151
1239012000000,003,340438.38399999455,112725.76879473151
1239012000000,036,341504.81401598465,111275.28089358473
1239012000000,128,341252.2681236842,112930.22580423972
1239015600000,035,340309.14684711065,112865.02660656949
1239015600000,036,341398.28867921146,111254.91184778306
1239015600000,004,340480.539083806,112954.50657757104
1239019200000,035,340746.89180813346,112363.19248918124
1239022800000,035,340317.85779101145,112918.0757414408
1239055200000,085,340549.84737832187,109878.92527953601
1239058800000,035,339443.77449768386,112524.16690704555
1239062400000,035,340047.39907743596,111407.0979259816
1239062400000,014,342940.3167335091,111930.49250569486
1239062400000,017,340290.70956866513,112456.78292470226
1239066000000,034,339585.62408914225,112181.9585918192
1239066000000,035,340122.3315691073,111421.4163237128
1239069600000,035,339862.0483851782,111354.20401282083
1239073200000,036,341655.81258001644,111270.58933393957
1239073200000,140,342577.91569234943,111444.83246686959
1239073200000,043,340191.52273924573,109132.21580480113
1239076800000,036,341592.254974516,111107.46075411647
1239076800000,043,340630.6159631461,109939.46918757803
1239080400000,025,340353.5782449307,112850.7775879117
1239080400000,043,341113.20580927044,110498.20317046648
1239084000000,014,339877.45561202575,112082.51953127289
1239084000000,036,341651.2141390481,110997.86147515904
1239084000000,037,340470.73454473994,109429.48631168535
1239084000000,043,341156.5020760425,110485.21921821323
1239087600000,043,341144.50542640005,110485.8098522118
1239091200000,035,339515.7160976008,110979.6612360907
1239091200000,014,339814.9705421035,111799.94365970703
1239091200000,043,340539.7471562756,110442.54706329845
1239094800000,036,341508.1198466945,111302.93009914875
1239098400000,034,340541.77113960765,112417.03992530255
1239098400000,014,340080.16225199506,111477.75834182033
1239098400000,036,341517.900509472,111289.65916220626
1239102000000,084,341042.5475936609,110657.39507006349
1239102000000,035,340716.8182219342,112330.29210851839
1239102000000,014,340326.1769307882,111121.41901940649
1239102000000,036,341560.7700180753,111300.55975049007
1239105600000,035,340719.6039890826,112355.39505945123
1239105600000,037,341104.26531950687,110415.2345362931
1239105600000,026,339462.03465753025,111820.62936957757
1239109200000,035,340720.7197108529,112363.64381424244
1239109200000,026,339105.98464826273,112188.66547354776
1239112800000,035,340141.91664345254,113052.95688811917
1239141600000,085,340587.9252092525,110055.87404018313
1239148800000,044,341100.08307932847,110719.28880570937
1239148800000,035,341223.59927790554,110716.89390638207
1239148800000,017,342655.66549745155,112634.94854885156
1239152400000,044,341067.8122348946,110640.33614370257
1239152400000,035,341554.6498629147,110640.50506374532
1239156000000,044,341046.4166643711,110670.08326998896
1239156000000,035,341576.3861931712,110629.0374318995
1239159600000,043,340983.9407501887,111224.39793360175
1239159600000,044,341043.4950963933,110590.20118068758
1239159600000,022,340919.0992769722,111767.32690889765
1239159600000,035,340578.0564288841,110713.83183586439
1239163200000,043,340906.9266735902,111823.98093075427
1239163200000,022,340883.56704377115,112101.00019564698
1239166800000,043,341111.0942498191,112053.9863567128
1239166800000,044,341063.60376549774,110477.32189415088
1239166800000,022,341096.47372134,112238.03905900521
1239166800000,026,340716.0645983084,112166.0270587579
1239166800000,037,340087.7405098643,112065.86052561608
1239170400000,043,340273.1644581137,111841.53970837455
1239170400000,044,341058.1320110642,110499.6132752682
1239170400000,022,340263.2370860273,111877.71155579745
1239170400000,035,340319.1138520329,111382.6271375684
1239170400000,026,340837.3819731456,111638.9094777991
1239174000000,043,339571.4246552088,111040.04457138076
1239174000000,044,341075.58653271274,110465.77006110235
1239174000000,035,340209.6418055756,111396.69909381561
1239174000000,026,341085.3940587617,110518.39042332674
1239177600000,044,341081.8831449899,110424.77980514661
1239177600000,035,340135.0001323204,111400.25794168499
1239181200000,035,340025.8521801179,111407.8487402106
1239181200000,036,341898.4977243035,111423.83693116243
1239181200000,037,341430.0267287541,109611.80849478712
1239184800000,030,340494.27709772566,112980.1009806767
1239184800000,035,339988.1452720302,111398.49813752847
1239184800000,014,342442.09245086496,109674.18519063928
1239188400000,030,340486.8159287707,112956.26362348587
1239188400000,035,340223.2077633184,111710.68136297737
1239188400000,014,342523.6244351983,111611.84848475928
1239192000000,035,340468.4007291306,112035.7024919068
1239192000000,036,342099.6740222853,111305.26597009638
1239192000000,017,343036.2307258369,110419.80164890307
1239195600000,035,340359.6189689355,112786.87062263222
1239195600000,036,342111.66431928123,111299.26643925767
1239195600000,038,339145.8912697201,109056.17789663863
1239195600000,017,341574.6533549069,111092.48945370468
1239199200000,017,341184.7817442659,112878.4374067239
1239202800000,038,339755.9958938684,112417.31586023171
1239224400000,035,339628.71333541535,112122.22188909627
1239228000000,035,339808.186069163,111754.2296161271
1239231600000,035,339872.3721175293,111634.33757823869
1239231600000,040,342522.24550073076,110015.02043962899
1239235200000,022,339117.53402673354,111366.90237681154
1239235200000,035,339990.5842165128,111389.74819208974
1239235200000,025,340486.019180744,109853.39799555605
1239235200000,017,342764.27263490815,112395.44202300254
1239238800000,084,343059.36138270336,109213.95148590143
1239238800000,022,339268.851472647,111458.27723009184
1239238800000,036,341963.257654623,111241.09614260586
1239242400000,140,343009.1756082834,111872.51758331447
1239242400000,022,339203.04090683506,111413.14494665853
1239246000000,014,341649.49178076757,109079.7509490874
1239249600000,036,341558.9292042142,111260.26283100212
1239253200000,025,342355.3163102435,109665.35453749273
1239253200000,014,341091.9728535531,109491.58412740337
1239253200000,036,341561.21575073514,111088.63070816209
1239256800000,014,340489.28730469075,110338.7696867889
1239256800000,036,341619.5558524565,111068.63350283839
1239260400000,035,339106.1675567212,111172.8396055074
1239260400000,004,339891.2830820007,112686.5336903351
1239267600000,035,339990.3020186489,111410.04775399354
1239267600000,036,342037.1678273245,111198.71410055702
1239267600000,037,342972.6298328044,109075.1050192754
1239271200000,035,340013.6636527288,111456.15189611912
1239271200000,014,340326.28097821976,111165.80354869834
1239274800000,035,340258.8687435496,111768.35401710542
1239274800000,025,339365.63999883144,112458.58995970561
1239274800000,037,340151.4786541056,111348.75722366723
1239278400000,035,340504.5082630064,112088.60435180391
1239278400000,014,341501.3630283786,110465.99679718376
1239278400000,025,339110.6536878017,112340.44660192734
1239278400000,128,341117.0412770168,110720.80459473215
1239282000000,030,339797.49929827376,110293.61515799361
1239282000000,035,340434.0821528116,112818.40618076513
1239285600000,030,339898.9369217369,110617.55492138816
1239318000000,035,339435.19928437175,112549.6719257626
1239318000000,017,341804.28874966217,112749.2865518994
1239321600000,022,340081.87852859567,110410.35838331674
1239321600000,035,340242.30315366015,111261.79375248443
1239321600000,017,342803.34897206526,111962.1557820585
1239325200000,022,340601.6570736421,110445.60405585456
1239325200000,035,340789.92963806004,111031.60282757944
1239328800000,022,340778.0070391722,110457.67945857624
1239328800000,035,341123.6039196525,110773.00608376846
1239332400000,022,341133.60057870724,110476.99883785815
1239332400000,035,340375.5757214633,110718.6700752827
1239336000000,022,341134.72635071963,110479.36631629242
1239339600000,022,340951.9539007658,111075.67899959291
1239339600000,044,341045.4562520471,110433.85585153829
1239339600000,036,341617.1933359587,110930.89259678373
1239339600000,028,341896.2808047482,111182.70494055994
1239343200000,022,340891.86596616666,110963.96152739467
1239343200000,044,341064.57733526465,110464.77137302727
1239343200000,035,339507.7398636886,111244.81421095057
1239343200000,036,341809.22607919713,111021.43940949775
1239343200000,028,340124.3896514331,110162.33773459082
1239346800000,030,339648.36405125423,112829.6084931543
1239346800000,022,341429.9612590691,110679.00437391365
1239346800000,044,341072.783424788,110435.40721442555
1239346800000,000,339824.6521372409,112843.84906013668
1239346800000,035,339726.01788075134,111296.5765599209
1239346800000,003,339824.6521372409,112843.84906013668
1239350400000,022,341617.81260917126,110082.52637018815
1239350400000,034,340499.7733318135,112907.0274620145
1239350400000,035,340186.9762128044,111400.3950173158
1239354000000,022,341672.7354103359,110199.71990474341
1239354000000,035,340043.20820585825,111394.56791764207
1239357600000,035,340004.5098744614,111419.1308026361
1239361200000,084,341652.78782166797,110501.00802171904
1239361200000,140,340230.4757771578,109242.47093495989
1239361200000,044,340541.15526302095,112475.12771926488
1239361200000,035,340256.5196899656,111750.77635588923
1239361200000,036,341398.8413120296,111275.83963082446
1239364800000,044,340555.84060727886,111953.7946996479
1239364800000,035,340510.81768839626,112085.83071946875
1239364800000,036,341486.057205779,111288.18419313544
1239368400000,040,341813.3593328399,109775.05282539582
1239368400000,140,340503.1644442612,109772.56878197353
1239368400000,035,340726.0648429661,112397.3126860598
1239375600000,140,342453.26764109905,111019.88749396618
1239379200000,036,341505.24116241094,111252.56913511254
1239382800000,036,341515.4360697843,111099.69969898614
1239386400000,036,341506.25208392716,111023.12958935024
1239411600000,035,340404.0209545564,112864.54309877192
1239415200000,035,340374.9207572227,112357.82527195779
1239415200000,036,342130.54262112384,111239.0063113736
1239415200000,085,340572.2824237701,111176.90684054398
1239418800000,036,341844.5143899305,111350.48200520796
1239418800000,040,342664.687899181,109404.68316609989
1239418800000,085,340508.9853667405,110927.86100353829
1239422400000,035,340472.37960132957,111682.96391712701
1239422400000,036,341784.6703411498,111315.53712062335
1239426000000,035,340685.07059781393,112208.94068657159
1239426000000,039,342246.3956363506,111977.28063755693
1239429600000,039,342146.0742345775,111633.74980615647
1239433200000,035,340739.7888877333,112396.1281876312
1239436800000,035,340733.21097978856,112391.70197408873
1239440400000,036,341602.65743513557,111530.89080739861
1239444000000,035,340745.89204323234,112369.37077482743
1239444000000,036,341640.175593343,111515.64280707327
1239447600000,044,340989.88744541776,110287.47955409721
1239447600000,035,340756.8817513348,112360.87374006113
1239447600000,036,341785.28426033194,111455.90220791857
1239451200000,035,340746.8735063305,112366.03282793572
1239451200000,039,341614.6595158865,111000.71558357449
1239454800000,035,340495.8883358951,112749.30764438822
1239454800000,039,341855.47394694085,111097.10624041548
1239458400000,039,342273.26169820054,111809.9967469626
1239465600000,022,339380.74264168466,111698.23013200492
1239469200000,022,340109.4920692048,112008.98386708443
1239476400000,022,340438.96836311824,112238.52872843487
1239480000000,022,339291.121896476,111254.59848360639
1239483600000,022,340575.3382061923,110535.56016771373
1239487200000,022,340385.61415609,109785.50440533909
1239498000000,017,341514.1364947282,112552.35606194662
1239498000000,039,339731.21223904315,111671.07534028143
1239501600000,040,342617.3718518962,109980.11375195545
1239505200000,040,341841.2789674351,110275.18105534643
1239508800000,040,341584.88349506765,110390.6102816765
1239512400000,004,340484.85806124273,113030.44598634918
1239512400000,017,342309.47633662005,111793.32695339454
1239512400000,040,341066.1474693715,110606.00267663565
1239516000000,004,339602.7621617657,112197.20053848377
1239516000000,040,341060.7869103048,110592.51562960754
1239519600000,000,339669.5434139603,112884.55888246921
1239519600000,003,339669.5434139603,112884.55888246921
1239519600000,004,339617.0765521427,112380.71507164185
1239519600000,040,341062.3200286201,110515.45564053314
1239519600000,030,339656.7595208939,112821.11037700094
1239523200000,040,341073.62691956357,110497.37869055377
1239526800000,040,341078.3080775451,110504.32126455316
1239530400000,040,341063.0681018205,110509.29829783697
1239537600000,163,341061.565697874,110135.01548279382
1239537600000,153,341061.565697874,110135.01548279382
1239537600000,036,341504.00782096834,111003.95925663193
1239541200000,140,341699.20481365075,110765.1974838005
1239541200000,043,339140.57937927975,110826.98350612007
1239541200000,036,341536.41302490886,111125.34662071677
1239541200000,017,341635.84047898976,112721.9141738731
1239544800000,036,341708.82849621115,111197.91951501148
1239552000000,036,341821.5289498145,111131.35827662042
1239555600000,036,341503.7305438211,110866.15344664182
1239559200000,036,341514.6369296405,110876.76414714771
1239573600000,085,340531.50353293685,110799.4805650795
1239577200000,035,340178.53792276356,111868.51511340274
1239580800000,022,340000.34994329466,110428.81203642818
1239580800000,035,340571.4649020746,110438.63913302805
1239580800000,017,342882.3320389904,111621.7939001639
1239584400000,044,340902.4532390472,112473.4544967104
1239584400000,022,340566.6550929471,110458.21924361913
1239584400000,035,340778.5507882003,110052.37054904226
1239588000000,044,341063.9359305954,110545.91946375898
1239588000000,022,340750.8763890252,110463.27589321468
1239588000000,034,340162.90097563167,111735.75162648736
1239588000000,035,341172.368824488,110269.1527550997
1239588000000,037,342272.7356659656,109289.95385812425
1239591600000,044,341072.51219364686,110541.38457789045
1239591600000,022,341167.74877781596,110472.63802086744
1239591600000,034,339264.70518952084,111562.4769374051
1239591600000,035,340672.4253580423,110519.30758498912
1239591600000,036,341873.2322377333,111367.90195404566
1239595200000,044,341077.35601497465,110478.40179188452
1239595200000,022,341164.44465879793,110469.67260024628
1239595200000,036,341756.03058315447,111167.14214057548
1239598800000,044,341069.7655448125,110499.79487253558
1239598800000,022,341162.6538451755,110472.70551154058
1239598800000,036,341700.8806585178,111066.58972571627
1239598800000,014,339876.2115965787,111740.923531008
1239602400000,044,341066.7882988397,110478.02403636619
1239602400000,022,341125.262447629,110475.57651497575
1239602400000,035,339470.603447794,110670.04024870924
1239602400000,036,341813.4107379443,110982.05958316273
1239602400000,014,342847.7096202791,111684.92115346552
1239602400000,037,340950.0099970914,110367.91071024495
1239606000000,085,340920.36508138396,110770.67624451646
1239606000000,044,341078.81767024513,110445.3900264456
1239613200000,034,340420.5271247974,112599.56480759406
1239613200000,035,339983.38963257376,111369.52929901774
1239616800000,035,339987.5774250701,111376.68010355026
1239616800000,037,342271.77420534805,112316.8951427113
1239620400000,035,340223.90071325056,111694.20766330611
1239624000000,035,340471.4762973063,112026.22750702214
1239627600000,022,339376.14148203656,110381.60808847977
1239627600000,035,340468.5480732174,112719.20035050814
1239631200000,022,340267.5804891257,110431.43201489927
1239634800000,022,339773.2030393596,110385.50808465721
1239634800000,017,342859.79587028065,111791.05379817776
1239656400000,035,339342.9018256804,112716.10840348278
1239656400000,030,340596.7936654243,112824.85908893457
1239660000000,035,339671.0516397101,112057.8053460511
1239660000000,085,340541.2096361995,110540.90241714686
1239663600000,035,339777.38825089997,111838.45058910768
1239663600000,014,342354.32567657717,110009.42343718436
1239663600000,017,341477.31114207616,111922.6477257214
1239667200000,035,339988.67627194384,111384.16251859168
1239667200000,014,341135.845079542,110871.56579396318
1239667200000,017,342686.98152621376,111497.37995155546
1239670800000,022,341121.6414677847,110482.26421422705
1239670800000,035,339986.31619497,111375.25044809154
1239674400000,022,341116.8534176743,110477.67598617022
1239674400000,035,339841.6408221317,111336.38189515368
1239674400000,028,341513.3723560262,110677.86725904478
1239678000000,028,341335.2538129942,110652.85423790826
1239681600000,014,342104.0789229199,109820.69784542592
1239688800000,035,339130.77437278524,111158.54227866403
1239688800000,014,342919.92654839566,109271.25060307595
1239692400000,035,339728.1761241644,111297.79094984091
1239692400000,004,339140.25459437416,110073.53933342732
1239696000000,035,340143.8469014288,111413.36119998367
1239696000000,014,342267.75690765394,110794.99519175343
1239699600000,044,341575.3182882619,110619.62043218003
1239699600000,035,339995.007444476,111405.23231481884
1239699600000,014,340970.13639783673,111806.24818587849
1239699600000,026,339572.94504040125,113048.62376019829
1239703200000,044,341437.2812321888,110765.9666794361
1239703200000,035,340009.76574221696,111431.5199847166
1239703200000,014,339815.1453798464,111824.64058846926
1239703200000,026,339976.898568119,112857.02045024585
1239703200000,028,340088.61440176185,110665.79846602974
1239706800000,035,340256.9352551042,111750.87109663563
1239706800000,014,340690.4137780597,111832.97117343072
1239706800000,026,340136.4612351061,112729.40941858832
1239710400000,035,340496.9945010244,112077.02394411761
1239710400000,014,342047.8470441166,112503.5401866357
1239714000000,035,340148.0921029392,112903.79209489905
1239717600000,128,341008.14948083105,111109.70216286065
1239742800000,035,339194.43512900115,113019.15126468703
1239746400000,085,340701.6719365579,109167.32436681508
1239753600000,035,341387.41211770603,110674.34632479736
1239753600000,014,342833.46816085634,111935.05787442577
1239753600000,025,340897.9238493411,109601.65419267555
1239757200000,035,341645.75320114323,110626.99848583469
1239757200000,025,340623.26938130043,111340.95844815303
1239760800000,035,341536.96921137633,110619.65105400274
1239760800000,014,341492.8133840356,111723.32667577322
1239760800000,037,339180.6090695729,110044.77163559262
1239760800000,026,339261.2803605013,112893.55221997801
1239764400000,034,341809.3638691674,113034.78262522203
1239764400000,035,340485.34930468426,110718.87992334443
1239768000000,038,339190.3297721762,109382.45026537741
1239771600000,038,339234.5918444978,109428.36029079003
1239775200000,035,339868.0185114775,111303.1952792345
1239778800000,035,339910.2025236901,111336.97890363529
1239782400000,035,340139.95882170455,111412.9826121189
1239782400000,028,341267.5483143776,110650.14531528363
1239786000000,035,339990.78777469764,111393.59243339405
1239786000000,028,340487.271971607,109468.22609178167
1239789600000,035,339990.81554093777,111390.3497833599
1239793200000,035,340218.70377781306,111688.3612457466
1239800400000,034,339161.0122306685,111824.91331149153
1239800400000,035,340388.8371118047,112786.67787271464
1239800400000,043,339874.9831854699,109527.8966608769
1239818400000,043,342806.31133040437,110824.86905398394
1239840000000,022,339172.4726680032,110350.85961086315
1239843600000,017,340572.4003974239,111680.52833798801
1239847200000,014,339999.61514638405,111007.82359290238
1239850800000,014,340593.8662012242,110342.42667799478
1239854400000,034,340654.0279991892,112339.719055847
1239854400000,014,340984.5208886022,109822.06635759206
1239854400000,140,342588.17272507586,111433.90969251511
1239858000000,034,340049.208995835,111791.04965019996
1239858000000,014,341236.88777621376,109391.07364367005
1239861600000,014,340785.5749397271,109943.61676619716
1239865200000,035,339463.6160754761,111246.4135851428
1239868800000,035,340052.65145189915,111387.34054227728
1239879600000,035,340662.45527873083,112353.662652097
1239883200000,035,340687.16416974086,112368.67977282207
1239883200000,014,340205.5877853155,110686.2405707001
1239886800000,035,340692.6866452082,112375.65642704123
1239886800000,014,341303.4464884768,110921.28476777855
1239890400000,035,340190.1425750695,113044.53229297127
1239919200000,085,340552.20469484426,110615.12850464458
1239926400000,035,340694.4439526003,110845.99018135962
1239930000000,035,341294.3561749873,110711.71077363813
1239930000000,014,340468.56243181333,110984.28786190714
1239933600000,035,341378.1670878474,110669.7114000308
1239937200000,022,340824.9095826162,111735.00653707332
1239937200000,035,340557.44617283414,110712.50419406279
1239940800000,022,340667.3272673056,111910.19262464592
1239940800000,035,339334.20001192647,110845.25235039335
1239944400000,022,340467.8457534109,112020.02369968286
1239948000000,022,339584.07435541414,112237.20979995599
1239948000000,034,340947.0178278764,112879.38891669775
1239948000000,035,339309.7095881888,111191.60148382939
1239951600000,022,339152.0250971339,112583.23943378543
1239951600000,035,339897.2783088404,111335.92525730388
1239951600000,038,339128.14434052905,109437.49494610938
1239951600000,028,340657.0817271115,110785.29976105531
1239955200000,022,339255.45866772655,112914.67163424224
1239955200000,036,342189.7397398726,111334.80259392684
1239955200000,028,340600.0407583384,110846.82007965993
1239958800000,022,339807.5250343962,112697.40234763682
1239958800000,035,339985.9693013176,111395.54916234656
1239962400000,035,339991.2347520017,111389.27732711511
1239962400000,036,341952.22442231653,111293.8888839802
1239966000000,131,340182.7506648476,110673.2793841327
1239966000000,022,340229.94528396364,111806.2630796975
1239966000000,036,341622.1614366784,111267.1358479417
1239969600000,131,339943.2346995139,110820.23968671041
1239969600000,036,341661.580099037,111281.64543390862
1239976800000,163,340921.05534170533,110321.40894085132
1239976800000,153,340921.05534170533,110321.40894085132
1239987600000,022,340672.05843255343,110182.57060384781
1239991200000,131,342506.9971140047,112118.27767714704
1240020000000,140,341002.57468913397,111568.29391282411
1240020000000,017,341406.42660875514,112864.57827653445
1240023600000,039,340485.0043248038,112073.18210278299
1240027200000,034,339511.463285194,111920.95923673846
1240027200000,039,339800.9380898318,111576.3877359393
1240030800000,026,342156.7758892341,113016.9453263246
1240030800000,039,340090.86847053835,111999.32954366114
1240034400000,035,340435.0296927584,112909.99560775569
1240034400000,039,340701.29475069727,112549.38130746922
1240038000000,035,340752.0903348927,112419.23711668407
1240041600000,035,340726.317122995,112389.82240529601
1240045200000,035,340732.29997450375,112381.54512798361
1240048800000,035,340741.09292296454,112370.01039714349
1240048800000,025,340112.52942548326,111542.84612968216
1240052400000,035,340743.081073415,112361.5760403734
1240056000000,035,340631.6837937523,112522.35207303643
1240102800000,017,341579.4928995694,112445.14297087015
1240113600000,022,339244.9600476635,111144.83018593273
1240120800000,036,341512.92662497284,111511.85450349543
1240124400000,036,341659.0072922266,111125.44211058672
1240131600000,140,340693.82552484894,109715.39474462198
1240149600000,128,342215.87204411457,112656.05235144313
1240174800000,035,339436.2810239665,112511.00787589463
1240178400000,035,339723.03702425444,111959.64567341756
1240178400000,085,340426.56497983314,109326.55702498827
1240182000000,035,339813.66144011676,111770.39806425506
1240185600000,035,340156.7559788155,111411.91773857968
1240189200000,035,340577.21858912095,111241.09957709012
1240192800000,035,341159.4981437113,110972.86780610046
1240196400000,140,342933.92212359846,111764.81852453364
1240196400000,035,340618.2836802621,110767.28215642025
1240200000000,038,339098.8953184194,109936.93533557488
1240203600000,035,339208.3478518756,110734.02173808416
1240203600000,037,342269.33646265155,109603.36453867522
1240207200000,035,340216.24518258544,110648.02790606441
1240207200000,037,340418.37644853455,110880.76314553386
1240210800000,037,340249.8656492799,111237.01921733934
1240214400000,004,340022.9031471918,112773.68697395586
1240214400000,030,340002.33262956946,112722.0835399391
1240218000000,030,340090.83641969145,112692.90721823525
1240218000000,035,339985.5924542039,111371.04102052028
1240218000000,004,340125.95067782706,112816.88431311224
1240221600000,030,340183.18149067054,112910.32588472504
1240221600000,140,340671.9120977217,110871.72336116218
1240221600000,035,339991.1511264121,111385.76253383973
1240225200000,140,340723.57804091414,110841.12084531752
1240225200000,035,340140.3401868679,111590.08523254884
1240232400000,085,342665.7570829588,109113.33630374691
1240264800000,085,340527.81335778686,111226.900430157
1240272000000,035,339983.0006126418,111366.88637055473
1240275600000,035,339980.7128454993,111367.42484721993
1240279200000,035,339649.61136447923,111282.929483876
1240293600000,035,339732.8124256146,111265.78529357728
1240297200000,035,339843.40259330417,111311.49612710603
1240297200000,043,340503.65591439547,112870.50615100662
1240300800000,035,340172.111423897,111402.85732457494
1240304400000,035,340014.9527199051,111398.2905504756
1240304400000,028,339764.0912296725,110715.1012822399
1240308000000,035,340105.25859380915,111541.87070128146
1240311600000,035,340339.5884173555,111872.65650379831
1240311600000,128,343065.6305168332,111850.46800724165
1240322400000,131,340249.7385262611,112342.618502048
1240333200000,131,340698.1449455646,109859.32038826258
1240336800000,131,342668.45600105816,110936.86880827375
1240344000000,131,341224.40629740036,111932.93112300726
1240351200000,085,340663.9380204589,110930.81281407771
1240354800000,035,339653.37758977106,112107.20956973829
1240358400000,035,340171.7069573387,111300.26965362027
1240358400000,017,340690.8182261739,113001.75941963682
1240362000000,022,339241.3551763278,110306.7045747787
1240362000000,035,340806.822381186,111022.16218735585
1240365600000,022,339511.2664506618,110381.07285793159
1240365600000,035,341120.685719176,110767.678434277
1240365600000,017,340004.6925330729,111770.02946522948
1240369200000,022,340052.2190098691,110410.58483558694
1240369200000,000,340422.28903962055,112674.79155541415
1240369200000,035,340355.46911870805,110724.09865701945
1240369200000,003,340422.28903962055,112674.79155541415
1240369200000,004,340421.0973330749,112672.78688009478
1240369200000,030,340386.4167503344,112766.22466214217
1240372800000,022,340676.971890488,110470.91113142007
1240372800000,000,340302.58474463737,112900.74888386851
1240372800000,003,340302.58474463737,112900.74888386851
1240372800000,004,340342.27124476625,112844.21633297321
1240372800000,030,340274.0098613658,112958.76600367665
1240376400000,022,341112.42986592354,110482.2860753021
1240376400000,000,340386.9115624867,112722.670908836
1240376400000,025,339691.16553440987,111246.84369854195
1240376400000,003,340386.9115624867,112722.670908836
1240376400000,004,340424.77666999487,112666.72395847428
1240376400000,030,340372.39851644204,112749.32004749049
1240380000000,022,341107.64291052683,110484.05991354502
1240380000000,035,339484.9399319064,111248.64460513555
1240383600000,022,341124.7385136939,110473.2596325174
1240383600000,035,339655.43084927666,111301.2989625989
1240387200000,022,341156.8893736296,110462.68191590095
1240387200000,017,339759.8053722287,111524.28058660441
1240387200000,131,342865.59226167086,111941.2620010408
1240390800000,022,341122.7232893769,110465.71790604608
1240390800000,035,339993.08512819675,111395.50173833773
1240394400000,022,341102.7874858192,110474.93027578603
1240394400000,035,340022.35155210586,111428.40663635061
1240398000000,025,339411.0079250878,112467.63989124772
1240401600000,025,339117.5272478135,112349.90862007036
1240437600000,035,339542.52215957537,112301.24462323415
1240437600000,085,340558.498067884,109649.19629829112
1240441200000,035,339686.2909063554,112003.29764372802
1240444800000,022,340792.1331067133,110538.91939549174
1240444800000,035,339984.72558381665,111392.22561009742
1240448400000,022,340956.73065834073,110513.04153180355
1240448400000,035,339987.0706948882,111395.02082444262
1240452000000,022,341008.98470601416,110500.9001986289
1240455600000,022,341113.3013238564,110481.10965473631
1240455600000,035,339199.22427534603,111201.70802033413
1240459200000,022,341108.5189370281,110478.40173468941
1240459200000,041,339166.18041388097,109484.57963252137
1240462800000,022,341119.5450143368,110482.12806596217
1240466400000,022,341122.3970337662,110481.42384172708
1240470000000,022,341124.8500777921,110483.9849690271
1240470000000,035,339709.9026481291,111091.4726111635
1240473600000,035,340282.28213710105,111224.7760041771
1240477200000,035,340309.7525703103,111115.96020917926
1240477200000,004,339602.86266562575,112216.06678593162
1240477200000,128,339854.39651527355,110549.3428314676
1240480800000,035,340149.74854074814,111263.82465536015
1240480800000,036,341622.93213028874,111599.88265240547
1240480800000,004,339166.01446068025,111473.37316951451
1240480800000,039,340926.6122103153,110609.36269477758
1240484400000,035,339640.7595650335,112253.08700233874
1240484400000,036,341635.0825953757,111508.74896258165
1240484400000,039,341161.8154075155,111167.5505658575
1240513200000,131,340378.70950808516,110800.78846215208
1240531200000,035,341115.5749559137,110842.3248256612
1240534800000,035,341496.2730333988,110697.14874068862
1240538400000,035,341392.54372632777,110700.6299062383
1240542000000,035,340491.88683362544,110757.1618139138
1240545600000,035,339274.5815165204,110900.64601094667
1240556400000,035,339443.8336008256,111210.94796612994
1240560000000,035,340030.9524480935,111355.92467390535
1240560000000,131,342697.7098861973,111943.09576994796
1240563600000,035,340059.92782740796,111399.2288102834
1240567200000,128,340761.2668637389,111615.0902977025
1240570800000,035,340229.831656695,111721.99357724401
1240570800000,036,341902.98890048673,111230.80662653451
1240574400000,036,341746.86307831726,111260.81126402931
1240578000000,036,341693.8164593444,111244.19813639224
1240581600000,036,341584.82551693317,111227.12256975363
1240585200000,036,341665.0724564173,111221.65132348948
1240621200000,000,340495.72773712757,112636.18781527862
1240621200000,003,340495.72773712757,112636.18781527862
1240621200000,030,340557.7588637142,112313.14969831205
1240624800000,000,343048.83911281824,109442.37278511806
1240624800000,003,343048.83911281824,109442.37278511806
1240624800000,030,343078.5371260839,109222.43544443743
1240635600000,022,339398.21153153264,110316.21989041597
1240639200000,022,339971.7933169643,110369.10009375999
1240642800000,000,339722.79745038366,112944.46911512868
1240642800000,022,340870.4498264307,110452.88633069088
1240642800000,003,339722.79745038366,112944.46911512868
1240642800000,030,339719.8635430541,112958.20315863022
1240646400000,022,341145.3660954836,110463.45797550172
1240646400000,004,341760.0561828843,111970.15432299422
1240650000000,022,341147.8023018764,110466.51967034147
1240650000000,004,342653.9096997608,110391.90851622011
1240653600000,022,341136.33026399417,110470.81418025606
1240657200000,022,341174.7809908983,110470.37965564203
1240657200000,000,340755.0218016507,112235.6781737242
1240657200000,025,340737.5831015142,110247.1168467542
1240657200000,003,340755.0218016507,112235.6781737242
1240657200000,030,340716.3889782338,112238.2661618399
1240660800000,022,341178.3488510886,110470.63436523435
1240664400000,022,341188.81735280185,110469.43926010357
1240664400000,004,342986.0150424315,109526.52686657886
1240668000000,022,340643.2773143133,110339.81960250204
1240704000000,025,341982.0548419497,109893.40774199393
1240714800000,022,339305.7458986902,110368.96933885163
1240714800000,004,339926.4500006928,112975.69031613224
1240722000000,025,342570.45042537904,109879.224019063
1240725600000,025,341192.99551598186,110586.4000043084
1240736400000,025,339799.8827572628,112420.4272057073
1240740000000,000,340256.00844576466,112817.50724047479
1240740000000,003,340256.00844576466,112817.50724047479
1240747200000,022,341010.3567737118,110091.1049452708
1240750800000,022,340933.08108487783,110038.8567658015
1240750800000,025,340637.99933189014,112509.11037593703
1240754400000,022,340478.1223387591,110132.83133984679
1240754400000,085,340737.7914281515,110884.26669664602
1240779600000,004,340436.3143847979,112733.12856944931
1240783200000,035,339372.1648158559,112593.78516979309
1240783200000,085,340508.53923201136,109666.9434344157
1240786800000,035,339571.3196017404,112188.49468730623
1240790400000,035,340105.0756376831,111390.24498970508
1240794000000,035,340510.310884652,111227.78573710793
1240797600000,035,341151.93793746544,110961.28951330046
1240797600000,140,342464.3716107081,111473.5971716298
1240801200000,035,341207.0345209704,110720.09622950258
1240808400000,022,341061.9400186101,110497.85132046572
1240808400000,035,339406.3514684258,110852.08806154091
1240812000000,022,341095.54117215856,110486.71803241498
1240812000000,035,339166.9536490913,110822.38152281407
1240815600000,022,341061.5786539111,110502.34958716272
1240819200000,022,341072.13916490664,110497.0082769709
1240822800000,022,341077.52658754686,110503.69006422658
1240822800000,128,340981.2210508598,111611.77907024835
1240830000000,022,341048.38680655905,110515.5418783878
1240833600000,022,341032.8217986234,110364.64048173357
1240837200000,022,340547.7167950642,110391.10501334713
1240869600000,085,340513.73347584385,111084.86995238665
1240876800000,022,339770.18280302186,110442.46239846334
1240876800000,041,340372.489167273,112825.65867034199
1240880400000,022,340433.16624751216,110451.72586978554
1240884000000,022,340683.02900202945,110454.90900858979
1240884000000,140,342334.0624498852,111419.69392544567
1240887600000,022,341135.6654633903,110464.24290640083
1240891200000,022,341150.8795046326,110467.97916485807
1240894800000,022,341127.9203065191,110471.29902914049
1240894800000,025,342997.653960488,112322.44655196104
1240898400000,022,341127.74113569845,110473.05296178535
1240902000000,022,341156.62853615376,110457.07662150753
1240905600000,022,341142.0934884967,110462.84736793494
1240909200000,022,341125.3051171712,110462.07113780582
1240912800000,022,341035.5874732319,110777.41867999843
1240912800000,000,340452.1263210592,112995.49280701943
1240912800000,003,340452.1263210592,112995.49280701943
1240912800000,030,340441.0513951692,113042.49061174634
1240916400000,022,340944.75116174313,111486.7101577029
1240920000000,022,340881.1101762352,112172.69736145758
1240923600000,022,340360.4414007762,111996.27602060216
1240927200000,022,339593.46102739626,111191.51157896397
1240927200000,000,340459.8272775633,112826.57890380001
1240927200000,025,340587.6439764055,110933.75967092656
1240927200000,003,340459.8272775633,112826.57890380001
1240927200000,004,340468.8232768027,112844.04377300026
1240956000000,085,340492.8929239984,109487.37817290868
1240959600000,025,340083.9322182636,110564.36132310092
1240963200000,025,342318.35030998144,109806.44645358936
1240966800000,022,339709.4521803429,110524.34028881446
1240988400000,000,340000.12531935604,113028.259151333
1240988400000,022,339801.57217067835,111301.14437732856
1240988400000,003,340000.12531935604,113028.259151333
1240992000000,022,339213.4913500507,111286.13256794398
1240995600000,025,339634.31675795006,112346.761574979
1240995600000,004,339802.9798733934,112537.36211665647
1241002800000,022,339522.78635499446,111225.36797083843
1241002800000,025,339932.3761337991,112413.2842598361
1241002800000,128,341940.1355490851,110002.85826177016
1241006400000,022,340533.10494218423,110860.16993254454
1241006400000,025,339631.8107850493,112374.28345901714
1241010000000,022,341154.6655211233,110491.25877349876
1241013600000,022,340283.2906749356,110405.9337926476
1241013600000,128,342391.44824233395,109717.79236252065
1241042400000,085,340586.3234271173,110085.56351758998
1241056800000,022,339249.8110343612,110328.8081755577
1241060400000,022,339878.70827375026,110373.9775285407
1241064000000,022,340782.4011253139,110461.44239099555
1241067600000,022,341107.0941750398,110451.51829180187
1241067600000,000,339891.54341569246,111885.58747271937
1241067600000,003,339891.54341569246,111885.58747271937
1241071200000,022,341104.02530606015,110454.89005815564
1241074800000,022,341133.16033776285,110444.3800251314
1241078400000,022,341157.7362486059,110460.2445419149
1241082000000,022,341147.25500716135,110459.18960069375
1241085600000,022,340923.6765126285,110211.29888632205
1241089200000,022,340361.79418247676,109316.90117674031
1241089200000,025,340083.7380491568,112889.9282060149
1241092800000,000,340050.2588837654,111421.22367489559
1241092800000,003,340050.2588837654,111421.22367489559
1241092800000,025,341305.6236401946,112134.89059698087
1241096400000,004,339377.5629795324,111620.31370975418
1241146800000,084,339389.9527607995,110232.38835634614
1241168400000,039,340649.65402946895,112361.43320089321
1241172000000,039,341329.50724525563,112874.74307495484
1241175600000,068,340624.83446937095,109787.46209640618
1241233200000,085,340481.89497773285,110294.21772016065
1241236800000,085,340661.9634577248,109966.73224349487
1241251200000,000,339796.90778869536,111302.96515119926
1241251200000,003,339796.90778869536,111302.96515119926
1241254800000,000,340862.21752998576,109137.1144720931
1241254800000,003,340862.21752998576,109137.1144720931
1241265600000,025,339676.84968531603,111366.50264356469
1241272800000,000,340513.62455675117,111807.05154043307
1241272800000,003,340513.62455675117,111807.05154043307
1241323200000,039,341085.09388727165,110781.87517087098
1241326800000,039,340306.41243574757,109797.55685060166
1241330400000,039,339932.8848854779,110251.77618757596
1241334000000,039,339187.77494526247,110520.01836510185
1241337600000,039,339644.76545137266,111439.95039291937
1241355600000,039,341890.5053241938,110801.09122692111
1241359200000,084,342072.0679068073,109177.21330229136
1241406000000,140,342732.2719277919,111516.07700908638
1241409600000,022,339337.80523347954,109089.30573591671
1241409600000,040,342837.2956076557,109654.31760570123
1241413200000,040,341954.12539896625,110053.30823760843
1241434800000,140,342747.5483062677,111569.55159091725
1241474400000,085,340621.80221968546,109570.94863990827
1241514000000,022,340387.21659870085,111648.08535142532
1241517600000,022,340538.49790359125,112079.0695137062
1241521200000,022,339998.21131826,111519.88624863519
1241524800000,022,339725.8276958587,110364.74736273072
1241524800000,025,342154.11702909326,109500.63127107809
1241571600000,022,339326.3626879893,110542.86820705632
1241575200000,022,339793.46383036417,110490.61033796212
1241578800000,022,340063.5259065183,110585.43641514402
1241582400000,022,339878.0056118882,110965.94731115263
1241586000000,022,340327.6926283653,111128.6200703516
1241589600000,022,340928.4154310035,110863.29953807837
1241589600000,025,340571.49737576814,111738.96619181329
1241593200000,022,341084.225489857,110499.31929080003
1241596800000,022,341081.3445527509,110501.30249224737
1241596800000,025,341720.76222792553,111662.41874974241
1241600400000,022,341079.85185403825,110496.02486623694
1241600400000,025,339580.30578801467,112150.11266656732
1241604000000,022,341105.6068717503,110486.76580480696
1241604000000,025,339261.16298921587,112197.97903719197
1241607600000,082,341440.0351437841,110064.62545870733
1241611200000,025,339731.95915699797,112035.56317778955
1241611200000,082,341662.2972956709,109928.97913336566
1241614800000,025,340029.2132943445,111802.55990367773
1241614800000,128,342506.10439554724,112606.47933506251
1241614800000,082,341722.66773968947,109882.92476236694
1241618400000,180,340781.57728789555,110784.37288104597
1241618400000,082,341738.78517013433,112433.07753178396
1241622000000,084,341713.78961851646,110111.67929200467
1241647200000,085,340682.3266859979,110045.33464681587
1241654400000,022,339347.1888611367,110456.23561687893
1241658000000,025,342131.124431924,110012.15758158555
1241661600000,140,342560.2140324781,111692.64403709857
1241668800000,025,341964.87869367655,110415.27156064197
1241676000000,004,339393.18860701047,111991.50770942318
1241694000000,085,340730.43955794413,109758.52453434479
1241704800000,180,340806.361598875,110801.41257692986
1241712000000,025,339375.8691590661,109403.70424523437
1241748000000,140,342151.9182903705,111171.17513196733
1241751600000,025,339101.08402769256,112287.6744229407
1241758800000,025,339503.3911531921,112436.51757794525
1241769600000,025,340789.50447658706,111207.0580065914
1241773200000,128,341046.64157248236,110696.53544664636
1241776800000,000,340441.8401835288,112852.7841547377
1241776800000,003,340441.8401835288,112852.7841547377
1241776800000,004,340955.13317708945,112429.52046119628
1241780400000,004,340875.5671227776,112440.49264809946
1241784000000,004,340725.77168536495,112676.4649974878
1241784000000,140,340515.20323926257,111467.13543699755
1241787600000,004,340466.3665402021,112808.88569911795
1241787600000,140,343087.0417554674,111750.03373989428
1241830800000,022,339316.73524785327,110395.4258540367
1241834400000,004,340402.1805573559,112822.56979063075
1241838000000,004,339564.4798544459,111943.99298659692
1241841600000,004,339145.5627849665,111228.70733667183
1241848800000,128,341137.1242089787,111406.15587160691
1241859600000,084,341947.1153008001,109433.61622481547
1241863200000,039,341577.779208626,111253.76205982748
1241863200000,153,341086.69472146657,110073.52137292831
1241866800000,039,341627.66105743666,111205.63217853081
1241870400000,039,341661.82164296054,111153.27585407488
1241874000000,039,341734.2361337817,111106.86867449507
1241877600000,039,341690.32854662713,111048.81385292903
1241892000000,039,341444.7458619408,110804.47348849293
1241895600000,039,341449.7181672936,110812.40248981761
1241899200000,039,341462.1181446988,110826.78852137965
1241902800000,039,341477.82597386016,110850.5499520045
1241906400000,039,341489.8521392927,110865.93494347278
1241910000000,039,341490.1756029921,110872.70727282386
1241913600000,039,341491.00532269204,110874.78159891015
1241917200000,039,341490.35540309054,110886.5177649262
1241920800000,039,341491.7324391231,110885.50769900864
1241920800000,128,342068.432951223,109124.83214386372
1241931600000,000,340589.98419634294,113022.0554457775
1241931600000,003,340589.98419634294,113022.0554457775
1241931600000,004,340110.5084742743,109481.73128549721
1241931600000,030,340511.73563751444,113005.75454636227
1241935200000,128,342879.3152986929,110867.23865385735
1241992800000,085,340646.9047600346,109840.73204826476
1242000000000,022,339434.62888520135,110418.25022216975
1242018000000,022,341076.07036845514,110535.47215519506
1242021600000,022,339692.3413560659,110377.23368536774
1242025200000,022,339332.5477075785,110209.35070457066
1242032400000,022,339586.06662192143,109449.08758228779
1242032400000,000,340475.30673311785,112699.14832222096
1242032400000,003,340475.30673311785,112699.14832222096
1242036000000,022,340435.2164146292,109648.34078014607
1242036000000,000,340260.71917589824,112740.58183448254
1242036000000,003,340260.71917589824,112740.58183448254
1242036000000,128,341061.1628700711,110697.64654056731
1242039600000,022,340957.4612432726,110457.47055185908
1242086400000,022,340279.0485174709,110447.69754998902
1242090000000,022,340706.6225279707,110461.70542688674
1242093600000,140,343081.44268100697,111557.9079891791
1242093600000,022,340853.68500505766,110472.08856501912
1242097200000,022,341134.29624473065,110488.7684190299
1242100800000,022,341123.91101453337,110489.26008475192
1242104400000,022,341118.0436937388,110483.34068940968
1242108000000,022,341025.2227709669,110485.0624151387
1242111600000,022,340227.1738264961,110431.32798286126
1242115200000,022,340215.31014413614,110437.90912370566
1242118800000,022,340311.46449106914,110430.79670736425
1242122400000,022,341116.07520939293,110485.87312445605
1242126000000,022,341118.7286803217,110488.86102515082
1242126000000,085,340509.85570676543,111098.46350556728
1242129600000,085,340597.6674417455,110974.66661683416
1242136800000,085,340674.695934669,110975.64570982462
1242187200000,022,341129.4388948729,110478.34023034526
1242190800000,022,341115.8690024354,110482.03462612539
1242194400000,022,341087.2644541761,110492.85891254873
1242198000000,022,341183.0733981478,110467.25924154319
1242201600000,022,341264.6903376866,110481.20752424964
1242205200000,022,341465.8517408645,110535.76403203118
1242205200000,017,340587.3320487825,113027.39390753205
1242208800000,040,342161.7259809711,109286.28684670123
1242212400000,082,341217.2720730597,110385.88712011071
1242212400000,128,341943.232593796,109793.65686741935
1242216000000,082,341520.64519273245,110084.35818622768
1242219600000,082,341625.81169194443,109984.38287307002
1242219600000,128,341839.4600184328,112968.0956842049
1242223200000,082,341916.1323609575,112352.7867313075
1242234000000,022,341099.1786041598,110459.12670070198
1242237600000,022,341114.03548589884,110500.99421853662
1242241200000,022,341116.3787492525,110498.62217378894
1242244800000,022,341127.7978320853,110505.62994770244
1242248400000,022,341124.263101484,110483.20741646225
1242252000000,022,341130.20856875664,110479.44199265951
1242255600000,022,341133.1524853888,110487.18601329745
1242255600000,017,341628.9936981997,113047.95237005081
1242255600000,085,340696.53422218293,110873.09160651814
1242302400000,140,343042.3216296278,111481.28289814723
1242306000000,022,341191.71218478313,110484.35756435114
1242309600000,022,341139.86137284635,110474.8772324382
1242313200000,022,340356.04854632175,110436.15079816135
1242342000000,085,341041.33847382665,110735.74733962437
1242345600000,022,340442.585053627,110492.30299172491
1242349200000,022,340775.7261743753,110481.31368579988
1242352800000,022,340888.70643295423,110477.51971431698
1242356400000,022,341121.0311481674,110470.06413493335
1242360000000,022,341138.88484263775,110465.6227386464
1242381600000,085,341064.2330264646,110699.42737008452
1242381600000,140,340564.54033414065,111340.14702797121
1242385200000,140,342641.36769431655,111654.19268319363
1242396000000,082,339378.7893720151,111209.32206845522
1242399600000,082,342137.8899285836,112489.53520637123
1242428400000,041,341428.2817546325,113037.3510244813
1242435600000,017,341612.5670524183,113015.57799595964
1242442800000,017,339512.7681282533,112026.03783962777
1242446400000,017,339459.53572267655,111143.32213035648
1242450000000,017,339955.5206739237,110912.85126966391
1242453600000,155,341204.08479564975,110356.58557250968
1242453600000,017,341427.3975914381,110712.19380929535
1242457200000,155,341530.97604494414,110067.45612565664
1242457200000,017,341885.16134674405,109172.3048117108
1242460800000,155,341647.2400295558,109972.92244735506
1242464400000,000,340500.43404714554,113053.73394858972
1242464400000,155,341748.0705178099,109754.16459659033
1242464400000,003,340500.43404714554,113053.73394858972
1242464400000,030,340508.20845140616,113052.509582823
1242468000000,155,341465.497989779,109962.75746026944
1242471600000,000,340503.1058388952,112997.36550144793
1242471600000,003,340503.1058388952,112997.36550144793
1242471600000,004,340490.89506317175,113030.07371849736
1242471600000,030,340499.2786800195,113002.61760318723
1242475200000,155,340477.06250332826,112829.13968658281
1242532800000,030,340560.13139843184,112967.99175092657
1242536400000,030,340381.5506694247,112950.00586183381
1242540000000,030,340162.19887363067,112924.00573702015
1242543600000,004,339214.1110820483,111900.27072923804
1242543600000,030,339878.89189167577,112891.86602831686
1242547200000,030,339712.0349758005,112873.94515863906
1242550800000,004,339690.6199422701,111120.33443049497
1242550800000,030,339714.2711860573,113043.07661204918
1242554400000,004,341213.4185403448,110729.51301408233
1242637200000,128,340560.74237157236,112417.16081475365
1242720000000,140,340694.13932675374,111383.58303107694
1242723600000,140,341687.43272956193,111854.26750534357
1242727200000,030,340523.26158980204,112900.27228958979
1242820800000,128,340730.5045848692,110715.87193799742
1242824400000,128,341236.43860216567,110401.78687390525
1242828000000,128,341241.5457847082,112873.00485463323
1242864000000,025,341806.2568549968,110320.15371028462
1242889200000,004,340618.16789079644,112535.04478815985
1242889200000,030,340789.4397527687,112690.03990455752
1242892800000,025,339298.9640053092,110614.66359991145
1242910800000,004,342676.6139063446,111011.40456905443
1242910800000,030,342188.3627864594,110665.81746881924
1242914400000,004,341748.93968216656,112044.94570369273
1242914400000,030,341531.0517637213,111747.52774679447
1242946800000,017,343090.4253424532,111569.60554071954
1242950400000,025,342122.7515472091,110139.08249825746
1242972000000,025,342856.5448735049,109894.08173999486
1243033200000,085,340967.6507137325,110961.13309403406
1243058400000,025,343055.35466378194,109712.03339041852
1243062000000,017,342619.96182078036,109845.03595242607
1243072800000,039,342385.33958323806,111205.27123569808
1243076400000,039,342482.5381264008,111201.68526776004
1243126800000,085,340898.93303652137,110795.19407896356
1243141200000,128,342106.48056399846,112204.23966677705
1243144800000,085,340475.6286389695,112651.97761365691
1243144800000,140,339526.84216052387,110613.25422220594
1243148400000,025,341289.46875838237,112378.8801438401
1243148400000,084,341317.30882470985,111112.3657450934
1243148400000,140,339965.11544045235,111247.3275717124
1243152000000,025,340039.81829043216,112469.47167055027
1243152000000,084,341359.2815914168,111071.15229898662
1243159200000,017,342101.5311877646,110320.42543219932
1243170000000,017,342131.00925287756,111680.60080431562
1243206000000,017,342185.2045061171,112008.89382948731
1243213200000,030,341474.5930734547,112739.73440018993
1243216800000,030,341055.35130138684,110621.8385501136
1243220400000,030,341073.79197765427,109493.84127794394
1243224000000,030,340252.2165882481,110127.19633362792
1243227600000,030,340229.4653392658,112588.37503843174
1243242000000,025,342996.69577534165,109818.76006850084
1243249200000,004,340434.9805655136,113052.7246660907
1243296000000,025,341014.0668979136,110651.24302238192
1243299600000,025,343016.57811299135,109584.20391713492
1243332000000,030,340504.11519109685,112978.89507000164
1243335600000,030,340522.06740495644,112959.54937566075
1243382400000,025,341419.0365464579,110577.05482070378
1243411200000,000,340543.159234698,112873.98491248774
1243411200000,003,340543.159234698,112873.98491248774
1243458000000,004,340604.978016994,112721.83736253572
1243468800000,030,340906.1138077048,111208.84992458028
1243479600000,004,339732.1372264873,110939.17390297714
1243483200000,004,339881.5084774229,112233.22607148609
1243501200000,122,340257.736549563,110906.67628715845
1243501200000,004,339685.74932542414,112291.47024350517
1243504800000,025,340311.2459998301,111068.02254170222
1243533600000,122,341630.07487763563,112274.09404829874
1243566000000,004,339594.18702491233,112321.04559544734
1243587600000,025,342066.04464902024,110300.77002390512
1243591200000,025,340852.95042641537,110859.31159536011
1243602000000,004,339238.59268160095,111155.63451752882
1243670400000,000,339625.05938846315,112915.53446780017
1243670400000,003,339625.05938846315,112915.53446780017
1243677600000,000,340478.81789544993,112025.25516194443
1243677600000,003,340478.81789544993,112025.25516194443
1243677600000,025,342513.550869489,110059.93587905684
1243688400000,004,339225.34480820113,111171.91327609906
1243735200000,084,340862.40023397945,109980.87532183784
1243735200000,030,340008.40226592426,111776.92538484233
1243738800000,030,340059.2630839154,109880.21345661573
1243742400000,030,340025.38980776945,109986.72658867428
1243746000000,030,340001.2389772346,111806.88399070424
1243760400000,030,340632.0662924778,112704.90310463613
1243764000000,025,342331.7615432966,110370.49583900234
1243771200000,030,340654.4297449589,112748.67359050266
1243818000000,155,340895.0897641739,110701.72036832199
1243846800000,039,340280.42282418156,111890.32001109577
1243857600000,155,340784.09385255334,110675.93774235787
1243900800000,017,341626.1096814574,112687.50295328081
1243915200000,025,342132.26875029324,110191.11753013078
1243940400000,025,342335.15870358155,110360.19792998263
1243994400000,140,340857.7819775748,110692.16411747629
1244001600000,025,340467.7004530757,110950.37623702973
1244019600000,039,342178.0498732868,110688.05837514765
1244023200000,022,341149.1889426884,110484.85169314904
1244023200000,084,342109.74519664136,109241.3606591023
1244026800000,022,341106.7459987862,110481.57307348546
1244026800000,025,341367.99112060666,111278.28233433403
1244026800000,128,341850.03241076483,110037.94708126488
1244030400000,022,341114.05166186375,110489.16956834671
1244030400000,025,340376.94159527676,111508.59646484116
1244030400000,128,341886.9697489914,109940.11897253979
1244034000000,022,341103.47372894466,110460.94211791734
1244034000000,128,342008.9234414941,109866.68099003944
1244037600000,022,341099.9693936066,110412.93850422742
1244041200000,022,340769.75206945173,110376.36407947534
1244070000000,017,341556.9630671483,112895.84084289965
1244073600000,017,342813.66453218006,112010.77033016057
1244080800000,140,342584.0958813754,111476.15581326767
1244109600000,140,340414.275081629,112634.54601934877
1244109600000,017,341682.0488158469,111201.71385373367
1244113200000,140,340378.36978089286,112932.83529938472
1244113200000,017,341717.193716832,112307.63648274541
1244116800000,140,340374.39864929445,113030.17825947073
1244120400000,140,341973.5906771267,112825.71035598952
1244156400000,017,342580.5666855031,111690.6598287454
1244174400000,025,339947.6437155559,111200.82977273244
1244178000000,025,342285.9525286557,109876.42327832458
1244196000000,140,342016.9350820014,112323.08666655315
1244199600000,025,342879.41483712656,111194.52446474135
1244199600000,030,340695.85950442747,112347.07537616802
1244203200000,025,340259.43980136636,111638.20132014115
1244203200000,084,341826.0638879199,109964.32986123567
1244250000000,025,340862.47653781436,110897.11224616214
1244253600000,025,342910.2245572778,109754.41530755727
1244253600000,017,341390.1305846453,113009.48821523692
1244282400000,004,340584.6507935317,113036.57027971924
1244282400000,128,340517.9110349072,112992.90216913173
1244286000000,084,341573.41517996305,110487.01950195672
1244286000000,022,341099.29455152666,110506.9080798975
1244289600000,022,341133.54243368533,110488.51324470527
1244289600000,025,342520.1163431592,110979.4113000403
1244289600000,004,340463.8398927615,112997.14977989934
1244293200000,022,341139.70358700864,110531.52675772742
1244293200000,000,340568.0883737821,113036.8544069669
1244293200000,003,340568.0883737821,113036.8544069669
1244293200000,004,339662.08041376626,112041.86034335221
1244293200000,039,341773.9339043584,110928.61923434095
1244296800000,022,341137.89356987854,110525.86666204612
1244300400000,022,340705.47266877495,110521.00323580294
1244311200000,004,339252.5268974909,111914.64762787413
1244329200000,025,339543.1065044643,111741.2808869871
1244361600000,004,339762.0779706667,112791.52346303138
1244365200000,128,340884.1594492077,111175.94453021957
1244419200000,022,339128.33274475,110283.01807232763
1244437200000,022,339393.04045721027,110076.05433309445
1244440800000,022,340190.6725530024,110265.06671968284
1244444400000,022,340944.05417675996,110482.1136825559
1244448000000,022,341190.7351484718,110471.30923542731
1244462400000,153,340993.9507270072,110696.17534615318
1244469600000,017,340975.2180513108,112589.88096534577
1244502000000,017,342085.0150433165,112318.75753270708
1244505600000,000,341064.0682831092,112666.32035341137
1244505600000,022,339888.481200111,110418.30220160149
1244505600000,003,341064.0682831092,112666.32035341137
1244505600000,030,341494.2540321818,112500.4924517118
1244509200000,022,340522.0703885477,110446.69279421266
1244512800000,140,342660.6850433661,111524.45834266185
1244512800000,022,340737.84245715407,110449.34418449133
1244516400000,022,341151.2073637289,110467.14411097493
1244520000000,000,342406.87109515147,112014.99498171934
1244520000000,022,341136.58323438984,110467.4361746682
1244520000000,003,342406.87109515147,112014.99498171934
1244520000000,030,342350.3901869858,112418.36338630437
1244523600000,022,341118.2787102935,110474.30528125288
1244527200000,022,341113.7248010052,110476.7048795804
1244530800000,022,341111.3795322997,110475.23271782575
1244534400000,022,341178.0351426196,110465.02441292355
1244538000000,022,341183.4156697413,110476.97982238354
1244541600000,022,341181.3093464607,110485.57489944599
1244545200000,022,340323.5972589697,110151.7474572677
1244548800000,022,339781.9643831391,109226.54284885549
1244556000000,017,341891.42335457675,112347.62493569967
1244588400000,017,340443.2680089528,112301.7491677166
1244592000000,022,340085.0406339255,110454.80069847225
1244595600000,022,340437.05697691604,110464.35030674639
1244599200000,022,341128.5281108218,110477.64418022444
1244599200000,083,341135.01110519434,111043.11186165559
1244602800000,022,341132.1539298217,110476.1516928532
1244606400000,022,341122.25774625427,110474.51327438798
1244606400000,140,341989.72062127094,111410.04155050094
1244610000000,022,341116.09146235074,110475.48147946563
1244613600000,022,341115.14416741394,110479.98580565331
1244617200000,022,341116.2849317312,110477.45185298407
1244620800000,022,341100.3616275335,110477.11491955818
1244628000000,022,341098.5879942806,110474.49802247276
1244631600000,022,341114.3157175277,110475.14916554857
1244631600000,128,341988.5649265146,110072.62828224526
1244635200000,022,341105.49512785877,110475.66036375244
1244635200000,128,341928.54600455915,109962.82549510227
1244638800000,022,341100.70855586836,110485.158991636
1244638800000,017,340012.44036704965,111279.48015272309
1244638800000,128,342564.1223574213,110348.01986946225
1244642400000,022,340586.8670433302,110446.06829425244
1244642400000,017,340803.16140590154,112194.26882231652
1244642400000,140,340794.468462867,110898.26910310828
1244653200000,025,339176.5527724213,111418.62705785499
1244656800000,085,340695.30201685114,111273.85415987496
1244660400000,085,340684.8904836351,111316.66964711688
1244664000000,085,340670.7459654575,111327.6266334812
1244667600000,085,340689.50732118404,111359.0561935093
1244674800000,022,339627.2112478752,110406.38971525109
1244674800000,017,341776.6928815807,112433.1086193446
1244678400000,022,340375.1946787798,110439.66291952427
1244678400000,085,340640.24444174505,111273.21728380473
1244682000000,022,340626.6695926666,110451.3620438574
1244685600000,022,341140.15409790276,110464.4659310917
1244689200000,022,341136.03894825437,110464.66227092037
1244689200000,000,341806.04156805924,112647.13443550658
1244689200000,003,341806.04156805924,112647.13443550658
1244689200000,030,342899.8245651843,111956.44361214714
1244692800000,022,341122.11455562717,110466.65195569007
1244696400000,022,341103.1680836929,110475.55990398485
1244700000000,022,341105.40538365656,110480.00330084038
1244703600000,022,341108.173534482,110478.34185598044
1244707200000,022,341088.01470343425,110481.88013184229
1244710800000,022,341082.7104377858,110474.61041602877
1244710800000,025,340149.4984192112,111917.57161898122
1244714400000,022,341090.75286705693,110474.36350522714
1244718000000,022,341109.8553036202,110478.19799829564
1244718000000,025,339922.9529920756,111766.32850011221
1244718000000,140,342260.45954057877,111094.4462903293
1244721600000,022,341111.08448081237,110484.74736683544
1244725200000,022,341045.16356536106,110424.91860418343
1244728800000,022,341025.4301753019,110426.396027504
1244728800000,000,341641.5842785347,109664.46143491194
1244728800000,003,341641.5842785347,109664.46143491194
1244728800000,004,340705.65879372467,112412.7524811059
1244728800000,030,341785.52459736215,109188.51518752123
1244732400000,022,340113.19690060115,110324.76344145635
1244732400000,004,341551.3018038172,110293.19070804348
1244757600000,000,340990.1298373559,112389.25692017828
1244757600000,003,340990.1298373559,112389.25692017828
1244757600000,004,341126.5373127006,112142.21302770404
1244757600000,030,341030.49517124955,112320.22608104396
1244761200000,017,341669.67574947973,112601.45382050752
1244764800000,017,342778.74614494335,111874.9830898144
1244800800000,004,339894.8142289844,112654.13017183726
1244804400000,000,340467.37599019805,112823.15848933277
1244804400000,003,340467.37599019805,112823.15848933277
1244804400000,030,340483.9735370066,112776.82903426871
1244808000000,000,340453.68065320776,112915.1887180807
1244808000000,003,340453.68065320776,112915.1887180807
1244808000000,030,340458.85268645873,112909.4745796353
1244854800000,017,341449.24843666196,112809.07272609317
1244858400000,017,340652.40926015994,112284.14391126722
1244862000000,017,340894.1738773058,112577.97462022415
1244876400000,039,340762.7346810225,111668.09766378372
1244887200000,039,341722.1160140619,111125.61528492771
1244898000000,039,341341.8726717325,110739.88537939444
1244901600000,017,339843.560168663,111498.04037274225
1244908800000,122,342784.9509512426,109635.23606045493
1244912400000,122,341791.72151738254,109503.62020788928
1244916000000,122,343039.59075458575,109602.89387411701
1244934000000,017,341198.79319380067,112579.92650813691
1244944800000,085,341326.5902640252,109798.96607549208
1244970000000,025,341432.5464160858,111836.1973355381
1244984400000,025,342155.08185930323,111975.50435869957
1245020400000,017,341212.3386020017,112506.15407523773
1245024000000,017,342954.8699419974,111773.0900053374
1245027600000,085,340872.3254691961,111235.67657929537
1245056400000,153,341430.2420309036,109974.63096910724
1245060000000,153,341119.06180734874,110311.07085124849
1245074400000,022,341047.3144432148,110531.29199250381
1245078000000,022,339738.45257258206,110390.95780415312
1245106800000,022,339314.4086637124,110388.73084960623
1245110400000,022,340250.9486931607,110432.55260835841
1245110400000,017,342783.25204992,112166.9585959878
1245114000000,022,340561.2701259388,110440.19759763358
1245117600000,022,341171.98862057674,110463.73705808353
1245121200000,022,341145.3414502107,110463.04378600723
1245124800000,022,341123.36706502485,110469.81508344591
1245128400000,022,341110.9638390642,110472.81051356652
1245132000000,022,341102.0419937474,110473.16592749716
1245132000000,000,339415.46040639794,112354.20151726564
1245132000000,003,339415.46040639794,112354.20151726564
1245135600000,022,341088.3415974052,110474.06434791507
1245135600000,000,339758.8864131261,112722.93632888542
1245135600000,003,339758.8864131261,112722.93632888542
1245139200000,022,341071.1417704031,110476.62249624288
1245142800000,022,341090.37771793694,110476.61604328845
1245142800000,153,339766.51612993143,109383.37836158254
1245146400000,022,341111.54789148405,110486.05072030379
1245150000000,153,340374.11734626564,110042.45936790013
1245150000000,022,340225.8455999959,110390.17102377168
1245150000000,025,341842.5312200261,110087.78421130111
1245153600000,140,342362.75532526546,111334.33222766696
1245189600000,000,339747.4664946849,110493.63727599772
1245189600000,003,339747.4664946849,110493.63727599772
1245189600000,030,339761.4898477701,110531.14260829739
1245193200000,000,339848.40403961594,109342.01637885104
1245193200000,003,339848.40403961594,109342.01637885104
1245193200000,030,339855.6971294592,109376.64679269906
1245200400000,000,339579.0423745643,110271.90360766019
1245200400000,003,339579.0423745643,110271.90360766019
1245200400000,030,339577.4306513883,110286.61720732447
1245232800000,022,340896.8983104937,109787.11789186712
1245240000000,025,342318.230886631,110397.63383996097
1245243600000,017,341043.3038471465,112530.19385198427
1245247200000,017,341441.0244997826,112921.6164800637
1245283200000,017,342621.8653741188,112878.46794513566
1245283200000,041,340012.43125028396,111489.53470162378
1245286800000,025,343024.53032632347,109655.7655251655
1245304800000,085,340497.4013786299,111406.88285187539
1245308400000,085,340098.29331747454,110492.82830832837
1245312000000,085,340006.5822726786,110180.19475292315
1245326400000,017,341554.5875456799,112168.74675939232
1245333600000,022,339505.24948576576,110360.79511462324
1245412800000,030,341322.96636817296,112415.3954503758
1245438000000,140,340590.19464438007,110711.1286757411
1245441600000,140,340511.3621790927,110699.81980429668
1245445200000,140,340614.1707029865,110698.77199114185
1245456000000,017,341576.88479047705,112952.48498939833
1245459600000,017,340997.709072951,112549.95994930841
1245463200000,022,339240.1419678278,110397.82275078821
1245463200000,017,341943.9616527866,112646.45538627426
1245463200000,085,341036.28714796976,110968.4436733969
1245466800000,022,339869.72621481935,110422.04587959783
1245470400000,022,340477.1037304229,110490.26122468188
1245474000000,022,339954.9546603483,110365.82900455249
1245499200000,025,341198.3001961979,111785.37397439161
1245546000000,025,341391.7836805892,110475.4413565952
1245549600000,022,339443.620205635,110297.49114002142
1245553200000,022,340005.9865161448,110353.31526310288
1245553200000,068,342220.58522187854,113021.917799951
1245556800000,022,340935.2244354522,110483.37543584226
1245556800000,017,339841.1132436817,111756.21283342212
1245560400000,022,341117.32834923564,110472.78199534741
1245560400000,017,339849.02381255507,111757.48740526868
1245564000000,022,341109.770204531,110474.97719739942
1245564000000,017,339847.2520645244,111769.74741811819
1245567600000,022,341087.7361278964,110475.94385119413
1245567600000,068,341097.182130019,113033.29397816438
1245567600000,017,339850.3065699522,111775.6341599013
1245571200000,022,340586.2805637923,109685.82336316623
1245574800000,017,340433.3339755562,111818.08528586986
1245578400000,004,339957.2190896879,111031.32474631269
1245582000000,004,339445.7629453269,111039.01763338762
1245592800000,004,339712.27376261435,110387.13284823182
1245596400000,004,339956.7774139398,111279.9963661693
1245596400000,017,341146.70034279174,112783.73930555044
1245646800000,025,342957.21664545574,110207.98274008735
1245657600000,017,342460.657411418,112061.01083390025
1245675600000,155,341022.8677366362,110682.13187709982
1245715200000,017,343011.4245811466,111762.87105899554
1245729600000,000,339172.01628477086,112910.34783569285
1245729600000,003,339172.01628477086,112910.34783569285
1245733200000,000,339695.55601198494,112628.38735484505
1245733200000,003,339695.55601198494,112628.38735484505
1245747600000,000,340537.88015884045,111912.50056675152
1245747600000,003,340537.88015884045,111912.50056675152
1245751200000,000,340312.98143876606,112978.10358138228
1245751200000,003,340312.98143876606,112978.10358138228
1245765600000,017,340640.5289229498,111734.72973801171
1245769200000,017,341321.1155715351,112723.43457155314
1245790800000,140,342395.70037421706,111729.9556483496
1245834000000,128,339422.4227939064,109287.48362984823
1245844800000,017,341444.9307241283,112730.70344536494
1245902400000,025,340720.12000859465,111933.12870915403
1245916800000,000,340029.4220336015,112728.57836715107
1245916800000,003,340029.4220336015,112728.57836715107
1245967200000,140,341093.75978041225,111762.27518082262
1245970800000,017,341485.8355650707,112301.55155122203
1245970800000,085,341034.04072683636,110934.08897346561
1245974400000,022,339693.1211967625,110373.44529378453
1245974400000,017,342967.4667721612,110818.2189786834
1245978000000,022,340176.2191963802,110404.60478420554
1245981600000,022,341134.3262578077,110477.40001980348
1245985200000,022,341128.34218148916,110475.96244207413
1245988800000,022,341113.5667469133,110479.20304332169
1245992400000,022,341085.99613423896,110475.4794940392
1245996000000,022,341091.4994465254,110471.19892571498
1245999600000,022,341118.7258192037,110468.65455113158
1245999600000,030,340058.85114824516,111790.49412752058
1246006800000,030,339333.5931087148,109068.349737072
1246006800000,085,340841.7891758247,111282.26782360936
1246010400000,153,339394.75326879683,110876.19761488776
1246014000000,017,342456.0210974512,111793.86613925267
1246021200000,153,341022.07844753796,110688.73637501258
1246064400000,017,341250.29436306015,112612.48226465985
1246064400000,085,340979.5848436024,111257.70779778637
1246082400000,144,340661.8607483315,112950.4441248548
1246093200000,128,341033.4645406399,111623.8542839971
1246107600000,004,340713.96340120723,112778.793444452
1246111200000,004,341036.38048035407,112009.9705683879
1246114800000,004,341026.0792963155,112030.9732867707
1246143600000,004,340710.9503227411,112381.10484667982
1246143600000,085,340931.2903406107,111294.88080343568
1246147200000,004,341392.47770834214,110034.7564990535
1246150800000,017,339855.6000564884,111754.45595358076
1246158000000,068,342168.78462461504,109103.73336595252
1246161600000,004,341132.078800675,110212.03781883453
1246168800000,004,339330.09752198955,111321.8314770683
1246179600000,039,340639.4255036749,110996.85155987357
1246183200000,039,340201.77939300827,111283.02640871951
1246186800000,039,339886.8400545234,111241.58742151705
1246190400000,039,339427.24324610055,111292.00167381635
1246190400000,153,341144.735319115,110617.51748062078
1246237200000,022,340026.2963627184,110387.88824738763
1246240800000,022,340051.15910778113,110670.93466452195
1246262400000,004,340616.6491625998,112742.02794043152
1246266000000,004,340530.4937787907,113052.67164489266
1246280400000,022,339241.07443820033,111790.7835326759
1246284000000,022,341095.1936389341,110495.97487235408
1246287600000,022,340576.46659011586,110441.60244548945
1246287600000,017,342485.67755836505,112521.2041073575
1246323600000,017,340217.7549968237,111118.83241055266
1246348800000,131,342994.7804913015,110238.36286538855
1246352400000,022,339876.9730230387,111342.72295760848
1246352400000,025,339127.2899241177,109537.44907216198
1246352400000,131,341949.9040191875,110746.22911396879
1246356000000,131,340557.6659129925,111416.30494349443
1246356000000,022,341105.9313857677,110406.28810948599
1246359600000,022,340391.3561506792,109822.14380082097
1246359600000,025,339867.067226902,112399.7907756356
1246363200000,131,339851.71707385004,111769.59375290698
1246363200000,022,340834.8953710278,111441.83651869872
1246363200000,128,341613.0412423034,111639.02654855877
1246366800000,131,339851.8471951288,111769.28190168098
1246410000000,004,339911.5888245453,112723.34748768991
1246424400000,004,339728.69733508956,112451.29761749084
1246442400000,128,342956.47735014244,110618.92096340336
1246446000000,022,339192.67110930255,110351.21401537715
1246446000000,128,342476.9170156495,110255.82298409034
1246453200000,128,341958.2005932557,112512.38588192099
1246478400000,131,342251.3165912984,111616.80089513515
1246496400000,085,340932.9628310314,111438.05056517765
1246500000000,000,340895.76251458866,112547.552300326
1246500000000,003,340895.76251458866,112547.552300326
1246500000000,004,341112.62043557136,112482.87229679369
1246503600000,000,342113.40469400806,110790.772795817
1246503600000,003,342113.40469400806,110790.772795817
1246503600000,004,342220.9756611813,110756.53839551544
1246507200000,000,342515.58725671546,110136.91592181571
1246507200000,003,342515.58725671546,110136.91592181571
1246507200000,004,342602.0036024108,110121.44761960779
1246514400000,000,342746.515395251,109768.80556826526
1246514400000,003,342746.515395251,109768.80556826526
1246514400000,004,342738.27569165506,109788.42556035705
1246518000000,000,341312.22117986996,111137.2765385625
1246518000000,003,341312.22117986996,111137.2765385625
1246518000000,004,341288.2998171129,111148.07372184952
1246521600000,000,339818.8935551681,112461.63737717555
1246521600000,003,339818.8935551681,112461.63737717555
1246521600000,004,339804.00980724866,112462.00902396603
1246521600000,131,342889.2814904544,111962.8356832895
1246525200000,025,339868.17900117947,111742.18120891032
1246525200000,017,342094.02300260105,111823.87164922626
1246528800000,025,341365.28268235497,111644.30260309263
1246528800000,017,341723.3004235729,112354.49279837997
1246532400000,025,341710.34203827963,111704.71231895912
1246536000000,025,341446.7508165785,111760.80646205322
1246539600000,000,339489.96696339315,112967.46624694369
1246539600000,003,339489.96696339315,112967.46624694369
1246539600000,004,339512.4584673422,112981.62345260459
1246543200000,000,339300.3046849079,112840.36228112651
1246543200000,003,339300.3046849079,112840.36228112651
1246543200000,004,339284.96799125004,112846.02293766779
1246557600000,131,340331.5130567543,111168.2540613104
1246561200000,131,340484.5980789958,110921.54138255389
1246568400000,131,340016.8145329823,110083.27045446506
1246579200000,017,343070.07685900846,111840.66756962794
1246582800000,085,340616.11964865413,112889.77517722509
1246597200000,004,340448.95322902116,112848.97121156436
1246600800000,004,340443.1623385515,112987.13697716736
1246600800000,017,341159.8704766606,110738.245850902
1246611600000,131,342768.9694146999,110653.9013182515
1246618800000,131,341949.01499278477,110696.20389410411
1246622400000,131,341271.85038764536,110652.91598068495
1246629600000,131,340730.16307023395,110171.85507721725
1246636800000,131,341028.5894689325,110104.18288745271
1246640400000,131,342384.5816863366,110804.64538672598
1246644000000,131,342380.86679367634,111214.9714770714
1246662000000,085,340689.1771884335,111290.35056875169
1246665600000,085,340734.6937222091,111692.92176223753
1246672800000,030,339845.04803126876,112383.38253456043
1246676400000,030,340131.78168227704,110406.24377733015
1246690800000,030,340428.9841131976,109588.03113861154
1246694400000,030,339826.3916965969,112107.71607445308
1246698000000,000,340441.0593159268,112974.70997712319
1246698000000,003,340441.0593159268,112974.70997712319
1246705200000,017,341604.42032895045,112100.6715517868
1246708800000,004,339485.09862796194,111929.43951722844
1246708800000,017,339858.7190480931,111756.72955287647
1246712400000,004,339235.0533338566,111337.57592181083
1246762800000,000,340257.72071905225,112765.22559864473
1246762800000,003,340257.72071905225,112765.22559864473
1246762800000,004,340294.9464634154,112936.7777824477
1246766400000,000,340370.61641464353,111941.38813946645
1246766400000,003,340370.61641464353,111941.38813946645
1246773600000,004,340513.1184312596,111006.92196406146
1246777200000,004,339511.80880953756,110908.24048559225
1246795200000,068,342707.99073862255,109349.7274825026
1246806000000,004,339526.98584340117,111985.29872038297
1246831200000,085,340573.448239783,110171.14450959365
1246849200000,025,339897.00548759534,111895.7910599591
1246852800000,025,341815.0195025272,111659.6810624199
1246856400000,025,340595.9742490558,111503.20010348801
1246860000000,044,342891.96794371755,112410.3287319859
1246863600000,044,340902.0134203577,111644.96675957297
1246863600000,030,340206.7721390467,112579.53034090209
1246867200000,044,339628.7334674365,110653.55694439895
1246867200000,022,339827.40939499944,110405.5818467327
1246867200000,030,340144.96882149234,112318.35057720692
1246870800000,022,340225.73269315204,110443.94496457525
1246874400000,022,341062.5010302449,110534.27171625842
1246878000000,022,341704.50869824254,112948.47716513788
1246906800000,130,339531.2830094777,110616.510284892
1246932000000,022,341217.0703319074,112914.20458058939
1246935600000,022,341099.8455318247,110480.96082869853
1246939200000,022,341094.19963748317,110483.28239427664
1246942800000,022,341045.9729398051,110464.52752652041
1246946400000,044,339427.2915742425,110237.03564002656
1246950000000,044,341070.26569312665,110017.97034099288
1246964400000,044,342586.87731297564,109784.33182733897
1246971600000,022,341114.55295119033,110465.00069670314
1246975200000,022,341114.7338256115,110476.2318402638
1246978800000,022,341121.35918402247,110483.60231005789
1246982400000,022,341124.89090727613,110488.87740604127
1246986000000,022,341131.1645508967,110486.15945194609
1246986000000,140,340342.3300600853,112342.40316491186
1246989600000,022,341130.45358188526,110480.17823893228
1246989600000,140,340295.52852238563,112540.33195809137
1246993200000,022,341134.3436833197,110486.10107957263
1246996800000,022,341123.3659830556,110483.79302346746
1247000400000,022,341117.6413038039,110482.4177187447
1247004000000,022,341109.3822156771,110475.18043045637
1247007600000,022,341113.3653680458,110480.59828311265
1247007600000,041,341542.6517466243,109621.51573098816
1247011200000,022,341122.33545081527,110482.11867465376
1247014800000,022,341128.9936211544,110480.21831735376
1247018400000,022,341130.71511935396,110479.14602907485
1247022000000,022,341115.9080038853,110479.33629353896
1247025600000,022,341106.27742522716,110483.08872153342
1247029200000,022,341106.7541624548,110478.30264709909
1247029200000,044,339425.40325457137,110495.46760251536
1247032800000,022,341146.1271426028,110471.91470724624
1247032800000,044,339318.1001071663,110704.58845315107
1247040000000,025,341332.5078579978,109957.06750665382
1247047200000,022,340487.560758726,113038.34714016516
1247047200000,030,340472.1482270594,113052.0249909794
1247047200000,153,341015.44898130285,110701.08219430808
1247115600000,022,341231.279950829,112285.80414250982
1247119200000,022,341052.5107886276,110491.0331444728
1247119200000,044,339641.2710537232,111215.49589984417
1247122800000,022,341121.5716740404,110484.89530692423
1247122800000,044,339630.3945022676,111205.87446728715
1247126400000,022,341150.6572678556,110482.53972864851
1247126400000,044,339549.77705541765,111343.10174161644
1247130000000,022,341137.9436914635,110484.16706561307
1247130000000,044,339405.0295525925,111544.470254489
1247133600000,022,341114.8595634131,110490.3273753259
1247137200000,022,341085.0037441996,110525.35753124078
1247140800000,022,341063.85010185343,110601.24396360344
1247144400000,004,340523.0482144046,112966.77795851999
1247216400000,004,339994.4520248396,112623.97379950008
1247220000000,004,339182.6085470035,111617.51810071175
1247223600000,038,340834.9908785803,110299.7814133243
1247223600000,030,340670.74339886545,112452.41303218738
1247227200000,155,341119.12893902365,110142.49239752209
1247227200000,128,341715.03571862186,111677.0828171241
1247227200000,131,341118.61438375124,111866.54339839681
1247230800000,155,340900.21009641635,110749.99783007854
1247230800000,131,339777.99972275714,111860.64816752575
1247248800000,131,340843.52103282575,111749.17984028714
1247252400000,131,342415.19561665336,112043.5634705968
1247295600000,039,342648.75281240704,112056.8940878008
1247299200000,039,341723.9165082578,111123.96106662141
1247302800000,004,340516.2573105511,113045.19590802008
1247302800000,039,341756.54300544685,111030.26946548559
1247306400000,039,341747.4086266719,111052.64000537561
1247313600000,004,340645.4327755979,112592.83044355296
1247313600000,039,341746.8110590837,111087.52184953002
1247317200000,004,340558.49687170965,112813.9273414661
1247317200000,039,341577.45346953644,110978.52102824135
1247320800000,068,340343.6522567015,112778.68777764594
1247320800000,039,341530.053225313,110982.66356649151
1247371200000,004,339397.85127694416,112069.13421569468
1247371200000,039,341513.61685388343,111493.93132702919
1247378400000,022,342499.49833711464,110878.64675965767
1247389200000,068,342894.45601405436,109594.62382507084
1247396400000,140,342721.6836306665,111042.71371425362
1247446800000,044,340420.3688904036,112549.02315242568
1247450400000,022,341513.6343483397,112544.8578539096
1247450400000,044,340438.94108922593,112528.32004215351
1247454000000,022,341113.872440888,110474.92338976594
1247454000000,044,340948.72284964303,112654.65775155881
1247457600000,022,341105.86672593624,110475.74329490068
1247457600000,044,342282.3245329322,112554.0083181425
1247461200000,022,341104.03205693536,110475.8274969642
1247461200000,044,342705.9654328166,112486.42920042685
1247461200000,153,341012.4884121643,110695.62085785813
1247504400000,140,340555.5435762405,111150.37521809383
1247508000000,140,342517.8837110176,111780.19885805398
1247533200000,004,340047.60630189313,111654.51336049518
1247536800000,022,341343.7439392476,112571.77323126102
1247536800000,044,340441.30144854606,112493.82198099665
1247536800000,004,339465.2416340565,109404.97873129901
1247540400000,022,341118.07102983235,110474.63152949799
1247540400000,044,340276.7687570693,112320.38250268297
1247544000000,022,341119.7483992109,110478.37911807945
1247544000000,044,339850.9361966059,112120.47341888612
1247547600000,022,341125.0961620361,110479.03180416238
1247547600000,044,339578.42078776396,112006.01672558079
1247551200000,022,341126.6388481252,110477.50358156224
1247551200000,044,339692.93978736666,112132.33688384917
1247554800000,022,341124.2533721109,110473.96751632262
1247554800000,044,340129.62195180735,112363.74877044153
1247558400000,022,341120.1780073086,110475.89081397018
1247558400000,044,340406.47269310703,112508.32494001383
1247562000000,022,341111.88132780226,110479.11496580187
1247562000000,044,340411.6289315259,112462.94073661692
1247565600000,044,339455.04356243374,111818.3199252183
1247590800000,140,341349.68289859296,111740.22604440716
1247623200000,022,340958.863889915,111779.42505804247
1247626800000,022,341128.35895183263,110474.2879237461
1247630400000,022,341122.558012802,110475.45676107948
1247630400000,038,339411.5965629926,111180.29263091089
1247634000000,022,341112.27135507035,110480.05488128324
1247637600000,022,341102.4630875864,110478.92507353629
1247641200000,022,341101.33017571416,110472.03883504371
1247644800000,022,341100.61557427444,110470.35348193806
1247648400000,022,341104.0640412268,110462.56866327244
1247652000000,022,341104.68817320163,110458.38037322515
1247652000000,038,343057.7399224112,109532.59511833532
1247655600000,022,341099.54422494344,110468.11855346525
1247655600000,038,339917.903872995,109763.72149321169
1247655600000,131,340959.3547955755,110052.31465877208
1247659200000,131,341295.56472449045,109651.75150118247
1247662800000,131,341147.094150118,109692.4734951998
1247666400000,131,340817.4041937291,110260.29956185493
1247673600000,131,339809.45904857956,111569.73086588085
1247677200000,131,339568.2941433616,111514.24767330791
1247680800000,131,340542.8120030553,111715.36090641806
1247688000000,140,340529.60141121165,111517.7664327253
1247709600000,144,342812.07474004675,112869.23569746473
1247713200000,144,341441.80886323634,112242.95667556334
1247716800000,022,341140.76174033,110490.03000435718
1247720400000,022,341127.086481082,110481.83304551977
1247724000000,022,341127.69045123854,110478.71028658976
1247727600000,022,341130.478438033,110476.91813393275
1247731200000,022,341132.8295658631,110478.88660088861
1247731200000,128,340902.67717370804,110588.79792018533
1247734800000,022,341127.4152112689,110482.4434509283
1247738400000,022,341115.73758877796,110480.78154820572
1247738400000,030,341294.53058446874,112859.64182005014
1247742000000,022,341108.2158872581,110480.4629265186
1247742000000,038,342637.9657114433,109457.66908715172
1247745600000,022,341105.9295305394,110478.40769342174
1247745600000,131,341823.28777315974,111804.05924678678
1247749200000,022,341102.6389386291,110480.06990021026
1247749200000,155,341021.2659703483,110693.37002645576
1247749200000,030,340804.50208312727,112798.50117785473
1247752800000,022,341092.92181404494,110484.78522170435
1247756400000,022,341096.1004468904,110484.01852245945
1247760000000,022,341098.13147625263,110479.41491919186
1247763600000,022,341112.0276680119,110474.75697741796
1247767200000,022,341106.8104645457,110475.50222023825
1247767200000,131,342320.93331136956,112013.00572072323
1247770800000,022,341108.4313832508,110477.26332042362
1247774400000,022,341101.3178326293,110475.35030089908
1247778000000,022,341103.51361669117,110474.85971441281
1247781600000,022,341106.56729537837,110477.38383198623
1247785200000,022,341132.0283019245,110473.59616691335
1247788800000,022,341129.4290604076,110475.71745011858
1247792400000,022,341126.4404414598,110473.33434128278
1247814000000,038,339437.2137196443,111044.00560433773
1247817600000,004,340441.89081290085,112632.36439903043
1247824800000,030,342149.1355281056,112377.40663104261
1247828400000,030,342547.0401759162,112201.00285845489
1247835600000,030,342387.29950468,112279.38083505412
1247839200000,004,340648.2851779594,112512.45997947648
1247850000000,140,339967.87163516396,110357.5544390536
1247853600000,140,341867.4834861426,110037.84443540369
1247882400000,030,341312.7611218055,111352.270206319
1247886000000,144,341518.2407139076,111369.32163865592
1247886000000,153,339528.5118316534,109341.47821634338
1247893200000,004,340536.97866749926,110730.3865878639
1247904000000,128,342853.77090955025,111512.48324903868
1247976000000,004,339573.8986661058,112701.99328998942
1247997600000,030,340437.3572756556,112893.32764826358
1247997600000,153,341231.54745545663,110656.94129038439
1248012000000,004,339739.47235374444,112662.21070888014
1248087600000,155,340850.2668417704,111002.23138055677
1248091200000,155,340862.45569504064,110885.1971841236
1248145200000,022,341237.13085031864,112095.25350785826
1248148800000,022,341099.2644321763,110455.05882085305
1248152400000,022,341093.12862814096,110447.72068407557
1248156000000,022,341091.4074937259,110448.75305744057
1248159600000,022,341056.63222159626,110796.86197983594
1248163200000,022,340968.81716825225,111470.40512191395
1248166800000,022,340840.91977504245,112191.42611965945
1248166800000,128,341384.09007900895,111106.07476219392
1248170400000,022,340815.9121734746,112537.57092429056
1248170400000,004,340397.66791760974,112881.63379290333
1248174000000,022,341242.8523354409,112485.68938583609
1248174000000,004,340423.1868163516,112999.94944411586
1248174000000,030,340502.2335903372,113004.59300773228
1248246000000,131,342087.3717681248,111828.8857106548
1248249600000,131,342448.2253808202,112191.75079507778
1248253200000,131,342516.4261816312,112356.97248067103
1248260400000,128,341855.92796109186,109827.41836540788
1248260400000,131,341265.9883874047,112276.98749085367
1248264000000,131,340379.0278232248,111117.53071204227
1248267600000,128,341818.1936697622,112880.92358952852
1248267600000,131,340936.4134648015,110613.55379152815
1248271200000,131,341402.7828747826,109971.88644333341
1248310800000,022,342602.4279030007,110737.23813943355
1248314400000,128,339234.47927955096,109542.30131604866
1248325200000,004,340364.35114395455,112848.31566817939
1248328800000,004,339885.6767970862,110454.78563473771
1248328800000,030,339564.55628010625,112617.35624876071
1248343200000,022,341152.6859090145,110488.56434787512
1248343200000,030,339824.15593088587,110422.411125827
1248346800000,022,341148.9003290072,110478.40909960841
1248346800000,004,340468.8479474279,113009.47046589614
1248350400000,022,340912.1552266877,111294.1885279072
1248415200000,022,339329.25034293946,111709.67814575853
1248418800000,004,339243.5469235556,110592.9549487831
1248426000000,022,339887.3801002595,110330.96543462662
1248429600000,022,340833.28968771984,110480.88067295199
1248429600000,030,340423.6513888464,110654.62090953156
1248433200000,022,341082.4154424192,110533.98916918812
1248436800000,022,340999.77904028696,110581.62216980099
1248440400000,022,340911.580098621,110664.90706148064
1248444000000,022,340841.76617871184,111287.90214640267
1248444000000,004,340326.4018690255,109446.15889697903
1248444000000,030,340460.7414714522,109312.0298126086
1248494400000,004,339540.07905427617,112786.81711975676
1248498000000,004,339560.64411023917,111179.2546970847
1248519600000,004,341077.3986411423,110480.97610356403
1248530400000,050,339517.9770419552,112699.2934508345
1248577200000,004,339551.99538267625,112624.30272803092
1248580800000,004,339152.82546710345,111611.39263707428
1248580800000,050,340158.85926498147,110465.64026859548
1248584400000,050,341112.0796263795,112679.69287594111
1248588000000,050,341680.23368236347,110946.8834798144
1248613200000,004,339181.31361311185,111324.50341883127
1248699600000,155,341161.4848591107,110787.51969747008
1248739200000,030,342661.5276066616,110107.77389167564
1248742800000,144,342555.7652627874,111545.45999894763
1248742800000,030,343057.445014674,109438.3316972292
1248753600000,030,341302.3736059828,111787.10528695543
1248757200000,030,341974.9524502022,111520.17698816782
1248768000000,030,341464.6293821803,112003.35776790013
1248775200000,030,340973.52702010976,112481.31319717548
1248778800000,030,340495.861391271,112973.30010777288
1248818400000,085,340531.3083630003,110797.84171174883
1248822000000,163,340363.65733102785,112459.51194151706
1248832800000,128,341940.3052997094,110672.91664632387
1248836400000,128,342532.5942173017,110794.09815601922
1248861600000,163,340375.03183620813,112332.56592836874
1248919200000,128,342221.2796710309,111932.0157084631
1249041600000,128,341052.67066925426,111158.89387178383
1249081200000,131,341035.07989004935,110754.6486980351
1249117200000,128,342260.8826433227,112449.28200695939
1249135200000,131,339602.3416533779,109436.33053381008
1249138800000,131,340130.0858575086,110093.71903803552
1249178400000,128,342339.67552709434,112808.86058760103
1249390800000,065,340860.20839843515,110502.42331854861
1249394400000,065,340850.34967718297,110699.38972206463
1249434000000,065,340853.4923062763,110817.53735365962
1249448400000,068,342124.13669547625,109789.17190740505
1249448400000,128,340781.25409838033,110732.29103065452
1249452000000,128,341179.38816737046,111209.9088810563
1249484400000,065,340923.4258010421,110930.27979471463
1249516800000,050,339833.9496289261,109878.60062964857
1249520400000,050,341270.24500309257,111093.74579486053
1249524000000,050,341412.4184618493,111494.02966465773
1249545600000,153,339582.0393174009,110665.34675596133
1249617600000,050,342614.08195993165,109874.1411801029
1249646400000,050,342614.08196125715,109874.14118366921
1249718400000,050,342193.74594426446,111386.12967179471
1249722000000,050,340615.4866903159,110307.68104428732
1249725600000,050,339452.44325914554,110322.4733219844
1249725600000,085,339888.0247189224,111565.15974636345
1249729200000,050,339109.0273755054,110466.44139325242
1249747200000,050,342193.8690984492,111386.62157143217
1249750800000,050,340615.60983213247,110308.1729555056
1249754400000,050,339452.44324802485,110322.47330471767
1249758000000,050,339109.02736596385,110466.44136973548
1249822800000,068,339244.87429602316,112270.08177709598
1249826400000,068,341507.3908498762,112216.07000964558
1249891200000,140,343078.01156748,112807.02540832445
1249912800000,128,341086.4660028623,110750.52667158026
1250074800000,128,341967.509971551,109838.64788795935
1250074800000,085,341893.9641607111,109786.32428446
1250078400000,128,341929.64996789314,109822.7704752821
1250082000000,128,342001.1206365018,110269.49331759328
1250161200000,128,340982.92552684667,111481.74556630652
1250344800000,068,342239.2970792283,110678.99193601319
1250395200000,084,342131.19875775906,111375.00297570066
1250416800000,140,339959.0262061204,111981.05641125792
1250492400000,050,341912.8989964864,112771.35601192639
1250521200000,050,341912.6565894612,112771.50404333885
1250679600000,085,341256.3351980795,110052.6240314079
1250758800000,068,342157.8230698692,109682.66603448149
1250841600000,128,340600.3581569367,110418.96345550228
1250917200000,050,340318.92386404326,110150.90438561323
1251014400000,128,341960.2641402808,109757.21462851888
1251104400000,128,340534.6716627406,111085.99949776256
1251108000000,085,339922.59722121875,112039.69258794718
1251111600000,085,339287.3372979623,111994.16970756877
1251194400000,140,342793.2837211994,111578.68667697534
1251205200000,128,341038.06650526176,111017.52825648317
1251288000000,085,341648.98353614815,110315.93609010248
1251324000000,140,341207.39761775633,111609.70925903862
1251464400000,130,341223.4987026837,110690.84312174773
1251550800000,068,341304.5739751121,110599.04727768467
1251583200000,130,341494.92809343885,111101.53475808236
1251601200000,128,339613.86918380804,112137.96468553966
1251615600000,163,341365.53804609325,110088.97146819155
1251615600000,153,341365.53804609325,110088.97146819155
1251651600000,130,339553.24181405705,110849.29095155653
1251655200000,130,339978.6636672689,111189.50152220512
1251716400000,085,341009.1797828138,110740.55683972737
1251716400000,140,342581.37993240444,111522.27764287227
1251795600000,128,341106.39753655466,110695.27891682151
1251810000000,140,340511.7290661059,111298.23428905098
1251813600000,140,342949.56591996027,111664.18078625882
1251856800000,140,341877.7421557184,111582.94861957393
1252224000000,084,342243.8446053572,109280.14392520215
1252375200000,140,342618.6837694461,111498.0128706204
1252407600000,140,340251.64467591146,109963.87933246304
1252411200000,084,343079.5144724067,112337.44960616106
1252411200000,140,341216.3003601791,109871.00571463979
1252490400000,140,340506.7647104338,111586.26409603737
1252494000000,140,340471.14794966346,112056.89005522824
1252494000000,085,341980.2444928399,110168.00879258638
1252504800000,140,340635.7977984647,111191.22585139459
1252515600000,130,340519.1443723596,110684.84932504396
1252519200000,130,339759.30829320784,110818.69114107185
1252522800000,130,339432.95481306064,110979.23491467058
1252530000000,130,339377.9618529329,111853.09949665812
1252533600000,130,340385.3832685436,112787.12742048783
1252587600000,128,340577.81585643225,112594.59845667685
1252620000000,122,340578.8460919282,110558.00648538023
1252623600000,122,340536.1763534056,110484.74411946154
1252670400000,140,341329.31710076384,111641.41963895112
1252692000000,130,341773.2841069485,110407.65076724032
1252706400000,130,342641.5106905462,111262.1674973618
1252710000000,130,342405.18320374953,112215.50909499986
1252735200000,128,339586.6630167779,110700.85878701424
1252738800000,128,340016.0365524674,110729.04042569223
1252742400000,128,340611.7622103009,110441.05438046217
1252746000000,128,340715.21907346067,110363.29145173577
1252753200000,128,340475.5150081909,110910.81164579117
1252756800000,128,340644.7608765166,111129.42887747558
1252760400000,130,341844.45312996773,113046.07538164027
1252764000000,130,341420.36014088313,112784.24127307464
1252825200000,140,340067.7489077091,112638.02855860884
1252854000000,130,342664.3901231983,109707.68220961312
1252929600000,128,341052.64441556437,110694.69336694696
1252951200000,130,341109.3423437149,112272.95982390325
1252969200000,083,340486.02433241403,110465.59159375343
1252972800000,083,340550.50833420607,110516.6660158851
1252976400000,083,340567.6409134533,110581.06698541316
1252980000000,083,340593.9219243246,110609.44263227932
1253005200000,083,340726.4785660881,110686.86297108716
1253037600000,130,341180.2270698763,112893.81153293501
1253066400000,140,342707.16463178844,111524.80882816733
1253098800000,085,341195.94941695756,110019.12746849947
1253102400000,085,341546.628360547,109874.61563054683
1253206800000,122,339933.98225348216,111233.43034911473
1253206800000,130,341146.2409388907,110670.14064813241
1253210400000,122,339362.11374759465,111635.52693272528
1253210400000,130,341192.21282358095,111684.05943865077
1253214000000,122,339108.2811789466,111818.07195152617
1253217600000,122,339221.4985318754,111726.50900865196
1253268000000,130,341190.3611329427,112398.73739760098
1253300400000,130,341048.10665649234,112754.94975551369
1253365200000,077,339463.4095061343,110678.90986172775
1253368800000,077,339120.47417410783,110952.45403432363
1253372400000,077,339215.2195763984,111306.27724591426
1253379600000,177,341662.38112770446,109506.00603536182
1253383200000,077,341019.3720248316,112518.02210604762
1253386800000,077,340876.21324973414,112488.68713949379
1253390400000,077,340852.4372214668,112436.74429416517
1253394000000,077,340816.2965351143,111889.56262378588
1253437200000,122,339784.2562695558,111273.42080353382
1253440800000,122,341414.16637669946,112255.03225363459
1253469600000,083,339940.3673198733,109135.05952799025
1253476800000,083,340367.0752794652,109908.92687932082
1253602800000,122,342354.0597329811,112543.54004285445
1253642400000,122,342559.42255235586,111869.97638697899
1253646000000,122,341146.5987046121,111168.66100241065
1253660400000,083,340554.496588741,110531.12900624845
1253664000000,083,340537.22576433595,110451.41519928037
1253696400000,123,341259.73809259094,110603.21410655673
1253696400000,083,340674.74950004736,110688.80420444383
1253703600000,085,341376.63943600515,109945.27095591041
1253707200000,085,341642.91689408594,109879.08669596119
1253710800000,085,341722.7295586316,109854.89645562849
1253714400000,085,341845.035733832,112244.56139572663
1253746800000,083,340585.9181966484,110556.26390202984
1253764800000,140,342339.5792552848,111423.07561306804
1253782800000,083,340548.65470386186,110722.15561309064
1253833200000,083,340592.0450211456,110547.9448507122
1253869200000,083,340659.64618489327,110607.09252683657
1253872800000,140,340549.9017003617,110735.92339825815
1253876400000,140,342935.6947014787,111342.23293927929
1253970000000,065,339528.2880954419,111090.48818341755
1254096000000,083,340536.8830138192,110513.35553012819
1254099600000,083,340523.2365899448,110452.82430672742
1254315600000,066,340808.0517550927,110863.1454120452
1254319200000,066,341213.1903951951,109920.78139253453
1254402000000,122,340531.70329670096,111244.7446039221
1254405600000,122,340620.9371214241,111865.08399741948
1254423600000,122,340845.39514983614,112515.39096841367
1254427200000,122,340654.5342134043,112484.23340159777
1254430800000,122,340630.428105181,112476.76819064276
1254740400000,122,340723.0848098637,110695.10512475889
1254744000000,122,340695.09860490786,111121.9454610373
1254747600000,122,340668.3707178828,111191.87729672929
1254751200000,122,340670.0205429773,111313.22998176444
1254754800000,122,340706.01569476264,111111.63053492818
1254758400000,122,340782.5236536622,110940.27017220303
1254762000000,122,340822.596750268,110858.29269939422
1254765600000,122,340831.0812023278,110871.86604225358
1254862800000,130,340737.3389568295,111018.24824363316
1254866400000,130,341105.8178199535,112116.71793295689
1254985200000,128,341269.2931935759,112818.79161550157
1255230000000,046,340647.78052101185,111217.56514964349
1255233600000,046,341487.6428673224,109282.74405099973
1255258800000,121,340647.78052101185,111217.56514964349
1255262400000,121,341487.6428673224,109282.74405099973
1255266000000,046,340516.020232122,111011.02561672848
1255294800000,121,340516.020232122,111011.02561672848
1255345200000,128,342028.3857258159,111681.35242257157
1255348800000,130,341439.9502251497,111042.06063717407
1255352400000,130,341220.00151449867,110864.33980054523
1255489200000,128,340713.5148114868,112173.98897873642
1255845600000,128,342712.5517316455,113015.85469929047
1256000400000,128,341113.2636582013,112735.36057610578
1256126400000,128,341921.7956384599,109729.26224917207
1256731200000,128,341917.91781473067,110059.38982310885
1256734800000,128,341824.34785904805,109901.22417346819
1256738400000,128,341556.81470860454,112840.56185035281
1257051600000,128,340690.0334306949,112083.75627278033
1257418800000,128,340650.9869890724,111723.87456888067
1257858000000,128,341004.7332310274,111168.9167649163
1257901200000,128,340845.8759944864,111477.9188209856
1258689600000,128,342085.3186282264,111874.91537987841
1258790400000,128,340270.7067116707,112468.06292667644
1259064000000,128,341066.91207692894,110706.67171955558
1259326800000,128,342281.1967567395,111763.78137361859
1259740800000,128,340128.4780476194,109765.01351201878
1259931600000,128,339917.56663013133,111253.8495554828
1261198800000,128,342874.6869779495,111581.64742770213
1261202400000,128,342775.48206945584,112847.22529276511
1261569600000,128,341089.32585908135,110715.15033271186
1262610000000,128,340870.6245636518,112000.212308755
1262952000000,128,342858.1571105449,110764.20131821166
1262955600000,153,340833.7110255793,111478.59662987819
1263348000000,128,340509.05869103,112852.93452748588
1263556800000,153,340912.9419850585,110709.94523967234
1263711600000,128,342534.7555372006,112772.81685074988
1263873600000,128,340648.1631854652,111666.14400918035
1264165200000,128,342284.84092238627,111659.2836667551
1264593600000,128,341076.7950480079,110698.9257574156
1264647600000,128,340905.5595535386,110719.46395456653
1264744800000,128,340628.9598353553,109808.18906279081
1264820400000,128,341817.90637866524,111046.87783032705
1264856400000,128,342620.10932635603,112428.25157977891
1265288400000,128,339723.09934112104,110275.65287972824
1265346000000,128,342206.01143090543,109676.4148275707
1265367600000,128,340905.34720038326,110718.72747350243
1265371200000,128,340971.8730085158,110821.0317852588
1266393600000,163,341096.2915048882,109430.44883412146
1266393600000,153,341096.2915048882,109430.44883412146
1266397200000,163,341097.4239938604,109850.30481203826
1266397200000,153,341097.4239938604,109850.30481203826
1266400800000,163,341330.7566032374,110677.40822672157
1266400800000,153,341330.7566032374,110677.40822672157
1266404400000,163,341277.39600792713,110673.94245389092
1266404400000,153,341277.39600792713,110673.94245389092
1266408000000,163,342913.7414854065,111043.55077469336
1266408000000,153,342913.7414854065,111043.55077469336
1266804000000,128,340854.2016981238,113018.25975510906
1267012800000,128,341044.21044604626,111031.73467194069
1267617600000,128,341156.9735133497,111390.25967365417
1267963200000,128,340635.311944049,113025.18894811242
1268280000000,128,341482.92191136227,109309.91641649694
1268305200000,128,341057.10252542415,110703.4080372637
1268413200000,178,340921.12589900324,110920.47653025825
1268460000000,065,340347.13557736034,110381.83242060247
1268470800000,065,341700.5568753395,110982.61860926314
1268611200000,065,341843.94919249637,110710.73112862771
1268740800000,128,340243.6828273177,109262.4961194266
1269684000000,128,342277.0835736624,110880.46644861286
1270036800000,128,340977.726625681,111782.25538021036
1270123200000,153,341305.014437746,111437.97446965966
1270450800000,128,341209.81165181927,111029.38336934774
1270454400000,128,342726.0824672382,112502.0575910664
1270630800000,153,340843.55635653465,110634.92133988945
1270990800000,128,341602.56801452785,112351.64627938783
1270994400000,128,341166.7916996718,112789.79190415076
1271242800000,128,341811.6642073962,110175.1362613913
1271250000000,128,341832.65468009154,112847.20392322166
1271329200000,153,340895.9851468413,110732.40059036169
1271404800000,128,342126.2387784191,109717.91369495874
1271408400000,153,340876.541591396,110691.30583611998
1271592000000,163,339781.31547859445,112826.96558240744
1271592000000,153,339781.31547859445,112826.96558240744
1271934000000,153,341315.4049438948,110831.58244616876
1271988000000,142,339230.11380726926,109837.27190125926
1272092400000,065,339509.4682945228,111626.96296414822
1272096000000,153,341085.7122261732,111354.02741806772
1272121200000,065,339509.4682945228,111626.96296414822
1272456000000,128,340939.54317447386,111967.13651923095
1272715200000,128,341764.6391727126,111871.04626854276
1273032000000,128,341173.0816174566,109098.77127469667
1273064400000,065,341558.84995204833,110674.05848929887
1273107600000,065,341404.0269409158,110669.96395770925
1273150800000,065,342151.91418352793,109687.85586760897
1273194000000,065,341040.14269298344,110688.77741805898
1273197600000,142,339565.5213608716,109931.083925713
1273226400000,046,342595.38422439876,111658.52071577885
1273226400000,065,340435.63120162673,111618.96218682591
1273230000000,065,340243.73533966916,111695.41192646217
1273240800000,065,341555.6886955568,111384.28613083222
1273284000000,065,341530.0524495891,110706.8200029166
1273287600000,065,341224.5575312842,110706.19986144188
1273485600000,113,342493.1984820139,111975.21792767924
1273485600000,169,342234.39892621845,110670.13380795968
1273543200000,142,339581.7744513642,109908.98480858846
1273658400000,046,343026.45014028763,111668.80014825486
1273665600000,128,340684.17946469825,112630.21917290837
1273744800000,113,341102.16711881093,111536.46571288942
1273798800000,169,342721.67552078393,110673.69477915426
1273802400000,046,341364.08244716254,112866.28888936534
1273834800000,142,339404.4133828626,111487.65959692212
1273899600000,065,341133.08526624984,110722.51514335368
1273903200000,065,341532.7330483521,112894.127911852
1273906800000,065,341658.44293394365,112210.38009132152
1274090400000,153,340862.2628365975,110598.10655292645
1274094000000,153,340803.89178136084,110989.79522773632
1274097600000,153,342902.30178832065,111263.35005120774
1274144400000,113,342353.0747095444,112433.69104982133
1274144400000,169,342848.5225819361,110685.35454016856
1274148000000,169,341844.74347727955,110689.44552506975
1274176800000,046,340533.3133053659,111091.2942758508
1274180400000,046,342309.3839410562,111457.70595857486
1274263200000,113,342691.55670264683,111978.54180748868
1274263200000,169,340572.6646404625,110918.61121200352
1274266800000,169,342716.31323542923,112243.48917374354
1274583600000,128,340349.7649537322,110271.58050086065
1274691600000,169,341670.2512318692,110667.63998946229
1274752800000,142,339395.95835908304,109895.5555547924
1274788800000,079,341602.77196043386,109536.52672464846
1274835600000,142,339955.32081812865,109944.24996917327
1274864400000,113,340694.91556290287,110687.9917661288
1274868000000,113,342612.20127324446,112630.59599151026
1274954400000,113,341269.8343311403,111528.86215835578
1274961600000,079,340967.5627223502,110117.54170260251
1275008400000,128,340566.17023203225,112641.84212367109
1275040800000,046,341318.8737926639,112587.71213033354
1275040800000,169,342021.1704134375,111594.53168597509
1275044400000,113,340591.52054167294,111256.62359594353
1275134400000,128,342198.75867897324,112897.11296034258
1275300000000,113,342391.94752151,111870.18234250626
1275310800000,128,341925.6170211971,113052.70568197142
1275354000000,169,342885.28591208416,110669.61489830201
1275400800000,128,342542.0990354151,111125.19487215129
1275436800000,113,342422.0044161699,112423.10079518287
1275472800000,046,341454.213129187,111848.57321506995
1275472800000,113,341825.36441749457,111634.48197245997
1275472800000,169,342879.21537542506,111152.67750943995
1275559200000,113,342153.7807418118,111755.94602669407
1275562800000,142,339203.15647357743,110790.17416746891
1275616800000,142,339234.5095393945,109989.04814318399
1275649200000,142,339108.7085495926,110791.38786668406
1275915600000,128,342566.8367022797,109074.63172836525
1276084800000,079,342790.3994538859,111898.55539284449
1276135200000,142,339503.625285338,109876.9977401798
1276138800000,128,340642.0925915899,112654.19962102642
1276142400000,128,340805.50144191936,110664.2974302726
1276146000000,128,340816.0719973298,110640.0907503369
1276149600000,128,340825.98434777296,110617.13736633684
1276153200000,128,340829.623099597,110631.73033722957
1276156800000,128,340808.51791565126,110686.65048399621
1276160400000,128,342431.1200030234,111077.03795670708
1276164000000,153,340899.7447924704,110709.55500400359
1276261200000,128,341006.3923416557,111050.19664791347
1276779600000,128,341037.06133831636,110695.3633748625
1276956000000,128,341747.7524119301,112351.51477410097
1277121600000,128,342345.9347360829,110632.47707776098
1277125200000,128,341624.12857094774,113006.57221886108
1277211600000,128,340982.51691905333,110951.98152414104
1277298000000,128,342537.70214757416,111530.6438586564
1277438400000,128,340821.99728167197,110634.72759859527
1277445600000,128,340831.2476064423,110656.29874176736
1277449200000,128,340823.48495653557,110666.68281005541
1277452800000,128,340820.5147209374,110668.31907456432
1277456400000,128,340806.6279108183,110664.48432569148
1277460000000,128,340787.56541271147,110665.0247135458
1277532000000,045,340702.76205423276,109987.42636663836
1277560800000,045,340814.06185883866,110552.41041066076
1277672400000,045,339282.8791639061,112098.18751951483
1277676000000,045,340120.21647234814,111451.7281568263
1277809200000,128,340978.4393567273,110700.858549877
1278147600000,128,342978.1683881164,112744.48226963711
1278756000000,163,339104.7234550343,111211.84426034096
1278756000000,153,339104.7234550343,111211.84426034096
1278759600000,163,342627.85396969924,110828.65134024352
1278759600000,153,342627.85396969924,110828.65134024352
1279278000000,128,341185.27051554486,109639.88892519654
1279616400000,128,340540.33656526374,111249.8239315544
1279875600000,128,339596.7179062987,110665.85617136206
1279886400000,128,340419.272487565,111530.7108120653
1280109600000,128,340861.147794895,110738.65249240787
1280318400000,128,340689.0753259172,112057.5640072823
1280397600000,128,340992.91830874357,110715.2452760727
1280833200000,128,340993.9451224304,110698.9846495434
1281434400000,128,341036.2619235423,110696.14588424956
1281621600000,067,340809.6609970492,110808.84595777611
1281625200000,067,340809.66628676147,110902.54856081677
1281625200000,045,340924.3419245705,110903.81429491234
1282183200000,128,340567.9666787106,112430.24511194845
1282356000000,128,340516.2032290448,110961.28039563129
1282914000000,128,341348.2292677408,112420.00753303262
1283821200000,128,342640.4016787013,111306.25488327105
1283824800000,128,342031.37216424284,111117.77343379695
1284202800000,128,341909.7884286755,111662.91397810244
1284562800000,067,340603.9441164686,110654.74183556395
1284566400000,067,340850.19925900735,109949.56021043571
1284976800000,128,341006.2211878263,110107.94909145616
1284976800000,142,340117.59445795836,109968.15052742031
1285552800000,128,340670.9624192382,111908.83793811369
1285567200000,128,340709.91404671996,112498.39047067941
1287367200000,128,340627.1208396627,112984.7971952226
1287561600000,128,340002.4860779193,111383.99329385896
1287903600000,128,342070.9809695825,112933.7495448494
1288231200000,128,341148.71517758747,112941.36253599779
1288357200000,128,342227.367082029,109103.3538484753
1288944000000,128,340778.4399968995,112065.54731506322
1289559600000,128,340486.4393725308,111503.56878090693
1290160800000,128,339232.7280530512,110983.61866237361
1290765600000,128,339205.36293470644,111047.57967822065
1290776400000,128,339565.9694635614,111715.10260921677
1290798000000,063,340879.3314310213,110926.09737270404
1290844800000,133,339529.19366821874,111786.38897738846
1290848400000,133,339136.20752707095,112009.70010630635
1290956400000,067,339202.30662995274,110975.39486125078
1290960000000,067,339260.57026472816,110804.23702979114
1291554000000,067,341041.3234858673,110691.14612792285
1291662000000,067,340833.2461470307,110704.23284416442
1291662000000,095,340833.2461470307,110704.23284416442
1291712400000,067,340679.4240935125,110662.56967328434
1291712400000,095,340679.4240935125,110662.56967328434
1291766400000,067,340715.8105526243,110647.02656918809
1291766400000,095,340715.8105526243,110647.02656918809
1291982400000,063,340815.28543871746,110817.02288850679
1292320800000,067,340784.0414349319,110712.92106614842
1292320800000,095,340784.0414349319,110712.92106614842
1292328000000,067,340801.7411194355,110667.66266494502
1292328000000,095,340801.7411194355,110667.66266494502
1292331600000,067,340826.99921270856,110632.19977906745
1292331600000,095,340826.99921270856,110632.19977906745
1292342400000,067,340724.80384733994,110627.89390110152
1292342400000,095,340724.80384733994,110627.89390110152
1292349600000,067,340754.60840860836,110685.70628413341
1292349600000,095,340754.60840860836,110685.70628413341
1292371200000,067,340790.17902618024,110662.63667535556
1292371200000,095,340790.17902618024,110662.63667535556
1292418000000,128,340232.64088077616,109765.75911973145
1292421600000,128,341445.905422739,112456.89315220363
1292580000000,128,339979.1122935151,111561.63823620457
1292583600000,128,341017.80315523513,110525.4022646661
1292601600000,128,342027.7049296829,112787.79596663515
1292788800000,095,342684.277703635,110875.42305512291
1292842800000,128,340888.3277528451,111180.12803845103
1293105600000,128,339162.9404622691,111328.48588898161
1293260400000,128,342297.68639618927,111326.6066449917
1293811200000,067,342572.6790351402,110714.7131091088
1293818400000,067,343008.01432502083,110740.70525453812
1293822000000,067,342225.81370804994,110730.03116936541
1294578000000,067,341087.5861922611,110998.20813797854
1294581600000,067,340771.7190066585,110801.21154752924
1294657200000,128,341034.1555030895,111184.51894406906
1294689600000,067,340530.485034637,110707.2069561236
1294693200000,067,340687.25319045084,110789.72019558182
1294696800000,067,340788.1199585495,110876.2336191478
1294700400000,067,340936.1522154871,110984.29760660895
1294704000000,067,340982.5798146832,111041.25295584589
1294707600000,067,340987.1872052787,111036.85279236497
1295179200000,067,340961.94918098144,110797.54117647061
1295373600000,067,341345.6558402044,110679.1176902099
1295377200000,067,341375.8299324345,110748.34449453458
1295380800000,067,341353.1880062222,110737.78467050788
1295380800000,095,341209.9255829019,110703.11162865421
1295611200000,128,339294.207905877,110621.43448167459
1295614800000,128,340073.84904910525,111574.96345132342
1295874000000,128,342697.7168191804,112250.40619684804
1295877600000,128,342176.9285602332,112134.06160170413
1295953200000,142,339277.35939405975,110831.28874852596
1296208800000,142,339219.84250875434,110905.05188720355
1296313200000,067,341780.74742784875,110665.04365240406
1296316800000,067,341402.78338021715,110806.03987443628
1296320400000,067,341263.96085442166,110884.81550652634
1296367200000,067,340983.7803785563,110786.63975293176
1296378000000,142,340984.58813979203,111467.547941409
1298570400000,147,340908.5093036891,110671.28869964785
1298574000000,147,341634.1650011017,111184.16598352423
1298620800000,147,341737.777213688,111128.90551429584
1298628000000,128,339166.25990298984,110826.64427262319
1298635200000,153,339128.959738427,110836.77086710642
1298642400000,153,340866.2347490949,111179.60643751275
1298660400000,147,340766.98533410946,110929.62496047308
1298664000000,147,340943.4947831987,111332.69855124637
1298790000000,095,340240.23112903803,112262.78936525155
1298793600000,095,339868.3213113125,112179.34597979242
1298880000000,147,341957.2805640885,111294.99342810421
1298883600000,147,341394.9115589302,111028.88983369552
1298916000000,147,341372.0846675165,110729.72486023806
1298919600000,147,341821.39278212807,111178.32755180224
1298966400000,147,342153.659357643,111434.0355410127
1298970000000,147,341396.5950480973,111066.8616679254
1299013200000,147,341695.6612588297,111121.61758063696
1299016800000,147,342164.89163299,111558.38859596272
1299052800000,147,342684.10548235645,112110.37205897825
1299056400000,147,342214.8870412161,111683.18982118843
1299186000000,147,341511.3601436018,112129.46340492116
1299225600000,147,342696.56476265093,112075.59060822797
1299229200000,147,342140.4160983496,111596.43185662405
1299283200000,067,342290.65124699316,110740.67846397129
1299348000000,147,342188.2830754843,111054.55049499136
1299351600000,147,342408.95633723005,111542.9337938746
1299355200000,147,342500.0791794473,111717.62425760429
1299358800000,147,342664.78307547874,112058.49466864618
1299362400000,147,342682.68121411785,112076.98422142246
1299366000000,147,342683.0614719678,112079.16863272474
1299427200000,147,341371.36782124743,109138.37201874676
1299438000000,147,341674.82649700897,111245.04264316862
1299441600000,147,342026.0534188278,111560.34632461614
1299488400000,147,341746.34524180373,111188.09739898116
1299499200000,095,342842.6561461086,110469.88585262526
1299520800000,147,340381.4817550905,110902.38719296093
1299524400000,147,341003.31370809407,111611.74158182833
1299564000000,128,342523.3092771126,111462.22506829593
1299571200000,147,342497.7753498945,111892.15365295127
1299574800000,147,341869.9657084665,111290.70400325491
1299607200000,147,341586.99653366295,110988.91414963918
1299657600000,147,342684.73894151713,112079.73636517396
1299661200000,147,342378.0674392721,111746.31206730977
1299664800000,058,340847.4197248798,110920.16824379533
1299664800000,059,340847.4197248798,110920.16824379533
1299693600000,147,340536.6254720707,110896.70611427307
1299697200000,147,340904.1697736537,111638.17025195286
1299744000000,147,342500.77415089443,111908.93412317145
1299744000000,128,342519.78450209263,111196.95129970644
1299747600000,147,342035.9204019089,111348.53886293134
1299751200000,058,340826.21153134666,110881.93030386079
1299751200000,059,340826.21153134666,110881.93030386079
1299780000000,147,340824.1374026082,110717.91621065482
1299783600000,147,341570.012116135,111139.95468322685
1299830400000,147,341691.93882847956,111850.66016889428
1299834000000,147,341152.334194225,111452.24352113405
1299837600000,058,340842.7586740081,110911.90971719839
1299837600000,059,340842.7586740081,110911.90971719839
1299841200000,058,340857.9135603214,110893.01254195144
1299841200000,059,340857.9135603214,110893.01254195144
1299913200000,095,340346.76895086135,111245.58478632612
1299916800000,067,341094.5375540066,110681.45950543809
1299927600000,058,339421.2135527726,111882.58061617905
1299927600000,059,339421.2135527726,111882.58061617905
1299945600000,067,341732.02564149076,112996.00890393404
1299949200000,067,340957.56426733127,111115.05919978114
1299952800000,067,340964.3700426735,111108.95378820831
1299956400000,067,340968.2618606047,111104.91181961306
1299960000000,067,340971.1366372466,111095.80368456779
1299963600000,067,340975.5355183289,111086.3507263265
1299967200000,067,340973.75020288053,111095.19712757436
1299970800000,067,340973.0694261077,111091.89082279259
1299974400000,067,340970.89071684284,111097.50243613885
1299978000000,067,340975.46798854036,111086.3659767346
1299981600000,067,340981.49605827377,111094.32412287519
1299985200000,067,340978.41798188834,111096.44284984602
1299988800000,067,340978.50811012473,111100.97286236468
1299992400000,067,340976.21913044766,111092.00022318408
1299996000000,067,340983.5105896124,111074.00428889535
1300006800000,147,342213.1883640256,111529.3896905301
1300010400000,147,341524.5910984741,111127.74080201205
1300039200000,147,341322.83905069384,110878.2510511145
1300042800000,147,341812.96053983556,111341.62374080188
1300093200000,147,341844.49705750326,111722.85694063272
1300125600000,147,341747.39949197613,111106.18125714257
1300129200000,147,342039.0125304925,111485.17662242187
1300176000000,147,342610.3507596714,111978.31843793258
1300179600000,147,341936.127962652,111726.0286197265
1300219200000,147,341462.95754325035,110986.93441540445
1300222800000,147,342025.57846792374,111482.52824646627
1300266000000,147,342131.33120022295,111512.57750854382
1300298400000,147,341355.9839318165,110676.51924611907
1300302000000,147,341818.2207669053,111127.04112114341
1300352400000,147,342067.7901774789,111410.68981502183
1300388400000,147,341583.47907395853,111242.35914127763
1300435200000,147,342678.7740148286,112066.98041440806
1300438800000,147,342387.81516661966,111734.48543471907
1300492800000,067,340994.44679398584,110745.13276166352
1300557600000,147,341277.20082175435,111477.20841905533
1300568400000,147,341348.35546517605,111751.4802989952
1300572000000,147,342021.3483666545,111907.54797746154
1300597200000,067,341033.5898890497,110625.71431938719
1300644000000,147,342271.0959828787,111718.98199210812
1300647600000,147,341847.04493650177,111217.64767884836
1300658400000,147,341131.2138862869,111768.65426761084
1300698000000,147,342077.6847112979,111357.30915986767
1300741200000,147,341831.74075829424,111133.35127482453
1300780800000,147,342382.4797769022,111682.46615733835
1300784400000,147,341730.4849972869,111185.24133591016
1300824000000,147,341973.90983060433,111377.79122647626
1300827600000,147,342330.53865356045,111726.39041090793
1300831200000,147,342449.9906626426,111842.62104456837
1300834800000,147,342688.3187942321,112074.55599066918
1300838400000,147,342687.82744184596,112075.59646774437
1300870800000,147,341472.99014257104,111490.56809834721
1300996800000,147,340738.5774630974,110716.85147433683
1301000400000,147,341466.67854974046,111100.45827011179
1301043600000,147,342066.1287342571,111447.01409297508
1301047200000,147,341489.6846522968,111109.10674194456
1301097600000,067,341564.9613568389,109166.91165455928
1301421600000,147,340574.86706546997,110970.19882759992
1301425200000,147,341199.79853714554,111691.30678604782
1301428800000,147,341699.04499309766,111810.67652283337
1301511600000,147,341347.0944436615,111962.60435311808
1301515200000,147,341956.8191921225,112152.62275455992
1301648400000,147,342020.8209127066,111298.30137058048
1301983200000,163,341584.95640171715,111349.14772660632
1301983200000,153,341584.95640171715,111349.14772660632
1301994000000,147,340886.28895689733,111215.72973374213
1302123600000,147,340652.9853015747,111778.51024663047
1302127200000,147,341669.5447516737,111905.15781690701
1302181200000,067,339175.7878570793,110652.92555538351
1302213600000,147,340960.59765002184,111847.07745519247
1302231600000,067,339269.5613111625,110747.73115637792
1302253200000,147,340719.51329156465,111148.52597838517
1302256800000,067,339290.4728746141,110692.1507101042
1302260400000,067,340119.87498160737,110744.87739497676
1302267600000,067,339762.98956580565,110720.6891322801
1302271200000,067,339501.4121685632,110795.61395723012
1302296400000,067,340979.5773280534,111080.2477548567
1302303600000,147,340469.58914906665,111616.73327914606
1302364800000,067,340890.84468994406,111057.80411837803
1302368400000,067,340934.7204199133,111098.98137778678
1302415200000,067,340851.7775491824,110765.22284403068
1302512400000,147,340788.2245716037,111154.75700153467
1302519600000,067,339315.86093255394,110843.62441046913
1302523200000,067,339823.6566801556,110786.31174900942
1302526800000,067,340543.03180164675,110698.19453627653
1302570000000,067,340752.4575187403,110753.71888063366
1302573600000,067,339878.8333600351,110746.2043238077
1302627600000,067,340908.80319737067,110937.73823150794
1302631200000,067,340937.96914747544,110992.53339848534
1302634800000,067,340956.7457491645,111015.52734361746
1302638400000,067,340985.9672472183,111052.89546058209
1302642000000,067,340995.9233357098,111054.31010581866
1302645600000,067,340994.0291487184,111053.09844966406
1302649200000,067,340989.09002738405,111070.59490890923
1302652800000,067,340987.1663645091,111081.3012802098
1302656400000,067,340983.24941022944,111090.3298651853
1302660000000,067,340604.96587168885,110991.60257425898
1302699600000,067,340258.74176833616,110610.49236205633
1302703200000,067,340578.339815308,110740.72716399631
1302940800000,067,339911.9995236858,110770.60843070268
1303124400000,067,339389.8711637436,110705.20259294365
1303128000000,067,340187.54287256254,110686.83940835102
1303131600000,067,340443.2154316218,110758.65083192095
1303135200000,067,340987.5365743187,110863.75106460684
1303178400000,067,341122.7115603338,110597.55025028402
1303182000000,067,340225.5466055428,110673.58720058767
1303189200000,067,339121.15850062703,110815.09826230473
1303218000000,067,340279.40647963417,110639.73796136527
1303221600000,067,340627.39329419774,110829.323498601
1303300800000,067,340919.50560139073,110905.05690136137
1303390800000,133,340898.0516143517,110858.04517723426
1303394400000,133,340940.69842695695,110955.06177533916
1303477200000,067,339915.88638803025,110768.17604438876
1303480800000,067,340465.0169523896,110895.3749240069
1303484400000,067,340639.297105707,110947.12680840878
1303488000000,067,340991.8511384378,111047.4139239855
1303491600000,067,340984.032491353,111057.76882237908
1303495200000,067,340986.0274356117,111060.34315750381
1303502400000,067,340988.7499899826,111057.44830679096
1303506000000,067,340988.92341575655,111057.9653635152
1303509600000,067,340987.9184981954,111053.2856116518
1303513200000,067,340988.55360457435,111062.37417705718
1303516800000,067,340989.7027822354,111061.65276104175
1303524000000,067,341004.7734960372,111041.5436993393
1303527600000,067,340966.4010377529,110996.03113913415
1303531200000,067,340415.26756059844,110915.92051597372
1303732800000,067,339695.99612874683,110675.50461238372
1303736400000,067,340297.4632956296,110769.84909046293
1303790400000,067,339248.6144668505,110741.34666008108
1303815600000,067,339910.0655534874,110676.88118386173
1303873200000,067,339458.2459826182,110686.63420618167
1303905600000,067,340179.03704341035,110682.15824346137
1303909200000,067,340550.8860931281,110811.90983229312
1303930800000,147,340786.1718713937,111813.4140308453
1303948800000,067,339693.5413315539,110649.68161973987
1303952400000,067,339149.4958372177,110751.09953188752
1303956000000,067,339729.4071374501,110731.07740568805
1303959600000,067,339515.35570724396,110761.04080494726
1303988400000,067,340203.02163350803,110715.99354863292
1303995600000,067,340078.26193045476,110684.95896923423
1303999200000,067,340391.47820405697,110758.21040557939
1304035200000,067,341013.7993119775,110683.85580653581
1304038800000,067,340106.42428918177,110712.373447922
1304067600000,147,342426.46669284644,111856.2693901238
1304071200000,147,341108.4734772492,111310.59841335837
1304078400000,067,339347.8545949437,110615.2573877252
1304085600000,067,340600.3484542889,110801.74179183342
1304110800000,147,341577.84060633293,112021.08740407019
1304114400000,147,342132.15287934535,112050.96759370073
1304118000000,147,342318.60507914063,112059.04684899257
1304121600000,147,342687.89772332413,112069.11249097732
1304179200000,095,339148.9921775558,110729.27691232559
1304211600000,067,340129.4389035312,110664.25740140866
1304215200000,067,339377.1520741156,110713.72028883369
1304218800000,095,339912.9086119222,110658.49177585823
1304222400000,095,339461.61220120935,110709.57376316443
1304258400000,067,339916.3631014488,110728.96964947201
1304262000000,095,340312.0642532237,110687.62984108328
1304298000000,095,339140.90626274946,110766.85731747815
1304348400000,095,339559.5623876524,110659.14885452551
1304352000000,095,339967.7004416492,110671.20613973554
1304413200000,147,342353.3264499014,111574.83618293275
1304416800000,147,340812.8170230022,111155.62930795076
1304424000000,153,339132.6696798844,111688.62436441175
1304427600000,067,339923.97533934156,110698.48019318574
1304427600000,153,342754.0827003758,111751.9296189841
1304431200000,067,340017.6364658802,110699.06717167204
1304434800000,095,339905.26928950753,110677.24096554925
1304456400000,147,340847.713211231,112273.730256485
1304467200000,095,339214.7611752137,110720.53594159939
1304474400000,067,339323.2071527252,110743.42465148093
1304478000000,067,339392.02464186354,110752.90175882456
1304499600000,147,341535.9354999333,112388.57228005523
1304503200000,147,340234.14411901386,111949.41462635562
1304514000000,067,339995.47903027583,110718.31479670691
1304517600000,067,340391.2739081521,110744.4019640061
1304546400000,147,341090.5627149026,111857.59873856616
1304553600000,067,339144.38253329624,110667.18627755424
1304586000000,147,342576.89855352894,112069.04616117594
1304589600000,147,341227.7781738502,111417.11922692126
1304604000000,067,340912.1107747353,110905.30281861775
1304611200000,095,340627.33531926735,110667.35735658921
1304643600000,067,339854.6090243777,110653.14671786666
1304647200000,067,339330.54043729615,110711.12533298958
1304650800000,067,339328.3245229046,110725.5864608239
1304686800000,067,339194.6432417198,110635.80882089291
1304690400000,067,339977.7000601134,110797.12976086239
1304744400000,163,342008.1986948788,111540.03424231109
1304744400000,153,342008.1986948788,111540.03424231109
1304755200000,163,342249.3841089984,111357.18992232616
1304755200000,153,342249.3841089984,111357.18992232616
1304784000000,095,339718.6728956065,110651.77135624098
1304787600000,095,340129.1483339966,110659.48471297423
1304856000000,067,339944.2235905658,110724.44485951288
1304870400000,095,340048.8071235931,110628.31488524958
1304899200000,067,339955.47113641264,110653.59883960402
1304902800000,067,339277.6326485982,110747.45833277238
1304931600000,147,340983.0441780403,111192.47728752265
1304949600000,067,340282.46370953193,110729.17951285181
1304974800000,147,339850.77441833715,111619.50442942117
1304978400000,147,341147.18142730836,111743.89204426503
1304989200000,095,339216.37379377213,110702.42775671609
1304992800000,067,340407.67996464024,110648.52745243326
1304996400000,067,339591.9485370956,110695.09349125452
1305018000000,147,340502.0394397849,111007.24328174314
1305036000000,067,340153.18113472254,110686.37601707099
1305039600000,067,340505.49061230547,110748.91631867978
1305039600000,095,339330.8088243855,110686.47430236824
1305043200000,095,339981.1012821607,110678.21611729336
1305064800000,147,340715.75983033044,111814.26615306595
1305082800000,067,340841.9872150308,110943.10734532663
1305086400000,067,340185.0133072571,110812.98189197973
1305104400000,147,340931.21096567356,111206.43574071511
1305122400000,067,340136.18340744276,110721.94975057078
1305151200000,147,341009.3680421363,111827.34793449401
1305158400000,067,339168.11635226,110718.18927054982
1305162000000,067,339246.99885277054,110721.00992916842
1305190800000,147,340344.06898102694,110984.35683269083
1305205200000,067,340960.1856683777,110681.00880037843
1305208800000,067,340972.36223962635,110859.84665033163
1305212400000,067,340975.8802080572,110935.62188359605
1305216000000,067,340986.47557181696,111056.05370292725
1305219600000,067,340989.15363795473,111055.97594592016
1305223200000,067,340992.45802730694,111040.88876606808
1305226800000,067,340990.02806178795,111050.68465427762
1305230400000,067,340987.1284737556,111059.9235455854
1305234000000,067,340980.6732139836,111064.69104798825
1305234000000,147,340578.24149086943,111778.27231836924
1305237600000,067,340971.14125909057,111076.78808420354
1305237600000,147,341567.3391464408,111903.3100702098
1305244800000,067,340959.00587211014,111042.82404746939
1305248400000,067,340259.27435580373,110853.19142177116
1305273600000,147,342651.1414680797,112216.03669638949
1305277200000,147,341684.0385899381,111635.84251689556
1305320400000,067,340930.1442587487,110670.51278961268
1305450000000,147,340555.41590187553,111044.3911694825
1305579600000,147,339798.7795214268,111646.43264486258
1305583200000,147,341085.82117596164,111858.54221083965
1305669600000,147,341656.02493404073,111948.01610349074
1305673200000,147,342169.0794060429,112012.38493994685
1305752400000,147,340798.85476149584,111789.35372697089
1305756000000,147,341743.0657917117,111929.79937696354
1305759600000,147,342056.75607683224,111974.040973485
1305792000000,147,342459.9720899596,112619.36816886079
1305795600000,147,341318.73760633264,111706.29859678308
1305907200000,095,339619.16332594794,110687.69004762743
1305993600000,095,339536.79577232595,110679.37768931156
1305997200000,095,340126.50814412674,110659.08903606079
1306080000000,095,339739.07489731803,110671.10447789432
1306252800000,095,339500.92304754653,110632.39952426164
1306339200000,095,339647.7131984302,110686.75386946228
1306598400000,095,339936.66341629234,110667.61679469672
1306688400000,095,339643.40388173686,110676.6901025628
1308614400000,168,341526.032505461,110843.22937334783
1308650400000,168,340949.73439533834,111721.95234004525
1308740400000,168,340478.09144339664,110553.02719690351
1308747600000,168,342217.595100193,111713.94639510858
1308970800000,067,341176.49638801685,110548.2525492936
1309060800000,067,341404.7146852513,109625.23958144119
1309309200000,168,342427.1676562137,110231.23217121669
1309345200000,168,340724.11388591456,110435.31695748301
1309773600000,168,342695.3763470757,111953.01687102969
1309950000000,168,340831.4766640613,111120.61652790214
1309957200000,168,342977.81968760665,112055.07885021725
1310292000000,168,342683.71982939966,111651.36161103786
1310554800000,168,340862.8095674682,111110.06086595776
1310562000000,168,342194.3168839645,110759.1162924046
1310637600000,168,342587.7927000303,112028.44095406239
1310796000000,168,340619.6979871415,110508.50419242236
1310803200000,168,341246.70101237483,110142.63954440627
1311080400000,168,342788.5431198452,111932.11804187848
1311159600000,168,341036.42413193727,111148.6089165595
1311166800000,168,342431.0865262897,110845.91884724985
1311400800000,168,339573.3512515202,111583.84410902724
1311404400000,168,340851.20750922407,111143.392481552
1311408000000,168,341137.1426240001,110668.9742322497
1311890400000,065,340282.03670839063,111122.50651962424
1311944400000,100,339711.85384875996,110660.72841637189
1311951600000,100,340438.8902733271,110789.19770434758
1311976800000,100,339196.71538535506,110580.44408911029
1311980400000,100,339967.54115218436,110716.03167015311
1312002000000,065,340641.19876994705,111419.16861316784
1312005600000,065,339768.3432931466,110992.1936572848
1312030800000,065,340641.19167908805,111419.17694256171
1312034400000,065,339768.3407508073,110992.19740331816
1312275600000,116,339429.92522483633,110759.77475161385
1312326000000,100,339401.6157458474,110643.35129272005
1312329600000,100,339917.76484264736,110639.94886333187
1312362000000,055,340965.0115233466,110731.35203480072
1312362000000,116,339604.8193912028,110762.76633506591
1312362000000,075,340965.0115233466,110731.35203480072
1312362000000,065,340100.86609108513,111232.58170472944
1312365600000,065,339558.3305952164,111199.30763639433
1312369200000,168,340938.7170831072,111159.50704471237
1312401600000,065,340694.88610400615,111475.26447622142
1312444800000,065,340452.76533646823,111287.77730639547
1312448400000,065,339781.9540249924,111213.66274306545
1312534800000,116,339479.51087543234,110722.56616105582
1312621200000,065,339511.9787827647,111228.14972664605
1312642800000,065,340823.5110871919,109296.66891751147
1312707600000,055,339643.6084671301,110848.06026771638
1312707600000,075,339643.6084671301,110848.06026771638
1312711200000,065,340603.5514190043,111482.4965106336
1312714800000,065,339689.68906318117,110649.46155668677
1312718400000,065,339236.7751665686,110393.21174728364
1312740000000,065,340077.31665701297,109413.79467573148
1312790400000,065,339324.22346083325,111141.50365867342
1312830000000,065,339353.07109661493,111550.16297182871
1312833600000,065,339744.8544645323,111663.9534622184
1312837200000,100,340207.2727717304,110766.37517742455
1312840800000,055,339967.17119985714,110801.88538950059
1312840800000,075,339967.17119985714,110801.88538950059
1312880400000,055,339519.35030371026,110852.57578800927
1312880400000,075,339519.35030371026,110852.57578800927
1312898400000,100,340055.5169573645,112238.98482011653
1312902000000,100,340546.8899072905,111995.85161637435
1312927200000,055,340297.49648794596,110725.21746039447
1312927200000,075,340297.49648794596,110725.21746039447
1312927200000,065,339518.8219855969,110742.15807663773
1312930800000,055,340581.83677072753,110674.17849163001
1312930800000,075,340581.83677072753,110674.17849163001
1312934400000,055,340676.32808844344,110652.89200711965
1312934400000,075,340676.32808844344,110652.89200711965
1312938000000,055,340866.8319780239,110613.25083538033
1312938000000,075,340866.8319780239,110613.25083538033
1312941600000,055,340864.6583940603,110610.3896308152
1312941600000,075,340864.6583940603,110610.3896308152
1312945200000,055,340864.87996057846,110602.89882142557
1312945200000,075,340864.87996057846,110602.89882142557
1312948800000,055,340864.82227510685,110603.23281600799
1312948800000,075,340864.82227510685,110603.23281600799
1312963200000,065,340856.9924170124,111079.1098358237
1312974000000,168,340935.8515347795,111138.8415158056
1313010000000,065,339152.422230339,110323.51641002642
1313013600000,065,339266.31136490306,110375.78643655479
1313017200000,065,339247.38460419927,110520.90610958845
1313020800000,065,339776.3575890488,110743.17480724321
1313024400000,065,340315.669643152,110947.68899889688
1313028000000,065,340831.5076620649,111015.72714539728
1313049600000,065,340607.8010623311,110781.93725064835
1313053200000,065,339792.6045666592,110797.06767870003
1313096400000,065,340040.02647197415,110922.84521338815
1313136000000,065,339743.65902344696,110675.58878817629
1313139600000,065,339156.32378558826,110851.22705985737
1313182800000,065,339819.51618946274,110913.79270576929
1313186400000,065,340356.63525314047,110975.25785444447
1313190000000,065,340538.0056624087,111001.29682513057
1313240400000,065,340961.52419792925,110713.20619178977
1313244000000,065,341286.3836960454,109197.04121842305
1313517600000,065,339309.5343139424,110117.07471133719
1313532000000,065,339604.41492717277,110593.13560107957
1313568000000,065,339395.71715435083,110714.63740454022
1313578800000,168,340959.64814623,111136.3937497444
1313586000000,168,341404.8495724371,110462.57323544406
1313600400000,065,342037.9383152166,110453.27424588277
1313658000000,065,339514.87969664467,110750.16673845255
1313701200000,065,340132.3496357563,111021.25055676856
1313740800000,065,340738.28279469017,110872.96186894074
1313744400000,065,339994.84147853695,110819.83425210373
1313830800000,065,339167.45849308243,110780.62607454722
1313845200000,065,339255.6322238594,111270.0744503686
1314190800000,065,340975.58187301125,111018.96119092537
1314194400000,055,339818.64205098955,110644.97441872772
1314194400000,075,339818.64205098955,110644.97441872772
1314198000000,055,340169.0980499254,110629.24896872521
1314198000000,075,340169.0980499254,110629.24896872521
1314201600000,055,340798.3789081686,110611.53945149442
1314201600000,075,340798.3789081686,110611.53945149442
1314205200000,055,340861.6233500251,110607.33394529007
1314205200000,075,340861.6233500251,110607.33394529007
1314208800000,055,340858.93876704545,110603.92575823393
1314208800000,075,340858.93876704545,110603.92575823393
1314212400000,055,340861.504569902,110598.05284838047
1314212400000,075,340861.504569902,110598.05284838047
1314216000000,055,340863.60546985554,110596.65277025406
1314216000000,075,340863.60546985554,110596.65277025406
1314219600000,055,340865.82406401576,110597.4022159044
1314219600000,075,340865.82406401576,110597.4022159044
1314223200000,055,340867.2336601728,110602.37225405128
1314223200000,075,340867.2336601728,110602.37225405128
1314226800000,055,340868.2106738564,110601.5842890407
1314226800000,075,340868.2106738564,110601.5842890407
1314230400000,055,342935.56295103586,110111.3622152523
1314230400000,075,342935.56295103586,110111.3622152523
1314230400000,065,339784.97418769915,111059.7537079567
1314280800000,065,339886.388842317,110712.94038805252
1314284400000,020,339920.8608284723,110737.71951436272
1314320400000,020,339593.7069642516,110721.12338763084
1314320400000,065,339375.1554630602,110707.59446765574
1314453600000,055,340195.99530890386,110685.87039592574
1314453600000,020,339145.9025763354,110621.44585084307
1314453600000,075,340195.99530890386,110685.87039592574
1314457200000,055,340529.1983588039,110611.15804579417
1314457200000,020,339963.83480827836,110747.3364176407
1314457200000,075,340529.1983588039,110611.15804579417
1314493200000,065,340757.4393665778,110754.68055772303
1314504000000,020,340654.59436811117,110797.10887582133
1314507600000,020,340079.8517795247,110796.4514915485
1314511200000,020,340323.7982385392,110862.4172434989
1314514800000,020,340048.5913754211,110845.45740593904
1314518400000,055,339757.97999421053,110653.86154239567
1314518400000,075,339757.97999421053,110653.86154239567
1314522000000,055,339473.6487942382,110734.97859777621
1314522000000,075,339473.6487942382,110734.97859777621
1314540000000,020,339837.443378453,110658.14528204103
1314543600000,020,340333.9146415939,110809.66303305389
1314547200000,055,340270.3803438058,110641.5955827822
1314547200000,020,340509.2999409311,110862.52617599803
1314547200000,075,340270.3803438058,110641.5955827822
1314550800000,055,340571.54431055766,110620.27152367092
1314550800000,020,340813.20001124364,110993.71207474546
1314550800000,075,340571.54431055766,110620.27152367092
1314554400000,055,340671.3170433432,110612.87777246286
1314554400000,020,340820.1469850314,111008.17455137377
1314554400000,075,340671.3170433432,110612.87777246286
1314558000000,055,340870.4765833337,110605.34899431792
1314558000000,020,340814.7969144523,111028.4043270662
1314558000000,075,340870.4765833337,110605.34899431792
1314561600000,055,340866.7817906839,110613.83754526929
1314561600000,020,340843.15656061756,111026.89827685473
1314561600000,075,340866.7817906839,110613.83754526929
1314565200000,055,340864.0246390377,110613.69261044239
1314565200000,020,340825.7428328607,111017.60427341367
1314565200000,075,340864.0246390377,110613.69261044239
1314568800000,055,340863.9472081734,110605.50898379057
1314568800000,020,340822.4709962689,110987.16313847729
1314568800000,075,340863.9472081734,110605.50898379057
1314572400000,055,340864.6033271088,110601.54103169408
1314572400000,020,340819.60931867315,110945.8315216299
1314572400000,075,340864.6033271088,110601.54103169408
1314576000000,055,340864.6359289832,110603.2732598742
1314576000000,020,340804.3035419132,110941.27237717947
1314576000000,075,340864.6359289832,110603.2732598742
1314579600000,055,340865.0339078087,110606.91553291019
1314579600000,020,340588.733163473,110903.6759244207
1314579600000,075,340865.0339078087,110606.91553291019
1314579600000,065,339635.80629000283,110753.9363954594
1314583200000,055,340861.20805848256,110600.60412276415
1314583200000,020,339848.28531433427,110938.17555378232
1314583200000,075,340861.20805848256,110600.60412276415
1314586800000,055,340425.2640270188,110663.12791742866
1314586800000,075,340425.2640270188,110663.12791742866
1314612000000,058,339820.8121943278,110787.13291641553
1314612000000,059,339820.8121943278,110787.13291641553
1314612000000,141,339820.8121943278,110787.13291641553
1314615600000,058,340237.36098840216,110961.36807222872
1314615600000,059,340237.36098840216,110961.36807222872
1314615600000,141,340237.36098840216,110961.36807222872
1314626400000,065,340461.2657945928,110767.61829906271
1314630000000,020,340212.33690131415,110754.62879668183
1314633600000,020,340553.88244864007,110874.60666471101
1314662400000,058,339618.9794853894,110799.6395747332
1314662400000,059,339618.9794853894,110799.6395747332
1314662400000,141,339618.9794853894,110799.6395747332
1314662400000,065,339638.4702590594,110704.83458049707
1314666000000,020,339269.7315921191,110727.62695103255
1314666000000,065,339099.91411909333,110907.97672648041
1314705600000,141,340008.5531892318,110780.60830145105
1314712800000,055,340546.4346849973,110700.45956574842
1314712800000,020,339846.6716720683,110700.13954659723
1314712800000,075,340546.4346849973,110700.45956574842
1314748800000,141,339220.121769143,110881.71091966589
1314748800000,065,340230.63721573184,110707.34197021346
1314752400000,020,340439.49396043376,110693.10908438612
1314752400000,065,339659.4896380541,110704.35844236941
1314756000000,020,339617.94232460205,110682.56948476352
1314799200000,065,340269.9197420479,110888.41345215843
1314802800000,020,339220.8908191489,111145.1459732167
1314806400000,020,339868.14744280884,110954.00439115296
1314835200000,065,339778.50811193866,110707.21189088367
1314838800000,020,340842.3514460795,110683.59529152901
1314838800000,065,339262.3137343767,110925.93149184152
1314842400000,020,339863.3799556522,110710.07069907954
1314882000000,065,339301.8691638707,110966.8836200558
1314885600000,020,339717.7746064454,110646.59722537844
1314889200000,020,340261.13565765094,110782.92556028883
1314925200000,020,339462.0121729023,110712.39712707394
1314925200000,065,339388.1386951003,110800.18095052388
1314954000000,055,339670.2018848396,110827.61796371565
1314954000000,075,339670.2018848396,110827.61796371565
1314957600000,055,340270.2252716048,110717.75163022743
1314957600000,075,340270.2252716048,110717.75163022743
1314957600000,065,340329.2424000607,110945.17320063307
1314961200000,055,340467.5349773642,110687.27774356662
1314961200000,075,340467.5349773642,110687.27774356662
1314961200000,141,339764.4288266473,111628.01505240327
1314961200000,065,340634.82383512787,110977.34626847995
1314964800000,055,340865.6624659565,110615.03950090606
1314964800000,075,340865.6624659565,110615.03950090606
1314964800000,141,340206.69645776047,111335.9053891643
1314968400000,055,340864.9139803901,110611.049032194
1314968400000,075,340864.9139803901,110611.049032194
1314972000000,055,340864.3676686061,110614.9359291966
1314972000000,075,340864.3676686061,110614.9359291966
1314975600000,055,340866.02221707074,110613.3235858819
1314975600000,075,340866.02221707074,110613.3235858819
1314975600000,020,339439.4251057198,110684.37020773764
1314979200000,055,340865.2669414415,110615.64386814565
1314979200000,075,340865.2669414415,110615.64386814565
1314979200000,020,340116.3234014885,110772.40816471365
1314982800000,055,340867.1023253133,110609.84642849874
1314982800000,075,340867.1023253133,110609.84642849874
1314986400000,055,340865.5198475998,110602.66811363488
1314986400000,075,340865.5198475998,110602.66811363488
1314990000000,055,340865.02483568346,110612.91890988877
1314990000000,075,340865.02483568346,110612.91890988877
1314993600000,055,340861.89878526994,110609.5414327265
1314993600000,075,340861.89878526994,110609.5414327265
1314997200000,055,340864.6897404177,110618.75940973042
1314997200000,075,340864.6897404177,110618.75940973042
1315004400000,055,340864.37086719915,110618.85492400483
1315004400000,075,340864.37086719915,110618.85492400483
1315008000000,055,340861.46948773996,110618.73253218347
1315008000000,075,340861.46948773996,110618.73253218347
1315011600000,055,340862.7519453362,110615.27667174273
1315011600000,075,340862.7519453362,110615.27667174273
1315015200000,055,340859.3997473582,110606.20550566609
1315015200000,075,340859.3997473582,110606.20550566609
1315022400000,141,340085.2430727732,111477.32787497091
1315022400000,065,340848.60816683114,111070.88741335522
1315026000000,055,340876.53846338706,110604.48251128208
1315026000000,141,339134.40039127885,111538.73251353338
1315026000000,075,340876.53846338706,110604.48251128208
1315029600000,055,340876.833982097,110595.16319892168
1315029600000,141,339225.3430064087,111464.38747724103
1315029600000,075,340876.833982097,110595.16319892168
1315033200000,055,340877.01741264045,110601.1276281262
1315033200000,075,340877.01741264045,110601.1276281262
1315036800000,055,340874.3580949027,110606.75852817278
1315036800000,075,340874.3580949027,110606.75852817278
1315040400000,055,340877.29324377346,110607.93218225898
1315040400000,075,340877.29324377346,110607.93218225898
1315058400000,020,339692.02611968905,110636.45059910997
1315062000000,020,340317.2858654583,110805.26957579341
1315090800000,065,340880.4716921243,110929.01685566717
1315105200000,020,340530.1214489481,110694.9319162119
1315108800000,020,339553.9117351861,110746.02036162492
1315144800000,020,340149.3409394146,110727.63079055102
1315180800000,141,339516.4591440682,110819.6069208581
1315184400000,020,339424.2909383682,110739.52202923379
1315184400000,065,340854.89014063537,110904.93432450776
1315220400000,065,339662.5480318983,110739.35634648406
1315231200000,020,339431.58360698324,110708.67986314869
1315267200000,065,340709.51565468806,110717.39006809876
1315270800000,020,339258.25557486835,110734.43007374136
1315270800000,065,339487.66747854394,110986.94552396552
1315321200000,020,339873.3342777657,110768.77237597827
1315389600000,065,339587.78320797766,110093.03499200774
1315393200000,065,339870.3117469874,109837.3245885563
1315396800000,065,339376.98266900727,110075.52531990905
1315407600000,020,340188.3544834333,110753.66797196981
1315458000000,065,339804.9488518138,110029.63034610554
1315490400000,065,339747.7689881952,110781.18636746501
1315526400000,065,339551.1534873674,110762.43095793584
1315569600000,141,339795.96053332736,110991.46946978754
1315576800000,065,340172.1606563554,110744.69043408093
1315580400000,020,339702.31116800214,110665.9074011912
1315584000000,020,340205.25547728455,110745.01654740922
1315630800000,141,342929.1538713254,111663.18182204045
1315634400000,065,340898.5478240416,109809.83368710747
1315666800000,020,339273.0780378261,110659.00132825226
1315710000000,065,339504.63552940934,111197.36658129375
1315724400000,065,340531.31154651864,110440.64336298768
1315738800000,141,340873.97797126597,111936.56155959833
1315746000000,065,340097.5861021119,111265.81566208812
1315803600000,020,341101.67796149605,110672.23377531239
1315807200000,020,340156.4407201221,110746.86622128697
1315810800000,020,339843.0308546723,110797.70602930698
1315814400000,020,339485.9499872227,110796.40136222933
1315818000000,020,339284.54926865344,110849.30311138311
1315839600000,020,339923.0405082618,110750.52945215403
1315872000000,065,339973.8048184524,110715.34131167775
1315875600000,065,339396.47840669134,110756.19896602053
1315926000000,020,339745.8485529515,110793.26676840553
1315962000000,020,339521.73063288955,110744.71108099706
1316008800000,065,340121.82295160386,110687.11270759892
1316012400000,020,340310.6592871033,110655.07684591976
1316016000000,020,340487.22772799514,110707.81630354596
1316048400000,065,340783.21684804035,110850.6236666945
1316052000000,020,339586.42071625247,110717.83515879317
1316088000000,065,340450.3915519395,110847.688518628
1316131200000,065,340529.0085307299,110705.58078049029
1316134800000,020,339441.2572338867,110716.8126742651
1316134800000,065,339883.3418604863,110582.0219209466
1316181600000,020,340170.16962385125,110729.82215201364
1316224800000,065,340300.9914301229,110289.66715403556
1316228400000,065,340108.34703905915,110163.76507947032
1316232000000,065,340197.5359961603,109972.05339048283
1316253600000,141,340544.60600698215,111829.74197175741
1316304000000,065,340614.59025179484,110376.27100771759
1316307600000,065,340642.61193838227,110931.9537681718
1316332800000,141,339540.8751156194,112110.73600820037
1316332800000,065,340508.21919109585,110194.45987849457
1316336400000,065,340597.7690184775,109436.98071406779
1316386800000,065,339506.42409135244,110148.04073530623
1316390400000,141,339737.905175616,111122.11387290558
1316394000000,065,339493.87353914307,111487.09517126619
1316440800000,065,339813.36538579746,109822.05697143327
1316563200000,065,340502.5402562434,111455.22923637454
1316566800000,020,339376.10857712466,111150.4650054746
1316592000000,065,340481.4672877546,111460.4875691618
1316595600000,065,339671.11328722385,111237.42172332027
1316606400000,065,339440.4733066398,110388.85298355835
1316620800000,020,340492.10496552056,110786.32123994942
1316653200000,020,339148.77738066844,111165.7393224757
1316696400000,065,339476.71206847497,110014.18972465023
1316736000000,065,339196.7471194898,110234.37988161526
1316739600000,020,339805.2819057505,111105.51892312533
1316772000000,141,339542.5757649841,110682.1766749147
1316772000000,065,340993.3617912955,109609.87723922344
1316793600000,020,339683.4896481327,110779.5477398364
1316833200000,020,339502.23654918146,111133.08530686832
1316840400000,141,340571.82399658265,111775.63043806971
1316844000000,141,340640.53728872014,111802.55611267746
1316880000000,020,340895.7945137511,110930.56994251435
1316916000000,020,339897.4728639905,111103.60878563675
1316916000000,065,340188.47366409097,109690.47883290036
1316937600000,065,340378.77991522185,109519.24582746864
1316966400000,020,339313.7677048664,110904.11696296498
1316995200000,141,339659.06026311783,111128.72137841898
1316995200000,065,339352.4001390815,110061.88495310623
1316998800000,074,339644.84949585644,111145.89233524044
1316998800000,020,339745.0584710253,111117.80332334229
1317031200000,065,340427.72330260964,109551.79774026092
1317049200000,020,340701.44136365666,110846.09217517982
1317088800000,020,339679.8693267414,111127.428360653
1317128400000,065,339904.5968607187,109446.46635526014
1317135600000,020,340742.708492457,110824.68845494924
1317142800000,065,340348.9779587453,109475.77305622857
1317168000000,065,339517.80420729244,109732.40352301626
1317171600000,065,339207.7866090193,110218.3699664012
1317218400000,020,339769.9889822197,110751.69328754504
1317222000000,020,340134.4121375192,110861.11189431844
1317254400000,065,340650.9869411794,109354.85629537275
1317258000000,065,340368.2441580035,109499.10971291183
1317261600000,065,339780.37984426104,109975.38844849153
1317297600000,141,339416.12431821134,110901.00541087525
1317304800000,065,339544.75020007126,109923.08465443918
1317394800000,020,340547.95597987866,110743.94717318352
1317398400000,020,340721.0184296897,110848.8590559889
1317484800000,065,341103.9234242902,109338.05182168596
1317607200000,020,340193.63411510125,111136.17149437233
1317607200000,065,340486.24175935675,109397.43739511486
1317610800000,020,339598.6092733572,111153.36117992422
1317693600000,020,340612.25734352646,110873.04978962246
1317697200000,020,340042.87611008226,111020.54296953275
1317711600000,065,340252.1607222707,109691.58798958441
1317729600000,020,340513.36583680933,110705.96304584313
1317733200000,020,340672.1675923738,110792.6803104484
1317772800000,065,339676.1278511003,109394.47634095584
1317787200000,020,339465.543072167,111160.20966823916
1317826800000,020,340865.7599566306,110943.28567681501
1317873600000,065,340348.4917977667,109559.59038933924
1317913200000,020,340330.18301267154,110784.59430398699
1317999600000,020,340587.54972540896,110777.04425973496
1318032000000,141,339735.38144343323,111109.00968038003
1318032000000,065,339487.6342069067,109835.76730532607
1318035600000,065,339133.9615310122,110293.68242549922
1318071600000,141,339418.467192605,111884.86856056513
1318078800000,065,339833.4426005495,109429.71944919147
1318118400000,141,340682.9559455574,110674.60072966975
1318122000000,141,339667.53533982404,110713.31728788122
1318122000000,020,339441.0751295598,111180.1564245693
1318158000000,141,339782.96956384025,110760.14527148093
1318161600000,065,339399.0180288389,109987.09389254208
1318194000000,020,340676.514808117,110966.63309536903
1318197600000,020,340676.2623125261,110973.63863334313
1318201200000,020,340711.4335439962,111008.99385411876
1318204800000,141,339659.5145803318,111085.2559264504
1318208400000,020,340285.03720179317,111087.13430742503
1318240800000,065,339556.76258548984,109592.43340976731
1318244400000,141,339368.9955764059,111764.39993841495
1318244400000,065,339909.8011989907,109502.3900155792
1318248000000,141,339834.0115255245,111956.50403421537
1318251600000,141,340417.1230928866,112342.60149356171
1318255200000,141,340894.3632328668,112079.75727143133
1318255200000,020,339433.29439822736,110731.12799364605
1318258800000,020,340081.6925099585,110781.65879694329
1318291200000,141,340381.3849483319,110619.37037748646
1318294800000,141,339583.91144625767,110679.30478697529
1318294800000,020,339503.67862717604,111169.16568792696
1318330800000,141,339881.9498126908,110697.582640835
1318334400000,141,340368.9169467529,110819.30393058121
1318345200000,020,340255.86154274043,110732.33838514003
1318381200000,020,339680.95994854975,111143.79876426524
1318417200000,141,339282.50761353545,110625.30500465259
1318420800000,141,339963.42771591106,110731.32903025634
1318420800000,065,340086.1585528057,109445.86472802219
1318467600000,020,340453.9487965945,110704.57558131745
1318467600000,141,339254.351432354,110710.44880651835
1318467600000,065,339098.67689614295,110292.15974221045
1318471200000,020,339621.2657122038,110719.05318535122
1318518000000,020,340287.95133726334,110754.88081709895
1318550400000,141,339711.4372717601,111084.46701257663
1318550400000,065,340363.2090842433,109595.17410073859
1318554000000,020,339566.5921340179,111140.5543349786
1318554000000,065,339779.7981085517,109926.9555017931
1318640400000,065,340420.1584588307,110099.21368060625
1318644000000,065,340318.8781694561,110121.67521911429
1318676400000,020,339854.02348498156,110779.70226194635
1318770000000,065,340357.9564080017,109569.05229853364
1318856400000,102,339774.58270583034,109567.38915164184
1318860000000,102,340067.039938139,109523.97766455874
1318881600000,163,342129.5550125541,111793.1482675088
1318946400000,165,339611.78408732504,110731.56156243768
1318946400000,065,340367.4677494946,109463.44904457437
1318950000000,165,340242.3550400636,110823.18568267382
1318950000000,020,340640.28144150507,110802.02339479723
1318982400000,102,341004.25900320284,110720.30108305492
1318982400000,065,339618.5206721095,109747.06676142763
1318986000000,102,340079.06004659046,110728.3661279524
1318986000000,065,339185.2928456438,110263.27687269411
1319036400000,020,340503.4130838221,110812.72248155977
1319072400000,020,339774.73665217427,111150.43160725606
1319076000000,020,339293.2638210637,111134.19590580306
1319119200000,165,339842.3815340154,110780.1370711544
1319122800000,165,340221.749907872,110863.64140005736
1319144400000,020,340743.44839242165,110974.78411106461
1319148000000,102,340573.91645642265,110863.50939288906
1319148000000,020,340786.4144559549,110963.04654315778
1319155200000,165,339796.1717145637,110713.37591781309
1319158800000,165,339193.4390553079,110866.35823838277
1319158800000,020,339188.3227136664,111020.73787744751
1319162400000,020,339178.46013482584,111025.93726985209
1319191200000,165,339956.1385061099,110748.16836791416
1319194800000,165,340461.89339514973,110882.47014648977
1319205600000,102,340018.2594664326,110700.12607701117
1319274000000,102,341680.64379156777,110670.35464368515
1319277600000,102,341879.81489804084,110930.33215813768
1319292000000,020,341011.1535106868,111049.16371854348
1319292000000,065,340427.91208889545,109498.37492762254
1319328000000,141,342455.02526845614,110723.60217133365
1319346000000,065,340138.09563307336,109624.41388309607
1319385600000,102,341374.0700073511,111674.55063932345
1319389200000,102,341555.0485812043,111256.96737232241
1319418000000,065,339111.00615257927,110368.8221916021
1319457600000,065,339456.232098917,109883.3341598471
1319464800000,165,339889.761976454,110765.55408089022
1319468400000,165,340411.5909941417,110873.82843462155
1319468400000,020,339443.1359994407,110696.40276625329
1319472000000,020,340028.29708734737,110731.49197040116
1319490000000,163,342548.40739505563,111718.8266820591
1319500800000,165,340676.7344063797,110663.90691958336
1319500800000,065,339397.49835752725,110008.2932422451
1319504400000,165,339757.1783640065,110722.5234053664
1319504400000,020,339705.1360024202,111163.64256267835
1319529600000,065,339185.927819968,111583.23608008049
1319533200000,163,342575.2936842347,112849.42535958637
1319533200000,065,339785.53212121374,112068.61690633917
1319536800000,065,340028.1311750266,111379.76674744782
1319551200000,165,340299.48234236636,110795.13941014183
1319551200000,020,340078.79836410895,110811.82690843465
1319554800000,165,340641.8728539406,110869.15707316791
1319590800000,020,340549.08544714603,111049.82963755251
1319594400000,020,340007.72261449136,111111.22981003244
1319619600000,163,342253.405691753,112579.11633625448
1319641200000,020,340915.517090517,110989.52436331917
1319673600000,165,339982.5452400991,110665.9338658894
1319677200000,165,339288.9393385681,110776.62236097868
1319677200000,020,339218.8177987412,110789.54198737661
1319698800000,102,340273.6043510315,110773.29262709264
1319702400000,102,339658.9011055046,110699.97129036725
1319706000000,102,339294.92441646085,110775.27473875787
1319706000000,163,342233.723203655,112428.15060135163
1319731200000,020,340447.8799241732,110761.55557335036
1319760000000,165,340249.38101499603,110660.87704641496
1319763600000,165,339422.6790653524,110714.80244618404
1319763600000,020,339294.9867293085,111160.9036880988
1319871600000,102,339900.4494240543,110641.87411155202
1320022800000,020,339978.7796826459,111165.43559767268
1320026400000,020,339446.82696622424,111145.80993620795
1320109200000,102,339361.69067002274,110779.59397019829
1320109200000,020,339489.1474800631,111161.54741342529
1320242400000,020,340778.4732239057,110866.16686070064
1320278400000,165,340893.4173504141,110752.62215934142
1320282000000,165,339921.7524756618,110753.41528527875
1320285600000,020,339559.31811168505,111142.16239111358
1320292800000,102,339538.66935878835,110755.40859516559
1320310800000,102,339102.9368819443,111488.22914779425
1320364800000,165,340914.01184704684,110675.07546799656
1320368400000,165,340024.64129415585,110696.43625422085
1320415200000,020,340269.89692211687,110793.31472809076
1320433200000,102,340204.53521582676,110742.75689673085
1320465600000,020,340187.83364475967,111189.0251846588
1320469200000,020,340222.1921487153,112002.08587972554
1320480000000,020,339724.9171696083,112976.48036573105
1320505200000,020,340035.8319711343,110898.97161696338
1320591600000,020,340787.3379739014,110794.91159405465
1320631200000,020,339471.6527802686,111173.46205655685
1320678000000,020,339733.29604969657,110741.9517719399
1320714000000,102,340512.1389908435,110684.36292852268
1320717600000,102,339643.85718709824,110722.31324009405
1320760800000,020,339841.8676580334,110759.88870317233
1320782400000,102,340610.0449887761,110801.42485063977
1320811200000,102,339197.7230255034,110750.97585547788
1320829200000,163,342285.80568646715,112957.15247584878
1320847200000,020,340251.46406142286,110733.08187657267
1320886800000,020,339310.4317478828,111124.5966691932
1320955200000,102,340256.05252201715,110724.42236393673
1320976800000,102,339457.4583150694,111154.13806171503
1321023600000,020,340784.64463116205,110838.7150890762
1321045200000,153,339680.39496481227,111676.62454602562
1321092000000,165,340170.47824832704,110010.50807077448
1321099200000,102,340721.11232548265,112531.4785268262
1321146000000,165,340956.117868167,111781.31880223592
1321149600000,165,341004.80476284726,111493.89449880054
1321153200000,165,341006.41635715263,111276.42835789306
1321156800000,165,340941.61970957596,110958.7021527918
1321160400000,165,340032.0897082805,110813.02271332119
1321164000000,165,339201.15789359226,110889.77032985781
1321192800000,165,339600.1134401105,110771.73034778418
1321228800000,165,340646.2003016635,110624.00227024837
1321232400000,165,340098.0463490632,110668.32585826381
1321236000000,165,339524.9344161576,110776.60161847707
1321254000000,165,340790.86575585196,112122.9322835738
1321257600000,165,340773.97295372654,112195.65782219911
1321261200000,165,340122.10160720296,111788.98767313054
1321264800000,165,339400.77411095967,111373.68157277656
1321282800000,165,340372.7313356377,110823.94186946774
1321315200000,165,340592.0117757218,110043.54378478
1321318800000,165,340060.77339170646,110321.38475841838
1321318800000,102,339210.28223614884,110744.90722916022
1321318800000,020,339456.1403480569,111171.6464120312
1321322400000,165,339537.4066319839,110561.24164990261
1321340400000,165,339838.83819083835,110877.10256989709
1321344000000,165,340187.3623149164,111617.65186634319
1321347600000,163,343085.58002212323,112959.1321438235
1321372800000,020,340737.5611504298,110839.49366095244
1321434000000,163,342849.7380590661,112497.9997884561
1321455600000,163,341947.4852365302,111770.83130018732
1321459200000,020,339777.0831534801,110819.5246379118
1321495200000,020,339673.8450767617,110758.74428720555
1321545600000,020,340779.7924011885,110658.13791394867
1321574400000,165,340617.94797449413,110280.84847057257
1321578000000,165,340262.47507070005,110204.18464771891
1321628400000,165,340303.2742800209,110834.72377362067
1321632000000,165,340561.5037604681,110940.38954426697
1321664400000,165,340540.20507748757,111353.14925662473
1321668000000,165,340685.46892008715,111672.54683069949
1321671600000,165,340225.73259165074,111356.08768433752
1321675200000,020,339858.52172993746,111040.48907397829
1321682400000,165,339274.1278032454,110579.80949402342
1321686000000,165,339456.73057528754,110472.78559885935
1321689600000,165,339643.17326183757,110547.86992237555
1321714800000,020,340029.8458390917,110670.2919017922
1321718400000,020,340345.08021498215,110781.72538031384
1321754400000,165,340661.26043299085,110860.4160622263
1321758000000,165,340940.5961574253,110764.01006633329
1321768800000,165,341053.61474523373,111577.05747289908
1321772400000,165,341233.04070525663,110954.07336062049
1321776000000,165,341340.3071500237,109764.33860613068
1321804800000,020,340608.00205906766,110801.97634741501
1321833600000,165,340921.1291526081,110441.09919285109
1321837200000,165,340539.29065302486,110540.24595066355
1321837200000,020,339548.545364843,111183.28672228628
1321923600000,020,339521.74876982777,111162.10405362981
1321974000000,020,340399.67351952445,110767.80528866398
1321977600000,163,341753.9254215232,111768.29484719656
1322060400000,020,340078.2197436254,110693.4641541795
1322146800000,020,340026.0248074039,110717.1355249581
1322150400000,020,340481.924007589,110860.40239698545
1322182800000,020,339576.89446678053,111181.67145646187
1322233200000,020,340297.81469914166,110781.51593173847
1322492400000,020,339830.5706387329,110785.8293368075
1322528400000,020,340471.5118435469,111051.55133138306
1322532000000,020,339874.95838744246,111109.79447843245
1322578800000,020,340791.3681225643,110833.84621250488
1322586000000,163,342376.49498044304,111791.25084609825
1322614800000,020,340294.68160613335,111093.54237634962
1322618400000,020,339668.2574057953,111140.15410813002
1322665200000,020,340434.3124094162,110747.41889698042
1322704800000,020,339656.3828146402,111147.50696552587
1322791200000,020,339586.16216074495,111154.45935425222
1323180000000,020,339358.04671794904,110615.06953070096
1323183600000,020,339875.30284102383,110649.35680207271
1323252000000,163,342814.42852528085,111721.87208725935
1323273600000,102,339972.7721394848,110627.61490658404
1323392400000,020,340906.65968848066,110960.66459891018
1323396000000,020,340302.235409687,111052.31618363984
1323435600000,163,339889.9899277024,111251.42086626214
1323460800000,163,342181.98979870434,110918.3238856749
1323770400000,163,342834.6899952199,111663.2404445796
1323784800000,020,339753.2907357193,110712.66164417178
1323856800000,163,342504.2659952031,111704.96160991208
1323968400000,163,341478.4077951627,111761.55071027554
1324389600000,020,339774.3244474336,110756.14603343036
1324393200000,020,340269.3922031849,110832.26548149833
1324429200000,020,339940.2551118226,111075.44532154467
1324479600000,020,339848.2484874091,110767.89645269582
1324519200000,020,339950.09186574933,111050.67129322098
1324602000000,020,340931.53691756394,111063.01254122725
1324605600000,020,340404.93233717146,111052.22234197296
1324645200000,071,340718.1742899428,111393.54265593403
1324717200000,071,340622.92216625065,111634.87075197094
1324720800000,071,340462.8277296069,111468.1452554599
1324778400000,071,339437.3098508458,111274.82069039914
1324800000000,071,340078.1606464904,111237.4384285885
1324857600000,071,339828.32879728754,111226.83223011848
1324861200000,071,339206.68379762676,111147.93563090707
1324864800000,102,339957.11781942076,110728.68288062536
1324868400000,102,339237.90488230437,110907.96178043437
1324893600000,071,339424.5669496976,111119.68449453198
1324897200000,071,339950.5342099754,111165.13249265093
1324944000000,071,339747.9390622095,111175.0723172979
1324947600000,102,340250.9268053475,110664.01602194567
1324947600000,071,339433.12534415146,111155.89891432323
1324951200000,102,339492.6907625672,110719.56460400403
1324983600000,071,340182.9702802425,111199.17456896842
1324987200000,071,340478.2367727752,111225.8984618729
1325030400000,071,340145.15144570736,111178.2720632978
1325034000000,071,339475.1525473493,111114.95252960506
1325044800000,071,339320.9278278279,111188.44836097675
1325048400000,071,339720.50757329725,111209.75427967147
1325052000000,071,339578.17188556975,111197.96639905067
1325070000000,071,340130.6840419444,111177.95715554648
1325098800000,163,341368.28625819215,111729.43683786393
1325206800000,071,339745.1204732428,111080.91504879597
1325217600000,102,339918.97324352653,110749.86221181252
1325239200000,071,339693.15979687835,111316.24328974466
1325250000000,071,340741.39333971724,111374.35009917045
1325293200000,071,340046.15650361165,111211.71722312654
1325296800000,071,339305.97794381477,111166.39911302285
1325314800000,102,339447.8129103472,110652.50924992774
1325584800000,071,339436.68378874555,110885.99800202221
1325588400000,071,339912.4555691012,111051.34808244412
1325592000000,071,340682.8003157203,111326.86853068502
1325595600000,071,340852.1468872856,111381.70384196384
1325674800000,071,339940.5024692321,111209.33953745817
1325685600000,074,339202.4167294538,110622.65315135295
1325689200000,074,339988.9185605663,110745.51078668506
1325721600000,071,340724.2210767415,111401.48801327299
1325725200000,071,340202.0756933327,111125.60073896329
1325772000000,071,340097.0074948527,110895.92867370768
1325858400000,071,339812.4236200193,110880.93355037544
1325862000000,071,340331.2896079725,111132.12201006597
1325865600000,071,340503.6457862714,111217.78756432519
1325869200000,071,340865.346260464,111365.30497510605
1325901600000,071,340876.17782075,111379.52639115596
1325905200000,071,340854.741282566,111361.75434328089
1325908800000,071,340560.3466178008,111261.65686473949
1325926800000,074,339804.079668006,110782.70418479366
1325930400000,071,340206.84829504637,111201.5533281768
1325934000000,071,340398.872139515,111274.79776568268
1325937600000,071,340460.1986621639,111286.73403641931
1326027600000,074,339255.2522951821,110726.34430722544
1326070800000,071,339854.56368605874,110884.76475725496
1326117600000,074,339728.72820674354,110719.20931739749
1326153600000,074,339235.72803451034,110783.59716009635
1326240000000,074,339795.3963187021,110651.9030187907
1326243600000,074,339132.0129028483,110776.55161008274
1326290400000,074,340085.67355819885,110717.72881566231
1326326400000,074,339709.21994781273,110650.07550340223
1326373200000,074,339238.90490259876,110407.85697605493
1326412800000,074,339145.65521768486,110718.33044613202
1326675600000,071,339643.77979470417,110725.93412685134
1326711600000,163,341933.3956289961,111704.83179134203
1326726000000,071,339809.7714858965,110829.45014688847
1326729600000,071,340329.94426792825,111146.23807044649
1326733200000,071,340504.2477815894,111202.67736105908
1326762000000,071,340597.4535618606,111414.01785966648
1326765600000,071,339979.34913019836,111090.84332593207
1327053600000,163,342067.44874640927,111749.87257937549
1327968000000,074,339628.77010868397,110698.62243659244
1328018400000,074,339295.39711650024,110700.05172442083
1328054400000,074,339630.1829411176,110724.39204224976
1328058000000,074,339099.427782467,110833.58121662788
1328104800000,071,340195.62746323633,111020.26473250889
1328104800000,074,339726.3524549618,110676.36246417538
1328108400000,071,340524.70205317356,111157.00854855761
1328122800000,163,342151.51893348695,111726.96927162663
1328140800000,074,339700.603470742,110689.874605594
1328144400000,071,339572.1156947092,110789.35904927604
1328212800000,163,340656.12029050547,111713.97033094974
1328227200000,074,339619.75841911556,110705.41159940761
1328274000000,071,340285.1955853048,110817.22621275857
1328277600000,071,340507.9696570076,111137.70541416397
1328320800000,071,339983.4999560879,110849.9498517675
1328324400000,071,339277.1048586486,110799.19436123795
1328349600000,163,342978.9686255702,111670.06821413705
1328536800000,074,339500.97837076214,110717.22156295051
1328565600000,163,342419.5840815118,111617.40182645578
1328605200000,163,341888.09510398994,111654.03395126766
1328623200000,074,339741.98399270617,110678.18956242964
1328659200000,074,339631.7528439005,110647.71583333529
1328662800000,074,339102.03979859746,110759.55206406326
1328706000000,074,339544.46358330536,110707.85061628169
1328713200000,071,339903.71679102187,110855.15761235828
1328745600000,071,340161.7714091602,110941.25704993618
1328745600000,074,340432.146423728,110693.14667054673
1328749200000,071,339374.34312867495,110848.96267439896
1328749200000,074,339635.8129871799,110697.31211229705
1328796000000,074,339465.29878890514,110732.0510588955
1328868000000,163,341295.894432605,111337.02540130798
1328947200000,074,340873.8236353814,110765.22200694091
1328947200000,163,343086.19014147867,111739.34021017539
1328950800000,074,339749.5355476022,110959.39718050316
1328968800000,074,339788.69687019265,110704.01172190989
1329055200000,074,340072.49820294196,110766.98055386292
1329091200000,074,339408.9076589606,110709.93493534577
1329134400000,074,339731.2258186987,110706.04248327637
1329228000000,074,339688.8837450492,110693.69125993784
1329264000000,074,340693.3538611285,110678.29505697495
1329267600000,074,339728.14967562404,110702.50643950904
1329350400000,074,339714.1909013304,110636.54380812023
1329354000000,071,340352.4430896274,110883.93147664607
1329357600000,071,339609.7560645023,110790.01394033003
1329382800000,163,342342.83663184184,111304.52510766426
1329400800000,074,340694.74644546356,110811.3724918342
1329436800000,074,340688.32903429103,110658.98067882958
1329440400000,074,339803.0619506028,110674.63774899777
1329620400000,074,339412.23719686916,110675.29860124519
1329649200000,074,340565.64711144177,110727.26647737934
1329696000000,074,339317.3914257158,110716.26353164655
1329742800000,074,340100.01566197467,110702.31913044154
1329782400000,074,339342.41930465726,110719.33578954036
1329829200000,074,341076.4182894797,110740.22950836309
1329912000000,074,339740.0593050788,110690.02609163903
1329955200000,074,339622.60394069337,110612.43352865847
1330002000000,074,339559.24728544854,110691.52198294406
1330005600000,071,339597.0651718806,111172.3618005663
1330009200000,071,340228.8721398695,111293.90080373926
1330041600000,074,341149.4349234183,110568.06463381616
1330045200000,074,340227.82251746126,110584.76382123647
1330084800000,074,339444.3554341666,110720.9926507196
1330167600000,074,340469.99816128484,112413.07943010895
1330174800000,163,341091.2398845863,112424.71429236741
1330185600000,163,342059.73642373394,111800.987323872
1330218000000,074,339289.0874783513,110718.82022357875
1330459200000,163,339913.54916045064,111697.15734339986
1330520400000,074,339993.0417235282,110717.15667902761
1330524000000,071,339615.71461292804,110662.05799425096
1330527600000,071,340195.50891410594,110913.60153780066
1330538400000,071,340852.10959532525,111347.11557880382
1330549200000,163,340292.9325021652,111654.25361173482
1330560000000,074,341012.0556102333,110668.9500761911
1330563600000,071,339524.22903903684,110838.24325670637
1330563600000,074,340183.29596827645,110675.12385480401
1330606800000,074,339544.4601686252,110629.15779755761
1330610400000,074,340214.3163124678,110826.99670698689
1330743600000,074,339295.5052893622,110739.53467037049
1330776000000,074,340068.5617948641,110756.53091235613
1330855200000,074,339600.02251336555,110717.4347384046
1330869600000,074,339598.6352187539,110746.0226858186
1330902000000,074,340047.89550633775,110660.048493338
1330905600000,074,339263.9890278216,110781.76432405325
1330952400000,074,339271.2806874409,110640.09221544888
1330956000000,074,340014.5068400677,110766.6012815281
1331078400000,074,339994.8997085039,110654.64471594433
1331082000000,074,339222.5541988386,110709.6986868542
1331125200000,074,339150.52733111347,110682.0035388483
1331128800000,071,339755.50130481157,111212.74414097828
1331128800000,074,339980.1809416666,110798.32314241248
1331164800000,074,339542.1637291812,110689.3321196738
1331168400000,071,339535.9685539108,111197.37869349483
1331211600000,071,340301.7052521819,111284.41355859615
1331215200000,071,340579.35787374014,111296.0795495695
1331301600000,074,339693.64973909594,110797.7779256399
1331460000000,074,339767.0727077318,110635.17605099117
1331463600000,074,339134.3367568179,110718.00696251728
1331474400000,074,339677.53838524205,110757.24287267856
1331506800000,074,339186.2420261019,110690.45429362849
1331553600000,074,339433.14707744605,110689.81030642558
1331557200000,074,340142.254935613,110817.66343758232
1331596800000,074,340916.0918718897,110704.70582115086
1331600400000,074,339896.0443932024,110710.24362115041
1331683200000,074,339389.3933405652,110714.76486505057
1331755200000,163,340794.7356812408,111713.56933618058
1331769600000,074,339466.7148860195,110701.23198512156
1331816400000,071,340115.0521985965,111126.49954934492
1331820000000,071,340437.97945027356,111097.44604095006
1331870400000,071,339609.1973932203,111199.70108292603
1331874000000,071,339132.3014068963,111123.06352379767
1332068400000,071,339408.83956526703,111139.15387156735
1332072000000,071,339995.22711253027,111130.7920848242
1332147600000,163,342422.27322078287,111238.63371233744
1332205200000,071,340001.76297852164,111199.89774203335
1332237600000,071,340196.92864809075,111290.24770001502
1332241200000,071,340194.45426263846,111308.40091752415
1332244800000,071,340205.8968410296,111314.86576511645
1332291600000,071,339640.854307782,111180.21872226609
1332424800000,074,339979.1707008228,110709.81862422933
1332536400000,163,339655.7197539835,111680.21392263165
1332597600000,074,340959.5002583538,110962.4218136839
1332752400000,163,342781.3049884817,111523.26807851453
1332770400000,071,340098.8711661503,111241.71880637464
1332824400000,071,339892.91978149436,111253.31329229825
1332828000000,071,340079.790163427,111278.89332841133
1332853200000,071,340653.0651288687,111374.28385119217
1332856800000,071,340742.5421042745,111372.12682174546
1332874800000,163,340828.7253071842,111696.95213266631
1332943200000,071,340370.87026667787,111261.77485562534
1332979200000,159,340558.6438685892,110997.75759260885
1332982800000,159,339881.2374079984,111075.85183547188
1332982800000,071,339736.5248817437,111076.29415746524
1333033200000,071,339237.57489520614,110782.03893787904
1333036800000,071,339961.9859291599,111019.22048906976
1333062000000,071,340261.9849712274,111226.41292434048
1333116000000,159,340099.0628906474,110701.89157320901
1333119600000,159,340456.3246675258,110847.453089546
1333123200000,159,340586.7988072797,110892.65253838507
1333126800000,159,340842.20554766565,111004.34194755607
1333130400000,159,340791.1867672419,111015.554380617
1333134000000,159,340737.16619699536,111030.6564432247
1333137600000,159,340728.98146440124,111043.58818650011
1333144800000,159,340876.933536438,111058.72862368601
1333148400000,159,340867.58583011193,111036.75216694479
1333152000000,159,340418.7726769193,111073.03511112278
1333155600000,071,339120.2951919296,111164.89415734865
1333173600000,159,340687.90262485633,110806.22639063015
1333177200000,159,340774.20066679793,110905.5136665322
1333180800000,159,341219.881441922,109827.79558613419
1333184400000,163,342594.0575102314,111374.75525661354
1333245600000,071,340042.132472967,111184.31897400593
1333249200000,071,339458.85886105476,111160.23739147598
1333515600000,071,340752.40972707624,111114.64758216341
1333519200000,071,339928.26857327926,111641.53919860144
1333522800000,071,339388.8768686261,111955.58965509658
1333540800000,071,339150.285758498,111163.33924390639
1333544400000,071,339937.9842507715,111250.00550773807
1333548000000,071,340241.85343723866,111272.13094458042
1333551600000,071,340786.51824421267,111375.08782037132
1333634400000,159,339847.3560439525,110689.7894848952
1333638000000,159,340341.6866240616,110864.65175900664
1333641600000,159,340496.59817222325,110905.49386550004
1333645200000,159,340832.4492862976,111039.42044962572
1333648800000,159,340761.5212836382,111008.74873293855
1333652400000,159,340772.1327565544,111037.64378046757
1333656000000,159,340774.4307374687,111029.50079334539
1333659600000,159,340854.9790713344,111047.16316120734
1333663200000,159,340865.1390012564,111042.53530180629
1333666800000,159,340840.6940204271,111043.2422553822
1333674000000,159,340089.00810715917,110886.58910785886
1333720800000,159,340026.6754194769,110802.59486815527
1333724400000,159,340411.47012795915,110901.14123012444
1333728000000,159,340563.80207260064,110946.88122601066
1333749600000,159,340849.43227212084,111062.16260299437
1333753200000,159,340842.4117620359,111065.64625261497
1333756800000,159,340846.693062729,111050.96807592643
1333756800000,074,340874.9597249243,110627.66828820705
1333760400000,159,340852.5841234022,111043.57990007167
1333760400000,074,339990.56087990326,110683.69779731227
1333764000000,159,340857.86146144517,111038.73796158459
1333774800000,159,340498.79059732513,110824.71267411874
1333778400000,159,340229.9555710014,110748.87521533857
1333789200000,071,339254.92016201746,111163.03183945597
1333792800000,071,340056.1668508996,111262.2757493256
1333796400000,071,340638.321908581,111142.41394715874
1333800000000,071,341502.6930736154,111060.89695134813
1333803600000,071,341832.8946376026,110911.56824789073
1333807200000,071,341547.19387937133,111003.49489120883
1333810800000,071,341219.34090634214,111139.1096925938
1333814400000,071,340888.83078218315,111287.88802054526
1333818000000,071,340858.78611010546,111350.32513859804
1333821600000,071,340833.1059726652,111419.21939714828
1333825200000,071,340847.4557492255,111411.08403904672
1333828800000,071,340852.6522490322,111385.52292727894
1333832400000,071,340881.0867482067,111339.77545438596
1333836000000,071,340864.218603149,111351.0716116989
1333839600000,071,340864.27433663484,111380.72787440372
1333843200000,071,340820.3787597935,111389.8035626628
1333846800000,071,341071.6063472004,109959.95478216025
1333882800000,071,340798.4626466779,110125.8924209539
1333882800000,153,339666.2337469233,112683.76801293509
1333890000000,159,339999.8989387885,110909.68551129858
1333893600000,159,340413.6887307985,110972.0896569994
1333897200000,159,340510.38361773005,110988.36252912575
1333900800000,159,340800.79406079155,111030.83005644656
1333904400000,159,340835.5423266937,111038.4953463325
1333908000000,159,340779.319084482,111039.13107271085
1333908000000,153,339923.7894672132,111851.27063886484
1333911600000,159,340775.82228620583,111052.57054169122
1333915200000,159,340742.00637823506,111057.11902580583
1333918800000,159,340857.21307573724,111055.19120649148
1333922400000,159,340859.39728043036,111049.5846512888
1333926000000,159,340830.60177818686,111066.2458782234
1333933200000,159,340119.8744449094,110926.82934453513
1333933200000,071,339377.0879606541,111163.87648011149
1333947600000,071,340077.0601100999,111130.22631044357
1333951200000,071,340438.0706783866,111051.09937897988
1333954800000,071,340582.02978698764,111047.62655047239
1333976400000,071,340793.1212154079,111351.09316105575
1333976400000,074,339374.66255528893,110777.61049454976
1333980000000,071,340808.9419160234,111337.82393723971
1333980000000,074,340115.82389669475,110865.1052959747
1334070000000,159,339903.68830699235,110879.92510752901
1334073600000,159,340210.0857992254,110932.39210234582
1334228400000,071,339849.9323785346,111155.03476688324
1334235600000,071,340266.3255171784,111262.08310177561
1334239200000,159,340116.97045586474,111087.6401583136
1334239200000,071,340773.16877282585,111379.30272414189
1334242800000,159,340508.6247917719,111065.08787799068
1334242800000,071,340791.43235659314,111356.90044122834
1334246400000,071,340835.8787846903,111327.66406971961
1334250000000,071,341272.68788347207,110470.37817335337
1334271600000,071,340366.2216668719,111254.01577322185
1334275200000,159,340499.27054058824,111180.362901311
1334275200000,071,340306.8332076856,111273.45865266412
1334278800000,159,339781.6908138101,111162.56975024732
1334278800000,071,340281.89400449675,111271.04696385331
1334286000000,071,340505.0136318348,111371.0808789962
1334293200000,071,340589.1668501554,111427.61431016921
1334653200000,071,340460.6008691287,111413.30267977092
1334656800000,071,340594.26060791424,111460.88207815067
1334797200000,071,339808.0308664985,110981.2169097447
1335099600000,074,339667.2631161442,110631.63277182235
1335103200000,074,340229.147588587,110782.33324367303
1335157200000,163,341934.61725040077,111501.95122796854
1335164400000,163,340954.22154600767,111559.48553858568
1335182400000,159,339660.3299907432,110765.47440039793
1335186000000,159,340266.9303406001,110900.38303417215
1335225600000,159,339352.4995311482,110746.89829752003
1335276000000,074,340037.2874887461,110681.84348227881
1335366000000,071,340193.7580935013,111054.18777367237
1335369600000,071,340512.31635118875,111217.06888891259
1335373200000,071,340639.4581495873,111236.51087631447
1335402000000,071,339968.3199656203,111246.9227300895
1335405600000,071,339350.16168693965,111191.69231638778
1335466800000,163,341901.718177016,110594.96392377131
1335787200000,071,341861.5387676455,111983.23092466986
1335790800000,071,340944.92924773577,111232.07030650602
1335794400000,071,340917.5902851113,111271.5986213154
1335798000000,071,340856.7127573711,111361.23254605028
1335801600000,071,340843.25237833936,111377.86604046145
1335805200000,071,340841.4947164244,111367.93456172007
1335808800000,071,340845.8988719647,111368.99736963482
1335812400000,071,340859.7358821839,111342.08998062207
1335816000000,071,340853.72720900096,111351.88896819873
1335819600000,071,340848.877606924,111345.47270444369
1335823200000,071,340847.0582673209,111340.60365943758
1335826800000,071,340857.83465109015,111339.15175903968
1335830400000,071,340867.13170810527,111344.20455636614
1335834000000,071,340873.90953236684,111342.77383629653
1335837600000,071,340869.0937674288,111345.01584632957
1335841200000,071,340864.2949998472,111325.60833516938
1335844800000,071,340855.0456430058,111324.49474196626
1335848400000,071,340849.0848167986,111322.12666687608
1335852000000,071,340862.6718307777,111336.32325647696
1335963600000,074,340056.3812663031,110656.41965545222
1335967200000,074,340407.99070913094,110781.94876042414
1336381200000,159,340046.6380750743,111080.63430935942
1336384800000,159,340472.9160807114,111048.35519647141
1336388400000,159,340586.9157799436,111034.4038831864
1336392000000,159,340826.8444220425,111012.27603075329
1336395600000,159,340768.96814815584,111013.13452448476
1336399200000,159,340790.1913933731,111022.03024250099
1336402800000,159,340885.7655182769,111048.37532785354
1336406400000,159,340827.576955236,111041.71863250964
1336410000000,159,340816.71954075526,111046.89239703481
1336413600000,159,340744.0288320547,111042.4077172188
1336417200000,159,340850.8714187633,111043.08386133105
1336420800000,159,340851.5923133442,111045.4571917536
1336424400000,159,340864.5243419499,111021.11060856543
1336435200000,159,339723.6039318148,111088.39194084812
1336744800000,071,340104.42854447616,111156.08724747466
1336748400000,071,340472.8917080347,111255.88900339181
1336752000000,071,340599.5674759716,111284.93349878404
1336755600000,071,340854.45395109296,111347.14389629879
1336759200000,071,340860.3455047835,111341.59954185235
1336762800000,071,340853.9871813751,111344.89387776796
1336766400000,071,340850.59435473604,111343.90885451308
1336770000000,071,340853.39812879596,111335.80572024838
1336773600000,071,340863.96669851925,111332.77146576262
1336777200000,071,340866.3567861607,111332.53249341455
1336780800000,071,340875.9176771276,111334.27206137967
1336784400000,071,340870.6948145709,111328.2740263632
1336788000000,071,340852.59391776903,111299.64501096953
1336791600000,071,340806.13814971916,111228.95958542184
1336795200000,071,340546.8074186437,111183.9589669984
1336921200000,071,339798.58157616935,111200.66375660163
1336950000000,071,340835.12286333705,111383.23280484798
1336953600000,071,340595.48521638033,111319.25408039382
1336957200000,071,340317.5577154355,111280.89123583054
1336960800000,071,339593.26050385035,111194.51923452015
1337940000000,163,342273.8670683969,111364.6622826313
1337965200000,163,342422.5131218733,111757.919877441
1337965200000,153,341950.8104648418,111720.3914882826
1338199200000,163,342807.4921308948,111684.64595271967
1338372000000,163,342489.5637640967,111771.53088369532
1339146000000,163,342736.3897860666,111407.02727221281
1339531200000,163,339673.92191485764,111636.85130658491
1339578000000,163,341397.0256816965,111419.74603212714
1339790400000,153,341616.54822798725,111401.53778039574
1340013600000,163,341511.8826830899,111430.89465576949
1340182800000,163,341515.63506720634,111471.94834199766
1340496000000,163,341736.8078463066,109839.70346993234
1340546400000,163,342331.71444540686,112572.83842503962
1340557200000,163,340343.15604816895,112848.1700717962
1340560800000,163,340362.1639936444,112710.60050792672
1340564400000,163,340357.2625609224,112668.52851523145
1340568000000,163,341163.13790222065,112556.57784580874
1340625600000,163,341561.46199183865,111352.49089489933
1341266400000,163,342467.58304722304,111540.51135241595
1341828000000,163,341737.16760953947,111483.48277088982
1342209600000,163,342168.55930849107,111758.09795344515
