SensorID,timestamp,CO(GT),PT08.S1(CO),NMHC(GT),C6H6(GT),PT08.S2(NMHC),NOx(GT),PT08.S3(NOx),NO2(GT),PT08.S4(NO2),PT08.S5(O3),T,RH,AH
1,1078941600000,2.6,1360,150,11.9,1046,166,1056,113,1692,1268,13.6,48.9,0.7578
1,1078945200000,2.0,1292,112,9.4,955,103,1174,92,1559,972,13.3,47.7,0.7255
1,1078948800000,2.2,1402,88,9.0,939,131,1140,114,1555,1074,11.9,54.0,0.7502
1,1078952400000,2.2,1376,80,9.2,948,172,1092,122,1584,1203,11.0,60.0,0.7867
1,1078956000000,1.6,1272,51,6.5,836,131,1205,116,1490,1110,11.2,59.6,0.7888
1,1078959600000,1.2,1197,38,4.7,750,89,1337,96,1393,949,11.2,59.2,0.7848
2,1078963200000,1.2,1185,31,3.6,690,62,1462,77,1333,733,11.3,56.8,0.7603
2,1078966800000,1.0,1136,31,3.3,672,62,1453,76,1333,730,10.7,60.0,0.7702
2,1078970400000,0.9,1094,24,2.3,609,45,1579,60,1276,620,10.7,59.7,0.7648
2,1078974000000,0.6,1010,19,1.7,561,NaN,1705,NaN,1235,501,10.3,60.2,0.7517
2,1078977600000,NaN,1011,14,1.3,527,21,1818,34,1197,445,10.1,60.5,0.7465
2,1078981200000,0.7,1066,8,1.1,512,16,1918,28,1182,422,11.0,56.2,0.7366
2,1078984800000,0.7,1052,16,1.6,553,34,1738,48,1221,472,10.5,58.1,0.7353
2,1078988400000,1.1,1144,29,3.2,667,98,1490,82,1339,730,10.2,59.6,0.7417
2,1078992000000,2.0,1333,64,8.0,900,174,1136,112,1517,1102,10.8,57.4,0.7408
2,1078995600000,2.2,1351,87,9.5,960,129,1079,101,1583,1028,10.5,60.6,0.7691
2,1078999200000,1.7,1233,77,6.3,827,112,1218,98,1446,860,10.8,58.4,0.7552
2,1079002800000,1.5,1179,43,5.0,762,95,1328,92,1362,671,10.5,57.9,0.7352
2,1079006400000,1.6,1236,61,5.2,774,104,1301,95,1401,664,9.5,66.8,0.7951
2,1079010000000,1.9,1286,63,7.3,869,146,1162,112,1537,799,8.3,76.4,0.8393
2,1079013600000,2.9,1371,164,11.5,1034,207,983,128,1730,1037,8.0,81.1,0.8736
2,1079017200000,2.2,1310,79,8.8,933,184,1082,126,1647,946,8.3,79.8,0.8778
2,1079020800000,2.2,1292,95,8.3,912,193,1103,131,1591,957,9.7,71.2,0.8569
2,1079024400000,2.9,1383,150,11.2,1020,243,1008,135,1719,1104,9.8,67.6,0.8185
2,1079028000000,4.8,1581,307,20.8,1319,281,799,151,2083,1409,10.3,64.2,0.8065
2,1079031600000,6.9,1776,461,27.4,1488,383,702,172,2333,1704,9.7,69.3,0.8319
2,1079035200000,6.1,1640,401,24.0,1404,351,743,165,2191,1654,9.6,67.8,0.8133
2,1079038800000,3.9,1313,197,12.8,1076,240,957,136,1707,1285,9.1,64.0,0.7419
2,1079042400000,1.5,965,61,4.7,749,94,1325,85,1333,821,8.2,63.4,0.6905
2,1079046000000,1.0,913,26,2.6,629,47,1565,53,1252,552,8.2,60.8,0.6657
3,1079049600000,1.7,1080,55,5.9,805,122,1254,97,1375,816,8.3,58.5,0.6438
3,1079053200000,1.9,1044,53,6.4,829,133,1247,110,1378,832,7.7,59.7,0.6308
3,1079056800000,1.4,988,40,4.1,718,82,1396,91,1304,692,7.1,61.8,0.6276
3,1079060400000,0.8,889,21,1.9,574,NaN,1680,NaN,1187,512,7.0,62.3,0.6261
3,1079064000000,NaN,831,10,1.1,506,21,1893,32,1134,384,6.1,65.9,0.6248
3,1079067600000,0.6,847,7,1.0,501,30,1895,44,1155,394,6.3,65.0,0.6233
3,1079071200000,0.8,927,17,1.8,571,56,1685,71,1223,487,6.8,62.9,0.6234
3,1079074800000,1.4,1091,33,4.4,730,109,1387,104,1361,748,6.4,65.1,0.6316
3,1079078400000,4.4,1587,202,17.9,1236,307,897,141,1900,1400,7.3,63.1,0.6499
3,1079082000000,NaN,1545,NaN,22.1,1353,NaN,767,NaN,2058,1588,9.2,56.2,0.6561
3,1079085600000,3.1,1350,208,14.0,1118,187,912,122,1712,1237,13.2,41.7,0.632
3,1079089200000,2.7,1263,166,11.6,1037,216,969,143,1598,1167,14.3,38.4,0.6243
3,1079092800000,2.1,1206,114,10.2,986,143,1035,113,1537,959,15.0,36.5,0.6195
3,1079096400000,2.5,1252,140,11.0,1016,160,1008,116,1593,983,16.1,34.5,0.6262
3,1079100000000,2.7,1287,169,12.8,1078,163,949,123,1660,1061,16.3,35.7,0.656
3,1079103600000,2.9,1353,185,14.2,1122,190,922,126,1740,1139,15.8,37.0,0.661
3,1079107200000,2.8,1309,165,12.7,1073,178,954,120,1657,1112,15.9,37.2,0.6657
3,1079110800000,2.4,1274,133,11.7,1041,150,1006,119,1610,994,16.9,34.3,0.6549
3,1079114400000,3.9,1510,233,19.3,1277,206,812,149,1910,1410,15.1,39.6,0.6766
3,1079118000000,3.7,1525,242,18.2,1246,202,821,145,1847,1448,14.4,43.4,0.7084
3,1079121600000,6.6,1843,488,32.6,1610,340,624,170,2390,1887,12.9,50.5,0.7478
3,1079125200000,4.4,1598,333,20.1,1299,274,752,149,1941,1627,12.1,53.3,0.7536
3,1079128800000,3.5,1484,215,14.3,1127,253,839,139,1723,1491,11.0,59.1,0.774
3,1079132400000,5.4,1677,367,21.8,1346,300,741,134,2062,1657,9.7,64.6,0.7771
4,1079136000000,2.7,1280,122,9.6,964,193,963,113,1544,1285,9.5,64.1,0.7597
4,1079139600000,1.9,1196,67,7.4,873,139,1071,97,1463,1144,9.1,63.9,0.7423
4,1079143200000,1.6,1184,43,5.4,782,83,1176,82,1365,1043,8.8,63.9,0.7256
4,1079146800000,1.7,1172,46,5.4,783,NaN,1179,NaN,1380,996,7.8,67.5,0.7173
4,1079150400000,NaN,1147,56,6.2,821,109,1132,83,1412,992,7.0,71.1,0.7158
4,1079154000000,1.0,978,30,2.6,625,62,1420,65,1274,819,8.3,63.6,0.6982
4,1079157600000,1.2,1100,27,2.9,646,53,1406,60,1268,835,7.2,67.5,0.6887
4,1079161200000,1.5,1112,47,5.1,770,139,1228,77,1409,940,6.3,71.9,0.6932
4,1079164800000,2.7,1336,132,11.8,1043,256,935,96,1678,1192,6.5,71.6,0.6945
4,1079168400000,3.7,1408,239,15.1,1153,295,830,119,1777,1411,9.6,59.7,0.7124
4,1079172000000,3.2,1447,160,12.9,1081,250,869,126,1667,1465,12.4,51.2,0.7335
4,1079175600000,4.1,1542,283,16.1,1184,296,808,158,1780,1583,15.6,42.2,0.7451
4,1079179200000,3.6,1451,210,14.0,1117,239,875,161,1679,1387,18.4,33.8,0.709
4,1079182800000,2.8,1328,154,12.3,1059,153,987,124,1600,1101,19.4,31.3,0.695
4,1079186400000,2.0,1207,112,8.6,924,118,1088,102,1488,850,18.0,34.8,0.7127
4,1079190000000,2.0,1240,108,9.2,947,119,1049,116,1532,947,18.4,33.6,0.7042
4,1079193600000,2.5,1306,111,10.2,987,138,1004,124,1554,1078,17.6,35.1,0.7012
4,1079197200000,2.3,1326,97,10.6,1000,148,976,125,1602,1084,16.7,37.8,0.7117
4,1079200800000,3.2,1473,191,15.5,1163,227,831,148,1779,1395,16.1,41.0,0.7451
4,1079204400000,4.2,1609,258,19.6,1286,277,758,165,1922,1612,15.8,42.4,0.7569
4,1079208000000,4.2,1611,284,19.2,1274,279,754,161,1915,1697,15.7,44.1,0.7786
4,1079211600000,4.2,1621,269,18.3,1247,283,762,159,1860,1886,15.3,46.8,0.8091
4,1079215200000,3.1,1444,180,13.1,1089,214,844,143,1748,1624,14.6,48.6,0.806
4,1079218800000,2.6,1418,116,10.9,1010,172,892,130,1603,1536,14.7,49.3,0.8193
5,1079222400000,2.9,1534,93,11.0,1013,190,889,129,1611,1535,13.9,53.6,0.8498
5,1079226000000,2.8,1484,131,11.9,1045,174,880,119,1624,1530,14.6,51.5,0.8536
5,1079229600000,2.5,1367,92,8.6,925,128,953,104,1543,1337,12.5,58.9,0.8537
5,1079233200000,2.4,1344,132,9.7,968,NaN,921,NaN,1620,1278,11.6,63.4,0.8674
5,1079236800000,NaN,1130,56,5.2,773,70,1130,82,1452,1051,12.1,61.1,0.8603
5,1079240400000,1.2,1062,32,3.7,691,53,1272,70,1377,929,11.5,63.1,0.8533
5,1079244000000,1.0,1076,29,2.5,618,44,1395,63,1333,872,11.6,62.2,0.8473
5,1079247600000,0.9,1028,27,2.4,615,74,1384,67,1340,853,10.4,67.6,0.853
5,1079251200000,1.4,1155,36,4.2,722,101,1225,84,1414,959,11.6,62.7,0.853
5,1079254800000,1.6,1235,57,6.4,828,118,1055,83,1527,1093,12.4,60.0,0.8627
5,1079258400000,2.2,1332,129,8.6,923,144,952,98,1614,1225,14.5,53.1,0.8728
5,1079262000000,2.8,1445,148,10.9,1009,176,878,114,1696,1355,16.9,46.1,0.8789
5,1079265600000,2.8,1416,145,10.7,1002,161,907,119,1677,1262,19.3,38.3,0.8474
5,1079269200000,2.0,1281,93,7.5,880,113,1084,104,1525,980,21.2,31.4,0.7812
5,1079272800000,1.8,1207,84,7.5,879,103,1104,102,1490,872,21.4,30.2,0.7616
5,1079276400000,1.9,1258,99,8.2,906,112,1081,107,1511,900,21.9,29.0,0.7525
5,1079280000000,3.0,1458,150,11.9,1045,170,974,129,1646,1099,22.2,28.4,0.7516
5,1079283600000,2.9,1438,156,12.0,1051,180,943,128,1668,1206,21.3,30.8,0.7696
5,1079287200000,2.5,1478,122,12.2,1055,160,929,121,1671,1262,19.7,36.7,0.8307
5,1079290800000,4.6,1808,262,20.6,1312,261,753,157,1993,1698,18.4,41.7,0.8732
5,1079294400000,5.9,1898,341,23.1,1381,325,681,173,2103,1905,17.6,46.1,0.921
5,1079298000000,3.4,1560,214,14.7,1140,217,784,146,1818,1648,16.7,49.6,0.932
5,1079301600000,2.1,1324,100,9.0,940,146,924,121,1587,1423,16.3,51.0,0.9341
5,1079305200000,2.2,1349,79,8.8,933,152,933,119,1617,1349,14.7,55.9,0.9314
6,1079308800000,1.8,1239,66,7.4,872,104,985,99,1547,1250,14.8,54.7,0.9164
6,1079312400000,1.8,1239,73,6.9,853,106,1010,93,1543,1174,14.0,57.0,0.9094
6,1079316000000,1.8,1224,66,7.0,855,108,998,88,1566,1149,13.4,61.3,0.9361
6,1079319600000,1.1,1078,44,4.4,734,NaN,1128,NaN,1487,1021,12.6,63.5,0.923
6,1079323200000,NaN,1078,44,4.0,711,66,1150,71,1468,1013,12.3,65.4,0.9351
6,1079326800000,1.0,1075,39,3.9,703,88,1156,74,1464,1010,11.9,67.4,0.9375
6,1079330400000,1.4,1157,51,6.4,830,138,1030,80,1584,1083,11.4,70.5,0.9475
6,1079334000000,2.2,1314,107,9.7,966,228,897,89,1710,1235,11.3,70.2,0.9401
6,1079337600000,5.5,1797,336,25.9,1451,360,652,114,2323,1680,12.4,63.9,0.917
6,1079341200000,8.1,1961,618,36.7,1701,478,537,149,2665,2184,14.8,54.3,0.9076
6,1079344800000,5.8,1771,438,26.6,1470,394,622,157,2262,1973,17.4,45.6,0.8993
6,1079348400000,4.2,1564,334,20.1,1300,319,710,155,2029,1798,19.8,38.5,0.8801
6,1079352000000,3.1,1430,221,14.1,1120,201,831,134,1783,1522,22.0,34.1,0.8904
6,1079355600000,2.9,1417,207,14.9,1146,171,830,119,1831,1404,23.3,32.2,0.9096
6,1079359200000,2.9,1400,191,15.4,1162,159,838,111,1829,1263,23.9,30.0,0.8757
6,1079362800000,2.5,1317,185,12.1,1053,153,926,104,1707,1137,24.4,28.9,0.8736
6,1079366400000,2.3,1318,141,11.5,1033,143,950,99,1675,1068,24.4,29.4,0.8848
6,1079370000000,2.8,1445,214,14.8,1141,156,857,110,1824,1252,23.8,31.3,0.9137
6,1079373600000,6.1,1917,471,32.1,1601,314,631,162,2447,1843,22.5,35.4,0.9547
6,1079377200000,8.0,2040,685,39.2,1754,404,542,187,2679,2122,20.4,42.5,1.0086
6,1079380800000,6.5,1895,538,31.0,1573,320,565,165,2443,1992,18.3,52.6,1.0945
6,1079384400000,4.2,1595,319,19.9,1294,256,678,145,2058,1707,16.7,57.4,1.0786
6,1079388000000,3.2,1439,224,15.3,1159,193,764,125,1856,1494,15.7,60.2,1.0654
6,1079391600000,1.4,1142,67,6.9,852,89,1008,101,1547,1164,15.3,61.4,1.058
7,1079395200000,2.1,1304,155,11.1,1019,127,852,103,1731,1272,14.1,65.7,1.0494
7,1079398800000,1.2,1074,49,5.4,784,79,1098,88,1483,1040,14.8,60.6,1.0148
7,1079402400000,0.8,968,29,2.8,640,43,1320,61,1386,867,14.8,59.2,0.9879
7,1079406000000,0.7,929,25,2.3,608,NaN,1376,NaN,1364,826,13.6,62.1,0.9636
7,1079409600000,NaN,941,25,2.6,626,59,1316,59,1373,840,12.3,66.2,0.945
7,1079413200000,0.6,937,17,2.0,585,38,1412,52,1348,793,12.8,63.2,0.9283
7,1079416800000,0.9,1017,27,3.5,681,82,1246,64,1418,870,11.2,68.5,0.9081
7,1079420400000,1.3,1171,50,5.1,770,99,1162,70,1467,930,11.0,66.5,0.8705
7,1079424000000,3.4,1541,218,16.2,1185,263,770,97,1889,1407,11.7,63.7,0.8719
7,1079427600000,3.7,1539,285,19.7,1287,229,698,95,2055,1507,13.6,56.3,0.8743
7,1079431200000,5.3,1735,437,25.1,1431,396,628,150,2211,1843,17.8,42.9,0.8672
7,1079434800000,4.1,1571,327,20.0,1297,314,730,162,1973,1729,21.4,33.3,0.8417
7,1079438400000,3.3,1452,283,18.3,1250,217,776,154,1868,1583,24.4,27.4,0.8231
7,1079442000000,4.0,1579,366,22.3,1359,252,724,161,1998,1671,25.3,26.1,0.8264
7,1079445600000,3.8,1466,318,20.4,1309,263,773,161,1897,1491,25.8,23.2,0.7589
7,1079449200000,2.8,1280,228,14.6,1136,180,893,128,1675,1240,27.0,20.2,0.7094
7,1079452800000,2.9,1407,201,16.6,1197,184,905,129,1759,1313,28.2,18.6,0.7014
7,1079456400000,2.9,1389,199,15.8,1173,190,898,133,1739,1363,28.0,19.1,0.7098
7,1079460000000,3.4,1447,237,17.8,1235,184,859,139,1778,1296,23.9,25.7,0.7519
7,1079463600000,3.9,1551,261,19.1,1271,181,800,137,1875,1432,21.3,34.8,0.873
7,1079467200000,3.2,1474,230,15.8,1173,166,854,143,1776,1432,20.4,36.7,0.8704
7,1079470800000,5.1,1800,349,24.9,1426,317,700,177,2106,2034,19.0,41.3,0.9007
7,1079474400000,2.6,1379,183,13.5,1101,184,818,138,1710,1602,17.9,45.9,0.9342
7,1079478000000,1.7,1201,88,9.1,943,130,935,117,1560,1362,16.7,48.9,0.9226
8,1079481600000,1.7,1205,85,8.6,925,132,922,107,1547,1314,15.5,52.9,0.9271
8,1079485200000,1.2,1072,47,5.4,784,95,1066,90,1442,1114,15.5,51.9,0.9059
8,1079488800000,0.9,998,34,4.1,714,70,1169,79,1383,992,14.1,55.6,0.891
8,1079492400000,0.7,933,26,2.6,625,NaN,1292,NaN,1332,884,13.1,57.9,0.8666
8,1079496000000,NaN,883,17,1.9,577,54,1396,60,1303,808,12.7,57.9,0.8447
8,1079499600000,0.5,869,11,1.6,554,28,1460,40,1268,667,11.8,58.0,0.8026
8,1079503200000,0.5,891,18,1.9,576,46,1417,53,1289,733,11.9,57.4,0.7978
8,1079506800000,1.6,1173,84,7.5,878,160,1038,84,1556,1052,9.9,65.2,0.7956
8,1079510400000,4.1,1587,260,21.4,1334,320,702,108,1999,1534,11.1,60.2,0.7958
8,1079514000000,6.6,1852,534,36.4,1696,377,553,127,2535,1931,14.1,50.0,0.802
8,1079517600000,4.3,1522,368,21.3,1331,280,703,134,2026,1734,17.7,40.1,0.8048
8,1079521200000,2.9,1438,200,15.4,1161,221,819,135,1782,1595,21.1,33.4,0.8265
8,1079524800000,2.5,1393,145,12.5,1067,210,905,142,1654,1490,24.3,28.3,0.8471
8,1079528400000,2.8,1452,188,15.1,1152,204,861,153,1747,1508,25.6,25.6,0.8254
8,1079532000000,2.6,1389,152,13.7,1108,161,887,123,1712,1334,25.9,25.9,0.8503
8,1079535600000,2.0,1207,103,10.4,994,135,1013,104,1520,1045,26.8,18.7,0.65
8,1079539200000,2.9,1365,193,15.2,1154,186,940,129,1679,1221,29.3,15.8,0.6309
8,1079542800000,2.5,1247,134,12.3,1060,147,1032,114,1525,1069,28.5,14.9,0.5708
8,1079546400000,5.0,1557,386,27.0,1478,299,793,158,1981,1569,25.9,16.0,0.5237
8,1079550000000,7.6,1973,577,38.4,1737,411,617,194,2414,2306,23.1,26.5,0.7403
8,1079553600000,6.7,1975,523,35.1,1667,347,597,182,2416,2359,20.5,38.2,0.9133
8,1079557200000,5.7,1795,472,27.2,1485,336,653,180,2174,2050,19.1,42.6,0.9294
8,1079560800000,2.8,1444,206,15.0,1150,202,770,136,1727,1727,17.2,44.1,0.8558
8,1079564400000,2.6,1488,216,15.7,1171,178,731,127,1778,1705,16.0,50.9,0.9206
9,1079568000000,2.3,1371,159,13.0,1083,154,796,116,1669,1551,14.8,53.9,0.9024
9,1079571600000,1.4,1161,70,8.1,904,92,947,107,1502,1240,14.3,55.4,0.8975
9,1079575200000,1.0,1064,44,5.5,787,61,1057,88,1407,1115,14.8,52.1,0.8686
9,1079578800000,0.7,970,42,3.6,687,NaN,1196,NaN,1351,969,13.9,53.9,0.8501
9,1079582400000,NaN,954,28,2.9,645,60,1260,78,1334,925,11.6,61.9,0.8442
9,1079586000000,0.6,931,20,2.5,623,37,1293,57,1307,828,12.0,58.9,0.8233
9,1079589600000,0.7,938,26,3.0,650,68,1251,71,1333,893,10.9,62.1,0.8113
9,1079593200000,1.5,1166,78,7.7,885,139,1005,85,1551,1075,10.6,63.3,0.8067
9,1079596800000,4.7,1643,319,23.3,1384,339,667,124,2094,1610,11.5,60.0,0.8117
9,1079600400000,6.6,1934,506,35.8,1682,421,541,151,2468,2051,14.3,50.6,0.8186
9,1079604000000,4.5,1617,NaN,21.3,1333,349,686,150,2010,1819,17.8,40.5,0.821
9,1079607600000,2.8,1473,NaN,14.3,1127,224,831,152,1752,1568,20.8,34.4,0.8365
9,1079611200000,2.2,1379,NaN,12.5,1068,171,899,139,1663,1374,23.8,28.2,0.8219
9,1079614800000,2.2,1385,NaN,12.2,1056,149,891,133,1648,1268,24.2,28.7,0.8515
9,1079618400000,2.3,1379,NaN,13.1,1087,137,901,126,1660,1144,25.2,24.9,0.7829
9,1079622000000,2.2,1322,NaN,14.4,1129,149,934,128,1639,1109,27.0,17.8,0.6275
9,1079625600000,2.8,1496,NaN,16.8,1205,172,822,169,1767,1347,27.1,23.1,0.818
9,1079629200000,2.7,1409,NaN,14.5,1131,166,873,149,1689,1206,25.8,23.9,0.7832
9,1079632800000,3.7,1513,NaN,21.5,1338,214,764,156,1957,1397,23.0,26.8,0.7446
9,1079636400000,5.1,1667,NaN,26.4,1464,280,683,168,2118,1588,20.7,31.1,0.7523
9,1079640000000,5.1,1667,NaN,26.0,1453,276,684,176,2051,1569,18.6,36.2,0.7676
9,1079643600000,3.2,1430,NaN,14.1,1121,178,814,135,1732,1322,16.0,48.4,0.8768
9,1079647200000,2.1,1333,NaN,10.3,989,129,885,121,1621,1194,14.5,57.8,0.9456
9,1079650800000,1.7,1262,NaN,8.3,911,95,948,99,1545,1062,13.1,64.2,0.9606
10,1079654400000,2.0,1287,NaN,8.9,936,126,918,106,1606,1040,12.0,69.7,0.9735
10,1079658000000,1.6,1134,NaN,6.6,840,103,1021,96,1501,917,11.9,71.1,0.9915
10,1079661600000,0.9,999,NaN,3.6,688,48,1229,63,1380,594,12.5,69.3,1.0029
10,1079665200000,0.7,961,NaN,2.5,622,NaN,1382,NaN,1301,430,12.5,67.5,0.9768
10,1079668800000,NaN,934,NaN,1.8,569,20,1440,32,1280,397,12.3,67.7,0.9665
10,1079672400000,0.5,913,NaN,1.3,525,18,1620,28,1260,370,12.5,66.8,0.962
10,1079676000000,0.7,969,NaN,2.3,607,56,1373,61,1324,438,12.3,66.3,0.9487
10,1079679600000,1.5,1182,NaN,6.7,845,115,1054,99,1539,704,12.4,64.9,0.9332
10,1079683200000,4.8,1740,NaN,22.8,1372,320,671,157,2144,1476,13.0,61.6,0.9209
10,1079686800000,6.2,1819,NaN,31.3,1582,357,575,166,2456,1716,13.6,58.8,0.912
10,1079690400000,4.0,1427,NaN,19.2,1275,253,701,149,1980,1398,13.9,57.1,0.9032
10,1079694000000,3.3,1390,NaN,16.4,1191,218,759,135,1879,1268,14.5,54.4,0.8917
10,1079697600000,2.8,1283,NaN,14.0,1117,192,813,127,1751,1188,15.5,50.1,0.8744
10,1079701200000,3.0,1304,NaN,15.3,1157,176,793,122,1801,1171,16.1,47.6,0.8655
10,1079704800000,3.3,1364,NaN,16.7,1202,198,771,135,1875,1250,16.3,47.1,0.864
10,1079708400000,3.5,1410,NaN,19.0,1268,212,724,139,1957,1344,16.4,47.5,0.8791
10,1079712000000,4.0,1476,NaN,19.4,1280,249,708,147,1955,1378,16.1,50.2,0.9094
10,1079715600000,4.6,1522,NaN,20.9,1320,270,690,158,2005,1435,16.0,50.7,0.9142
10,1079719200000,4.1,1442,NaN,20.2,1301,231,704,146,1952,1372,15.8,50.3,0.8989
10,1079722800000,4.5,1469,NaN,21.7,1344,251,677,144,1997,1471,15.5,50.6,0.884
10,1079726400000,3.9,1467,NaN,19.8,1292,210,698,138,1942,1439,15.4,51.4,0.8956
10,1079730000000,4.0,1421,NaN,16.7,1202,249,748,143,1854,1429,15.2,53.1,0.9117
10,1079733600000,2.2,1175,NaN,9.1,945,143,904,116,1604,1081,14.7,57.6,0.9573
10,1079737200000,2.1,1215,NaN,8.3,912,127,948,109,1547,993,14.2,58.3,0.938
11,1079740800000,1.7,1127,NaN,5.8,802,104,1064,92,1447,837,13.8,57.9,0.9085
11,1079744400000,1.6,1090,NaN,5.2,773,86,1105,83,1429,761,13.9,55.9,0.8842
11,1079748000000,1.3,1017,NaN,4.1,718,74,1182,81,1382,650,13.9,55.6,0.8765
11,1079751600000,1.3,997,NaN,3.4,677,NaN,1252,NaN,1359,591,13.8,55.1,0.8666
11,1079755200000,NaN,945,NaN,2.9,646,44,1308,55,1332,505,13.8,54.6,0.8574
11,1079758800000,0.8,956,NaN,3.1,661,42,1260,53,1351,518,13.6,55.1,0.856
11,1079762400000,0.8,966,NaN,2.5,622,63,1317,67,1342,571,13.6,59.0,0.9129
11,1079766000000,1.1,1064,NaN,4.3,728,115,1161,91,1461,842,13.5,58.4,0.896
11,1079769600000,2.1,1300,NaN,8.9,935,170,902,113,1623,1145,13.8,58.0,0.9083
11,1079773200000,2.4,1348,NaN,10.5,998,147,834,102,1689,1218,14.6,53.1,0.8765
11,1079776800000,2.6,1425,NaN,12.5,1068,166,776,107,1764,1341,15.0,52.3,0.8881
11,1079780400000,2.8,1474,NaN,12.3,1061,195,768,113,1768,1406,15.4,52.1,0.9046
11,1079784000000,2.6,1490,NaN,11.7,1039,182,782,108,1757,1422,16.3,50.0,0.9158
11,1079787600000,2.6,1495,NaN,11.7,1040,168,809,105,1735,1373,17.1,47.9,0.9281
11,1079791200000,2.1,1376,NaN,9.3,953,125,900,93,1636,1153,19.0,42.9,0.937
11,1079794800000,1.7,1305,NaN,7.6,884,95,980,87,1573,927,19.5,42.3,0.9476
11,1079798400000,1.6,1283,NaN,6.7,844,79,1036,76,1539,766,19.5,42.3,0.9493
11,1079802000000,2.1,1392,NaN,9.7,967,119,930,94,1649,941,19.1,43.8,0.9556
11,1079805600000,2.3,1452,NaN,12.4,1063,142,856,110,1774,1146,18.5,46.3,0.9744
11,1079809200000,3.5,1633,NaN,16.6,1199,215,734,136,1919,1417,17.4,51.6,1.0159
11,1079812800000,3.9,1625,NaN,16.4,1191,229,733,139,1885,1442,17.1,51.3,0.9914
11,1079816400000,3.3,1535,NaN,13.7,1108,206,785,125,1820,1323,16.4,53.8,0.9964
11,1079820000000,2.3,1323,NaN,9.9,973,147,864,111,1712,1125,16.2,55.4,1.0132
11,1079823600000,2.1,1309,NaN,8.9,937,122,905,97,1672,1036,15.9,57.7,1.0356
12,1079827200000,2.8,1456,NaN,10.6,999,175,835,107,1714,1202,15.7,58.6,1.0396
12,1079830800000,2.1,1300,NaN,7.4,872,133,941,90,1577,1054,15.1,60.9,1.0398
12,1079834400000,1.6,1203,NaN,6.2,823,89,1004,84,1526,903,15.6,56.6,0.9951
12,1079838000000,1.6,1195,NaN,6.5,836,NaN,987,NaN,1554,885,15.2,57.9,0.9941
12,1079841600000,NaN,1117,NaN,5.8,802,85,1029,87,1539,818,15.4,57.8,1.0021
12,1079845200000,1.1,1062,NaN,4.0,711,55,1136,66,1461,700,14.9,60.6,1.0196
12,1079848800000,0.7,947,NaN,2.1,594,24,1300,36,1390,580,14.5,63.0,1.0316
12,1079852400000,0.8,1065,NaN,3.6,687,72,1143,62,1492,815,14.2,66.2,1.063
12,1079856000000,1.2,1155,NaN,4.4,734,122,1062,91,1528,1035,14.5,65.3,1.0704
12,1079859600000,1.4,1220,NaN,5.4,782,111,996,89,1560,1067,15.3,62.1,1.073
12,1079863200000,1.7,1301,NaN,7.1,862,123,914,93,1633,1114,16.3,59.0,1.0868
12,1079866800000,1.8,1279,NaN,7.3,870,106,911,81,1646,1000,18.9,49.6,1.07
12,1079870400000,1.8,1267,NaN,7.6,883,103,953,82,1617,906,19.4,46.1,1.0249
12,1079874000000,1.9,1239,NaN,6.8,848,102,981,80,1568,822,20.8,41.6,1.0091
12,1079877600000,1.3,1128,NaN,4.6,742,48,1144,48,1507,610,21.4,40.3,1.0126
12,1079881200000,1.6,1243,NaN,8.4,916,63,962,61,1669,657,21.2,39.3,0.9791
12,1079884800000,1.9,1208,NaN,6.9,853,98,1060,89,1506,647,20.3,38.0,0.8942
12,1079888400000,2.3,1306,NaN,9.0,938,132,961,105,1607,762,19.4,41.3,0.9206
12,1079892000000,3.8,1546,NaN,15.1,1151,173,769,116,1874,1122,18.5,43.8,0.9252
12,1079895600000,3.5,1501,NaN,12.6,1071,185,823,119,1744,1130,17.8,48.1,0.9689
12,1079899200000,4.3,1605,NaN,15.1,1153,266,769,144,1840,1637,17.9,46.9,0.952
12,1079902800000,2.8,1316,NaN,9.9,974,188,883,123,1673,1272,17.4,49.1,0.9688
12,1079906400000,1.9,1195,NaN,8.0,898,122,933,105,1594,1098,17.0,51.7,0.9914
12,1079910000000,1.9,1211,NaN,7.9,896,112,920,93,1624,1066,16.4,55.1,1.0198
13,1079913600000,1.7,1161,NaN,6.1,815,93,995,86,1582,909,16.1,60.0,1.0919
13,1079917200000,1.5,1095,NaN,5.1,767,74,1050,76,1547,818,15.8,60.5,1.0805
13,1079920800000,0.6,897,NaN,1.7,563,23,1417,33,1355,472,16.3,57.0,1.0491
13,1079924400000,0.4,842,NaN,0.7,468,NaN,1813,NaN,1274,394,16.9,53.9,1.0309
13,1079928000000,NaN,854,NaN,0.8,481,17,1756,27,1304,396,16.1,55.9,1.0153
13,1079931600000,0.3,845,NaN,0.7,472,15,1786,23,1278,378,16.5,53.9,1.0049
13,1079935200000,0.6,942,NaN,2.0,586,41,1480,46,1373,432,16.4,54.0,0.9979
13,1079938800000,1.2,1090,NaN,5.1,768,86,1072,76,1538,699,15.7,57.6,1.0195
13,1079942400000,3.6,1514,NaN,17.7,1230,226,732,116,1996,1252,15.8,53.7,0.9571
13,1079946000000,3.7,1379,NaN,18.4,1252,214,711,115,1962,1237,17.4,42.1,0.8281
13,1079949600000,1.8,1074,NaN,6.9,854,115,1032,83,1484,772,17.9,38.4,0.7793
13,1079953200000,1.6,1090,NaN,7.3,868,124,1026,87,1509,766,18.5,36.7,0.7764
13,1079956800000,1.9,1110,NaN,9.6,964,122,947,90,1577,829,21.0,29.6,0.7263
13,1079960400000,2.0,1102,NaN,10.4,994,107,955,87,1599,783,21.3,28.1,0.7067
13,1079964000000,2.2,1100,NaN,11.2,1021,133,952,99,1607,822,21.3,26.1,0.6539
13,1079967600000,2.1,1094,NaN,10.7,1003,130,965,99,1574,813,21.3,26.8,0.6681
13,1079971200000,2.3,1076,451,11.6,1034,150,964,101,1544,813,21.3,24.2,0.606
13,1079974800000,2.6,1152,185,12.4,1062,138,928,103,1606,850,20.2,28.5,0.6682
13,1079978400000,3.8,1407,426,18.3,1249,213,720,129,1932,1276,17.0,43.1,0.8264
13,1079982000000,4.4,1438,672,21.0,1325,232,678,143,1993,1401,15.6,47.4,0.8347
13,1079985600000,4.5,1425,624,21.0,1325,238,678,146,1965,1356,15.3,47.4,0.8178
13,1079989200000,3.3,1279,325,14.5,1131,180,775,124,1758,1243,14.5,49.7,0.8177
13,1079992800000,2.0,1132,143,8.4,916,128,920,113,1561,1083,13.9,52.0,0.8231
13,1079996400000,1.1,1006,89,4.3,729,65,1142,80,1370,795,14.5,49.4,0.8106
14,1080000000000,0.9,982,73,3.8,700,53,1204,72,1359,735,13.8,51.4,0.8071
14,1080003600000,0.8,969,48,2.7,636,47,1271,64,1309,684,14.0,51.3,0.8163
14,1080007200000,0.7,941,47,2.5,621,51,1298,70,1330,714,13.0,56.8,0.8444
14,1080010800000,0.5,892,36,1.2,522,NaN,1522,NaN,1285,456,11.0,70.0,0.9215
14,1080014400000,NaN,855,25,0.8,478,20,1701,31,1261,401,10.1,76.8,0.9483
14,1080018000000,0.3,834,19,0.6,459,13,1908,22,1212,361,8.8,80.5,0.9147
14,1080021600000,0.5,909,26,1.8,567,33,1542,47,1287,418,9.6,75.4,0.9004
14,1080025200000,1.1,1061,60,4.6,745,103,1178,88,1429,616,9.8,75.0,0.9093
14,1080028800000,3.0,1441,248,14.2,1124,224,851,130,1829,1089,10.0,74.2,0.9117
14,1080032400000,3.8,1498,535,21.0,1325,244,684,132,2095,1329,11.2,69.7,0.9232
14,1080036000000,3.4,1343,340,16.2,1185,237,760,132,1857,1311,12.0,62.9,0.8803
14,1080039600000,3.0,1308,325,15.5,1166,220,792,131,1794,1236,12.8,55.8,0.821
14,1080043200000,2.7,1209,267,13.4,1097,207,837,129,1746,1147,13.1,54.8,0.8234
14,1080046800000,3.5,1310,325,16.9,1207,208,770,132,1847,1301,13.8,53.4,0.8351
14,1080050400000,2.8,1171,268,12.4,1064,160,881,110,1639,1097,16.0,42.4,0.7674
14,1080054000000,1.9,1112,136,10.1,980,131,924,99,1589,900,14.1,49.8,0.7971
14,1080057600000,2.0,1132,118,8.7,927,128,944,100,1570,781,12.0,61.1,0.8537
14,1080061200000,3.0,1225,276,13.8,1111,176,818,122,1719,1013,13.6,54.6,0.8465
14,1080064800000,1.9,1065,151,9.3,953,107,962,97,1514,790,13.7,49.5,0.7695
14,1080068400000,2.7,1236,236,13.0,1084,131,854,112,1688,1059,11.7,57.1,0.7822
14,1080072000000,3.3,1309,220,14.3,1126,166,812,128,1722,1205,11.5,58.2,0.7867
14,1080075600000,1.7,1089,87,7.6,884,89,1006,101,1487,975,12.6,54.2,0.7881
14,1080079200000,1.3,1000,81,5.3,776,81,1141,96,1375,896,12.0,54.9,0.7664
14,1080082800000,1.3,1041,74,5.4,782,78,1105,86,1425,911,11.0,61.4,0.8057
15,1080086400000,1.2,1045,55,4.9,756,70,1137,85,1411,902,11.1,62.2,0.8199
15,1080090000000,1.1,997,74,4.6,744,76,1151,79,1405,832,10.8,62.5,0.8082
15,1080093600000,0.9,948,35,2.7,634,43,1320,61,1326,715,11.3,60.0,0.8025
15,1080097200000,0.6,878,29,1.6,551,NaN,1493,NaN,1272,683,10.6,61.6,0.7856
15,1080100800000,NaN,908,29,1.7,559,44,1477,66,1287,721,10.2,62.7,0.7813
15,1080104400000,0.6,892,20,1.2,522,34,1572,54,1255,648,10.9,58.6,0.7628
15,1080108000000,0.8,954,32,1.7,561,43,1496,57,1255,612,10.8,57.2,0.7382
15,1080111600000,1.2,1045,84,4.8,751,79,1186,75,1403,800,10.4,59.2,0.7455
15,1080115200000,3.1,1383,245,13.8,1109,174,832,97,1706,1173,11.0,57.3,0.7501
15,1080118800000,4.4,1597,553,23.7,1395,235,652,110,2080,1519,11.2,56.9,0.7565
15,1080122400000,3.4,1318,450,14.2,1124,218,762,113,1770,1287,12.1,54.9,0.7734
15,1080126000000,1.7,1138,118,8.0,898,136,950,88,1505,966,15.1,44.3,0.7535
15,1080129600000,1.5,1098,118,6.7,842,117,1012,85,1440,828,15.6,40.6,0.7146
15,1080133200000,1.7,1118,144,8.7,927,119,959,96,1477,825,16.9,34.6,0.6597
15,1080136800000,2.2,1170,159,10.8,1009,126,879,106,1566,872,16.6,35.6,0.6697
15,1080140400000,NaN,1112,122,6.7,842,100,1015,91,1494,680,11.3,63.9,0.8554
15,1080144000000,2.7,1390,230,11.4,1028,197,829,126,1730,1002,9.6,81.1,0.972
15,1080147600000,2.8,1353,320,13.4,1096,195,774,130,1783,1159,11.7,69.1,0.9497
15,1080151200000,2.7,1260,263,12.0,1050,156,828,111,1722,979,10.7,68.5,0.8794
15,1080154800000,4.5,1501,556,20.2,1302,247,681,134,2008,1311,10.7,67.3,0.8643
15,1080158400000,3.5,1273,458,14.4,1130,190,795,136,1744,1071,10.8,65.7,0.8486
15,1080162000000,2.6,1179,214,9.4,955,169,928,125,1571,899,10.3,66.3,0.8336
15,1080165600000,1.7,1047,97,5.9,809,118,1064,108,1435,766,10.1,66.9,0.8248
15,1080169200000,1.3,973,79,4.5,739,81,1186,87,1354,589,10.4,61.1,0.7717
16,1080172800000,1.3,997,81,4.5,737,80,1168,89,1341,631,10.3,59.9,0.7516
16,1080176400000,1.0,970,52,2.5,621,42,1400,58,1249,479,11.0,58.4,0.7686
16,1080180000000,0.7,902,38,1.8,568,38,1450,54,1253,479,9.1,68.1,0.789
16,1080183600000,0.7,921,35,1.4,538,NaN,1564,NaN,1224,417,9.5,68.2,0.8091
16,1080187200000,0.5,858,29,0.9,490,18,1707,28,1212,378,9.3,72.3,0.8496
16,1080190800000,0.5,878,21,0.6,457,12,1935,20,1158,344,9.9,66.8,0.8152
16,1080194400000,0.6,893,46,1.4,540,43,1604,51,1268,413,7.6,83.2,0.8695
16,1080198000000,1.1,1038,55,3.8,697,84,1260,82,1383,605,8.1,79.0,0.8544
16,1080201600000,2.7,1320,271,11.6,1035,184,902,112,1721,991,8.7,74.6,0.8429
16,1080205200000,3.5,1353,434,17.8,1235,202,740,119,1937,1175,8.6,75.1,0.8415
16,1080208800000,2.3,1133,300,8.8,933,133,969,99,1552,923,9.7,69.7,0.8389
16,1080212400000,1.6,1066,116,6.8,849,130,1039,98,1468,829,11.0,64.4,0.8447
16,1080216000000,1.3,1027,95,5.9,809,106,1081,88,1442,733,13.6,53.0,0.8209
16,1080219600000,2.0,1106,211,8.9,935,132,958,96,1570,819,14.2,48.4,0.778
16,1080223200000,1.9,1038,168,8.2,907,106,976,81,1492,723,14.2,46.3,0.7438
16,1080226800000,1.9,1084,154,8.6,924,125,986,92,1501,786,16.0,41.3,0.7462
16,1080230400000,2.2,1105,267,10.1,982,138,939,105,1545,850,17.7,35.4,0.7094
16,1080234000000,2.0,1102,143,9.4,957,120,968,88,1527,820,17.1,37.4,0.7225
16,1080237600000,2.9,1240,374,14.6,1137,158,836,103,1748,991,14.9,40.5,0.6835
16,1080241200000,5.2,1443,797,24.6,1418,253,666,141,2060,1454,13.4,47.8,0.7293
16,1080244800000,4.6,1389,698,21.6,1341,231,692,133,1982,1488,12.6,52.5,0.7642
16,1080248400000,2.5,1183,234,10.3,989,150,904,119,1539,1205,12.2,53.2,0.7555
16,1080252000000,1.5,1014,104,5.7,798,99,1083,106,1376,909,10.6,56.1,0.714
16,1080255600000,1.2,979,67,4.5,736,75,1154,92,1324,769,9.9,59.5,0.7276
17,1080259200000,1.7,1048,88,5.5,787,93,1098,97,1373,835,9.6,61.1,0.7323
17,1080262800000,1.4,1024,79,4.8,753,79,1131,91,1357,793,9.7,61.6,0.7425
17,1080266400000,1.2,974,61,3.6,690,67,1208,83,1313,733,9.4,62.6,0.7398
17,1080270000000,0.6,862,43,1.7,561,NaN,1449,NaN,1219,502,8.2,68.5,0.7455
17,1080273600000,0.7,925,40,2.2,602,45,1398,59,1263,562,8.0,69.4,0.7459
17,1080277200000,0.8,952,52,3.0,654,72,1210,73,1312,832,7.7,72.4,0.7655
17,1080280800000,0.9,1005,64,4.0,713,103,1130,78,1363,924,8.0,71.8,0.7711
17,1080284400000,1.6,1122,88,6.7,842,132,1015,90,1438,974,8.5,66.3,0.7375
17,1080288000000,3.4,1351,375,16.7,1201,239,783,110,1828,1307,9.8,59.6,0.7214
17,1080291600000,3.8,1408,592,19.3,1278,275,682,114,1928,1481,11.2,57.0,0.7544
17,1080295200000,3.1,1304,357,14.8,1142,232,772,119,1747,1405,14.8,44.1,0.7407
17,1080298800000,2.7,1207,296,13.4,1098,180,826,121,1664,1195,16.8,35.3,0.6729
17,1080302400000,2.0,1099,181,11.0,1014,112,948,97,1503,868,19.2,27.1,0.5976
17,1080306000000,2.3,1106,211,12.5,1068,116,915,99,1535,874,19.1,26.2,0.5741
17,1080309600000,1.9,1009,199,8.4,916,103,1015,85,1391,738,16.3,30.8,0.5683
17,1080313200000,1.3,962,81,5.3,776,89,1152,75,1279,550,14.2,36.8,0.5922
17,1080316800000,1.9,1093,143,8.8,933,112,976,87,1454,777,13.4,41.0,0.6292
17,1080320400000,2.3,1180,247,11.2,1023,127,886,102,1588,966,14.2,43.3,0.6982
17,1080324000000,2.4,1168,239,11.6,1037,125,868,105,1580,990,12.1,45.6,0.6403
17,1080327600000,2.7,1168,267,12.4,1063,120,876,98,1540,944,10.4,48.0,0.6046
17,1080331200000,2.6,1140,261,10.6,1000,120,916,93,1490,962,10.0,51.1,0.628
17,1080334800000,1.5,1001,97,6.0,811,99,1097,91,1308,778,9.8,50.8,0.6172
17,1080338400000,1.2,953,66,4.6,743,79,1185,85,1252,690,9.7,50.4,0.6063
17,1080342000000,1.1,972,60,4.1,715,66,1237,74,1258,644,9.9,50.2,0.6103
18,1080345600000,1.5,1021,77,5.2,776,94,1144,87,1307,753,9.4,53.4,0.63
18,1080349200000,1.0,940,57,3.2,664,70,1290,79,1232,646,8.6,57.8,0.6488
18,1080352800000,1.2,1046,65,4.5,736,75,1142,78,1312,838,8.1,62.1,0.6746
18,1080356400000,1.1,1026,59,3.8,699,NaN,1191,NaN,1292,851,7.9,63.5,0.6777
18,1080360000000,NaN,983,48,3.8,698,57,1209,63,1296,801,7.4,64.8,0.6683
18,1080363600000,0.8,915,27,1.9,578,32,1417,48,1212,665,8.2,58.9,0.6444
18,1080367200000,0.9,935,25,2.4,615,54,1373,59,1250,717,6.3,66.6,0.641
18,1080370800000,1.1,976,42,3.3,669,68,1270,65,1266,795,7.2,62.9,0.6396
18,1080374400000,1.5,1124,78,6.7,842,98,1050,71,1418,936,7.2,63.9,0.65
18,1080378000000,1.8,1163,128,8.5,919,128,922,84,1530,1076,11.1,50.5,0.6654
18,1080381600000,2.1,1167,184,9.7,966,129,942,93,1520,1016,15.5,36.1,0.6313
18,1080385200000,2.1,1121,156,9.4,955,130,992,99,1451,834,17.8,29.2,0.592
18,1080388800000,1.9,1071,176,9.0,940,111,994,93,1449,756,17.6,30.1,0.6013
18,1080392400000,2.1,1065,232,10.0,979,106,950,96,1467,766,19.1,26.8,0.5861
18,1080396000000,2.5,1157,305,12.6,1072,137,888,114,1596,905,17.7,28.6,0.5735
18,1080399600000,1.9,1046,150,7.6,883,113,1051,101,1357,765,17.8,28.4,0.5737
18,1080403200000,2.2,1147,188,11.8,1042,122,934,108,1538,830,18.7,26.0,0.5555
18,1080406800000,2.3,1119,221,11.2,1022,137,916,117,1508,853,17.1,31.3,0.6038
18,1080410400000,2.7,1210,219,12.4,1062,165,886,125,1586,981,15.8,36.1,0.644
18,1080414000000,3.0,1306,306,12.9,1079,196,827,133,1621,1286,14.7,40.1,0.6657
18,1080417600000,2.8,1258,270,12.2,1057,174,841,119,1633,1244,13.6,44.9,0.6991
18,1080421200000,2.2,1148,231,8.8,930,140,948,107,1475,1056,12.5,48.1,0.6946
18,1080424800000,1.6,1108,125,6.8,848,102,1023,96,1421,1003,11.8,50.8,0.7042
18,1080428400000,2.1,1231,122,8.6,924,130,906,105,1483,1245,10.9,56.1,0.7326
19,1080432000000,2.3,1293,161,8.9,937,121,930,102,1464,1200,10.9,55.9,0.7277
19,1080435600000,2.3,1274,101,8.3,912,111,939,97,1451,1188,10.3,58.1,0.7278
19,1080439200000,1.7,1135,95,6.3,827,87,1013,79,1395,1070,9.3,62.2,0.7294
19,1080442800000,2.2,1151,129,8.3,911,NaN,935,NaN,1501,1075,8.2,66.7,0.7276
19,1080446400000,1.3,1010,96,5.1,769,77,1110,69,1396,895,8.3,64.9,0.7124
19,1080450000000,0.8,870,54,2.6,626,39,1325,52,1284,755,9.6,58.5,0.7
19,1080453600000,1.1,983,63,3.6,688,77,1251,62,1342,806,7.7,66.4,0.699
19,1080457200000,1.4,995,72,3.6,691,91,1219,69,1321,836,7.4,68.0,0.7043
19,1080460800000,1.3,1024,91,4.7,747,105,1136,75,1382,897,9.7,58.6,0.7035
19,1080464400000,1.9,1163,127,7.5,880,133,959,83,1486,1073,12.5,50.1,0.7242
19,1080468000000,2.3,1218,193,9.0,938,128,918,94,1501,1088,16.8,36.9,0.7018
19,1080471600000,2.3,1210,188,9.5,958,126,933,96,1514,1036,19.2,31.3,0.6887
19,1080475200000,1.8,1114,151,7.7,887,92,1020,86,1438,768,21.3,26.4,0.6607
19,1080478800000,1.4,995,103,5.7,796,66,1159,72,1287,587,21.2,23.1,0.5768
19,1080482400000,1.0,927,55,3.8,700,50,1285,53,1189,452,18.6,25.0,0.5319
19,1080486000000,1.4,1002,104,4.8,754,70,1189,65,1260,470,18.0,27.3,0.5594
19,1080489600000,1.3,987,116,4.3,727,73,1213,70,1244,502,18.2,28.3,0.5848
19,1080493200000,1.3,993,93,4.1,714,77,1217,75,1238,516,17.0,31.4,0.6048
19,1080496800000,1.4,1012,93,4.7,746,86,1174,86,1301,555,15.6,35.0,0.617
19,1080500400000,1.9,1114,155,6.2,823,93,1068,94,1357,671,14.1,40.2,0.6438
19,1080504000000,1.8,1093,115,5.5,789,105,1102,103,1329,788,13.4,43.2,0.6623
19,1080507600000,1.1,968,75,3.3,669,67,1261,81,1246,538,12.3,46.8,0.6686
19,1080511200000,1.1,960,65,3.2,666,63,1266,80,1224,544,11.9,46.5,0.6449
19,1080514800000,1.1,942,57,2.9,648,63,1300,77,1204,500,11.5,46.6,0.6319
20,1080518400000,0.9,888,40,2.2,598,46,1396,58,1156,417,10.6,48.0,0.6135
20,1080522000000,0.6,818,27,1.3,524,21,1588,31,1071,341,10.7,45.8,0.5895
20,1080525600000,0.5,840,23,1.1,509,22,1643,38,1076,352,10.4,46.6,0.5901
20,1080529200000,0.7,894,28,1.3,524,NaN,1557,NaN,1095,397,10.1,47.8,0.5913
20,1080532800000,0.6,864,21,1.2,516,39,1496,59,1153,502,11.3,46.9,0.628
20,1080536400000,0.7,898,33,1.7,559,55,1441,70,1180,648,10.1,51.2,0.6341
20,1080540000000,0.9,946,40,2.9,643,76,1309,75,1232,760,9.9,50.7,0.6167
20,1080543600000,2.9,1309,279,14.3,1125,181,844,103,1687,1183,8.1,56.8,0.615
20,1080547200000,4.1,1326,743,19.7,1289,259,714,134,1806,1431,10.9,44.1,0.5748
20,1080550800000,1.5,966,147,5.5,786,118,1111,98,1258,705,11.8,37.6,0.5184
20,1080554400000,1.5,975,97,5.6,793,119,1133,97,1254,637,13.9,33.2,0.5222
20,1080558000000,1.5,988,118,5.8,803,123,1105,98,1293,658,15.6,30.1,0.5285
20,1080561600000,1.4,971,91,5.5,786,92,1129,78,1272,546,16.5,29.0,0.5406
20,1080565200000,1.6,1010,146,6.5,833,91,1070,83,1332,561,17.5,27.9,0.5517
20,1080568800000,1.5,984,139,5.5,790,103,1131,92,1268,532,17.9,26.8,0.5446
20,1080572400000,1.4,962,155,5.2,776,102,1131,81,1247,535,18.2,26.1,0.5387
20,1080576000000,1.5,1012,128,5.8,801,94,1098,90,1289,525,18.0,27.1,0.5522
20,1080579600000,1.9,1058,166,7.9,896,98,996,95,1358,603,17.0,28.9,0.5558
20,1080583200000,2.5,1173,299,10.2,985,126,905,114,1477,802,16.1,31.3,0.568
20,1080586800000,2.1,1127,163,8.2,907,108,957,106,1404,796,14.5,35.4,0.5839
20,1080590400000,1.6,1020,154,5.7,797,95,1066,99,1302,689,13.2,37.9,0.5733
20,1080594000000,1.2,949,80,3.8,700,78,1221,90,1178,553,13.1,34.4,0.517
20,1080597600000,1.1,930,58,4.0,710,61,1278,82,1137,509,13.5,28.5,0.4405
20,1080601200000,1.0,900,55,2.8,643,55,1339,74,1089,455,12.4,31.9,0.4583
21,1080604800000,1.0,899,33,2.6,630,57,1418,76,1050,425,13.1,26.8,0.4023
21,1080608400000,0.7,866,33,1.8,569,41,1468,66,1055,436,11.6,33.6,0.4595
21,1080612000000,0.7,900,32,1.7,563,46,1402,73,1130,618,10.5,42.9,0.5442
21,1080615600000,0.8,949,25,1.4,540,NaN,1457,NaN,1104,747,11.7,38.7,0.5298
21,1080619200000,NaN,897,29,1.3,529,41,1462,69,1101,693,12.2,37.2,0.5277
21,1080622800000,0.7,956,26,2.3,605,52,1341,71,1117,691,12.9,33.9,0.5037
21,1080626400000,1.1,1054,86,5.3,779,111,1080,98,1266,1013,11.3,40.3,0.5376
21,1080630000000,2.6,1343,294,13.4,1096,191,839,115,1587,1311,11.9,38.4,0.5341
21,1080633600000,4.0,1584,664,23.8,1399,244,642,130,1947,1675,13.3,35.6,0.5416
21,1080637200000,4.2,1556,695,21.5,1337,283,674,150,1852,1689,16.3,28.8,0.5305
21,1080640800000,4.7,1565,735,21.0,1324,320,695,159,1872,1688,17.9,28.2,0.5741
21,1080644400000,3.9,1429,649,18.4,1251,249,734,146,1754,1548,18.3,26.6,0.5529
21,1080648000000,3.7,1419,586,18.9,1267,219,742,138,1763,1490,20.8,22.5,0.5463
21,1080651600000,3.4,1373,546,17.1,1213,200,791,128,1711,1354,22.4,20.0,0.5352
21,1080655200000,2.2,1185,245,10.4,992,138,942,97,1448,1014,20.9,21.7,0.5295
21,1080658800000,1.9,1122,178,8.0,897,118,991,91,1372,831,19.1,26.5,0.579
21,1080662400000,1.6,1085,130,6.2,820,99,1060,81,1325,699,18.1,30.6,0.6295
21,1080666000000,2.1,1249,151,9.7,968,112,874,99,1527,926,17.3,34.7,0.6788
21,1080669600000,2.2,1236,272,9.6,962,117,853,101,1532,928,15.8,40.4,0.7228
21,1080673200000,2.7,1334,301,11.9,1047,129,815,106,1638,1038,15.9,42.0,0.7541
21,1080676800000,2.4,1264,237,8.7,928,132,884,102,1534,1035,15.9,43.5,0.779
21,1080680400000,1.3,1073,95,4.7,746,73,1072,84,1360,789,15.0,46.1,0.7833
21,1080684000000,1.2,1053,68,3.8,701,68,1147,81,1323,692,15.1,44.6,0.7574
21,1080687600000,1.5,1098,101,4.7,747,80,1094,91,1360,764,14.9,43.5,0.7302
22,1080691200000,1.3,1029,81,3.8,702,68,1180,82,1287,639,14.8,41.0,0.685
22,1080694800000,1.0,973,50,2.7,631,44,1287,64,1240,541,14.8,40.8,0.6814
22,1080698400000,0.9,972,66,2.8,639,47,1222,70,1256,678,14.8,40.8,0.6834
22,1080702000000,0.5,832,22,1.0,496,NaN,1613,NaN,1066,381,14.2,36.1,0.5823
22,1080705600000,0.5,851,18,0.8,477,15,1699,26,1064,343,14.5,36.1,0.5928
22,1080709200000,0.6,909,31,1.5,545,44,1473,58,1131,436,14.6,36.0,0.5947
22,1080712800000,1.0,1038,57,3.5,684,85,1220,93,1279,688,14.4,38.5,0.6291
22,1080716400000,3.1,1636,342,15.6,1168,207,721,110,1926,1438,13.8,58.2,0.9129
22,1080720000000,4.1,1580,644,19.9,1295,230,639,115,1957,1489,13.2,61.1,0.9256
22,1080723600000,2.2,1262,216,8.6,924,181,872,125,1576,1093,10.4,74.4,0.9384
22,1080727200000,1.7,1197,117,6.5,837,144,957,118,1498,965,11.5,71.0,0.9582
22,1080730800000,1.9,1277,156,7.7,886,140,902,109,1579,1004,12.2,70.0,0.9924
22,1080734400000,2.9,1430,332,11.3,1025,204,779,123,1772,1166,12.3,73.3,1.0442
22,1080738000000,2.2,1242,232,9.1,944,149,846,114,1638,991,11.3,78.1,1.0411
22,1080741600000,2.6,1349,295,11.2,1023,171,804,114,1748,1054,13.6,69.2,1.0746
22,1080745200000,3.1,1390,386,13.5,1100,195,755,119,1799,1192,14.9,59.3,0.9974
22,1080748800000,2.3,1224,278,10.1,980,152,850,111,1637,1055,15.7,50.9,0.8997
22,1080752400000,2.4,1253,263,11.3,1026,128,810,103,1681,1048,15.2,52.9,0.9087
22,1080756000000,2.8,1312,322,11.8,1041,121,821,103,1712,1073,15.5,50.8,0.8881
22,1080759600000,2.7,1254,226,11.5,1033,142,819,107,1669,1068,14.3,52.9,0.8581
22,1080763200000,2.3,1198,221,9.3,953,131,882,105,1588,1019,13.2,56.0,0.8446
22,1080766800000,1.5,1060,109,5.5,787,81,1044,91,1418,833,12.6,57.0,0.8315
22,1080770400000,1.4,1050,105,5.1,769,60,1078,79,1409,759,12.3,57.8,0.8224
22,1080774000000,1.2,1029,84,4.8,754,57,1098,79,1395,749,12.0,58.4,0.8164
23,1080777600000,1.6,1143,106,6.3,825,96,986,86,1477,978,12.0,61.6,0.8593
23,1080781200000,1.2,1044,100,5.1,770,85,1031,70,1425,944,11.5,63.9,0.8652
23,1080784800000,1.1,1034,71,4.1,716,50,1085,55,1405,891,10.7,67.2,0.863
23,1080788400000,0.9,956,72,4.0,713,NaN,1099,NaN,1422,849,9.0,73.1,0.8394
23,1080792000000,0.7,909,44,2.4,615,57,1237,49,1322,790,10.2,66.6,0.8299
23,1080795600000,0.9,996,45,2.9,648,64,1176,50,1340,852,11.0,63.7,0.8325
23,1080799200000,1.7,1154,134,7.4,876,153,1002,67,1561,987,9.6,68.8,0.8243
23,1080802800000,4.2,1510,505,19.8,1291,342,675,94,1949,1435,9.5,69.6,0.8273
23,1080806400000,6.2,1722,1042,31.9,1595,378,539,119,2439,1798,11.9,60.9,0.8455
23,1080810000000,4.6,1512,737,21.0,1323,304,631,139,2001,1677,16.2,48.6,0.8892
23,1080813600000,2.8,1258,375,11.7,1040,192,800,113,1701,1282,19.2,39.6,0.8693
23,1080817200000,1.6,1094,124,6.8,850,130,970,88,1489,871,19.7,38.4,0.8743
23,1080820800000,1.7,1129,137,7.4,875,106,974,73,1524,759,20.6,36.7,0.8797
23,1080824400000,1.7,1125,179,8.6,924,102,937,73,1542,790,21.8,33.9,0.8771
23,1080828000000,1.7,NaN,222,NaN,NaN,99,NaN,72,NaN,NaN,NaN,NaN,NaN
23,1080831600000,1.9,NaN,197,NaN,NaN,108,NaN,81,NaN,NaN,NaN,NaN,NaN
23,1080835200000,2.3,NaN,319,NaN,NaN,131,NaN,93,NaN,NaN,NaN,NaN,NaN
23,1080838800000,3.3,1308,388,16.4,1193,163,793,106,1193,1187,23.6,27.5,0.7913
23,1080842400000,4.2,1529,589,21.2,1331,211,700,132,2028,1399,22.8,32.1,0.8814
23,1080846000000,5.5,1592,840,25.0,1429,267,624,164,2089,1644,20.8,36.7,0.8878
23,1080849600000,4.9,1536,655,20.2,1302,269,666,161,1922,1599,18.3,40.9,0.8493
23,1080853200000,2.5,1192,254,10.8,1007,154,827,124,1604,1223,16.8,44.0,0.8341
23,1080856800000,2.0,1186,188,9.9,976,127,844,113,1570,1200,15.8,48.0,0.8569
23,1080860400000,2.0,1203,120,8.5,920,122,898,103,1529,1118,14.9,52.0,0.8757
24,1080864000000,2.0,1139,157,8.0,899,126,921,104,1514,1067,14.1,54.4,0.8701
24,1080867600000,1.3,1072,88,5.6,795,84,986,93,1442,1048,13.3,58.8,0.8922
24,1080871200000,1.0,954,68,3.2,667,58,1180,60,1350,718,13.3,60.9,0.9229
24,1080874800000,0.9,951,57,3.3,673,NaN,1137,NaN,1381,797,11.8,64.3,0.8869
24,1080878400000,NaN,926,36,2.8,638,37,1195,52,1342,749,11.2,65.9,0.8775
24,1080882000000,0.7,968,51,2.6,628,56,1197,66,1372,737,11.3,72.9,0.9738
24,1080885600000,1.1,1067,93,4.3,727,91,1055,82,1448,903,11.4,71.8,0.9671
24,1080889200000,2.6,1386,284,13.0,1083,159,798,109,1833,1159,11.9,73.7,1.0254
24,1080892800000,3.9,1474,486,20.3,1306,190,634,114,2060,1365,12.6,70.2,1.0221
24,1080896400000,5.0,1569,798,20.7,1316,249,634,139,2054,1510,13.6,65.3,1.0136
24,1080900000000,3.3,1375,524,15.9,1177,196,706,127,1898,1386,16.9,52.3,1.0013
24,1080903600000,2.9,1328,468,14.2,1123,180,738,127,1821,1368,19.4,44.1,0.9855
24,1080907200000,3.1,1341,454,15.9,1176,167,748,135,1825,1347,22.9,33.8,0.9322
24,1080910800000,3.0,1297,461,16.1,1183,159,765,130,1773,1242,23.6,31.3,0.9001
24,1080914400000,2.7,1303,391,14.7,1139,152,790,126,1761,1138,24.7,30.5,0.9371
24,1080918000000,2.7,1281,337,14.0,1116,149,809,121,1703,1080,26.1,27.3,0.9101
24,1080921600000,2.6,1248,297,13.6,1103,143,872,122,1632,1002,27.6,22.8,0.8288
24,1080925200000,3.7,1382,588,19.7,1288,185,778,138,1799,1212,26.9,22.3,0.7792
24,1080928800000,4.5,1491,721,23.3,1385,223,685,165,1915,1486,24.3,30.1,0.9012
24,1080932400000,4.7,1620,710,24.1,1407,215,641,154,2052,1567,21.2,40.1,0.9978
24,1080936000000,5.5,1693,787,25.4,1439,271,618,168,2083,1723,19.4,42.5,0.9483
24,1080939600000,3.0,1374,415,14.1,1121,180,771,146,1685,1399,18.5,43.0,0.9074
24,1080943200000,1.9,1287,245,10.1,982,115,841,124,1582,1291,17.8,47.0,0.9467
24,1080946800000,2.3,1408,294,12.1,1052,149,761,124,1684,1443,16.8,53.2,1.01
25,1080950400000,1.6,1254,139,9.0,941,98,828,106,1566,1270,17.1,51.8,0.999
25,1080954000000,1.3,1141,98,6.3,827,73,936,88,1488,1110,16.2,54.2,0.9933
25,1080957600000,1.2,1141,88,5.3,777,69,986,83,1455,1060,15.1,58.2,0.9886
25,1080961200000,0.9,1042,66,3.8,697,NaN,1056,NaN,1410,965,15.1,57.6,0.9796
25,1080964800000,0.8,986,57,3.0,651,60,1145,74,1380,891,14.5,58.0,0.9488
25,1080968400000,0.8,1005,57,3.3,673,56,1103,64,1387,905,13.7,61.6,0.9631
25,1080972000000,0.9,1041,60,3.5,683,73,1112,69,1398,899,13.9,59.6,0.9408
25,1080975600000,2.0,1272,200,9.5,959,159,846,91,1660,1136,13.3,61.7,0.9399
25,1080979200000,3.0,1436,451,15.2,1154,203,704,96,1872,1391,15.1,55.8,0.9486
25,1080982800000,3.1,1472,422,14.3,1126,211,720,106,1816,1460,17.0,50.5,0.9684
25,1080986400000,NaN,1418,NaN,11.2,1023,NaN,785,NaN,1720,1410,19.7,43.3,0.9837
25,1080990000000,NaN,1410,NaN,11.4,1030,NaN,781,NaN,1743,1372,20.7,41.7,1.0092
25,1080993600000,NaN,1438,NaN,13.4,1096,NaN,781,NaN,1779,1266,23.3,35.8,1.0098
25,1080997200000,NaN,1278,NaN,10.6,1000,NaN,866,NaN,1621,1014,23.8,30.5,0.8897
25,1081000800000,NaN,1257,NaN,10.8,1006,NaN,915,NaN,1573,870,24.8,27.0,0.8325
25,1081004400000,NaN,1331,NaN,11.9,1046,NaN,882,NaN,1635,905,25.0,27.5,0.8575
25,1081008000000,NaN,1361,NaN,13.5,1102,NaN,834,NaN,1704,991,25.8,26.5,0.8675
25,1081011600000,NaN,1398,NaN,15.2,1156,NaN,812,NaN,1722,1076,25.1,27.1,0.8496
25,1081015200000,NaN,1483,NaN,17.1,1213,NaN,764,NaN,1798,1249,23.7,28.6,0.8273
25,1081018800000,NaN,1697,NaN,26.7,1471,NaN,625,NaN,2153,1548,22.1,36.8,0.9681
25,1081022400000,NaN,1459,NaN,14.2,1124,NaN,736,NaN,1823,1300,19.9,47.5,1.0912
25,1081026000000,NaN,1268,NaN,8.5,918,NaN,873,NaN,1602,1029,18.7,50.4,1.0772
25,1081029600000,NaN,1469,NaN,14.3,1128,NaN,762,NaN,1870,1207,18.1,51.3,1.0587
25,1081033200000,NaN,1316,NaN,9.3,952,NaN,847,NaN,1644,1047,17.5,53.8,1.0648
26,1081036800000,NaN,1224,NaN,7.8,892,NaN,884,NaN,1580,923,16.7,56.5,1.0634
26,1081040400000,NaN,1215,NaN,6.7,843,NaN,929,NaN,1551,862,15.9,59.2,1.0635
26,1081044000000,NaN,1115,NaN,5.4,782,NaN,980,NaN,1500,752,15.2,62.4,1.0726
26,1081047600000,NaN,1124,NaN,5.6,793,NaN,965,NaN,1521,791,14.7,65.0,1.0766
26,1081051200000,NaN,1028,NaN,3.5,682,NaN,1090,NaN,1448,697,14.3,65.3,1.0594
26,1081054800000,NaN,1010,NaN,3.0,650,NaN,1171,NaN,1434,664,13.7,66.5,1.0393
26,1081058400000,NaN,1074,NaN,4.4,731,NaN,1020,NaN,1488,891,12.9,69.1,1.0264
26,1081062000000,NaN,1034,NaN,3.5,684,NaN,1110,NaN,1423,813,13.7,64.8,1.0135
26,1081065600000,NaN,1130,NaN,4.2,720,NaN,1063,NaN,1461,828,15.3,59.0,1.0181
26,1081069200000,NaN,1275,NaN,8.0,900,NaN,868,NaN,1634,1057,18.1,49.8,1.0272
26,1081072800000,NaN,1324,NaN,9.0,939,NaN,846,NaN,1658,1011,21.5,40.7,1.0301
26,1081076400000,NaN,1268,NaN,8.1,902,NaN,906,NaN,1589,932,23.3,37.1,1.0457
26,1081080000000,NaN,1272,NaN,8.6,924,NaN,895,NaN,1603,881,25.1,33.8,1.0594
26,1081083600000,NaN,1160,NaN,7.1,860,NaN,969,NaN,1531,646,25.6,32.1,1.0393
26,1081087200000,NaN,1136,NaN,5.6,792,NaN,1057,NaN,1476,536,25.8,31.1,1.0143
26,1081090800000,NaN,1296,NaN,10.0,977,NaN,863,NaN,1642,746,26.1,30.8,1.0253
26,1081094400000,NaN,1345,NaN,10.5,996,NaN,841,NaN,1678,833,24.4,36.0,1.085
26,1081098000000,NaN,1296,NaN,10.1,983,NaN,845,NaN,1626,802,23.0,36.2,1.0053
26,1081101600000,NaN,1258,NaN,10.0,977,NaN,838,NaN,1636,838,22.1,39.3,1.0336
26,1081105200000,NaN,1420,NaN,13.0,1085,NaN,755,NaN,1756,1051,19.8,44.6,1.0208
26,1081108800000,NaN,1366,NaN,10.5,997,NaN,830,NaN,1673,1041,18.5,48.9,1.0323
26,1081112400000,NaN,1113,NaN,5.2,772,NaN,989,NaN,1493,646,16.6,56.1,1.0481
26,1081116000000,NaN,1196,NaN,6.9,853,NaN,909,NaN,1556,769,15.8,58.8,1.0464
26,1081119600000,NaN,1188,NaN,6.4,829,NaN,930,NaN,1540,785,15.3,60.8,1.0501
27,1081123200000,NaN,1102,NaN,4.7,750,NaN,1007,NaN,1470,613,14.7,64.4,1.0717
27,1081126800000,NaN,969,NaN,2.4,611,NaN,1239,NaN,1330,430,14.8,63.3,1.0584
27,1081130400000,NaN,983,NaN,2.2,600,NaN,1233,NaN,1375,485,15.0,61.5,1.0418
27,1081134000000,NaN,876,NaN,1.1,505,NaN,1456,NaN,1294,467,15.5,56.9,0.9961
27,1081137600000,NaN,884,NaN,0.9,489,NaN,1536,NaN,1278,436,16.0,54.0,0.9742
27,1081141200000,NaN,1024,NaN,3.1,658,NaN,1175,NaN,1417,682,13.5,63.9,0.9809
27,1081144800000,NaN,1126,NaN,6.2,822,NaN,945,NaN,1541,927,12.9,65.3,0.9688
27,1081148400000,NaN,1415,NaN,13.2,1089,NaN,767,NaN,1795,1192,13.4,62.5,0.9582
27,1081152000000,NaN,1631,NaN,25.8,1449,NaN,570,NaN,2299,1615,14.5,58.8,0.963
27,1081155600000,NaN,1499,NaN,18.2,1247,NaN,647,NaN,1972,1505,15.3,56.7,0.9773
27,1081159200000,3.1,1461,424,14.3,1127,236,703,124,1836,1451,15.6,57.4,1.0075
27,1081162800000,3.0,1430,339,13.7,1107,228,713,121,1853,1409,16.6,55.2,1.0382
27,1081166400000,3.2,1498,445,15.7,1171,206,684,114,1942,1434,17.0,54.3,1.0434
27,1081170000000,3.1,1454,535,15.4,1162,188,682,114,1915,1457,18.0,51.5,1.0552
27,1081173600000,2.5,1402,278,12.6,1069,158,733,106,1793,1325,19.5,47.5,1.0653
27,1081177200000,2.1,1327,256,9.8,971,124,803,89,1705,1120,21.6,41.7,1.0606
27,1081180800000,2.0,1273,245,9.6,963,98,832,82,1662,931,22.2,38.3,1.0106
27,1081184400000,3.2,1457,458,16.3,1190,160,678,111,1877,1212,20.3,42.8,1.0053
27,1081188000000,4.1,1543,710,19.8,1290,194,631,132,2011,1353,19.7,45.4,1.0312
27,1081191600000,3.9,1499,678,18.0,1239,174,651,121,1957,1359,18.8,47.5,1.0199
27,1081195200000,3.1,1378,436,13.6,1102,157,742,116,1796,1273,17.9,49.4,1.0064
27,1081198800000,2.0,1243,178,8.7,928,109,852,100,1622,1079,17.5,50.9,1.009
27,1081202400000,1.7,1196,160,7.7,885,85,884,89,1589,973,17.4,51.8,1.023
27,1081206000000,1.6,1137,177,7.3,869,90,890,92,1554,951,17.0,53.9,1.0363
28,1081209600000,1.0,1015,101,4.1,718,61,1065,71,1428,714,16.6,55.4,1.0408
28,1081213200000,0.8,978,66,2.7,635,36,1188,51,1382,579,15.9,57.0,1.0224
28,1081216800000,0.5,933,40,1.5,547,25,1357,39,1336,542,15.0,59.2,1.0059
28,1081220400000,0.5,927,54,1.9,579,NaN,1267,NaN,1370,562,14.5,61.4,1.0041
28,1081224000000,0.5,908,39,1.8,569,24,1303,35,1360,526,14.1,61.6,0.9883
28,1081227600000,0.8,980,62,3.4,677,73,1141,64,1435,659,14.6,58.8,0.9711
28,1081231200000,1.7,1236,120,8.5,920,164,880,94,1641,1012,14.4,58.9,0.9594
28,1081234800000,4.5,1664,599,24.1,1407,329,594,134,2198,1564,15.3,55.2,0.9538
28,1081238400000,6.2,1757,1084,33.7,1636,302,494,129,2560,1806,16.2,52.5,0.9576
28,1081242000000,4.4,1524,776,22.0,1350,256,588,125,2096,1604,18.4,46.3,0.9734
28,1081245600000,2.9,1329,470,14.1,1119,182,707,107,1823,1288,19.6,41.8,0.9407
28,1081249200000,1.6,1167,169,7.6,884,105,881,78,1580,931,20.2,40.1,0.937
28,1081252800000,2.6,1369,304,14.5,1132,136,715,91,1818,1162,20.9,36.6,0.8939
28,1081256400000,2.9,1284,405,13.6,1103,167,755,116,1704,1064,20.4,34.7,0.8229
28,1081260000000,2.5,1221,297,11.5,1032,166,811,131,1630,913,19.3,35.4,0.7813
28,1081263600000,1.9,1096,220,9.2,947,115,872,113,1519,684,18.6,36.9,0.7829
28,1081267200000,1.9,1143,226,10.3,988,109,849,98,1590,710,18.8,36.8,0.7883
28,1081270800000,2.7,1251,456,14.0,1116,143,760,116,1716,923,17.5,40.6,0.8068
28,1081274400000,3.0,1268,470,15.0,1148,159,728,120,1776,1006,16.8,44.3,0.8428
28,1081278000000,3.3,1314,503,15.1,1150,181,726,126,1784,1083,16.3,47.7,0.8746
28,1081281600000,3.2,1315,459,14.8,1142,178,724,126,1807,1161,15.6,50.7,0.8947
28,1081285200000,1.8,1095,227,8.5,918,91,896,90,1527,800,15.7,49.4,0.8768
28,1081288800000,1.3,1027,152,5.9,808,76,996,81,1458,647,15.8,48.6,0.8653
28,1081292400000,1.1,1012,94,4.8,752,66,1053,74,1393,649,15.7,47.0,0.8325
29,1081296000000,0.9,948,93,4.0,710,56,1127,67,1352,575,15.7,45.9,0.8121
29,1081299600000,0.7,889,49,2.3,603,35,1308,46,1271,455,15.6,44.9,0.792
29,1081303200000,0.4,830,30,1.4,538,21,1475,30,1214,392,15.6,44.4,0.7827
29,1081306800000,0.3,801,30,0.7,464,NaN,1749,NaN,1154,340,16.1,42.4,0.7718
29,1081310400000,0.3,804,30,0.7,468,12,1826,19,1166,320,15.7,45.4,0.8063
29,1081314000000,0.3,824,32,0.8,478,22,1705,32,1200,331,15.3,50.1,0.8617
29,1081317600000,0.8,1000,59,3.6,688,55,1257,61,1398,426,14.2,58.6,0.9443
29,1081321200000,2.8,1307,277,12.9,1082,152,777,111,1769,830,14.3,58.2,0.9431
29,1081324800000,3.1,1286,454,15.7,1171,153,716,102,1821,1006,15.0,52.0,0.8817
29,1081328400000,2.3,1150,211,8.6,925,152,865,116,1576,820,13.6,61.4,0.9519
29,1081332000000,1.6,1087,196,7.4,876,112,911,96,1554,737,16.1,53.1,0.9675
29,1081335600000,1.5,1016,110,6.6,839,119,991,97,1448,790,16.6,44.3,0.8294
29,1081339200000,1.6,1029,164,7.8,892,122,937,110,1474,760,17.4,40.3,0.7922
29,1081342800000,1.8,1109,151,9.1,943,115,883,103,1604,767,18.1,42.2,0.8679
29,1081346400000,1.4,997,112,6.1,817,84,1030,79,1426,626,14.4,51.8,0.8433
29,1081350000000,1.9,1177,117,7.5,880,146,927,104,1552,776,10.9,76.4,0.9953
29,1081353600000,1.2,1045,120,5.9,808,65,1038,69,1421,589,16.4,47.7,0.8819
29,1081357200000,2.3,1171,251,12.7,1073,120,847,96,1623,872,18.0,37.1,0.7598
29,1081360800000,3.3,1221,435,13.5,1101,185,799,121,1700,996,14.7,48.7,0.8089
29,1081364400000,3.1,1262,345,14.5,1133,157,774,129,1748,1033,11.3,71.3,0.9514
29,1081368000000,3.3,1207,343,11.0,1013,174,876,116,1632,982,10.0,74.0,0.9087
29,1081371600000,1.2,956,62,3.2,666,62,1235,71,1282,518,9.8,71.8,0.8702
29,1081375200000,1.3,1020,70,4.3,727,81,1153,85,1391,631,9.3,75.2,0.8796
29,1081378800000,1.9,1107,114,7.1,861,118,957,101,1510,879,9.6,76.0,0.9088
30,1081382400000,1.4,1020,88,4.8,752,95,1074,97,1398,839,9.3,75.0,0.8799
30,1081386000000,1.5,1051,95,5.7,798,84,1016,89,1455,876,9.0,76.7,0.8825
30,1081389600000,1.1,965,83,4.1,716,56,1087,72,1383,827,8.2,79.6,0.8672
30,1081393200000,0.8,890,63,3.3,672,NaN,1183,NaN,1338,781,7.6,80.6,0.8437
30,1081396800000,NaN,823,38,1.8,568,43,1366,57,1263,699,8.3,75.6,0.8302
30,1081400400000,0.8,869,68,2.8,642,69,1291,62,1288,723,8.1,72.1,0.7798
30,1081404000000,1.1,939,59,4.8,754,74,1169,64,1384,797,8.1,70.4,0.7609
30,1081407600000,2.6,1274,226,13.8,1109,161,820,80,1723,1138,8.1,70.5,0.7627
30,1081411200000,5.1,1512,802,27.1,1482,308,596,118,2189,1605,9.9,64.3,0.7859
30,1081414800000,4.2,1435,585,19.1,1271,300,676,130,1885,1569,13.0,54.2,0.809
30,1081418400000,2.6,1207,324,11.7,1041,189,813,113,1620,1319,16.5,42.6,0.7912
30,1081422000000,2.4,1223,308,12.7,1075,164,818,112,1678,1198,19.3,34.2,0.7566
30,1081425600000,2.1,1121,238,11.3,1026,122,865,96,1541,958,21.5,27.4,0.6941
30,1081429200000,2.6,1176,301,14.2,1123,166,816,125,1609,1068,20.4,26.7,0.6323
30,1081432800000,2.8,1144,294,13.9,1114,181,845,128,1551,1010,20.6,22.6,0.5432
30,1081436400000,2.5,1136,353,13.2,1089,127,856,101,1552,928,20.6,24.8,0.5931
30,1081440000000,1.9,1085,209,10.7,1004,106,888,95,1454,816,21.0,25.4,0.6264
30,1081443600000,3.6,1297,538,19.7,1287,192,723,138,1798,1216,21.5,24.5,0.6203
30,1081447200000,4.6,1408,808,24.0,1404,241,646,154,1972,1463,19.3,28.6,0.6357
30,1081450800000,6.3,1618,974,29.1,1530,326,579,171,2167,1791,18.0,32.9,0.6737
30,1081454400000,4.3,1319,544,15.8,1172,232,746,136,1699,1425,15.8,39.8,0.7096
30,1081458000000,1.6,1045,138,7.0,857,92,968,93,1410,922,15.3,41.5,0.7194
30,1081461600000,1.4,1058,92,6.3,824,95,993,99,1411,971,14.1,46.0,0.7363
30,1081465200000,2.0,NaN,137,NaN,NaN,129,NaN,106,NaN,NaN,NaN,NaN,NaN
31,1081468800000,2.4,NaN,189,NaN,NaN,154,NaN,109,NaN,NaN,NaN,NaN,NaN
31,1081472400000,1.8,NaN,159,NaN,NaN,118,NaN,97,NaN,NaN,NaN,NaN,NaN
31,1081476000000,1.0,NaN,80,NaN,NaN,69,NaN,83,NaN,NaN,NaN,NaN,NaN
31,1081479600000,1.0,NaN,66,NaN,NaN,NaN,NaN,NaN,NaN,NaN,NaN,NaN,NaN
31,1081483200000,1.0,NaN,87,NaN,NaN,97,NaN,79,NaN,NaN,NaN,NaN,NaN
31,1081486800000,0.9,NaN,79,NaN,NaN,145,NaN,84,NaN,NaN,NaN,NaN,NaN
31,1081490400000,1.5,NaN,150,NaN,NaN,169,NaN,86,NaN,NaN,NaN,NaN,NaN
31,1081494000000,2.6,NaN,196,NaN,NaN,250,NaN,111,NaN,NaN,NaN,NaN,NaN
31,1081497600000,2.9,NaN,299,NaN,NaN,215,NaN,117,NaN,NaN,NaN,NaN,NaN
31,1081501200000,2.7,NaN,254,NaN,NaN,237,NaN,122,NaN,NaN,NaN,NaN,NaN
31,1081504800000,2.4,NaN,226,NaN,NaN,190,NaN,119,NaN,NaN,NaN,NaN,NaN
31,1081508400000,2.6,NaN,262,NaN,NaN,219,NaN,121,NaN,NaN,NaN,NaN,NaN
31,1081512000000,4.1,NaN,505,NaN,NaN,294,NaN,127,NaN,NaN,NaN,NaN,NaN
31,1081515600000,4.3,NaN,512,NaN,NaN,253,NaN,135,NaN,NaN,NaN,NaN,NaN
31,1081519200000,2.2,NaN,159,NaN,NaN,176,NaN,119,NaN,NaN,NaN,NaN,NaN
31,1081522800000,3.4,NaN,337,NaN,NaN,243,NaN,137,NaN,NaN,NaN,NaN,NaN
31,1081526400000,3.6,NaN,357,NaN,NaN,214,NaN,139,NaN,NaN,NaN,NaN,NaN
31,1081530000000,2.5,NaN,194,NaN,NaN,141,NaN,117,NaN,NaN,NaN,NaN,NaN
31,1081533600000,2.8,NaN,278,NaN,NaN,166,NaN,127,NaN,NaN,NaN,NaN,NaN
31,1081537200000,3.4,NaN,303,NaN,NaN,197,NaN,137,NaN,NaN,NaN,NaN,NaN
31,1081540800000,3.0,NaN,234,NaN,NaN,191,NaN,127,NaN,NaN,NaN,NaN,NaN
31,1081544400000,2.1,NaN,128,NaN,NaN,159,NaN,107,NaN,NaN,NaN,NaN,NaN
31,1081548000000,2.4,NaN,160,NaN,NaN,175,NaN,102,NaN,NaN,NaN,NaN,NaN
31,1081551600000,2.3,1176,169,8.4,917,157,866,95,1560,1151,12.0,67.9,0.9523
32,1081555200000,1.3,1047,77,5.4,783,83,1014,79,1449,975,12.0,66.9,0.9336
32,1081558800000,1.7,1116,98,6.9,854,118,929,78,1533,1034,11.5,70.1,0.9503
32,1081562400000,1.7,1074,102,6.4,832,101,951,75,1507,980,11.4,69.8,0.939
32,1081566000000,1.0,922,65,3.6,687,NaN,1142,NaN,1390,825,11.1,69.3,0.9128
32,1081569600000,0.8,898,69,3.3,669,46,1163,52,1386,807,10.8,70.3,0.9092
32,1081573200000,1.0,970,89,4.0,708,81,1121,55,1435,842,10.2,73.4,0.9129
32,1081576800000,1.4,1073,134,6.0,812,112,988,65,1500,950,10.8,70.5,0.9142
32,1081580400000,1.7,1081,157,8.2,906,150,895,72,1591,1024,11.0,71.0,0.9279
32,1081584000000,2.0,1159,167,9.9,976,138,837,76,1663,1098,12.4,64.0,0.9206
32,1081587600000,2.0,1112,157,8.8,931,124,869,84,1588,1011,15.0,53.1,0.8993
32,1081591200000,1.9,1112,172,8.4,917,124,897,90,1542,931,16.6,44.4,0.8313
32,1081594800000,2.1,1063,114,7.5,877,115,971,89,1481,811,18.0,38.4,0.7862
32,1081598400000,1.8,1032,166,7.8,892,101,973,87,1457,756,20.6,30.0,0.7213
32,1081602000000,1.5,936,94,6.4,829,90,1054,88,1336,607,19.9,26.7,0.6137
32,1081605600000,1.3,883,108,5.1,766,90,1152,81,1238,498,19.8,23.1,0.5283
32,1081609200000,1.4,942,98,6.9,852,89,1055,89,1318,540,21.4,22.7,0.5722
32,1081612800000,1.5,943,132,6.8,850,92,1084,91,1296,544,22.1,21.3,0.5605
32,1081616400000,1.7,1007,144,7.4,875,103,1027,104,1357,620,21.1,24.5,0.604
32,1081620000000,2.0,1037,165,8.7,927,122,949,111,1426,740,18.3,31.6,0.6562
32,1081623600000,2.5,1127,210,11.2,1022,159,871,129,1534,921,16.1,35.0,0.6372
32,1081627200000,2.4,1123,277,10.5,996,172,861,133,1551,1033,14.8,41.5,0.6929
32,1081630800000,2.0,1110,168,8.2,909,125,916,115,1487,984,13.2,50.3,0.7577
32,1081634400000,2.9,1247,248,11.6,1037,187,812,125,1618,1193,12.3,55.5,0.7916
32,1081638000000,2.5,1220,235,9.7,967,174,844,117,1545,1219,11.8,56.6,0.7833
33,1081641600000,1.4,1028,84,5.1,770,75,1047,84,1326,913,11.2,56.2,0.7469
33,1081645200000,1.2,978,75,4.0,711,48,1144,63,1304,750,11.0,56.6,0.7418
33,1081648800000,1.0,949,62,3.7,694,61,1160,68,1310,772,9.3,64.3,0.7531
33,1081652400000,1.0,910,66,4.0,709,NaN,1162,NaN,1329,712,8.8,66.0,0.7501
33,1081656000000,NaN,863,49,3.0,651,38,1224,52,1286,712,7.8,70.4,0.7463
33,1081659600000,0.7,836,38,2.9,643,38,1244,49,1306,727,7.7,70.7,0.7463
33,1081663200000,0.8,856,44,2.9,644,41,1259,49,1301,746,7.4,71.0,0.7346
33,1081666800000,0.9,888,60,3.0,651,51,1240,52,1298,733,8.2,66.6,0.7283
33,1081670400000,1.1,912,88,3.7,694,61,1196,58,1343,727,8.7,64.3,0.7267
33,1081674000000,1.0,938,70,3.9,706,47,1177,51,1320,642,13.0,47.9,0.7116
33,1081677600000,1.6,1053,94,6.2,823,87,1040,77,1386,810,17.4,35.4,0.699
33,1081681200000,1.8,1087,126,7.3,870,107,1014,90,1412,851,20.2,29.2,0.683
33,1081684800000,2.6,1153,181,9.2,945,161,969,118,1425,911,22.7,22.9,0.6224
33,1081688400000,1.1,894,66,4.0,710,61,1209,70,1200,611,22.3,22.4,0.5955
33,1081692000000,0.6,797,54,2.3,606,26,1452,35,1076,368,22.2,18.9,0.4993
33,1081695600000,0.9,854,48,3.1,658,42,1409,46,1108,369,22.0,19.0,0.4969
33,1081699200000,1.0,892,66,3.2,665,55,1348,58,1150,394,21.0,23.6,0.5788
33,1081702800000,1.2,935,65,3.3,672,65,1299,61,1183,415,19.6,27.4,0.6162
33,1081706400000,1.4,989,68,4.0,709,75,1225,80,1233,469,17.9,30.8,0.6258
33,1081710000000,2.0,1063,118,5.7,797,93,1079,93,1285,607,16.4,35.3,0.6532
33,1081713600000,1.1,922,65,3.4,674,63,1220,78,1205,498,15.6,37.5,0.6575
33,1081717200000,1.1,925,63,3.5,680,60,1223,76,1217,481,15.5,36.7,0.6438
33,1081720800000,1.1,924,61,2.9,648,63,1272,74,1186,465,14.5,39.0,0.6428
33,1081724400000,1.1,914,63,3.1,661,66,1256,81,1187,478,14.2,38.2,0.6163
34,1081728000000,0.7,840,31,1.6,556,41,1474,58,1094,366,13.7,38.3,0.5957
34,1081731600000,0.6,799,29,1.1,514,42,1615,59,1036,332,14.1,34.0,0.5442
34,1081735200000,0.7,856,34,2.0,581,36,1448,54,1111,346,14.6,34.0,0.5605
34,1081738800000,0.6,830,34,1.7,560,NaN,1452,NaN,1066,350,14.4,32.8,0.5364
34,1081742400000,0.3,753,9,0.7,462,16,1822,25,955,274,13.9,30.9,0.4868
34,1081746000000,0.3,785,14,0.5,448,16,1923,26,1003,263,13.5,37.9,0.5852
34,1081749600000,0.4,835,23,0.7,472,33,1756,49,1117,314,13.9,43.6,0.6871
34,1081753200000,0.5,865,36,0.9,494,39,1613,53,1185,367,13.5,50.1,0.7706
34,1081756800000,0.6,922,39,1.5,541,45,1453,57,1246,432,13.3,53.6,0.8169
34,1081760400000,0.8,975,38,2.2,598,63,1268,73,1293,536,13.4,56.0,0.8576
34,1081764000000,1.0,1040,55,2.9,646,71,1210,78,1325,555,13.0,59.6,0.886
34,1081767600000,1.3,1115,75,3.9,707,104,1105,93,1384,677,12.7,62.7,0.9173
34,1081771200000,1.1,1004,64,2.8,641,85,1201,71,1305,557,12.1,60.5,0.8505
34,1081774800000,0.6,895,39,1.4,536,53,1415,56,1229,421,11.2,64.4,0.8537
34,1081778400000,0.7,917,42,1.7,563,58,1415,60,1257,423,10.7,67.6,0.8703
34,1081782000000,1.2,1025,78,3.6,689,89,1189,77,1325,519,11.4,61.2,0.8236
34,1081785600000,1.4,1035,69,3.1,660,96,1222,82,1301,533,9.9,70.5,0.8581
34,1081789200000,1.2,1025,67,3.5,682,88,1197,77,1313,537,10.3,65.2,0.8151
34,1081792800000,1.3,1040,83,3.9,705,100,1149,91,1324,612,11.0,58.9,0.7714
34,1081796400000,1.8,1070,79,5.2,776,127,1065,93,1369,697,10.6,59.5,0.7595
34,1081800000000,1.2,964,68,3.7,692,88,1176,82,1292,573,10.6,57.7,0.7362
34,1081803600000,0.8,904,56,2.7,635,66,1269,74,1233,489,10.6,56.1,0.7149
34,1081807200000,0.8,913,49,2.6,626,61,1271,68,1234,474,10.3,58.0,0.7239
34,1081810800000,0.8,914,56,2.4,610,54,1322,65,1230,455,10.4,58.4,0.7352
35,1081814400000,0.7,893,48,2.0,587,46,1368,58,1219,433,10.7,58.2,0.7459
35,1081818000000,0.5,844,27,1.3,532,25,1499,36,1176,376,10.5,59.9,0.7624
35,1081821600000,0.3,837,29,1.2,518,18,1581,29,1182,360,10.5,60.8,0.7704
35,1081825200000,0.4,868,32,1.3,530,NaN,1482,NaN,1215,384,10.6,63.1,0.8068
35,1081828800000,0.3,825,47,0.9,489,21,1565,28,1171,363,11.1,60.1,0.7925
35,1081832400000,0.7,956,66,3.1,656,76,1251,68,1356,525,10.1,68.4,0.8443
35,1081836000000,1.6,1124,163,6.9,853,149,960,99,1531,873,10.0,68.7,0.8456
35,1081839600000,3.9,1496,524,19.1,1272,328,667,130,2011,1399,11.0,64.2,0.8398
35,1081843200000,4.5,1452,657,22.1,1354,282,620,128,2057,1501,12.0,58.1,0.8138
35,1081846800000,2.7,1172,324,11.8,1042,206,797,120,1641,1186,12.8,52.0,0.7643
35,1081850400000,1.6,1020,144,7.3,871,133,956,93,1426,911,12.6,50.8,0.7387
35,1081854000000,1.6,1044,135,8.0,900,137,934,96,1471,919,13.8,47.4,0.7435
35,1081857600000,1.6,1020,140,7.2,866,116,972,84,1429,791,15.1,42.7,0.7294
35,1081861200000,1.5,1009,141,7.7,885,112,994,87,1439,751,16.3,38.1,0.7006
35,1081864800000,1.8,1073,181,9.7,966,128,935,87,1537,805,16.6,36.7,0.6867
35,1081868400000,2.1,1098,227,9.8,971,145,877,103,1527,966,15.8,40.5,0.7241
35,1081872000000,1.7,1061,149,7.7,887,110,920,88,1462,869,16.3,41.8,0.7712
35,1081875600000,3.0,1289,425,15.3,1158,184,755,118,1791,1196,16.1,42.8,0.7783
35,1081879200000,4.6,1442,669,21.5,1337,243,630,134,2004,1523,15.3,46.8,0.8074
35,1081882800000,5.0,1479,680,21.7,1343,259,631,144,1995,1579,14.7,47.0,0.7815
35,1081886400000,3.5,1266,446,14.6,1138,205,726,129,1747,1370,14.1,49.6,0.7931
35,1081890000000,2.1,1149,205,9.3,952,144,845,108,1577,1204,13.5,54.1,0.8351
35,1081893600000,2.1,1168,194,9.4,954,152,843,104,1586,1201,12.3,59.2,0.8461
35,1081897200000,1.5,1079,115,6.8,847,108,925,90,1463,1122,11.6,62.2,0.851
36,1081900800000,1.1,1047,74,4.9,760,64,1032,74,1379,1003,11.5,61.4,0.8303
36,1081904400000,0.9,936,85,3.9,705,73,1086,73,1364,918,10.9,64.6,0.8395
36,1081908000000,0.7,900,66,2.7,635,47,1207,60,1307,836,11.1,63.2,0.8331
36,1081911600000,0.4,839,60,1.9,576,NaN,1325,NaN,1285,759,10.7,64.4,0.8284
36,1081915200000,NaN,840,40,1.7,563,45,1349,57,1275,755,10.7,63.8,0.8174
36,1081918800000,0.9,905,47,3.3,670,79,1191,62,1346,820,10.2,65.8,0.8196
36,1081922400000,1.6,1079,116,7.4,875,113,947,71,1535,998,10.3,65.6,0.8225
36,1081926000000,3.9,1417,478,18.2,1246,263,669,94,1921,1403,10.8,64.0,0.8307
36,1081929600000,5.0,1529,836,27.7,1497,275,569,99,2278,1641,13.3,55.6,0.8453
36,1081933200000,4.3,1397,655,18.3,1248,263,659,119,1906,1534,15.8,46.8,0.8328
36,1081936800000,2.7,1214,312,12.3,1061,183,780,103,1662,1257,19.5,34.4,0.7738
36,1081940400000,2.1,1109,195,8.9,935,147,882,95,1518,1026,21.1,30.2,0.745
36,1081944000000,2.1,1122,238,10.4,993,132,859,95,1571,993,18.4,34.2,0.7185
36,1081947600000,NaN,1094,NaN,9.7,966,NaN,877,NaN,1519,919,21.0,30.6,0.7538
36,1081951200000,NaN,1164,NaN,12.8,1076,NaN,788,NaN,1653,1032,21.4,28.7,0.7231
36,1081954800000,NaN,1188,NaN,12.9,1082,NaN,790,NaN,1653,1077,21.3,27.3,0.6856
36,1081958400000,NaN,1098,NaN,8.9,934,NaN,895,NaN,1497,883,20.4,30.4,0.7193
36,1081962000000,NaN,1180,NaN,11.0,1014,NaN,826,NaN,1595,1036,18.7,34.8,0.7436
36,1081965600000,NaN,1195,NaN,12.6,1072,NaN,799,NaN,1609,1144,18.6,34.7,0.7369
36,1081969200000,NaN,1234,NaN,13.3,1095,NaN,789,NaN,1638,1212,17.9,35.8,0.7276
36,1081972800000,NaN,1425,NaN,18.1,1242,NaN,675,NaN,1858,1486,16.5,42.1,0.7856
36,1081976400000,NaN,1320,NaN,13.0,1085,NaN,730,NaN,1689,1440,14.8,49.7,0.8321
36,1081980000000,NaN,1158,NaN,7.8,892,NaN,870,NaN,1494,1242,13.4,54.3,0.8291
36,1081983600000,NaN,1060,NaN,5.8,805,NaN,964,NaN,1418,1089,13.4,54.2,0.8319
37,1081987200000,NaN,1036,NaN,4.7,746,NaN,1034,NaN,1364,993,12.3,57.6,0.8223
37,1081990800000,NaN,943,NaN,3.1,660,NaN,1163,NaN,1297,862,11.6,58.8,0.7996
37,1081994400000,NaN,899,NaN,2.1,591,NaN,1243,NaN,1259,815,10.7,62.3,0.7988
37,1081998000000,NaN,889,NaN,1.7,559,NaN,1331,NaN,1241,714,10.2,63.2,0.7865
37,1082001600000,NaN,847,NaN,1.3,527,NaN,1416,NaN,1216,682,10.5,61.3,0.7761
37,1082005200000,NaN,918,NaN,2.6,625,NaN,1255,NaN,1298,744,9.3,65.8,0.7722
37,1082008800000,NaN,1105,NaN,7.9,897,NaN,906,NaN,1510,1050,9.1,67.4,0.7814
37,1082012400000,NaN,1491,NaN,21.4,1335,NaN,625,NaN,2001,1522,10.2,62.9,0.7831
37,1082016000000,NaN,1508,NaN,22.1,1355,NaN,609,NaN,2034,1623,11.6,58.7,0.7999
37,1082019600000,3.9,1489,536,19.1,1270,309,633,114,1889,1638,13.5,53.4,0.8196
37,1082023200000,3.8,1451,481,17.3,1219,327,661,127,1804,1633,15.0,49.3,0.8364
37,1082026800000,3.8,1454,460,17.5,1225,299,661,135,1809,1654,17.1,42.1,0.812
37,1082030400000,3.9,1392,597,17.0,1210,257,689,135,1792,1559,18.4,36.9,0.7758
37,1082034000000,3.5,1351,465,17.0,1210,195,709,120,1783,1374,19.3,35.4,0.7824
37,1082037600000,4.0,1418,542,19.5,1282,231,681,129,1890,1418,19.2,35.7,0.7826
37,1082041200000,3.0,1303,437,14.8,1143,170,748,114,1734,1228,21.5,30.4,0.7677
37,1082044800000,3.1,1292,383,14.0,1116,192,746,129,1676,1293,19.6,34.6,0.7807
37,1082048400000,5.2,1560,778,24.4,1413,251,594,149,2046,1642,19.6,35.5,0.8017
37,1082052000000,5.9,1765,926,28.1,1507,289,533,149,2271,1895,18.3,44.1,0.9183
37,1082055600000,7.3,1875,1189,33.7,1637,351,482,158,2446,2086,17.4,47.8,0.9392
37,1082059200000,6.1,1746,824,24.2,1409,319,553,148,2119,1898,16.8,49.8,0.9446
37,1082062800000,4.6,1607,660,19.8,1290,264,587,134,1960,1758,16.2,53.2,0.9723
37,1082066400000,2.5,1277,203,9.3,952,144,802,111,1607,1284,14.9,59.1,0.9928
37,1082070000000,2.2,1207,136,7.3,868,119,877,106,1532,1075,13.9,64.0,1.013
38,1082073600000,2.0,1209,114,7.1,863,120,882,108,1547,1084,13.7,66.8,1.041
38,1082077200000,1.9,1189,110,6.7,844,96,887,93,1566,1049,13.4,69.6,1.0688
38,1082080800000,1.6,1132,127,6.0,810,77,899,83,1532,1021,12.8,71.9,1.0632
38,1082084400000,1.0,974,68,2.7,635,NaN,1159,NaN,1387,778,12.9,68.5,1.0155
38,1082088000000,1.0,1033,70,3.6,686,63,1030,69,1420,948,11.9,74.8,1.038
38,1082091600000,1.2,1075,93,5.4,782,97,941,77,1505,988,11.6,76.4,1.0415
38,1082095200000,2.0,1242,179,10.0,978,180,778,87,1686,1184,11.7,75.3,1.0325
38,1082098800000,4.5,1657,523,23.2,1384,352,579,109,2176,1600,12.8,71.0,1.0428
38,1082102400000,4.1,1406,546,18.7,1258,279,636,116,1890,1495,13.8,61.1,0.9595
38,1082106000000,2.6,1150,251,9.9,973,186,827,105,1590,1188,15.3,51.4,0.8886
38,1082109600000,2.3,1184,222,10.2,983,169,823,106,1604,1166,16.6,48.7,0.9146
38,1082113200000,2.6,1223,212,11.0,1014,172,781,108,1666,1219,17.6,46.7,0.9324
38,1082116800000,2.4,1196,263,10.5,997,127,802,100,1644,1128,19.2,42.7,0.9425
38,1082120400000,4.3,1559,535,18.9,1267,230,653,149,2047,1373,15.7,62.5,1.1092
38,1082124000000,4.6,1544,609,18.9,1266,280,613,148,2066,1415,14.5,75.7,1.2425
38,1082127600000,4.0,1485,449,17.5,1223,242,650,126,1980,1302,14.4,77.4,1.2654
38,1082131200000,4.7,1498,536,17.7,1230,250,649,140,1963,1308,14.6,74.9,1.2391
38,1082134800000,5.7,1593,743,23.0,1378,309,582,142,2159,1449,14.6,76.0,1.2573
38,1082138400000,5.2,1529,575,20.4,1309,270,627,141,2083,1385,14.0,76.3,1.2166
38,1082142000000,6.4,1689,783,26.8,1474,323,560,149,2298,1492,13.9,78.0,1.2303
38,1082145600000,6.0,1535,706,19.9,1295,307,627,140,2039,1380,13.8,78.0,1.2229
38,1082149200000,3.4,1304,299,12.5,1067,224,737,117,1811,1167,13.5,79.4,1.2224
38,1082152800000,2.7,1235,159,9.6,963,166,803,103,1680,1095,13.1,80.1,1.2016
38,1082156400000,3.1,1281,171,10.0,977,171,794,99,1695,1105,12.8,81.0,1.1915
39,1082160000000,2.6,1167,162,8.1,904,169,846,100,1627,1051,12.7,80.6,1.1819
39,1082163600000,2.2,1134,111,7.1,863,120,869,88,1599,1009,12.5,81.8,1.1838
39,1082167200000,1.9,1100,134,6.4,829,103,887,83,1565,972,12.7,81.2,1.1849
39,1082170800000,NaN,1057,NaN,5.1,768,NaN,958,NaN,1527,884,12.4,82.4,1.1848
39,1082174400000,NaN,902,NaN,3.0,652,NaN,1158,NaN,1437,661,12.6,79.9,1.1619
39,1082178000000,NaN,982,NaN,4.2,724,NaN,1055,NaN,1508,774,12.8,80.0,1.1761
39,1082181600000,NaN,997,NaN,5.1,769,NaN,1002,NaN,1524,868,12.6,79.9,1.1596
39,1082185200000,NaN,1141,NaN,8.1,902,NaN,905,NaN,1672,965,12.5,79.6,1.1538
39,1082188800000,NaN,1163,NaN,8.8,930,NaN,849,NaN,1691,985,12.8,80.8,1.1863
39,1082192400000,NaN,1107,NaN,7.2,864,NaN,911,NaN,1604,963,13.5,78.1,1.1997
39,1082196000000,NaN,1228,NaN,9.2,949,NaN,838,NaN,1706,1069,14.6,74.9,1.2348
39,1082199600000,NaN,1033,NaN,6.0,810,NaN,969,NaN,1526,864,16.8,61.0,1.1599
39,1082203200000,NaN,984,NaN,5.0,763,NaN,1054,NaN,1472,641,18.8,50.1,1.0769
39,1082206800000,NaN,1066,NaN,7.5,879,NaN,939,NaN,1536,740,19.3,47.1,1.0445
39,1082210400000,NaN,926,NaN,3.9,707,NaN,1130,NaN,1429,532,19.3,46.6,1.0298
39,1082214000000,NaN,979,NaN,5.0,764,NaN,1054,NaN,1462,572,19.7,44.4,1.0081
39,1082217600000,NaN,993,NaN,5.4,783,NaN,1033,NaN,1482,630,19.3,45.7,1.0161
39,1082221200000,NaN,970,NaN,5.0,763,NaN,1043,NaN,1462,608,17.9,49.9,1.0135
39,1082224800000,NaN,997,NaN,5.5,788,NaN,1014,NaN,1482,644,16.9,53.2,1.0179
39,1082228400000,NaN,1097,NaN,7.8,892,NaN,909,NaN,1594,833,16.1,56.0,1.0151
39,1082232000000,NaN,1105,NaN,8.2,908,NaN,900,NaN,1566,923,16.5,52.8,0.986
39,1082235600000,NaN,993,NaN,5.3,777,NaN,1022,NaN,1482,790,16.9,51.1,0.9743
39,1082239200000,NaN,1136,NaN,7.9,896,NaN,919,NaN,1623,961,17.0,50.8,0.9751
39,1082242800000,NaN,1297,NaN,10.7,1003,NaN,798,NaN,1700,1177,16.9,54.8,1.0455
40,1082246400000,NaN,1110,NaN,6.9,855,NaN,897,NaN,1568,943,16.3,57.2,1.0492
40,1082250000000,NaN,1027,NaN,6.3,827,NaN,942,NaN,1529,742,16.0,56.2,1.0164
40,1082253600000,NaN,1024,NaN,5.6,795,NaN,982,NaN,1501,705,15.6,60.2,1.0617
40,1082257200000,NaN,992,NaN,5.4,783,NaN,988,NaN,1527,663,14.6,68.2,1.1282
40,1082260800000,NaN,929,NaN,3.2,664,NaN,1144,NaN,1449,536,14.3,69.6,1.1257
40,1082264400000,NaN,892,NaN,1.9,579,NaN,1309,NaN,1396,441,13.8,71.9,1.1312
40,1082268000000,NaN,895,NaN,2.3,609,NaN,1268,NaN,1410,477,13.8,72.7,1.1402
40,1082271600000,NaN,915,NaN,2.4,612,NaN,1266,NaN,1411,506,14.2,72.3,1.1632
40,1082275200000,NaN,947,NaN,2.9,649,NaN,1154,NaN,1459,608,14.5,72.9,1.195
40,1082278800000,NaN,1032,NaN,4.2,721,NaN,1052,NaN,1546,663,14.2,75.6,1.2201
40,1082282400000,NaN,1219,NaN,6.8,849,NaN,901,NaN,1664,912,14.5,77.2,1.2695
40,1082286000000,NaN,1217,NaN,7.3,869,NaN,873,NaN,1660,963,14.9,74.5,1.253
40,1082289600000,NaN,1097,NaN,5.3,779,NaN,980,NaN,1565,803,15.5,67.4,1.178
40,1082293200000,NaN,938,NaN,3.4,674,NaN,1136,NaN,1433,564,16.7,56.0,1.0544
40,1082296800000,NaN,944,NaN,3.4,677,NaN,1140,NaN,1436,501,17.1,55.5,1.0724
40,1082300400000,NaN,1139,NaN,6.8,847,NaN,929,NaN,1604,701,16.2,62.4,1.1423
40,1082304000000,NaN,1163,NaN,7.0,859,NaN,921,NaN,1603,783,17.4,58.9,1.1567
40,1082307600000,NaN,1157,NaN,7.7,885,NaN,916,NaN,1590,784,17.5,54.6,1.08
40,1082311200000,NaN,1154,NaN,8.5,919,NaN,876,NaN,1623,861,17.5,54.2,1.0722
40,1082314800000,NaN,1342,NaN,13.5,1102,NaN,744,NaN,1824,1156,17.0,55.1,1.0621
40,1082318400000,NaN,1178,NaN,9.2,949,NaN,847,NaN,1653,1047,16.4,57.8,1.0669
40,1082322000000,NaN,1152,NaN,8.7,926,NaN,854,NaN,1669,1034,15.8,60.4,1.0744
40,1082325600000,NaN,1078,NaN,6.6,841,NaN,920,NaN,1595,962,15.5,63.3,1.1071
40,1082329200000,NaN,1167,NaN,9.1,945,NaN,826,NaN,1702,1100,15.0,65.2,1.1045
41,1082332800000,NaN,1111,NaN,7.8,890,NaN,871,NaN,1658,1047,14.5,67.3,1.1054
41,1082336400000,NaN,988,NaN,4.2,722,NaN,1029,NaN,1500,874,14.1,70.1,1.1224
41,1082340000000,NaN,917,NaN,3.4,677,NaN,1103,NaN,1494,747,13.8,73.3,1.1518
41,1082343600000,NaN,850,NaN,1.7,562,NaN,1275,NaN,1407,589,13.1,78.3,1.1716
41,1082347200000,NaN,885,NaN,2.1,589,NaN,1238,NaN,1443,635,13.0,78.2,1.1664
41,1082350800000,NaN,888,NaN,2.2,597,NaN,1242,NaN,1428,671,14.3,70.1,1.1328
41,1082354400000,NaN,1101,NaN,6.9,852,NaN,913,NaN,1655,992,14.0,70.9,1.1306
41,1082358000000,NaN,1399,NaN,16.5,1195,NaN,680,NaN,1976,1308,15.4,64.2,1.1123
41,1082361600000,NaN,1325,NaN,18.7,1260,NaN,652,NaN,1969,1303,16.5,57.9,1.0826
41,1082365200000,NaN,1058,NaN,8.5,921,NaN,876,NaN,1594,893,18.8,48.0,1.0323
41,1082368800000,NaN,990,NaN,6.8,846,NaN,947,NaN,1503,715,19.5,43.3,0.9706
41,1082372400000,NaN,1018,NaN,7.5,879,NaN,950,NaN,1574,685,18.5,45.5,0.9606
41,1082376000000,NaN,1105,NaN,10.9,1010,NaN,811,NaN,1709,947,18.0,46.7,0.9569
41,1082379600000,NaN,1194,NaN,13.4,1097,NaN,743,NaN,1847,1049,16.5,58.2,1.0813
41,1082383200000,NaN,1088,NaN,7.9,893,NaN,892,NaN,1565,741,12.1,75.6,1.0662
41,1082386800000,NaN,1084,NaN,8.8,933,NaN,872,NaN,1602,801,11.1,75.6,0.9974
41,1082390400000,NaN,1207,NaN,11.5,1032,NaN,797,NaN,1701,969,10.5,79.0,1.0016
41,1082394000000,NaN,1186,NaN,11.8,1042,NaN,808,NaN,1684,1038,10.0,80.5,0.9853
41,1082397600000,NaN,1053,NaN,8.3,911,NaN,916,NaN,1528,889,11.3,70.5,0.9389
41,1082401200000,NaN,1032,NaN,7.9,895,NaN,921,NaN,1508,879,10.7,71.5,0.9197
41,1082404800000,NaN,989,NaN,6.7,846,NaN,960,NaN,1476,846,9.9,74.0,0.9009
41,1082408400000,NaN,930,NaN,4.6,745,NaN,1085,NaN,1391,712,10.8,68.2,0.8806
41,1082412000000,NaN,951,NaN,5.0,766,NaN,1056,NaN,1431,747,10.2,74.0,0.9176
41,1082415600000,NaN,985,NaN,5.3,780,NaN,1017,NaN,1444,791,10.1,77.5,0.9579
42,1082419200000,NaN,937,NaN,3.9,703,NaN,1136,NaN,1377,637,9.9,77.7,0.9497
42,1082422800000,NaN,887,NaN,2.9,648,NaN,1222,NaN,1357,553,9.5,80.2,0.9533
42,1082426400000,NaN,806,NaN,1.5,544,NaN,1429,NaN,1290,449,9.5,79.7,0.9489
42,1082430000000,NaN,771,NaN,0.8,483,NaN,1587,NaN,1277,485,9.7,78.9,0.9487
42,1082433600000,NaN,802,NaN,1.2,519,NaN,1523,NaN,1315,540,9.8,80.0,0.967
42,1082437200000,NaN,878,NaN,2.9,644,NaN,1260,NaN,1410,685,10.0,79.6,0.98
42,1082440800000,NaN,1070,NaN,7.6,883,NaN,942,NaN,1625,925,10.3,79.4,0.9927
42,1082444400000,NaN,1430,NaN,20.7,1316,NaN,638,NaN,2069,1382,11.0,77.4,1.0135
42,1082448000000,NaN,1565,NaN,29.9,1549,NaN,540,NaN,2396,1645,12.3,69.2,0.9906
42,1082451600000,NaN,1365,NaN,20.1,1299,NaN,637,NaN,1999,1514,14.5,60.4,0.9936
42,1082455200000,NaN,1348,NaN,17.1,1214,NaN,678,NaN,1874,1509,16.0,56.3,1.0185
42,1082458800000,NaN,1311,NaN,19.4,1279,NaN,648,NaN,1991,1520,18.1,51.1,1.0551
42,1082462400000,NaN,1302,NaN,18.7,1260,NaN,658,NaN,1970,1471,23.0,37.5,1.0389
42,1082466000000,NaN,1250,NaN,15.8,1173,NaN,720,NaN,1870,1282,21.8,39.6,1.0209
42,1082469600000,NaN,1083,NaN,10.3,988,NaN,859,NaN,1643,1004,21.9,37.2,0.9683
42,1082473200000,NaN,1005,NaN,7.9,894,NaN,956,NaN,1530,714,23.8,31.4,0.9132
42,1082476800000,NaN,1129,NaN,13.7,1107,NaN,844,NaN,1742,940,25.9,26.9,0.8845
42,1082480400000,NaN,1327,NaN,19.7,1289,NaN,712,NaN,1938,1272,25.8,29.9,0.9808
42,1082484000000,NaN,1428,NaN,25.3,1437,NaN,599,NaN,2156,1526,22.6,39.5,1.0679
42,1082487600000,NaN,1426,NaN,23.9,1400,NaN,612,NaN,2102,1488,19.9,45.0,1.0364
42,1082491200000,NaN,1310,NaN,20.6,1313,NaN,663,NaN,1958,1475,17.9,47.4,0.9657
42,1082494800000,NaN,1114,NaN,12.3,1059,NaN,792,NaN,1704,1182,16.8,50.4,0.9545
42,1082498400000,NaN,991,NaN,7.7,889,NaN,932,NaN,1550,933,16.0,52.0,0.9375
42,1082502000000,NaN,1089,NaN,9.0,940,NaN,866,NaN,1589,1001,14.2,59.1,0.952
43,1082505600000,NaN,911,NaN,4.5,740,NaN,1071,NaN,1412,756,14.2,56.7,0.9111
43,1082509200000,NaN,1005,NaN,5.8,802,NaN,976,NaN,1474,952,12.2,67.7,0.9625
43,1082512800000,NaN,863,NaN,3.2,664,NaN,1172,NaN,1381,808,13.2,61.7,0.9328
43,1082516400000,NaN,857,NaN,3.0,653,NaN,1197,NaN,1375,779,10.9,71.0,0.9249
43,1082520000000,NaN,804,NaN,2.0,585,NaN,1301,NaN,1319,717,11.3,67.6,0.9038
43,1082523600000,NaN,871,NaN,3.7,694,NaN,1160,NaN,1421,779,10.1,71.8,0.888
43,1082527200000,NaN,1035,NaN,8.7,929,NaN,887,NaN,1599,1009,10.2,70.9,0.8841
43,1082530800000,NaN,1513,NaN,27.0,1480,NaN,572,NaN,2249,1595,11.8,66.0,0.9085
43,1082534400000,NaN,1726,NaN,40.3,1776,NaN,478,NaN,2684,1940,14.0,58.2,0.9271
43,1082538000000,NaN,1396,NaN,20.0,1296,NaN,619,NaN,1991,1628,17.0,50.2,0.9646
43,1082541600000,NaN,1333,NaN,17.1,1212,NaN,668,NaN,1854,1573,22.3,36.9,0.9838
43,1082545200000,NaN,1161,NaN,11.0,1016,NaN,849,NaN,1642,1187,24.4,30.9,0.934
43,1082548800000,NaN,1081,NaN,10.6,1000,NaN,900,NaN,1561,900,25.9,26.7,0.8771
43,1082552400000,NaN,1075,NaN,10.5,998,NaN,914,NaN,1574,800,25.8,26.1,0.854
43,1082556000000,NaN,1055,NaN,9.6,964,NaN,953,NaN,1513,770,26.3,24.8,0.8393
43,1082559600000,NaN,1053,NaN,9.3,953,NaN,988,NaN,1483,758,27.0,22.2,0.7805
43,1082563200000,NaN,1087,NaN,12.7,1075,NaN,944,NaN,1558,886,27.3,20.5,0.7308
43,1082566800000,NaN,1304,NaN,19.8,1291,NaN,765,NaN,1838,1219,25.8,24.1,0.7912
43,1082570400000,NaN,1625,NaN,32.5,1608,NaN,601,NaN,2271,1725,25.3,28.9,0.9151
43,1082574000000,NaN,1649,NaN,33.6,1633,NaN,584,NaN,2328,1745,23.8,33.7,0.9786
43,1082577600000,NaN,1443,NaN,26.0,1455,NaN,635,NaN,2073,1600,21.4,36.0,0.9059
43,1082581200000,NaN,1209,NaN,16.4,1193,NaN,753,NaN,1737,1310,19.8,39.5,0.9016
43,1082584800000,NaN,1105,NaN,10.6,1000,NaN,847,NaN,1573,1208,19.2,42.1,0.9273
43,1082588400000,NaN,1020,NaN,7.1,863,NaN,933,NaN,1492,1074,18.8,45.8,0.9855
44,1082592000000,NaN,991,NaN,6.4,828,NaN,973,NaN,1469,993,17.1,50.8,0.9828
44,1082595600000,NaN,937,NaN,4.6,741,NaN,1058,NaN,1420,923,16.2,53.4,0.9775
44,1082599200000,NaN,882,NaN,3.0,654,NaN,1141,NaN,1377,819,16.0,53.5,0.9691
44,1082602800000,NaN,843,NaN,2.2,597,NaN,1242,NaN,1341,727,14.3,59.2,0.9601
44,1082606400000,NaN,819,NaN,1.7,565,NaN,1295,NaN,1316,694,13.3,62.6,0.9498
44,1082610000000,NaN,834,NaN,2.2,596,NaN,1276,NaN,1335,727,13.4,59.5,0.9097
44,1082613600000,NaN,977,NaN,5.7,800,NaN,990,NaN,1474,926,12.2,64.1,0.9062
44,1082617200000,NaN,1234,NaN,13.8,1109,NaN,767,NaN,1729,1194,13.9,57.2,0.9029
44,1082620800000,NaN,1403,NaN,21.6,1340,NaN,623,NaN,2003,1502,15.2,53.2,0.9107
44,1082624400000,NaN,1538,NaN,26.1,1458,NaN,593,NaN,2186,1743,19.2,41.6,0.9154
44,1082628000000,NaN,1343,NaN,20.1,1299,NaN,694,NaN,1945,1542,23.7,30.6,0.8854
44,1082631600000,NaN,1243,NaN,15.4,1162,NaN,766,NaN,1731,1354,26.1,26.8,0.8921
44,1082635200000,NaN,1201,NaN,13.6,1102,NaN,814,NaN,1682,1175,28.1,24.4,0.9138
44,1082638800000,NaN,1121,NaN,11.1,1020,NaN,893,NaN,1585,916,28.3,23.9,0.906
44,1082642400000,NaN,1087,NaN,12.2,1055,NaN,908,NaN,1562,818,28.0,21.0,0.7814
44,1082646000000,NaN,1165,NaN,17.5,1225,NaN,824,NaN,1676,1028,30.8,16.4,0.7167
44,1082649600000,NaN,1224,NaN,19.1,1270,NaN,806,NaN,1739,1113,31.3,16.2,0.7262
44,1082653200000,NaN,1431,NaN,27.1,1482,NaN,679,NaN,2025,1431,29.4,20.5,0.8262
44,1082656800000,NaN,1433,NaN,28.3,1510,NaN,661,NaN,2038,1503,25.8,24.3,0.794
44,1082660400000,NaN,1527,NaN,35.0,1664,NaN,587,NaN,2238,1775,23.8,29.5,0.8559
44,1082664000000,NaN,1387,NaN,22.4,1361,NaN,701,NaN,1932,1505,22.0,34.8,0.908
44,1082667600000,NaN,1158,NaN,13.5,1100,NaN,835,NaN,1659,1211,20.2,37.4,0.8748
44,1082671200000,NaN,1009,NaN,8.2,907,NaN,982,NaN,1466,872,19.3,38.8,0.8559
44,1082674800000,NaN,1026,NaN,7.8,890,NaN,976,NaN,1467,855,17.9,43.7,0.8856
45,1082678400000,NaN,1119,NaN,10.0,979,NaN,873,NaN,1593,1170,17.2,47.9,0.9334
45,1082682000000,NaN,1000,NaN,6.6,839,NaN,958,NaN,1467,1024,16.3,49.7,0.916
45,1082685600000,NaN,866,NaN,3.4,675,NaN,1155,NaN,1337,841,16.7,46.5,0.8755
45,1082689200000,NaN,848,NaN,2.8,642,NaN,1202,NaN,1325,760,14.6,53.0,0.8775
45,1082692800000,NaN,844,NaN,2.3,608,NaN,1213,NaN,1314,803,14.1,53.9,0.8633
45,1082696400000,0.6,852,46,2.9,646,59,1186,59,1321,793,14.2,52.2,0.8413
45,1082700000000,0.8,923,56,4.9,757,72,1041,67,1418,906,14.3,55.4,0.9003
45,1082703600000,4.0,1490,452,22.6,1368,244,627,95,2119,1541,14.0,58.0,0.9202
45,1082707200000,5.6,1662,880,31.1,1576,351,523,123,2417,1861,15.4,53.3,0.9289
45,1082710800000,5.0,1553,759,22.1,1354,358,621,142,2030,1895,19.1,42.1,0.9233
45,1082714400000,3.2,1423,394,18.3,1247,245,706,142,1887,1684,23.7,31.0,0.8968
45,1082718000000,3.8,1458,639,22.0,1350,240,677,169,1947,1731,26.9,25.7,0.8942
45,1082721600000,3.3,1349,541,20.1,1299,179,728,142,1838,1402,29.7,20.6,0.8478
45,1082725200000,3.0,1326,468,18.9,1265,160,757,136,1835,1246,29.2,21.5,0.8573
45,1082728800000,3.2,1356,483,20.6,1312,174,729,147,1865,1342,29.6,20.1,0.8181
45,1082732400000,4.4,1460,682,25.3,1438,260,680,196,1953,1489,30.0,19.4,0.81
45,1082736000000,4.6,1497,698,25.8,1449,281,679,186,1985,1532,29.5,20.1,0.8136
45,1082739600000,5.2,1645,832,30.6,1566,284,599,177,2228,1909,27.0,26.8,0.9403
45,1082743200000,4.8,1557,872,27.1,1483,250,615,164,2087,1757,24.9,30.8,0.954
45,1082746800000,5.6,1747,899,32.5,1608,281,557,161,2335,1983,23.1,36.7,1.0244
45,1082750400000,4.6,1482,692,20.8,1319,230,660,146,1975,1703,21.5,40.8,1.0333
45,1082754000000,1.8,1211,145,10.9,1010,98,816,98,1619,1246,20.5,41.5,0.9864
45,1082757600000,2.2,1294,208,13.0,1083,121,770,108,1687,1321,19.2,44.9,0.9875
45,1082761200000,2.0,1300,204,11.8,1043,110,777,107,1659,1375,18.8,47.7,1.0221
46,1082764800000,2.8,1402,240,13.4,1098,161,736,113,1729,1456,18.2,49.7,1.0284
46,1082768400000,2.6,1349,251,13.4,1097,148,707,100,1763,1442,16.1,57.4,1.0451
46,1082772000000,1.8,1161,173,9.0,938,109,827,87,1597,1243,16.3,55.3,1.0178
46,1082775600000,1.1,1022,113,5.8,802,NaN,916,NaN,1481,1078,15.7,53.6,0.9483
46,1082779200000,NaN,948,55,3.8,700,45,1045,60,1430,939,16.9,49.8,0.9514
46,1082782800000,0.7,933,65,3.7,697,71,1045,65,1403,937,14.8,57.7,0.9644
46,1082786400000,0.9,1021,119,5.7,800,75,931,64,1483,1019,14.0,59.7,0.9499
46,1082790000000,1.5,1134,151,10.0,979,106,794,73,1639,1140,14.6,56.8,0.9385
46,1082793600000,2.5,1311,305,15.0,1147,166,681,86,1838,1351,16.7,51.9,0.9788
46,1082797200000,3.0,1409,415,15.6,1169,188,685,105,1874,1459,20.0,45.0,1.039
46,1082800800000,2.6,1301,321,12.3,1059,161,787,107,1727,1297,23.9,33.7,0.9837
46,1082804400000,2.6,1354,358,14.4,1130,139,765,114,1808,1291,26.8,29.5,1.0209
46,1082808000000,2.6,1391,350,14.6,1136,134,738,105,1840,1296,27.2,32.4,1.1493
46,1082811600000,1.9,1200,238,8.7,929,84,879,74,1623,972,26.9,32.1,1.1217
46,1082815200000,2.0,1338,215,11.0,1016,98,798,95,1766,1194,24.3,41.8,1.2561
46,1082818800000,1.7,1223,192,9.0,938,91,884,89,1610,880,25.6,36.0,1.1629
46,1082822400000,1.9,1278,205,10.7,1003,99,845,95,1691,909,27.0,31.8,1.1176
46,1082826000000,1.8,1257,165,9.9,973,90,860,93,1634,839,27.5,31.6,1.1417
46,1082829600000,2.8,1497,283,15.7,1171,147,725,123,1899,1248,24.9,38.1,1.1838
46,1082833200000,3.5,1567,467,19.4,1280,177,661,134,1970,1476,23.4,39.7,1.1276
46,1082836800000,3.4,1503,485,16.8,1203,162,651,126,1863,1502,21.2,50.8,1.2631
46,1082840400000,2.0,1169,202,6.8,850,88,906,79,1584,873,15.6,73.5,1.2953
46,1082844000000,1.1,1007,64,3.0,650,53,1157,54,1404,528,12.9,79.7,1.1774
46,1082847600000,1.3,1004,71,3.2,667,68,1157,69,1365,492,11.5,76.9,1.0436
47,1082851200000,1.2,967,84,3.1,661,61,1181,67,1321,463,12.2,66.8,0.9455
47,1082854800000,1.3,984,70,3.9,707,71,1131,73,1359,494,12.4,64.1,0.9209
47,1082858400000,1.0,931,61,3.6,689,63,1161,73,1317,503,12.7,58.7,0.8605
47,1082862000000,1.3,966,92,4.5,737,NaN,1083,NaN,1363,581,12.6,58.6,0.8529
47,1082865600000,NaN,777,40,1.2,521,23,1535,33,1121,350,12.5,51.2,0.7374
47,1082869200000,0.3,763,20,0.7,471,14,1783,20,1098,305,12.5,50.9,0.7346
47,1082872800000,0.5,804,31,1.1,505,34,1718,37,1148,329,12.8,49.3,0.7285
47,1082876400000,0.6,830,41,1.4,535,42,1496,50,1184,375,13.5,48.6,0.7487
47,1082880000000,0.6,833,40,1.6,553,40,1476,45,1180,373,14.4,45.9,0.7476
47,1082883600000,0.8,875,35,2.3,603,48,1370,48,1206,385,15.1,43.9,0.7487
47,1082887200000,1.0,882,44,2.5,621,61,1346,56,1216,403,16.6,38.6,0.7236
47,1082890800000,0.9,862,71,2.7,635,58,1320,58,1193,393,17.2,35.0,0.6789
47,1082894400000,1.0,863,66,2.7,636,57,1290,52,1185,388,17.4,33.9,0.6683
47,1082898000000,0.8,830,46,2.2,596,54,1389,52,1145,371,17.9,30.7,0.6234
47,1082901600000,0.7,807,50,2.0,584,41,1488,44,1104,347,18.3,27.2,0.5675
47,1082905200000,0.9,873,51,3.4,675,57,1343,59,1181,396,19.4,25.7,0.5738
47,1082908800000,1.3,931,64,4.5,739,83,1274,74,1219,474,20.2,24.1,0.563
47,1082912400000,1.4,918,138,4.7,748,81,1228,76,1219,505,19.6,24.9,0.5625
47,1082916000000,1.5,1001,137,6.0,811,98,1122,83,1344,625,18.5,27.8,0.5843
47,1082919600000,2.7,1169,303,11.7,1039,124,883,100,1550,941,17.8,30.3,0.6129
47,1082923200000,2.5,1085,204,8.2,907,133,976,101,1419,893,16.6,34.0,0.6353
47,1082926800000,1.4,940,95,5.1,769,100,1103,90,1310,731,15.5,37.0,0.6447
47,1082930400000,2.8,1126,347,13.0,1083,116,875,93,1654,955,14.8,39.5,0.6595
47,1082934000000,2.1,978,252,7.0,858,102,1013,79,1379,761,14.5,42.0,0.6896
48,1082937600000,1.1,893,66,3.9,703,55,1192,57,1283,515,14.1,44.9,0.7206
48,1082941200000,0.7,838,45,2.2,601,33,1361,43,1220,434,14.2,45.5,0.7333
48,1082944800000,0.4,803,36,1.3,527,17,1513,25,1152,369,14.1,45.3,0.7247
48,1082948400000,0.3,775,26,0.8,477,NaN,1722,NaN,1115,335,14.0,44.3,0.7038
48,1082952000000,NaN,767,17,0.6,454,10,1826,17,1091,319,14.1,43.0,0.689
48,1082955600000,0.4,809,21,1.2,521,35,1575,44,1158,378,13.9,43.9,0.6923
48,1082959200000,0.8,898,60,3.4,676,70,1271,72,1307,517,14.0,43.8,0.6959
48,1082962800000,1.9,1053,155,7.5,880,116,982,91,1464,786,14.4,43.6,0.7113
48,1082966400000,2.1,1033,235,8.9,934,134,917,89,1490,844,15.0,41.7,0.7093
48,1082970000000,1.4,941,89,5.3,780,113,1080,84,1343,720,16.3,38.4,0.7052
48,1082973600000,1.4,941,76,5.4,782,110,1102,83,1328,668,18.3,32.3,0.676
48,1082977200000,1.3,917,101,5.2,772,98,1098,78,1311,605,18.8,31.7,0.6821
48,1082980800000,1.5,977,109,6.6,837,96,1038,80,1413,646,19.6,30.9,0.6968
48,1082984400000,1.6,994,143,6.9,851,95,1018,75,1436,640,20.2,30.7,0.7176
48,1082988000000,1.3,942,104,5.4,785,86,1065,77,1365,571,19.7,32.5,0.7396
48,1082991600000,1.4,981,107,6.0,810,86,1060,77,1395,605,20.7,31.6,0.7602
48,1082995200000,1.5,984,133,6.4,832,91,1034,81,1410,636,20.0,32.7,0.7545
48,1082998800000,2.2,1116,171,10.7,1003,119,864,101,1625,886,18.6,35.4,0.7535
48,1083002400000,3.2,1181,405,13.9,1114,147,787,119,1685,1032,18.3,35.9,0.7501
48,1083006000000,3.0,1163,334,12.5,1068,135,811,111,1616,977,17.8,37.5,0.7568
48,1083009600000,2.6,1081,236,9.3,950,124,907,109,1496,924,17.3,38.8,0.7584
48,1083013200000,1.6,1017,99,6.7,842,89,1000,101,1441,846,17.3,38.8,0.7596
48,1083016800000,1.5,966,93,5.3,778,79,1057,89,1359,755,16.4,40.8,0.7542
48,1083020400000,1.2,924,82,4.0,709,63,1158,75,1318,610,16.0,41.4,0.7487
49,1083024000000,0.8,861,51,2.2,601,39,1351,51,1225,439,15.4,43.0,0.7482
49,1083027600000,0.7,826,41,1.7,560,25,1424,39,1197,402,15.7,42.5,0.7539
49,1083031200000,0.5,846,31,1.6,557,19,1385,32,1212,406,15.6,43.4,0.7651
49,1083034800000,0.5,842,41,1.5,545,NaN,1423,NaN,1224,424,15.2,45.8,0.7864
49,1083038400000,NaN,909,41,2.5,617,34,1236,49,1302,558,14.7,49.9,0.828
49,1083042000000,0.7,930,38,3.3,670,58,1143,68,1339,746,15.5,47.3,0.8282
49,1083045600000,1.4,1120,111,8.9,935,112,843,76,1593,1126,14.4,53.1,0.8677
49,1083049200000,4.1,1518,584,23.4,1389,314,589,122,2101,1703,15.9,48.5,0.8704
49,1083052800000,4.6,1461,633,23.8,1398,240,630,129,2050,1628,18.1,40.3,0.8294
49,1083056400000,1.9,1075,145,7.9,896,128,938,94,1487,936,19.6,35.9,0.81
49,1083060000000,1.9,1061,155,8.2,908,141,968,99,1455,890,22.8,29.1,0.796
49,1083063600000,1.7,1066,128,8.8,931,118,979,81,1474,757,24.8,25.3,0.7793
49,1083067200000,2.4,1179,255,14.6,1137,132,829,87,1651,949,27.2,22.0,0.7785
49,1083070800000,3.0,1251,411,18.0,1238,150,773,107,1779,1109,28.2,20.4,0.7677
49,1083074400000,2.0,1120,173,12.0,1048,121,898,95,1560,870,25.4,24.2,0.7733
49,1083078000000,2.7,1187,277,14.8,1142,149,840,110,1651,1011,25.7,23.8,0.7737
49,1083081600000,2.2,1145,259,12.5,1066,120,903,99,1592,885,27.2,22.1,0.7811
49,1083085200000,2.9,1215,274,15.5,1164,155,817,113,1689,1015,27.0,22.3,0.786
49,1083088800000,3.4,1317,377,17.7,1231,172,766,127,1798,1155,24.5,27.8,0.8433
49,1083092400000,3.9,1388,457,21.6,1341,177,702,131,1955,1315,23.7,30.2,0.8718
49,1083096000000,3.6,1295,555,18.9,1266,181,716,137,1849,1359,21.5,34.5,0.8746
49,1083099600000,2.5,1153,279,12.5,1066,135,811,122,1651,1194,19.9,37.8,0.8675
49,1083103200000,1.8,1078,137,8.8,932,99,905,100,1511,951,18.9,40.6,0.8771
49,1083106800000,2.0,1133,203,10.9,1012,111,806,108,1608,1054,17.9,43.5,0.884
50,1083110400000,1.3,1055,101,8.0,899,72,880,83,1504,980,17.4,46.3,0.9112
50,1083114000000,1.0,953,86,4.4,735,54,999,74,1396,898,18.1,44.7,0.9186
50,1083117600000,0.6,892,51,2.8,639,41,1139,64,1359,803,16.5,50.1,0.9331
50,1083121200000,0.6,895,47,2.7,632,NaN,1167,NaN,1347,684,14.2,56.9,0.9141
50,1083124800000,NaN,859,35,2.2,602,24,1209,40,1321,644,14.7,56.2,0.9341
50,1083128400000,0.5,856,33,2.5,619,29,1191,39,1345,677,16.3,52.8,0.9722
50,1083132000000,1.1,1030,95,7.5,880,76,892,69,1539,996,13.9,60.7,0.9597
50,1083135600000,5.5,1689,754,30.4,1560,321,529,104,2396,1736,15.0,58.3,0.9876
50,1083139200000,4.2,1486,588,22.0,1351,274,571,100,2112,1692,16.1,54.8,0.996
50,1083142800000,4.6,1592,658,24.7,1423,322,577,146,2155,2108,19.3,46.4,1.0248
50,1083146400000,3.4,1469,372,18.4,1252,255,692,155,1903,1807,24.2,33.8,1.0097
50,1083150000000,2.8,1364,386,16.8,1205,196,723,139,1850,1566,26.7,28.7,0.9895
50,1083153600000,2.5,1285,333,14.2,1123,136,755,121,1741,1293,27.4,28.2,1.0098
50,1083157200000,2.4,1311,293,15.7,1170,119,748,108,1787,1219,28.1,26.9,1.0094
50,1083160800000,3.2,1416,511,21.9,1348,169,684,126,1969,1330,27.7,26.5,0.9693
50,1083164400000,3.5,1387,559,20.8,1318,197,701,145,1890,1299,28.4,23.4,0.8935
50,1083168000000,2.9,1329,375,16.2,1185,140,768,121,1750,1111,28.4,26.0,0.9922
50,1083171600000,3.6,1496,509,19.8,1292,178,680,145,1878,1300,27.3,30.0,1.0752
50,1083175200000,4.8,1676,790,28.9,1525,223,567,160,2226,1653,24.3,37.3,1.1199
50,1083178800000,5.4,1724,816,28.3,1510,222,562,155,2252,1716,23.1,42.2,1.1746
50,1083182400000,5.3,1642,804,24.9,1426,265,597,162,2117,1720,21.8,43.6,1.1226
50,1083186000000,2.7,1267,332,13.1,1088,151,764,129,1740,1339,19.8,46.8,1.0702
50,1083189600000,1.4,1146,156,8.6,923,79,845,96,1575,1166,19.6,49.8,1.1221
50,1083193200000,1.6,1216,143,9.5,960,87,788,92,1662,1256,17.9,56.2,1.142
51,1083196800000,1.5,1128,117,7.8,891,88,838,89,1574,1125,17.4,55.6,1.0963
51,1083200400000,1.0,1042,84,5.2,772,51,923,61,1495,968,16.8,59.5,1.1269
51,1083204000000,0.6,926,60,2.8,639,34,1115,54,1409,814,15.9,60.1,1.0806
51,1083207600000,0.4,898,76,2.3,608,NaN,1154,NaN,1386,743,15.6,61.2,1.0784
51,1083211200000,NaN,889,40,2.5,617,31,1168,44,1382,758,14.6,63.4,1.0446
51,1083214800000,0.8,959,64,4.4,734,76,1038,57,1470,861,13.3,67.0,1.0203
51,1083218400000,1.5,1097,148,9.4,956,139,827,68,1620,1047,12.9,66.5,0.9846
51,1083222000000,4.9,1674,635,29.8,1547,293,539,95,2405,1665,14.8,61.3,1.0237
51,1083225600000,7.2,1771,1129,36.2,1690,368,461,125,2572,1982,16.1,56.5,1.0274
51,1083229200000,3.5,1408,475,18.0,1241,250,648,135,1886,1711,18.6,47.8,1.0143
51,1083232800000,2.1,1156,220,10.9,1009,145,875,118,1583,1204,23.8,30.2,0.8771
51,1083236400000,1.5,1042,105,9.0,941,110,971,91,1491,871,25.4,25.0,0.7966
51,1083240000000,2.0,1167,190,14.4,1128,104,829,89,1716,1040,25.6,25.5,0.8234
51,1083243600000,3.8,1398,516,22.3,1360,205,656,129,2037,1439,24.9,29.9,0.9325
51,1083247200000,3.4,1458,346,20.9,1321,201,654,122,2023,1516,22.4,37.9,1.016
51,1083250800000,4.4,1554,565,23.1,1379,266,614,138,2151,1693,21.7,44.0,1.1242
51,1083254400000,3.9,1495,483,21.2,1331,246,615,136,2069,1635,21.4,44.4,1.1176
51,1083258000000,4.9,1560,651,24.8,1424,247,579,143,2176,1688,20.8,45.3,1.1016
51,1083261600000,5.4,1664,657,28.6,1519,271,553,145,2312,1820,20.2,48.6,1.1354
51,1083265200000,6.5,1761,830,32.6,1610,332,502,146,2488,2006,20.2,50.8,1.1924
51,1083268800000,4.3,1524,435,19.2,1275,245,608,122,2046,1740,18.6,57.6,1.2233
51,1083272400000,2.9,1398,209,16.3,1189,180,646,112,1931,1577,18.2,58.8,1.2173
51,1083276000000,2.7,1342,202,13.7,1106,156,694,102,1856,1443,17.8,61.0,1.2352
51,1083279600000,2.8,1433,174,13.6,1104,172,681,97,1876,1411,17.0,70.7,1.3554
52,1083283200000,2.3,1297,170,11.1,1019,137,733,85,1823,1217,16.2,76.9,1.4051
52,1083286800000,1.7,1179,116,7.6,884,91,830,76,1696,1086,15.7,78.6,1.3943
52,1083290400000,1.2,1097,91,5.9,809,80,897,74,1628,1050,15.7,78.4,1.3917
52,1083294000000,1.0,1054,71,5.0,761,NaN,963,NaN,1598,965,15.7,77.4,1.3683
52,1083297600000,NaN,1017,59,4.0,711,46,1009,56,1554,906,15.4,78.5,1.3635
52,1083301200000,0.8,1005,48,4.5,738,68,1005,66,1563,917,15.7,74.7,1.3194
52,1083304800000,1.7,1206,111,9.3,949,162,818,90,1771,1116,15.9,73.1,1.3136
52,1083308400000,3.0,1458,345,18.3,1249,213,662,111,2033,1380,16.6,68.2,1.2737
52,1083312000000,3.4,1405,332,19.9,1295,161,638,103,2065,1378,18.7,57.6,1.2323
52,1083315600000,3.3,1381,344,16.6,1199,209,685,117,1970,1365,17.6,65.0,1.2945
52,1083319200000,2.7,1315,212,12.6,1072,191,736,116,1833,1273,16.3,73.2,1.3458
52,1083322800000,2.6,1332,166,12.9,1082,215,707,109,1889,1242,16.0,78.5,1.4209
52,1083326400000,3.2,1362,214,14.9,1145,212,673,116,1973,1294,17.3,72.4,1.4125
52,1083330000000,3.4,1399,377,17.4,1222,202,643,115,2061,1413,19.4,60.9,1.3545
52,1083333600000,2.6,1310,210,15.4,1160,153,695,94,1939,1224,21.4,50.9,1.2823
52,1083337200000,3.4,1399,265,16.7,1201,185,699,121,1971,1318,22.7,45.8,1.2465
52,1083340800000,4.0,1524,365,18.0,1239,210,644,114,2139,1404,20.9,60.8,1.4852
52,1083344400000,4.5,1487,454,19.2,1274,215,641,110,2133,1471,21.0,54.3,1.3353
52,1083348000000,4.2,1480,460,21.0,1324,215,622,122,2162,1623,20.8,54.4,1.3194
52,1083351600000,5.7,1626,642,26.9,1476,281,555,135,2356,1786,19.8,58.6,1.3392
52,1083355200000,4.4,1449,501,19.5,1282,254,625,133,2100,1569,19.1,61.1,1.3345
52,1083358800000,3.1,1363,234,15.1,1152,189,684,110,1951,1495,18.2,65.4,1.3529
52,1083362400000,3.0,1371,212,14.6,1136,174,689,102,1927,1471,18.1,66.1,1.3579
52,1083366000000,3.1,1406,275,13.7,1107,167,718,108,1872,1384,17.7,66.9,1.3422
53,1083369600000,3.5,1425,275,15.2,1155,185,709,110,1936,1789,17.8,66.8,1.346
53,1083373200000,2.4,1179,NaN,9.3,951,129,826,84,1724,1323,17.3,68.3,1.3346
53,1083376800000,1.6,1047,NaN,6.5,833,85,939,71,1647,1081,16.5,70.2,1.3099
53,1083380400000,1.3,1009,NaN,6.3,825,NaN,950,NaN,1629,938,15.7,73.1,1.2902
53,1083384000000,NaN,882,NaN,3.5,685,35,1134,42,1492,673,16.2,69.9,1.2756
53,1083387600000,0.6,858,NaN,2.6,624,24,1205,32,1434,543,16.7,67.1,1.2619
53,1083391200000,0.7,875,NaN,3.1,659,30,1180,35,1452,561,16.7,66.9,1.2631
53,1083394800000,1.2,1012,NaN,6.5,833,75,916,67,1632,862,16.9,66.5,1.2688
53,1083398400000,1.5,1049,NaN,6.5,836,79,926,73,1615,901,17.7,62.0,1.2458
53,1083402000000,1.8,1131,NaN,8.8,932,104,854,86,1693,1048,19.4,54.6,1.2184
53,1083405600000,2.1,1120,NaN,8.8,931,118,886,89,1652,971,21.6,46.1,1.1725
53,1083409200000,1.9,1117,NaN,9.2,946,105,909,86,1657,915,24.6,36.7,1.1202
53,1083412800000,2.0,1110,NaN,9.2,948,101,901,86,1632,891,26.0,31.9,1.0566
53,1083416400000,1.3,962,NaN,6.1,816,65,1044,66,1489,628,25.6,31.5,1.0184
53,1083420000000,1.3,963,NaN,6.5,835,59,1029,68,1495,556,24.8,34.8,1.0716
53,1083423600000,1.8,1050,NaN,9.2,948,80,928,82,1584,652,26.1,30.3,1.0101
53,1083427200000,2.0,1053,NaN,8.3,911,98,949,91,1603,683,25.5,33.5,1.0767
53,1083430800000,1.8,1045,NaN,8.3,910,89,948,95,1598,624,23.7,37.2,1.0746
53,1083434400000,2.4,1124,NaN,11.0,1013,114,849,104,1676,733,22.3,38.9,1.0324
53,1083438000000,4.0,1330,NaN,14.7,1140,195,759,131,1780,1062,20.7,42.8,1.0298
53,1083441600000,2.8,1171,NaN,10.8,1006,156,835,112,1674,988,19.0,51.7,1.1222
53,1083445200000,2.0,1085,NaN,9.4,954,109,866,100,1656,871,17.8,55.5,1.1174
53,1083448800000,3.6,1358,NaN,14.8,1144,184,727,115,1851,1243,17.4,57.6,1.1342
53,1083452400000,3.7,1385,NaN,13.3,1094,190,765,129,1769,1175,17.6,58.5,1.1645
54,1083456000000,2.3,1167,NaN,8.4,914,105,876,99,1599,1126,17.2,59.3,1.1551
54,1083459600000,1.8,1072,NaN,7.9,894,76,893,74,1646,1118,17.1,60.4,1.1633
54,1083463200000,0.9,938,NaN,5.5,789,38,989,55,1536,864,16.4,62.2,1.1507
54,1083466800000,1.6,1000,NaN,6.6,838,NaN,910,NaN,1580,942,14.8,67.6,1.1352
54,1083470400000,NaN,854,NaN,3.3,670,26,1141,35,1460,684,14.8,65.8,1.1028
54,1083474000000,0.6,815,NaN,2.6,628,33,1212,37,1426,689,14.7,65.2,1.0811
54,1083477600000,0.7,866,NaN,3.6,689,57,1138,45,1456,767,13.1,70.2,1.0554
54,1083481200000,0.8,911,NaN,4.8,751,48,1036,46,1518,817,14.3,66.2,1.0728
54,1083484800000,1.2,988,NaN,5.9,806,87,951,68,1568,940,16.0,61.6,1.1083
54,1083488400000,1.4,1046,NaN,6.9,851,94,920,77,1595,908,17.7,56.4,1.1342
54,1083492000000,1.6,1085,NaN,8.5,918,89,890,79,1639,871,21.3,44.7,1.1157
54,1083495600000,1.3,1008,NaN,6.1,816,78,1015,72,1531,689,23.6,36.4,1.0431
54,1083499200000,1.3,1004,NaN,6.2,821,72,1031,68,1510,629,24.3,34.0,1.0149
54,1083502800000,1.1,948,NaN,4.8,754,64,1086,64,1436,602,24.4,32.7,0.9863
54,1083506400000,1.2,1026,NaN,6.8,847,70,1010,73,1519,617,24.6,31.7,0.9647
54,1083510000000,1.5,1047,NaN,7.0,859,92,948,84,1538,677,23.9,34.3,1.002
54,1083513600000,1.1,1018,NaN,5.5,790,69,1047,67,1443,580,25.9,28.1,0.9258
54,1083517200000,1.9,1160,NaN,9.5,957,131,884,106,1637,861,24.5,32.3,0.9815
54,1083520800000,2.3,1269,NaN,11.9,1047,144,809,114,1721,1080,22.6,39.3,1.06
54,1083524400000,3.3,1394,NaN,13.8,1111,209,736,123,1853,1288,21.2,47.5,1.1828
54,1083528000000,2.6,1292,NaN,10.7,1003,170,789,108,1753,1163,19.9,54.9,1.2632
54,1083531600000,2.2,1212,NaN,9.7,966,152,840,100,1691,1043,19.4,52.1,1.1642
54,1083535200000,2.3,1137,NaN,10.2,985,171,858,118,1607,1045,19.4,42.6,0.9485
54,1083538800000,2.0,1080,NaN,8.3,910,153,923,121,1548,929,19.1,44.1,0.966
55,1083542400000,1.6,1031,NaN,7.1,861,97,903,94,1534,825,18.0,49.3,1.0086
55,1083546000000,0.8,917,NaN,3.0,654,37,1169,52,1414,545,17.6,54.6,1.0918
55,1083549600000,0.6,888,NaN,2.2,598,26,1228,39,1397,500,16.4,62.1,1.1493
55,1083553200000,0.4,872,NaN,1.7,564,NaN,1284,NaN,1385,494,15.6,65.3,1.1484
55,1083556800000,NaN,876,NaN,1.5,547,25,1256,33,1351,505,16.0,61.4,1.1043
55,1083560400000,0.7,964,NaN,3.7,697,61,1067,57,1516,717,15.8,64.3,1.1416
55,1083564000000,1.3,1147,NaN,8.2,906,152,815,80,1687,1126,16.0,65.8,1.1844
55,1083567600000,3.4,1493,NaN,21.1,1328,283,577,101,2193,1597,16.8,62.5,1.1869
55,1083571200000,4.7,1597,NaN,26.5,1466,320,518,109,2400,1687,16.9,66.1,1.2613
55,1083574800000,3.4,1483,NaN,17.4,1222,318,597,109,2054,1529,17.4,68.9,1.3557
55,1083578400000,2.5,1222,NaN,12.9,1080,201,742,111,1755,1366,21.4,45.0,1.1291
55,1083582000000,2.0,1060,NaN,10.9,1010,135,858,102,1623,1074,23.9,30.7,0.9002
55,1083585600000,1.9,1048,NaN,11.0,1013,127,886,96,1584,940,26.8,25.2,0.8721
55,1083589200000,1.7,1051,NaN,10.8,1008,102,911,90,1561,921,28.4,23.6,0.8983
55,1083592800000,1.4,998,NaN,10.0,977,74,947,69,1496,695,30.3,20.1,0.8539
55,1083596400000,1.5,1058,NaN,11.2,1023,81,896,74,1580,795,30.9,19.7,0.8649
55,1083600000000,2.4,1203,NaN,16.8,1204,129,790,102,1744,1079,30.2,20.5,0.8672
55,1083603600000,3.9,1491,NaN,23.6,1392,190,630,128,2149,1473,26.4,34.6,1.1724
55,1083607200000,4.2,1467,NaN,23.3,1385,192,623,130,2084,1493,24.9,39.4,1.2268
55,1083610800000,3.7,1407,NaN,19.4,1279,163,660,120,2009,1308,23.5,43.7,1.2484
55,1083614400000,3.2,1324,NaN,13.1,1086,149,692,113,1903,1189,19.3,63.1,1.4028
55,1083618000000,2.0,1214,NaN,9.8,970,119,777,100,1771,1076,18.7,64.6,1.3836
55,1083621600000,1.1,1016,NaN,5.3,780,61,967,70,1566,806,19.5,57.1,1.2806
55,1083625200000,1.5,1135,NaN,6.7,842,84,872,83,1653,973,18.9,62.5,1.3521
56,1083628800000,1.3,1065,NaN,5.5,789,79,936,81,1620,929,18.4,65.8,1.3802
56,1083632400000,1.0,999,NaN,3.7,692,58,1038,69,1588,778,16.4,79.2,1.4681
56,1083636000000,0.6,911,NaN,2.2,599,32,1189,48,1517,633,16.1,80.0,1.4562
56,1083639600000,0.4,873,NaN,1.5,545,NaN,1308,NaN,1471,497,15.6,81.0,1.4302
56,1083643200000,NaN,881,NaN,1.5,546,21,1335,28,1465,458,15.6,81.0,1.4216
56,1083646800000,0.6,967,NaN,2.9,646,49,1117,47,1552,579,15.7,80.5,1.4236
56,1083650400000,1.9,1280,NaN,9.9,976,180,780,88,1912,1003,16.0,80.8,1.4602
56,1083654000000,4.5,1564,NaN,23.0,1379,302,552,109,2306,1393,16.6,78.0,1.4572
56,1083657600000,4.3,1505,NaN,22.3,1358,258,556,113,2248,1406,16.1,79.2,1.4398
56,1083661200000,3.2,1309,NaN,16.2,1186,192,649,104,1973,1308,17.7,70.8,1.4171
56,1083664800000,1.3,1035,NaN,7.9,895,84,898,65,1657,863,20.3,54.8,1.2867
56,1083668400000,2.2,1148,NaN,12.4,1062,128,753,87,1825,1004,21.2,49.3,1.2271
56,1083672000000,2.6,1152,NaN,13.6,1104,145,725,99,1860,1023,21.5,47.9,1.2178
56,1083675600000,2.3,1131,NaN,12.3,1059,132,772,100,1784,978,21.4,47.7,1.2047
56,1083679200000,2.4,1142,NaN,12.1,1053,136,753,105,1814,979,20.4,54.0,1.2757
56,1083682800000,2.6,1197,NaN,12.9,1082,140,753,97,1851,971,19.9,57.1,1.3158
56,1083686400000,1.2,960,NaN,6.3,828,55,971,54,1565,617,19.9,55.2,1.2701
56,1083690000000,1.6,1077,NaN,10.6,1001,67,836,59,1764,717,19.5,55.7,1.2512
56,1083693600000,3.9,1377,NaN,20.6,1313,191,612,109,2120,1220,18.3,62.8,1.3127
56,1083697200000,4.7,1405,NaN,22.1,1353,227,602,125,2185,1296,17.2,68.3,1.3289
56,1083700800000,5.4,1484,NaN,20.8,1319,264,591,132,2166,1413,16.1,75.2,1.3654
56,1083704400000,3.0,1187,NaN,11.8,1042,196,766,110,1840,1093,16.6,70.8,1.3253
56,1083708000000,0.9,870,NaN,4.3,729,43,1096,53,1475,586,18.5,56.0,1.181
56,1083711600000,1.1,932,NaN,5.0,765,58,1054,61,1543,575,17.3,59.5,1.1667
57,1083715200000,0.7,830,NaN,2.3,608,33,1282,41,1370,441,18.6,52.3,1.1121
57,1083718800000,0.5,778,NaN,1.4,534,14,1480,22,1294,358,19.0,49.8,1.0831
57,1083722400000,0.5,820,NaN,1.5,541,18,1450,28,1360,377,15.7,64.5,1.14
57,1083726000000,0.5,842,NaN,1.8,565,NaN,1327,NaN,1399,437,15.5,66.9,1.1691
57,1083729600000,NaN,867,NaN,2.1,589,28,1267,41,1439,468,14.7,74.1,1.2302
57,1083733200000,0.8,927,NaN,3.5,682,56,1109,54,1526,580,14.6,77.1,1.2727
57,1083736800000,1.3,1060,NaN,6.9,851,108,912,81,1673,805,14.5,78.3,1.2851
57,1083740400000,3.5,1440,NaN,19.1,1271,251,630,107,2163,1273,15.1,76.8,1.3061
57,1083744000000,NaN,1449,NaN,22.0,1350,NaN,571,NaN,2264,1452,16.4,70.8,1.3088
57,1083747600000,3.9,1384,NaN,18.9,1265,255,620,124,2143,1307,16.4,72.4,1.3379
57,1083751200000,2.9,1172,NaN,13.0,1085,214,737,123,1876,1102,16.3,68.6,1.2657
57,1083754800000,2.6,1143,NaN,13.0,1083,190,735,120,1887,1083,17.2,62.9,1.2228
57,1083758400000,3.0,1167,NaN,14.5,1134,182,709,113,1920,1083,17.4,61.1,1.206
57,1083762000000,3.7,1303,NaN,19.7,1288,202,618,114,2116,1236,16.8,66.8,1.2691
57,1083765600000,3.9,1264,NaN,19.4,1279,224,631,120,2049,1223,17.3,62.6,1.226
57,1083769200000,3.5,1242,NaN,16.4,1193,221,684,125,1945,1175,17.5,60.8,1.2029
57,1083772800000,2.4,1070,NaN,11.2,1022,126,824,88,1740,933,17.5,59.2,1.1725
57,1083776400000,1.6,981,NaN,10.0,978,79,857,72,1682,835,17.7,56.9,1.1392
57,1083780000000,3.0,1198,NaN,14.6,1136,137,717,103,1870,1291,17.1,61.5,1.1873
57,1083783600000,1.6,1000,NaN,8.5,918,68,881,67,1661,802,17.5,63.9,1.2667
57,1083787200000,2.1,1110,NaN,9.2,949,96,850,79,1733,842,15.9,70.7,1.2672
57,1083790800000,1.8,1023,NaN,6.9,854,111,918,89,1637,744,15.1,75.1,1.2799
57,1083794400000,1.1,861,NaN,3.7,695,56,1130,67,1438,500,13.9,72.5,1.1502
57,1083798000000,1.5,969,NaN,4.9,760,81,1059,83,1518,560,12.0,79.8,1.1175
58,1083801600000,1.4,898,NaN,4.6,741,79,1085,76,1468,589,12.5,75.8,1.0938
58,1083805200000,0.9,835,NaN,3.4,674,46,1201,58,1416,488,12.0,75.0,1.0499
58,1083808800000,0.5,766,NaN,1.2,523,19,1534,30,1310,387,12.6,72.2,1.0503
58,1083812400000,0.4,743,NaN,1.0,502,NaN,1635,NaN,1292,355,12.7,71.6,1.0486
58,1083816000000,NaN,758,NaN,1.2,517,15,1625,22,1294,351,13.1,67.1,1.0079
58,1083819600000,0.6,804,NaN,2.3,604,48,1366,50,1357,420,13.2,64.6,0.9774
58,1083823200000,1.3,948,NaN,6.1,817,128,1048,92,1546,695,13.1,65.6,0.9815
58,1083826800000,2.9,1204,NaN,16.8,1205,193,729,101,1984,1139,14.7,58.5,0.9688
58,1083830400000,3.6,1231,NaN,20.3,1304,203,652,121,2029,1315,15.9,53.1,0.9529
58,1083834000000,3.4,1176,NaN,16.4,1191,220,705,130,1836,1217,17.9,46.1,0.9388
58,1083837600000,2.5,1043,NaN,12.5,1066,161,789,114,1692,1014,20.2,37.7,0.8833
58,1083841200000,2.1,992,NaN,9.8,970,135,869,100,1624,884,18.5,42.8,0.9026
58,1083844800000,1.1,885,NaN,5.2,772,57,1035,56,1450,524,13.0,64.3,0.9586
58,1083848400000,1.8,991,NaN,8.9,937,91,874,75,1581,644,15.1,54.5,0.9309
58,1083852000000,3.0,1182,NaN,14.1,1119,219,733,121,1831,1032,13.6,65.5,1.0184
58,1083855600000,3.1,1191,NaN,12.7,1074,239,741,128,1816,1038,12.3,78.3,1.1154
58,1083859200000,3.6,1272,NaN,14.6,1136,209,730,139,1869,1077,12.7,74.2,1.0863
58,1083862800000,3.3,1138,NaN,12.4,1063,169,804,122,1728,983,14.4,64.2,1.049
58,1083866400000,1.8,1008,NaN,9.4,954,92,892,92,1626,834,15.6,58.3,1.0266
58,1083870000000,2.1,1075,NaN,11.0,1015,107,824,97,1722,949,15.0,61.4,1.0385
58,1083873600000,2.2,1034,NaN,8.9,935,122,870,98,1605,941,13.7,65.8,1.0254
58,1083877200000,1.6,934,NaN,6.6,841,100,973,93,1497,756,12.3,66.4,0.944
58,1083880800000,0.9,883,NaN,3.9,705,51,1133,65,1422,655,15.4,58.8,1.0215
58,1083884400000,1.8,1021,NaN,7.3,871,93,938,81,1586,805,14.1,64.9,1.0405
59,1083888000000,2.3,1059,NaN,8.2,907,145,879,102,1579,970,13.8,64.7,1.0168
59,1083891600000,2.0,1023,NaN,7.5,878,106,896,91,1568,969,13.5,67.8,1.042
59,1083895200000,0.9,855,NaN,3.3,669,46,1160,56,1427,671,13.7,69.4,1.0794
59,1083898800000,0.6,826,NaN,2.4,616,NaN,1227,NaN,1384,575,13.9,67.7,1.0712
59,1083902400000,NaN,831,NaN,2.2,602,32,1269,41,1386,535,14.0,67.8,1.0787
59,1083906000000,0.7,817,NaN,2.8,639,51,1260,48,1364,489,14.6,61.1,1.0075
59,1083909600000,1.5,972,NaN,7.5,880,89,964,72,1590,689,14.3,60.5,0.9847
59,1083913200000,3.7,1200,NaN,19.8,1290,214,657,106,2014,1196,14.9,56.9,0.9582
59,1083916800000,4.2,1234,NaN,22.1,1355,196,621,107,2095,1266,16.4,50.2,0.9286
59,1083920400000,3.4,1164,NaN,15.0,1148,224,741,127,1824,1130,16.0,50.9,0.9211
59,1083924000000,2.4,976,NaN,9.3,952,174,878,114,1582,834,18.6,42.8,0.9091
59,1083927600000,1.3,844,NaN,6.3,825,90,1027,101,1405,536,19.7,33.7,0.7646
59,1083931200000,1.5,851,NaN,8.2,906,89,989,95,1418,545,21.2,27.7,0.6864
59,1083934800000,2.2,926,NaN,10.9,1010,132,904,110,1526,720,19.7,28.5,0.6445
59,1083938400000,1.8,890,NaN,9.3,950,114,940,101,1460,655,19.8,29.7,0.678
59,1083942000000,1.9,921,NaN,8.4,914,107,937,106,1481,614,19.2,35.6,0.7856
59,1083945600000,2.3,1052,NaN,9.4,956,140,869,116,1600,725,14.2,60.5,0.9765
59,1083949200000,3.6,1247,NaN,17.9,1238,187,691,124,1948,1036,12.9,69.1,1.0249
59,1083952800000,4.3,1205,NaN,17.4,1222,222,684,133,1911,1127,12.7,70.4,1.0294
59,1083956400000,2.2,1016,NaN,10.5,995,117,857,96,1642,854,13.9,62.7,0.9905
59,1083960000000,1.5,984,NaN,7.5,879,89,940,85,1527,792,13.9,62.9,0.9948
59,1083963600000,2.0,1041,NaN,8.0,898,130,922,97,1595,891,13.4,65.2,0.9996
59,1083967200000,2.0,1027,NaN,7.7,887,133,927,97,1568,876,13.4,64.6,0.9864
59,1083970800000,2.1,1025,NaN,7.3,869,144,954,101,1531,851,13.3,63.6,0.9677
60,1083974400000,1.5,984,NaN,6.4,829,99,1003,85,1516,787,13.3,61.8,0.9433
60,1083978000000,2.2,969,NaN,5.6,791,102,1084,80,1446,711,13.6,59.7,0.9271
60,1083981600000,0.5,758,NaN,1.5,546,27,1483,33,1252,396,14.6,53.3,0.8807
60,1083985200000,NaN,767,NaN,1.5,547,NaN,1482,NaN,1239,375,14.3,51.7,0.8412
60,1083988800000,NaN,772,NaN,1.2,518,NaN,1544,NaN,1202,343,10.9,67.5,0.8785
60,1083992400000,NaN,831,NaN,1.6,557,NaN,1480,NaN,1257,401,7.4,85.2,0.8808
60,1083996000000,NaN,871,NaN,2.6,628,NaN,1243,NaN,1329,518,8.7,81.5,0.919
60,1083999600000,NaN,995,NaN,5.9,808,NaN,1028,NaN,1479,685,10.3,75.6,0.9458
60,1084003200000,NaN,1093,NaN,8.5,918,NaN,857,NaN,1589,939,11.0,75.0,0.9821
60,1084006800000,NaN,1079,NaN,7.7,885,NaN,884,NaN,1588,974,13.6,66.1,1.0236
60,1084010400000,NaN,1084,NaN,6.9,852,NaN,910,NaN,1575,959,14.7,63.1,1.0488
60,1084014000000,NaN,1204,NaN,10.1,982,NaN,791,NaN,1739,1067,13.8,72.3,1.1361
60,1084017600000,NaN,1213,NaN,11.1,1018,NaN,760,NaN,1778,1061,13.3,76.8,1.1703
60,1084021200000,NaN,1124,NaN,9.2,949,NaN,827,NaN,1671,1008,16.2,60.0,1.0937
60,1084024800000,NaN,945,NaN,4.3,726,NaN,1053,NaN,1432,637,16.3,55.3,1.0146
60,1084028400000,NaN,964,NaN,6.5,833,NaN,1003,NaN,1489,647,20.0,40.4,0.9354
60,1084032000000,NaN,903,NaN,5.4,786,NaN,1073,NaN,1375,523,19.8,35.4,0.8099
60,1084035600000,NaN,918,NaN,7.1,863,NaN,992,NaN,1408,539,19.8,33.6,0.767
60,1084039200000,NaN,1028,NaN,9.5,961,NaN,913,NaN,1502,649,17.8,38.5,0.7763
60,1084042800000,NaN,1175,NaN,17.0,1209,NaN,720,NaN,1829,1071,16.7,44.6,0.8393
60,1084046400000,NaN,1215,NaN,15.4,1161,NaN,714,NaN,1802,1237,15.1,51.8,0.8816
60,1084050000000,NaN,1072,NaN,9.9,976,NaN,835,NaN,1603,1018,14.1,56.2,0.9028
60,1084053600000,NaN,1070,NaN,9.3,952,NaN,858,NaN,1573,966,13.8,58.3,0.9147
60,1084057200000,NaN,1021,NaN,6.9,853,NaN,979,NaN,1457,901,13.7,59.7,0.9285
61,1084060800000,NaN,1063,NaN,7.1,859,NaN,952,NaN,1519,949,13.7,60.3,0.9405
61,1084064400000,NaN,1068,NaN,9.0,938,NaN,862,NaN,1575,1057,12.7,64.9,0.9506
61,1084068000000,NaN,993,NaN,8.3,913,NaN,879,NaN,1601,989,12.6,65.4,0.9529
61,1084071600000,NaN,1034,NaN,8.7,928,NaN,848,NaN,1619,1005,12.1,68.6,0.964
61,1084075200000,NaN,1025,NaN,8.4,914,NaN,856,NaN,1605,1003,12.3,68.0,0.9722
61,1084078800000,NaN,1036,NaN,8.1,902,NaN,825,NaN,1558,1087,11.9,71.1,0.9899
61,1084082400000,NaN,924,NaN,5.2,774,NaN,987,NaN,1460,909,11.3,73.8,0.9848
61,1084086000000,NaN,922,NaN,4.5,737,NaN,1050,NaN,1414,882,13.1,62.6,0.9419
61,1084089600000,NaN,830,NaN,2.6,625,NaN,1266,NaN,1303,568,16.8,46.8,0.8881
61,1084093200000,NaN,947,NaN,4.8,752,NaN,1068,NaN,1434,620,17.9,44.8,0.9104
61,1084096800000,NaN,977,NaN,4.5,737,NaN,1025,NaN,1450,686,17.8,49.5,0.9986
61,1084100400000,NaN,1025,NaN,4.9,761,NaN,1008,NaN,1476,700,18.8,46.4,0.9968
61,1084104000000,NaN,1040,NaN,5.8,804,NaN,940,NaN,1502,780,19.3,44.0,0.9783
61,1084107600000,NaN,1013,NaN,4.1,718,NaN,1041,NaN,1492,558,14.7,68.4,1.1405
61,1084111200000,NaN,1035,NaN,4.8,755,NaN,997,NaN,1521,608,15.6,65.8,1.1577
61,1084114800000,NaN,1086,NaN,7.0,859,NaN,892,NaN,1595,754,17.7,54.0,1.0826
61,1084118400000,NaN,967,NaN,4.8,753,NaN,1048,NaN,1420,544,17.8,46.7,0.9466
61,1084122000000,NaN,968,NaN,5.4,785,NaN,1011,NaN,1446,550,17.8,44.4,0.8967
61,1084125600000,NaN,1004,NaN,6.3,827,NaN,972,NaN,1465,627,17.8,44.3,0.8929
61,1084129200000,NaN,1132,NaN,10.1,981,NaN,850,NaN,1614,877,16.4,47.8,0.8851
61,1084132800000,NaN,1121,NaN,10.2,985,NaN,833,NaN,1625,981,15.6,51.6,0.9063
61,1084136400000,NaN,1068,NaN,8.4,917,NaN,889,NaN,1570,832,14.9,55.0,0.9228
61,1084140000000,NaN,1123,NaN,8.9,937,NaN,866,NaN,1606,941,13.8,59.8,0.9398
61,1084143600000,NaN,1101,NaN,8.8,933,NaN,845,NaN,1600,1022,13.8,62.1,0.9721
62,1084147200000,NaN,997,NaN,6.5,835,NaN,951,NaN,1501,888,13.9,61.1,0.9656
62,1084150800000,NaN,875,NaN,3.0,654,NaN,1172,NaN,1375,683,14.9,57.6,0.9684
62,1084154400000,NaN,815,NaN,1.8,569,NaN,1361,NaN,1344,534,14.4,60.1,0.9797
62,1084158000000,NaN,803,NaN,1.3,531,NaN,1462,NaN,1318,489,13.8,63.2,0.9952
62,1084161600000,NaN,829,NaN,1.8,570,NaN,1304,NaN,1357,562,14.2,62.9,1.0136
62,1084165200000,NaN,867,NaN,2.6,625,NaN,1213,NaN,1385,652,14.0,63.8,1.0167
62,1084168800000,NaN,1118,NaN,9.8,970,NaN,837,NaN,1705,1019,13.4,67.4,1.0292
62,1084172400000,NaN,1632,NaN,31.5,1587,NaN,523,NaN,2459,1678,14.7,62.3,1.0351
62,1084176000000,NaN,1598,NaN,35.2,1668,NaN,490,NaN,2617,1749,16.0,57.3,1.0342
62,1084179600000,4.4,1378,NaN,20.2,1303,257,633,117,2051,1494,17.8,51.1,1.0362
62,1084183200000,2.5,1132,NaN,13.4,1096,178,731,107,1808,1186,20.0,45.0,1.0379
62,1084186800000,2.1,1108,NaN,11.7,1040,145,767,95,1748,1051,20.3,44.1,1.0392
62,1084190400000,2.4,1131,NaN,13.4,1097,137,735,93,1797,1027,20.7,42.4,1.0248
62,1084194000000,2.2,1105,NaN,12.9,1080,139,751,104,1758,981,20.8,40.6,0.9888
62,1084197600000,2.2,1120,NaN,13.4,1096,130,753,102,1767,976,21.5,39.7,1.0042
62,1084201200000,2.3,1100,NaN,13.7,1108,148,800,109,1731,932,25.0,30.1,0.9394
62,1084204800000,2.1,1098,NaN,14.2,1124,120,810,97,1716,871,25.2,29.7,0.9371
62,1084208400000,2.5,1137,NaN,17.8,1234,132,749,104,1824,990,23.4,32.0,0.91
62,1084212000000,3.6,1267,NaN,22.0,1352,188,651,124,1961,1196,21.0,37.8,0.9298
62,1084215600000,4.0,1319,NaN,24.4,1413,204,597,135,2050,1329,19.2,45.7,1.0084
62,1084219200000,3.0,1160,NaN,16.3,1189,167,698,122,1824,1151,17.7,50.9,1.0232
62,1084222800000,2.1,1084,NaN,12.4,1063,128,775,109,1703,1031,16.8,53.6,1.0167
62,1084226400000,1.7,1025,NaN,9.6,963,106,842,95,1621,917,15.8,56.2,1.0033
62,1084230000000,1.1,953,NaN,6.4,830,88,986,86,1521,860,16.0,56.5,1.0166
63,1084233600000,0.9,959,NaN,6.0,812,77,961,78,1518,910,14.2,64.1,1.0346
63,1084237200000,0.4,834,NaN,2.8,637,36,1187,53,1362,699,15.0,59.8,1.0142
63,1084240800000,0.2,787,NaN,1.6,549,28,1366,43,1317,596,14.3,61.9,1.0031
63,1084244400000,0.2,799,NaN,1.6,555,NaN,1327,NaN,1320,643,12.8,66.0,0.969
63,1084248000000,NaN,807,NaN,1.8,571,46,1305,53,1335,704,11.4,70.5,0.9484
63,1084251600000,0.6,866,NaN,3.6,686,55,1135,48,1405,741,12.0,68.0,0.9547
63,1084255200000,1.4,1035,NaN,8.4,917,135,882,64,1606,968,11.3,70.4,0.9443
63,1084258800000,4.6,1469,NaN,27.5,1491,327,555,95,2301,1561,12.7,65.6,0.962
63,1084262400000,5.5,1553,NaN,31.0,1575,383,508,120,2423,1779,14.5,59.8,0.9795
63,1084266000000,4.8,1513,NaN,26.0,1455,366,554,153,2182,1822,17.5,49.8,0.9877
63,1084269600000,4.5,1395,NaN,22.6,1368,322,605,163,2032,1675,21.9,35.2,0.9128
63,1084273200000,3.0,1209,NaN,18.3,1248,188,712,119,1891,1295,23.5,29.5,0.8435
63,1084276800000,2.5,1142,NaN,13.9,1115,144,776,96,1735,1091,24.3,29.8,0.8926
63,1084280400000,2.3,1140,NaN,14.4,1129,132,765,94,1728,1023,23.8,31.7,0.9212
63,1084284000000,2.0,1105,NaN,11.6,1035,117,826,86,1643,877,24.2,31.2,0.9257
63,1084287600000,1.9,1131,NaN,12.2,1058,121,824,91,1664,931,26.5,27.2,0.9282
63,1084291200000,1.9,1162,NaN,12.4,1064,124,832,97,1675,913,25.7,28.4,0.9248
63,1084294800000,3.5,1336,NaN,21.1,1326,188,674,125,1923,1255,26.3,27.5,0.9306
63,1084298400000,4.6,1533,NaN,29.9,1549,226,573,140,2233,1571,24.4,31.6,0.9545
63,1084302000000,6.3,1650,NaN,34.3,1649,266,528,158,2345,1779,23.1,35.3,0.9845
63,1084305600000,5.0,1535,NaN,26.1,1458,269,568,159,2120,1735,21.1,40.2,0.997
63,1084309200000,3.3,1382,NaN,18.1,1243,183,632,128,1941,1511,19.2,52.3,1.1516
63,1084312800000,2.7,1335,NaN,14.2,1122,167,673,114,1840,1424,18.1,58.7,1.2072
63,1084316400000,2.2,1267,NaN,12.4,1064,138,706,100,1766,1348,17.3,58.8,1.1494
64,1084320000000,1.7,1122,NaN,8.7,926,105,805,88,1619,1174,16.9,58.8,1.125
64,1084323600000,0.8,986,NaN,5.2,771,54,964,67,1518,947,17.6,57.6,1.1484
64,1084327200000,0.8,966,NaN,4.6,744,58,967,65,1511,935,15.6,63.9,1.1287
64,1084330800000,0.6,919,NaN,3.1,661,NaN,1089,NaN,1468,838,14.9,65.7,1.1073
64,1084334400000,NaN,872,NaN,2.7,632,37,1132,47,1403,768,15.6,62.2,1.0961
64,1084338000000,0.8,967,NaN,4.7,749,84,996,57,1517,881,14.0,68.3,1.0884
64,1084341600000,1.5,1152,NaN,9.6,964,134,800,73,1705,1096,14.5,65.7,1.0804
64,1084345200000,4.1,1500,NaN,23.6,1393,279,560,95,2163,1495,15.5,62.2,1.0875
64,1084348800000,5.9,1754,NaN,37.4,1716,333,452,110,2667,1895,17.0,56.8,1.0909
64,1084352400000,5.1,1558,NaN,26.6,1469,336,525,121,2281,1758,18.8,52.4,1.1285
64,1084356000000,3.9,1446,NaN,22.0,1350,280,568,108,2140,1630,19.7,51.9,1.1796
64,1084359600000,3.4,1349,NaN,17.9,1236,275,627,125,1964,1530,20.9,44.6,1.0872
64,1084363200000,3.3,1452,NaN,22.7,1371,207,576,117,2138,1622,21.9,43.3,1.1265
64,1084366800000,5.1,1676,NaN,29.3,1534,305,496,131,2413,1828,20.4,55.7,1.3205
64,1084370400000,3.1,1327,NaN,14.7,1139,236,658,126,1894,1323,17.4,67.0,1.325
64,1084374000000,2.5,1248,NaN,12.6,1072,183,713,114,1797,1188,17.1,64.0,1.2413
64,1084377600000,2.4,1250,NaN,12.7,1074,162,724,123,1806,1166,17.3,61.1,1.1957
64,1084381200000,2.8,1222,NaN,13.0,1084,157,727,116,1797,1108,17.7,56.3,1.13
64,1084384800000,2.9,1159,NaN,13.4,1097,136,748,107,1709,995,17.4,48.6,0.9559
64,1084388400000,3.4,1192,NaN,14.8,1143,166,740,123,1767,1108,17.6,43.7,0.8698
64,1084392000000,2.2,1074,NaN,9.4,954,136,846,112,1570,956,16.7,47.2,0.892
64,1084395600000,1.6,984,NaN,6.9,851,112,959,101,1452,817,16.8,45.6,0.8636
64,1084399200000,1.3,970,NaN,5.2,773,87,1026,91,1425,658,16.1,52.0,0.946
64,1084402800000,1.3,987,NaN,5.7,800,86,989,88,1462,658,15.5,57.1,0.996
65,1084406400000,1.6,1003,NaN,6.5,836,98,949,96,1455,748,16.2,50.2,0.9156
65,1084410000000,1.2,933,NaN,4.7,747,62,1045,75,1405,569,16.4,50.5,0.938
65,1084413600000,0.6,859,NaN,2.5,620,32,1201,47,1316,445,16.2,52.8,0.9626
65,1084417200000,0.4,815,NaN,1.4,538,NaN,1412,NaN,1272,379,16.0,53.7,0.9723
65,1084420800000,NaN,792,NaN,1.0,501,21,1554,25,1252,354,16.2,53.0,0.9672
65,1084424400000,0.4,835,NaN,1.7,560,41,1409,49,1317,407,16.2,53.7,0.9799
65,1084428000000,1.0,975,NaN,4.5,736,86,1069,85,1459,611,15.9,55.3,0.991
65,1084431600000,2.0,1133,NaN,9.4,957,174,815,106,1652,944,16.2,55.6,1.0151
65,1084435200000,3.6,1347,NaN,17.9,1237,264,645,136,1984,1328,16.0,59.3,1.0711
65,1084438800000,2.4,1122,NaN,10.6,1000,211,783,119,1663,1085,16.6,55.6,1.042
65,1084442400000,2.4,1152,NaN,11.0,1014,208,774,122,1714,1139,17.4,51.8,1.022
65,1084446000000,1.6,1020,NaN,7.2,866,139,907,90,1554,799,17.6,49.7,0.9944
65,1084449600000,1.9,1066,NaN,8.7,927,138,846,97,1608,804,17.2,52.8,1.0236
65,1084453200000,2.4,1105,NaN,11.1,1016,142,789,98,1736,930,18.2,49.6,1.0268
65,1084456800000,1.7,1056,NaN,7.9,894,131,891,93,1576,771,19.5,45.0,1.0114
65,1084460400000,2.1,1084,NaN,9.8,970,132,818,98,1626,845,19.5,45.5,1.0189
65,1084464000000,3.1,1288,NaN,16.4,1191,178,691,123,1910,1192,19.8,44.3,1.0104
65,1084467600000,4.6,1390,NaN,22.6,1368,228,605,148,2092,1494,20.3,43.1,1.0114
65,1084471200000,4.5,1374,NaN,20.2,1303,232,636,148,2036,1457,20.3,44.4,1.0457
65,1084474800000,3.9,1378,NaN,21.7,1342,204,612,133,2076,1489,19.8,47.9,1.092
65,1084478400000,4.6,1428,NaN,21.2,1329,250,594,141,2102,1602,19.1,52.3,1.1486
65,1084482000000,3.3,1336,NaN,15.9,1176,208,656,131,1891,1468,18.2,54.7,1.1336
65,1084485600000,2.7,1234,NaN,12.0,1049,158,746,121,1733,1274,17.8,55.0,1.1097
65,1084489200000,3.3,1300,NaN,17.4,1221,197,648,123,1946,1401,17.5,56.4,1.1175
66,1084492800000,2.5,1246,NaN,15.0,1150,152,654,107,1873,1354,17.3,57.8,1.1298
66,1084496400000,2.1,1141,NaN,11.1,1017,112,740,104,1690,1188,16.8,57.5,1.0912
66,1084500000000,1.3,1014,NaN,6.9,853,75,883,91,1538,975,16.3,57.0,1.0484
66,1084503600000,1.0,938,NaN,5.1,769,NaN,978,NaN,1463,816,16.2,56.3,1.0262
66,1084507200000,NaN,988,NaN,6.1,814,74,908,87,1512,921,15.5,59.9,1.0498
66,1084510800000,1.2,983,NaN,6.5,833,116,894,102,1524,1012,16.0,58.3,1.0481
66,1084514400000,1.5,1033,NaN,8.4,917,118,882,95,1617,905,17.2,52.3,1.0169
66,1084518000000,3.7,1388,NaN,22.8,1372,272,601,140,2105,1449,18.5,49.4,1.0397
66,1084521600000,NaN,1512,NaN,29.1,1530,NaN,527,NaN,2326,1725,20.0,45.6,1.0524
66,1084525200000,3.3,1148,NaN,13.6,1104,258,723,138,1713,1301,21.0,37.9,0.9313
66,1084528800000,2.5,1095,NaN,11.1,1019,186,815,113,1618,1181,22.8,32.4,0.887
66,1084532400000,1.9,987,NaN,10.0,979,130,923,101,1515,962,25.5,25.6,0.8218
66,1084536000000,2.0,984,NaN,10.5,998,134,905,97,1523,862,25.9,23.6,0.7771
66,1084539600000,2.5,1072,NaN,13.0,1084,148,843,114,1622,1017,27.7,20.8,0.7599
66,1084543200000,2.1,1048,NaN,12.5,1068,147,869,110,1573,993,27.1,21.6,0.7618
66,1084546800000,2.1,1042,NaN,11.4,1029,123,907,103,1540,879,28.4,20.2,0.7697
66,1084550400000,2.3,1113,NaN,13.1,1086,138,882,119,1584,926,28.1,21.9,0.8184
66,1084554000000,3.0,1146,NaN,14.9,1145,162,836,126,1647,1011,27.6,22.3,0.8116
66,1084557600000,4.1,1239,NaN,19.1,1272,214,748,144,1790,1380,25.2,24.3,0.7671
66,1084561200000,4.5,1302,NaN,21.8,1346,230,706,164,1880,1698,24.6,25.1,0.7636
66,1084564800000,3.5,1181,NaN,16.1,1183,191,792,148,1711,1432,23.1,27.2,0.7575
66,1084568400000,2.1,1068,NaN,11.6,1037,128,869,119,1567,1217,22.0,28.6,0.7483
66,1084572000000,2.3,1135,NaN,12.4,1065,138,803,111,1630,1317,20.8,34.5,0.8365
66,1084575600000,1.9,1121,NaN,10.4,992,126,844,115,1505,1255,20.4,35.3,0.8352
67,1084579200000,1.9,1131,NaN,9.7,965,107,843,103,1520,1223,19.1,38.3,0.8381
67,1084582800000,1.2,947,NaN,5.7,798,67,964,81,1395,930,18.0,40.5,0.8271
67,1084586400000,1.0,935,NaN,5.4,786,55,964,71,1389,954,17.4,43.4,0.8553
67,1084590000000,1.1,941,NaN,5.6,792,NaN,975,NaN,1397,889,14.8,50.6,0.8489
67,1084593600000,NaN,867,NaN,4.4,734,48,1043,58,1324,808,14.6,51.4,0.8489
67,1084597200000,0.5,839,NaN,2.8,638,33,1171,44,1271,643,15.7,46.9,0.8329
67,1084600800000,0.6,873,NaN,3.9,704,41,1091,49,1322,756,15.3,49.7,0.8552
67,1084604400000,1.4,1065,NaN,9.1,942,106,890,68,1576,1067,16.0,47.4,0.8564
67,1084608000000,2.6,1187,NaN,13.6,1104,208,727,108,1721,1391,17.6,43.3,0.8647
67,1084611600000,2.8,1249,NaN,15.8,1174,193,712,117,1774,1486,20.3,37.4,0.8807
67,1084615200000,2.6,1157,NaN,12.7,1072,191,802,127,1653,1327,23.1,30.3,0.8425
67,1084618800000,1.6,988,NaN,8.6,924,113,1015,93,1463,835,25.0,24.2,0.7568
67,1084622400000,1.7,1025,NaN,9.4,955,111,997,94,1457,834,25.6,23.5,0.7611
67,1084626000000,1.7,997,NaN,9.2,947,106,998,87,1460,815,25.5,22.6,0.7288
67,1084629600000,1.3,916,NaN,6.4,829,82,1124,75,1333,621,26.1,21.1,0.7023
67,1084633200000,1.4,965,NaN,8.3,910,79,1056,81,1389,643,28.2,19.4,0.7303
67,1084636800000,1.4,985,NaN,8.1,903,90,1059,86,1437,712,27.4,20.5,0.7379
67,1084640400000,1.7,1026,NaN,8.5,920,104,1037,97,1455,746,26.0,22.7,0.7532
67,1084644000000,2.3,1125,NaN,11.0,1016,148,910,117,1564,991,23.8,27.1,0.7858
67,1084647600000,2.5,1159,NaN,12.1,1054,158,878,120,1603,1046,23.0,28.7,0.7976
67,1084651200000,3.3,1284,NaN,15.0,1149,234,780,149,1725,1304,21.7,31.8,0.8191
67,1084654800000,2.2,1101,NaN,10.2,986,163,852,124,1574,1100,20.9,33.2,0.8098
67,1084658400000,1.6,1101,NaN,9.9,972,95,879,97,1552,1001,20.2,34.3,0.8017
67,1084662000000,2.6,1183,NaN,12.0,1049,146,762,112,1594,1290,19.6,37.0,0.8325
68,1084665600000,2.3,1132,NaN,10.5,996,102,822,95,1564,1205,18.1,40.9,0.8441
68,1084669200000,1.5,998,NaN,7.1,859,90,919,88,1450,1045,17.0,43.3,0.8341
68,1084672800000,0.9,911,NaN,4.6,743,41,1052,54,1370,739,16.7,43.4,0.8193
68,1084676400000,0.8,875,NaN,4.2,721,NaN,1083,NaN,1328,683,15.9,44.7,0.8009
68,1084680000000,NaN,808,NaN,2.6,630,30,1234,43,1256,573,15.2,45.5,0.783
68,1084683600000,0.4,792,NaN,2.2,599,32,1262,45,1235,564,13.5,50.1,0.7706
68,1084687200000,0.4,822,NaN,2.0,581,34,1326,47,1256,602,14.2,49.9,0.8025
68,1084690800000,0.8,918,NaN,4.2,721,57,1069,58,1353,785,13.8,51.4,0.8059
68,1084694400000,0.9,975,NaN,5.2,774,73,1001,69,1393,878,16.3,45.1,0.8286
68,1084698000000,1.6,1047,NaN,8.2,908,119,913,89,1458,981,19.2,35.4,0.7812
68,1084701600000,2.0,1053,NaN,9.8,970,138,930,105,1473,991,25.5,21.1,0.677
68,1084705200000,1.6,1017,NaN,7.9,897,96,1013,92,1400,780,28.2,19.0,0.7164
68,1084708800000,1.4,1021,NaN,7.7,889,80,1022,82,1405,684,29.5,19.8,0.8013
68,1084712400000,0.9,941,NaN,4.8,753,45,1173,56,1311,468,30.6,19.4,0.8348
68,1084716000000,0.9,991,NaN,5.3,776,45,1122,60,1375,468,29.9,22.0,0.9181
68,1084719600000,1.2,1117,NaN,7.1,862,54,995,64,1476,530,31.5,21.9,0.997
68,1084723200000,1.4,1217,NaN,9.2,947,66,887,85,1566,648,31.2,24.6,1.0987
68,1084726800000,1.9,1248,NaN,10.1,982,95,880,107,1617,746,30.4,26.5,1.1347
68,1084730400000,1.8,1242,NaN,9.9,973,99,856,106,1632,819,26.8,33.5,1.1602
68,1084734000000,2.7,1403,NaN,15.1,1151,147,747,125,1820,1125,25.5,37.4,1.1995
68,1084737600000,2.4,1238,NaN,10.6,999,129,833,118,1648,1013,23.7,39.4,1.1381
68,1084741200000,1.6,1093,NaN,7.0,858,96,975,95,1495,816,22.9,37.0,1.0197
68,1084744800000,1.4,1034,NaN,5.9,805,92,1030,97,1416,750,20.8,36.3,0.8775
68,1084748400000,1.4,934,NaN,5.6,795,88,1098,93,1328,673,20.3,28.5,0.6686
69,1084752000000,1.4,913,NaN,5.4,785,89,1110,85,1273,692,19.6,26.5,0.5974
69,1084755600000,0.9,835,NaN,3.7,691,52,1265,67,1182,517,19.1,25.9,0.5673
69,1084759200000,0.5,773,NaN,1.8,568,25,1474,37,1113,392,18.4,27.6,0.5799
69,1084762800000,0.4,771,NaN,1.4,533,NaN,1566,NaN,1110,360,17.4,30.2,0.5945
69,1084766400000,NaN,805,NaN,1.4,534,28,1454,40,1112,409,16.3,34.1,0.6257
69,1084770000000,0.5,930,NaN,3.5,684,65,1059,75,1220,779,15.8,36.5,0.6535
69,1084773600000,1.3,1009,NaN,7.0,859,132,944,102,1420,1016,16.0,38.1,0.6879
69,1084777200000,2.6,1196,NaN,14.4,1131,216,775,113,1675,1243,17.6,35.0,0.6965
69,1084780800000,2.0,1010,NaN,8.9,937,180,945,142,1444,949,18.5,31.2,0.6611
69,1084784400000,1.8,990,NaN,8.6,924,140,974,90,1404,861,19.8,28.5,0.652
69,1084788000000,1.7,988,NaN,8.5,918,141,1007,94,1393,850,22.3,24.1,0.6394
69,1084791600000,1.5,979,NaN,8.3,910,123,1028,92,1396,788,24.2,21.7,0.6451
69,1084795200000,1.9,1029,NaN,10.1,983,129,950,97,1470,879,25.1,20.8,0.6516
69,1084798800000,1.7,984,NaN,9.1,945,115,990,88,1423,747,25.8,19.5,0.6392
69,1084802400000,1.5,985,NaN,8.5,919,104,1028,86,1387,700,26.3,18.9,0.6344
69,1084806000000,1.7,981,NaN,7.7,886,129,1054,99,1363,695,25.8,18.6,0.608
69,1084809600000,1.7,1020,NaN,9.0,941,138,1016,95,1425,756,25.7,19.4,0.6304
69,1084813200000,2.4,1106,NaN,13.4,1097,135,902,105,1552,941,26.7,17.1,0.5909
69,1084816800000,3.1,1153,NaN,15.6,1168,163,842,121,1644,1021,24.3,19.8,0.5933
69,1084820400000,3.4,1215,NaN,17.8,1234,180,796,125,1735,1167,23.5,20.8,0.5937
69,1084824000000,3.0,1094,NaN,12.7,1072,170,888,122,1545,1105,22.0,24.0,0.6263
69,1084827600000,1.2,944,NaN,6.4,832,72,1072,81,1350,712,21.1,26.2,0.6481
69,1084831200000,1.2,964,NaN,7.1,861,69,1014,73,1398,735,20.9,28.8,0.7014
69,1084834800000,1.3,1003,NaN,7.4,872,79,988,80,1439,851,20.2,31.2,0.7304
70,1084838400000,1.0,914,NaN,5.2,774,53,1091,65,1323,706,20.0,31.5,0.7262
70,1084842000000,0.4,839,NaN,2.4,609,36,1276,59,1286,643,20.8,32.3,0.7813
70,1084845600000,0.3,830,NaN,2.0,582,30,1310,50,1264,608,20.0,34.5,0.7954
70,1084849200000,0.2,812,NaN,1.2,521,NaN,1413,NaN,1233,469,21.2,32.9,0.8178
70,1084852800000,NaN,832,NaN,1.5,547,15,1320,23,1254,469,18.3,40.0,0.8345
70,1084856400000,0.5,903,NaN,3.1,656,38,1155,37,1361,618,17.0,44.6,0.8593
70,1084860000000,0.9,1022,NaN,6.3,825,68,931,54,1487,931,17.1,45.3,0.8784
70,1084863600000,2.7,1378,NaN,19.3,1277,192,628,94,1970,1519,17.1,46.5,0.901
70,1084867200000,6.5,1745,NaN,38.9,1748,346,484,139,2605,2054,18.8,39.7,0.8547
70,1084870800000,3.2,1326,NaN,14.6,1137,225,719,115,1760,1550,20.3,38.1,0.8946
70,1084874400000,2.4,1215,NaN,12.3,1062,199,794,119,1650,1381,25.3,27.0,0.8565
70,1084878000000,1.9,1138,NaN,11.0,1015,140,854,103,1604,1115,27.4,22.8,0.8219
70,1084881600000,2.7,1244,NaN,15.4,1162,162,765,123,1735,1189,30.0,20.0,0.8338
70,1084885200000,2.9,1261,NaN,17.0,1210,173,736,126,1769,1200,30.9,19.1,0.8394
70,1084888800000,2.0,1182,NaN,12.5,1066,121,818,106,1663,965,30.6,20.2,0.8719
70,1084892400000,2.3,1208,NaN,13.8,1111,133,783,127,1653,1018,32.2,18.9,0.8964
70,1084896000000,1.9,1158,NaN,10.1,981,96,862,105,1573,775,31.7,19.5,0.8981
70,1084899600000,3.0,1346,NaN,19.3,1278,141,701,130,1873,1193,30.9,20.5,0.8996
70,1084903200000,4.4,1443,NaN,22.7,1371,221,664,160,1988,1425,27.5,24.7,0.8899
70,1084906800000,4.7,1440,NaN,25.5,1443,232,635,162,2068,1594,25.8,27.0,0.8821
70,1084910400000,3.4,1232,NaN,15.8,1173,174,751,135,1750,1284,23.7,30.0,0.8633
70,1084914000000,2.4,1159,NaN,12.3,1061,138,812,122,1648,1174,22.2,33.4,0.8806
70,1084917600000,1.2,1081,NaN,8.7,929,65,910,75,1518,937,21.1,36.5,0.9019
70,1084921200000,1.7,1083,NaN,8.3,911,107,883,96,1507,985,20.2,38.6,0.9016
71,1084924800000,1.2,1069,NaN,7.7,887,70,859,84,1542,1041,19.3,43.0,0.9535
71,1084928400000,0.7,940,NaN,4.2,724,44,1012,68,1407,867,19.2,43.6,0.9591
71,1084932000000,0.5,901,NaN,3.0,653,41,1094,65,1367,822,18.4,45.7,0.9599
71,1084935600000,0.3,848,NaN,1.8,571,NaN,1224,NaN,1297,624,18.7,44.3,0.9453
71,1084939200000,NaN,846,NaN,2.2,598,33,1211,52,1332,669,16.3,51.4,0.9468
71,1084942800000,0.3,848,NaN,2.2,598,32,1219,46,1318,628,17.0,49.2,0.9459
71,1084946400000,0.7,980,NaN,5.7,800,46,983,54,1462,810,16.4,52.1,0.9612
71,1084950000000,3.1,1408,NaN,20.9,1321,173,618,94,2044,1495,16.4,53.4,0.9863
71,1084953600000,6.2,1716,NaN,36.7,1701,320,490,155,2545,2018,18.6,46.8,0.99
71,1084957200000,4.6,1475,NaN,22.0,1351,294,625,165,2006,1696,21.0,41.1,1.0104
71,1084960800000,2.6,1262,NaN,13.4,1096,182,772,134,1711,1340,26.4,28.9,0.9785
71,1084964400000,2.1,1156,NaN,11.5,1034,154,813,122,1640,1123,27.7,26.3,0.9652
71,1084968000000,2.0,1192,NaN,13.4,1097,118,796,113,1688,971,30.1,22.1,0.9281
71,1084971600000,2.2,1233,NaN,15.2,1154,116,746,115,1740,1000,31.0,22.9,1.0144
71,1084975200000,2.1,1208,NaN,13.0,1083,121,792,118,1702,891,31.0,22.6,1.0012
71,1084978800000,2.3,1215,NaN,14.0,1116,116,784,125,1715,852,31.6,21.0,0.959
71,1084982400000,2.5,1251,NaN,15.5,1165,144,747,135,1774,975,30.4,24.7,1.0526
71,1084986000000,3.4,1358,NaN,19.3,1278,176,689,149,1899,1192,28.8,26.3,1.0271
71,1084989600000,4.3,1379,NaN,21.9,1349,214,645,162,1961,1373,26.4,30.1,1.0204
71,1084993200000,3.8,1379,NaN,21.1,1326,191,659,151,1961,1307,24.7,31.5,0.9672
71,1084996800000,3.8,1373,NaN,18.4,1252,205,670,154,1889,1325,22.9,36.5,1.0083
71,1085000400000,2.0,1197,NaN,9.3,950,110,823,118,1592,918,20.8,41.8,1.0155
71,1085004000000,1.7,1238,NaN,9.0,940,95,815,103,1622,877,19.7,47.1,1.0666
71,1085007600000,2.0,1255,NaN,9.6,963,126,781,122,1665,1024,18.9,52.2,1.1313
72,1085011200000,1.5,1164,NaN,8.2,908,90,821,102,1574,1019,18.5,50.1,1.0539
72,1085014800000,0.8,1046,NaN,5.8,803,48,900,73,1490,823,18.0,53.0,1.0832
72,1085018400000,0.5,956,NaN,3.1,661,38,1043,59,1398,701,18.4,51.7,1.0819
72,1085022000000,0.3,885,NaN,1.7,565,NaN,1217,NaN,1329,542,19.8,46.2,1.056
72,1085025600000,NaN,877,NaN,1.6,549,14,1265,26,1317,463,19.6,47.7,1.0736
72,1085029200000,0.3,925,NaN,2.3,609,26,1168,35,1363,533,17.3,54.1,1.0582
72,1085032800000,0.9,1086,NaN,6.6,837,83,885,68,1553,906,15.8,59.0,1.0495
72,1085036400000,2.8,1490,NaN,19.6,1286,188,593,97,2053,1447,16.6,55.9,1.0486
72,1085040000000,5.4,1763,NaN,32.9,1617,253,489,146,2503,1835,18.7,52.8,1.1279
72,1085043600000,4.0,1462,NaN,18.1,1242,149,637,83,1961,1552,20.7,46.4,1.1227
72,1085047200000,2.2,1232,NaN,12.4,1062,155,787,117,1707,1092,26.1,30.0,0.9972
72,1085050800000,2.2,1239,NaN,12.5,1067,146,779,117,1702,1071,28.6,25.8,0.9989
72,1085054400000,2.0,1218,NaN,12.0,1051,121,796,108,1689,881,30.3,23.3,0.9869
72,1085058000000,2.0,1235,NaN,13.3,1094,111,756,107,1729,907,31.3,22.3,1.0043
72,1085061600000,1.9,1196,NaN,12.3,1061,116,791,120,1649,899,31.1,22.3,0.9888
72,1085065200000,2.7,1288,NaN,16.0,1179,167,717,150,1799,1074,32.4,20.4,0.9732
72,1085068800000,2.2,1248,NaN,13.7,1108,145,772,138,1701,969,32.6,19.3,0.935
72,1085072400000,3.5,1401,NaN,21.7,1342,192,663,148,1959,1267,31.2,20.3,0.9064
72,1085076000000,4.1,1401,NaN,23.7,1396,231,645,168,2009,1402,27.7,24.8,0.9106
72,1085079600000,4.4,1444,NaN,22.1,1354,248,655,172,1956,1437,25.7,27.9,0.908
72,1085083200000,4.5,1379,NaN,20.6,1312,267,683,179,1870,1382,24.1,29.9,0.8879
72,1085086800000,2.9,1251,NaN,13.4,1097,181,771,143,1680,1280,22.2,34.4,0.9072
72,1085090400000,2.6,1269,NaN,12.8,1077,163,773,137,1706,1250,20.7,38.0,0.9149
72,1085094000000,2.1,1242,NaN,12.3,1060,141,745,117,1693,1359,20.2,42.8,0.9983
73,1085097600000,1.2,1045,NaN,6.8,850,78,889,93,1506,1102,20.5,42.0,1.0004
73,1085101200000,0.6,937,NaN,3.8,698,42,1039,64,1382,768,20.1,42.0,0.9763
73,1085104800000,0.3,875,NaN,2.5,622,35,1167,58,1331,656,20.0,41.5,0.9571
73,1085108400000,0.3,889,NaN,2.7,633,NaN,1123,NaN,1344,683,16.3,51.6,0.9461
73,1085112000000,NaN,888,NaN,2.8,640,33,1089,47,1330,670,16.5,50.2,0.932
73,1085115600000,0.3,881,NaN,2.6,624,38,1135,47,1319,656,16.4,50.2,0.931
73,1085119200000,0.7,998,NaN,7.0,856,65,894,62,1488,926,14.9,54.7,0.9203
73,1085122800000,4.2,1517,NaN,26.2,1460,296,551,113,2205,1677,16.4,51.3,0.9474
73,1085126400000,4.8,1522,NaN,28.2,1509,303,543,126,2275,1828,18.2,46.2,0.9575
73,1085130000000,3.4,1417,NaN,20.2,1303,244,635,139,1964,1752,20.7,40.0,0.9639
73,1085133600000,2.8,1329,NaN,17.1,1214,216,700,148,1845,1581,26.5,27.0,0.9217
73,1085137200000,1.8,1203,NaN,11.2,1023,137,825,117,1622,1132,28.5,23.8,0.915
73,1085140800000,1.9,1234,NaN,11.6,1037,120,788,106,1658,1037,29.7,23.7,0.9714
73,1085144400000,2.0,1286,NaN,13.2,1090,100,750,98,1719,1023,31.7,21.7,0.9966
73,1085148000000,1.9,1298,NaN,12.7,1075,103,749,98,1690,1022,31.7,21.5,0.9902
73,1085151600000,2.0,1308,NaN,13.0,1084,123,757,110,1724,989,32.8,19.5,0.9515
73,1085155200000,2.3,1276,NaN,13.5,1099,136,783,114,1680,925,32.5,18.6,0.8948
73,1085158800000,2.7,1234,NaN,10.2,985,158,815,122,1572,795,30.2,22.6,0.9524
73,1085162400000,3.6,1419,NaN,20.1,1300,216,670,155,1923,1263,27.6,25.7,0.9382
73,1085166000000,3.8,1325,NaN,19.1,1273,211,716,145,1815,1184,25.9,24.9,0.8195
73,1085169600000,3.5,1346,NaN,17.5,1224,202,715,146,1794,1272,23.9,29.4,0.8589
73,1085173200000,2.5,1241,NaN,13.8,1110,147,772,130,1698,1177,22.3,32.1,0.8515
73,1085176800000,2.5,1274,NaN,13.3,1094,160,771,126,1682,1231,20.5,35.9,0.8565
73,1085180400000,3.0,1321,NaN,14.8,1144,162,732,127,1745,1243,19.8,37.2,0.8509
74,1085184000000,3.7,1424,NaN,18.0,1240,194,662,126,1841,1427,19.1,41.9,0.9158
74,1085187600000,3.3,1357,NaN,16.0,1178,167,674,124,1782,1454,17.8,46.1,0.9344
74,1085191200000,1.5,1123,NaN,9.7,966,91,770,93,1594,1183,17.6,47.6,0.9465
74,1085194800000,0.7,1003,NaN,6.2,820,NaN,902,NaN,1455,908,17.9,46.3,0.9394
74,1085198400000,NaN,951,NaN,4.0,713,42,994,58,1385,821,16.9,49.8,0.9544
74,1085202000000,0.5,941,NaN,3.6,687,50,1024,59,1374,777,15.8,53.8,0.9615
74,1085205600000,0.5,986,NaN,4.6,745,61,959,66,1426,888,16.5,53.5,0.9928
74,1085209200000,1.2,1153,NaN,9.2,947,107,795,80,1643,1076,17.2,52.9,1.0276
74,1085212800000,2.2,1323,NaN,14.6,1137,139,696,94,1846,1285,19.3,48.3,1.0723
74,1085216400000,2.2,1315,NaN,11.7,1040,165,743,102,1740,1315,20.6,47.1,1.1287
74,1085220000000,2.1,1303,NaN,11.0,1015,139,777,96,1731,1250,23.7,40.0,1.153
74,1085223600000,1.8,1238,NaN,11.6,1037,113,813,91,1698,978,25.6,32.5,1.053
74,1085227200000,2.2,1259,NaN,12.9,1080,138,772,104,1736,1072,27.2,28.1,0.9989
74,1085230800000,2.0,1246,NaN,12.6,1070,104,770,84,1747,1064,27.9,28.1,1.0394
74,1085234400000,1.4,1154,NaN,8.3,912,78,872,76,1605,825,28.3,27.8,1.0539
74,1085238000000,1.8,1237,NaN,10.5,997,97,800,87,1688,924,29.2,27.0,1.081
74,1085241600000,2.1,1315,NaN,11.7,1041,115,773,101,1767,966,28.9,29.3,1.1503
74,1085245200000,2.8,1466,NaN,15.8,1174,152,680,115,1965,1302,25.4,39.8,1.2771
74,1085248800000,2.8,1409,NaN,13.9,1113,157,710,110,1850,1256,25.2,40.1,1.2642
74,1085252400000,2.7,1366,NaN,15.7,1171,132,693,103,1933,1068,24.5,39.4,1.1963
74,1085256000000,1.8,1241,NaN,10.9,1011,98,781,90,1748,1070,22.3,45.4,1.2088
74,1085259600000,1.2,1123,NaN,6.4,832,65,930,68,1565,792,21.2,48.3,1.2034
74,1085263200000,2.6,1321,NaN,12.7,1075,101,757,85,1891,1017,20.6,50.5,1.2082
74,1085266800000,3.1,1397,NaN,15.3,1159,134,681,100,1949,1207,20.2,52.9,1.234
75,1085270400000,4.1,1507,NaN,20.5,1311,177,608,114,2107,1499,19.8,54.5,1.2488
75,1085274000000,3.6,1405,NaN,15.9,1177,179,660,108,1931,1474,19.5,56.2,1.2624
75,1085277600000,1.9,1192,NaN,10.4,994,105,759,78,1780,1163,19.0,58.0,1.2581
75,1085281200000,1.9,1199,NaN,12.6,1070,NaN,671,NaN,1873,1189,18.1,61.6,1.2679
75,1085284800000,NaN,973,NaN,4.9,761,49,954,55,1501,815,18.0,57.6,1.1788
75,1085288400000,0.3,864,NaN,2.1,591,27,1247,37,1374,507,17.7,56.0,1.1215
75,1085292000000,0.4,886,NaN,2.2,598,41,1257,53,1374,506,17.9,52.4,1.0655
75,1085295600000,0.8,988,NaN,4.0,713,78,1092,79,1455,716,18.9,49.3,1.0668
75,1085299200000,0.8,1008,NaN,4.3,729,68,1034,65,1490,795,20.0,48.6,1.1199
75,1085302800000,0.8,976,NaN,3.8,698,64,1156,64,1393,594,20.6,41.2,0.9841
75,1085306400000,0.8,978,NaN,4.1,718,67,1137,66,1392,565,23.6,34.0,0.9749
75,1085310000000,0.9,987,NaN,4.5,740,54,1105,53,1407,523,26.7,28.1,0.9688
75,1085313600000,1.2,1030,NaN,5.3,778,67,1071,69,1452,591,26.8,28.1,0.9785
75,1085317200000,1.0,955,NaN,4.2,723,51,1129,57,1393,559,27.7,25.8,0.9467
75,1085320800000,0.8,924,NaN,3.3,673,28,1247,36,1346,430,28.8,22.7,0.8864
75,1085324400000,1.1,1005,NaN,4.9,758,51,1091,57,1434,522,26.8,27.3,0.9462
75,1085328000000,1.5,1059,NaN,6.1,816,77,1023,73,1468,641,25.9,28.7,0.9423
75,1085331600000,1.5,1079,NaN,6.9,851,93,991,81,1490,738,25.8,27.7,0.9076
75,1085335200000,1.4,1070,NaN,6.8,850,94,997,91,1502,778,24.8,29.5,0.9077
75,1085338800000,1.1,1085,NaN,5.8,805,69,972,65,1528,718,25.3,36.3,1.1513
75,1085342400000,0.9,1066,NaN,5.5,787,57,986,56,1552,689,23.9,40.4,1.1787
75,1085346000000,1.0,1094,NaN,6.1,815,74,934,69,1563,852,21.4,46.6,1.1764
75,1085349600000,1.1,1110,NaN,6.0,814,75,948,73,1571,854,20.5,49.3,1.173
75,1085353200000,1.0,968,NaN,4.2,719,73,1081,76,1388,664,19.2,42.3,0.9339
76,1085356800000,0.7,906,NaN,4.1,714,56,1163,67,1351,544,19.2,37.9,0.8352
76,1085360400000,0.5,849,NaN,2.4,615,31,1285,44,1276,461,17.2,43.1,0.8394
76,1085364000000,0.2,774,NaN,1.0,500,13,1536,21,1169,352,15.8,45.2,0.8052
76,1085367600000,NaN,746,NaN,0.6,450,NaN,1807,NaN,1111,308,15.7,42.3,0.7464
76,1085371200000,NaN,753,NaN,0.5,437,14,1904,19,1110,301,16.3,41.0,0.7513
76,1085374800000,0.1,749,NaN,0.7,466,23,1803,29,1089,307,16.1,36.5,0.664
76,1085378400000,0.5,864,NaN,2.8,642,72,1288,69,1255,441,16.5,36.2,0.6752
76,1085382000000,1.6,1002,NaN,7.8,893,165,1010,111,1394,775,17.5,30.9,0.6111
76,1085385600000,2.0,970,NaN,9.7,966,118,944,81,1379,907,18.4,24.0,0.5046
76,1085389200000,1.3,898,NaN,6.9,853,85,1066,56,1271,763,19.2,23.8,0.5235
76,1085392800000,1.0,847,NaN,5.8,800,116,1155,90,1179,649,21.7,18.1,0.4642
76,1085396400000,0.9,847,NaN,5.5,788,112,1203,85,1162,598,22.3,17.0,0.4513
76,1085400000000,1.2,871,NaN,6.8,848,100,1139,83,1208,579,22.8,16.1,0.4404
76,1085403600000,1.3,869,NaN,7.2,866,109,1107,85,1212,596,23.8,14.5,0.4222
76,1085407200000,1.1,875,NaN,6.9,854,111,1160,85,1200,595,25.1,13.1,0.4129
76,1085410800000,1.2,895,NaN,7.5,878,109,1122,81,1238,607,25.8,12.9,0.4219
76,1085414400000,1.4,926,NaN,7.7,885,114,1101,92,1259,662,25.5,14.0,0.4495
76,1085418000000,2.0,996,NaN,12.0,1048,139,959,108,1397,822,24.5,15.4,0.4663
76,1085421600000,2.4,997,NaN,13.5,1100,157,896,106,1392,987,22.6,17.2,0.4656
76,1085425200000,2.1,1006,NaN,12.0,1048,147,925,114,1416,966,21.2,18.9,0.471
76,1085428800000,1.2,895,NaN,6.7,845,102,1072,96,1241,763,19.1,22.8,0.501
76,1085432400000,0.7,862,NaN,4.8,751,73,1154,77,1213,617,18.4,24.6,0.5169
76,1085436000000,0.7,858,NaN,4.8,756,65,1159,73,1209,564,17.3,25.6,0.5032
76,1085439600000,0.8,853,NaN,5.0,762,76,1134,86,1184,646,16.5,24.9,0.4642
77,1085443200000,0.5,859,NaN,4.3,727,65,1120,84,1187,753,16.7,28.3,0.5316
77,1085446800000,0.2,837,NaN,2.7,634,41,1200,56,1150,669,15.5,32.2,0.5641
77,1085450400000,NaN,746,NaN,0.9,493,17,1522,31,1063,435,17.5,29.1,0.5773
77,1085454000000,NaN,752,NaN,1.2,515,NaN,1472,NaN,1068,436,13.3,35.6,0.5393
77,1085457600000,NaN,742,NaN,0.9,489,19,1559,30,1048,403,14.0,33.7,0.5355
77,1085461200000,0.1,774,NaN,1.7,560,45,1386,51,1107,532,11.6,40.0,0.5462
77,1085464800000,0.2,798,NaN,2.6,630,40,1291,45,1125,536,13.4,34.5,0.5272
77,1085468400000,1.1,1002,NaN,8.8,932,101,949,82,1405,917,15.2,31.0,0.5329
77,1085472000000,3.0,1210,NaN,22.2,1356,183,657,100,1786,1481,16.3,27.5,0.5066
77,1085475600000,2.1,1058,NaN,15.3,1158,149,820,91,1459,1187,19.2,20.0,0.439
77,1085479200000,2.6,1106,NaN,14.0,1118,207,885,130,1451,1220,24.9,13.0,0.4038
77,1085482800000,3.2,1153,NaN,18.5,1253,289,815,155,1541,1381,28.3,9.9,0.3754
77,1085486400000,2.1,1047,NaN,13.5,1101,159,913,114,1391,1103,29.2,9.8,0.3914
77,1085490000000,2.2,1091,NaN,15.8,1172,162,874,127,1459,1105,31.6,9.2,0.419
77,1085493600000,2.4,1162,NaN,18.5,1253,173,796,138,1595,1248,32.6,9.3,0.4499
77,1085497200000,NaN,1059,NaN,12.6,1070,NaN,925,NaN,1401,976,32.6,9.2,0.4463
77,1085500800000,NaN,1083,NaN,12.0,1051,NaN,939,NaN,1390,898,32.3,10.0,0.4747
77,1085504400000,NaN,1150,NaN,15.4,1161,NaN,867,NaN,1512,1038,32.1,10.7,0.4996
77,1085508000000,NaN,1321,NaN,24.9,1426,NaN,720,NaN,1859,1395,29.7,12.2,0.5007
77,1085511600000,NaN,NaN,NaN,NaN,NaN,NaN,NaN,NaN,NaN,NaN,NaN,NaN,NaN
77,1085515200000,NaN,NaN,NaN,NaN,NaN,NaN,NaN,NaN,NaN,NaN,NaN,NaN,NaN
77,1085518800000,NaN,NaN,NaN,NaN,NaN,NaN,NaN,NaN,NaN,NaN,NaN,NaN,NaN
77,1085522400000,NaN,NaN,NaN,NaN,NaN,NaN,NaN,NaN,NaN,NaN,NaN,NaN,NaN
77,1085526000000,NaN,NaN,NaN,NaN,NaN,NaN,NaN,NaN,NaN,NaN,NaN,NaN,NaN
78,1085529600000,NaN,NaN,NaN,NaN,NaN,NaN,NaN,NaN,NaN,NaN,NaN,NaN,NaN
78,1085533200000,NaN,NaN,NaN,NaN,NaN,NaN,NaN,NaN,NaN,NaN,NaN,NaN,NaN
78,1085536800000,NaN,NaN,NaN,NaN,NaN,NaN,NaN,NaN,NaN,NaN,NaN,NaN,NaN
78,1085540400000,NaN,NaN,NaN,NaN,NaN,NaN,NaN,NaN,NaN,NaN,NaN,NaN,NaN
78,1085544000000,NaN,NaN,NaN,NaN,NaN,NaN,NaN,NaN,NaN,NaN,NaN,NaN,NaN
78,1085547600000,NaN,NaN,NaN,NaN,NaN,NaN,NaN,NaN,NaN,NaN,NaN,NaN,NaN
78,1085551200000,NaN,NaN,NaN,NaN,NaN,NaN,NaN,NaN,NaN,NaN,NaN,NaN,NaN
78,1085554800000,NaN,NaN,NaN,NaN,NaN,NaN,NaN,NaN,NaN,NaN,NaN,NaN,NaN
78,1085558400000,NaN,NaN,NaN,NaN,NaN,NaN,NaN,NaN,NaN,NaN,NaN,NaN,NaN
78,1085562000000,4.0,1303,NaN,40.2,1776,NaN,946,NaN,1467,1608,20.4,35.7,0.844
78,1085565600000,2.2,1137,NaN,14.9,1146,188,1144,136,1392,1327,26.1,23.8,0.7938
78,1085569200000,1.8,1139,NaN,13.8,1109,159,1118,135,1436,1292,28.8,21.1,0.8193
78,1085572800000,1.6,1099,NaN,12.3,1059,146,1156,115,1416,1114,29.6,19.4,0.7897
78,1085576400000,1.8,1088,NaN,14.0,1116,127,1128,112,1449,1060,31.6,16.4,0.7489
78,1085580000000,1.6,1027,NaN,11.8,1041,128,1237,112,1345,915,32.3,13.3,0.6303
78,1085583600000,1.6,1014,NaN,12.0,1049,120,1200,109,1366,893,31.8,13.5,0.6249
78,1085587200000,1.3,969,NaN,9.7,968,115,1276,112,1325,768,31.8,13.8,0.6394
78,1085590800000,NaN,1120,NaN,18.0,1238,NaN,1023,NaN,1591,1126,31.0,15.9,0.7039
78,1085594400000,NaN,1131,NaN,22.6,1368,NaN,933,NaN,1707,1284,28.6,18.7,0.7216
78,1085598000000,NaN,1130,NaN,22.7,1368,NaN,933,NaN,1709,1269,26.7,19.5,0.6754
78,1085601600000,NaN,1123,NaN,20.3,1304,NaN,939,NaN,1720,1290,25.0,24.4,0.7616
78,1085605200000,NaN,1069,NaN,13.1,1086,NaN,1064,NaN,1536,1119,22.8,28.4,0.7804
78,1085608800000,NaN,1021,NaN,10.9,1010,NaN,1116,NaN,1480,1027,21.7,29.2,0.7458
78,1085612400000,NaN,1101,NaN,13.3,1093,NaN,1012,NaN,1564,1155,21.1,30.9,0.7617
79,1085616000000,NaN,1026,NaN,9.5,960,NaN,1072,NaN,1471,1078,19.9,36.3,0.8349
79,1085619600000,NaN,949,NaN,6.6,841,NaN,1155,NaN,1393,954,18.6,39.3,0.8355
79,1085623200000,NaN,846,NaN,3.6,687,NaN,1295,NaN,1288,726,18.6,38.8,0.8228
79,1085626800000,NaN,811,NaN,2.3,606,NaN,1417,NaN,1248,656,19.0,38.9,0.8468
79,1085630400000,NaN,803,NaN,2.0,586,NaN,1442,NaN,1232,573,18.0,40.9,0.8394
79,1085634000000,NaN,882,NaN,4.1,715,NaN,1246,NaN,1367,780,15.5,48.6,0.8505
79,1085637600000,NaN,963,NaN,6.5,836,NaN,1085,NaN,1429,920,16.0,47.9,0.8659
79,1085641200000,NaN,1413,NaN,24.8,1424,NaN,739,NaN,2102,1544,17.0,46.0,0.883
79,1085644800000,NaN,1485,NaN,34.4,1650,NaN,632,NaN,2337,1789,19.0,41.6,0.9039
79,1085648400000,NaN,1354,NaN,24.5,1418,NaN,749,NaN,2043,1629,21.8,35.0,0.9002
79,1085652000000,NaN,1074,NaN,9.0,939,NaN,1071,NaN,1513,997,25.6,28.0,0.9088
79,1085655600000,NaN,1022,NaN,8.4,914,NaN,1132,NaN,1446,847,26.4,23.1,0.7853
79,1085659200000,NaN,1100,NaN,11.5,1034,NaN,995,NaN,1586,958,27.1,24.2,0.856
79,1085662800000,NaN,1073,NaN,12.1,1052,NaN,1009,NaN,1574,854,27.5,20.9,0.7565
79,1085666400000,NaN,1049,NaN,10.1,983,NaN,1071,NaN,1515,782,29.5,19.7,0.8015
79,1085670000000,NaN,1086,NaN,11.9,1048,NaN,1016,NaN,1580,888,30.6,18.6,0.8014
79,1085673600000,NaN,1059,NaN,11.3,1027,NaN,1066,NaN,1521,764,31.3,15.8,0.7106
79,1085677200000,NaN,1244,NaN,20.2,1301,NaN,842,NaN,1801,1170,29.4,21.0,0.8452
79,1085680800000,NaN,1320,NaN,24.8,1423,NaN,767,NaN,1986,1385,27.0,23.5,0.8256
79,1085684400000,NaN,1236,NaN,20.3,1304,NaN,822,NaN,1868,1237,25.8,26.7,0.8758
79,1085688000000,NaN,1136,NaN,16.2,1187,NaN,904,NaN,1735,1127,23.7,28.4,0.8225
79,1085691600000,NaN,1110,NaN,13.3,1093,NaN,961,NaN,1661,1091,21.3,33.0,0.8284
79,1085695200000,NaN,1026,NaN,10.3,990,NaN,1032,NaN,1553,972,20.5,35.3,0.8435
79,1085698800000,NaN,1038,NaN,9.6,961,NaN,1026,NaN,1530,949,19.4,38.1,0.8511
80,1085702400000,NaN,975,NaN,7.8,892,NaN,1015,NaN,1480,890,19.4,40.7,0.9045
80,1085706000000,NaN,908,NaN,6.1,814,NaN,1089,NaN,1403,763,17.8,44.9,0.903
80,1085709600000,NaN,896,NaN,6.2,820,NaN,1074,NaN,1439,833,16.6,49.7,0.9295
80,1085713200000,NaN,810,NaN,3.8,697,NaN,1221,NaN,1321,675,16.5,48.6,0.9028
80,1085716800000,NaN,789,NaN,2.8,638,NaN,1305,NaN,1309,672,15.2,53.6,0.919
80,1085720400000,NaN,814,NaN,3.4,678,NaN,1276,NaN,1339,626,15.5,51.7,0.9019
80,1085724000000,NaN,958,NaN,8.2,907,NaN,992,NaN,1536,882,14.9,54.8,0.9247
80,1085727600000,NaN,1213,NaN,19.2,1274,NaN,762,NaN,1914,1264,16.3,51.3,0.9416
80,1085731200000,NaN,1221,NaN,22.6,1367,NaN,722,NaN,2008,1330,18.4,45.7,0.9559
80,1085734800000,NaN,1245,NaN,19.4,1281,NaN,774,NaN,1952,1324,20.8,43.6,1.0614
80,1085738400000,NaN,1050,NaN,9.6,963,NaN,998,NaN,1609,901,24.3,35.1,1.0477
80,1085742000000,NaN,1048,NaN,9.8,969,NaN,1012,NaN,1600,852,26.4,29.3,0.9889
80,1085745600000,NaN,1141,NaN,14.4,1128,NaN,902,NaN,1738,1009,28.3,25.0,0.9495
80,1085749200000,NaN,1052,NaN,12.1,1053,NaN,949,NaN,1641,831,28.9,23.7,0.9285
80,1085752800000,NaN,1152,NaN,13.5,1099,NaN,908,NaN,1706,954,28.5,25.8,0.9931
80,1085756400000,1.7,1026,NaN,12.3,1061,133,982,115,1564,814,29.6,18.9,0.7692
80,1085760000000,1.7,1039,NaN,12.2,1055,131,966,117,1590,845,28.0,23.2,0.8613
80,1085763600000,2.1,1148,NaN,12.5,1067,133,887,105,1790,956,23.6,41.0,1.1786
80,1085767200000,2.2,1176,NaN,13.9,1114,141,843,114,1805,1102,21.5,48.1,1.2148
80,1085770800000,1.8,1100,NaN,11.4,1028,112,900,103,1710,994,22.1,44.1,1.1573
80,1085774400000,1.8,1081,NaN,10.4,992,147,959,119,1680,935,20.2,47.2,1.1043
80,1085778000000,0.9,976,NaN,7.0,858,104,1070,102,1547,839,20.0,47.6,1.103
80,1085781600000,1.0,979,NaN,7.0,857,97,1082,96,1546,797,19.8,46.8,1.0697
80,1085785200000,2.0,1092,NaN,11.3,1024,128,937,109,1706,968,19.6,47.0,1.0606
81,1085788800000,1.8,1044,NaN,9.2,946,138,1009,119,1594,886,19.3,46.3,1.0279
81,1085792400000,1.1,940,NaN,6.8,849,93,1091,103,1509,764,18.5,48.7,1.0286
81,1085796000000,0.6,892,NaN,5.1,767,71,1180,84,1466,657,18.0,51.4,1.0504
81,1085799600000,0.3,838,NaN,3.4,675,NaN,1302,NaN,1390,540,17.9,50.8,1.0355
81,1085803200000,NaN,853,NaN,4.3,727,44,1179,59,1417,621,17.7,51.9,1.0379
81,1085806800000,NaN,738,NaN,1.5,545,18,1562,29,1266,450,17.7,49.7,0.997
81,1085810400000,0.1,762,NaN,2.0,581,41,1588,45,1277,434,17.9,46.1,0.9383
81,1085814000000,0.5,841,NaN,4.0,713,84,1293,80,1356,559,18.4,43.9,0.9192
81,1085817600000,0.6,843,NaN,4.0,712,77,1303,77,1343,548,18.9,42.1,0.9081
81,1085821200000,0.5,841,NaN,4.0,713,73,1326,68,1330,525,19.2,39.7,0.8728
81,1085824800000,0.7,862,NaN,4.2,721,72,1329,66,1335,522,20.8,36.6,0.8878
81,1085828400000,0.7,869,NaN,4.5,740,77,1296,70,1366,535,21.3,35.8,0.8975
81,1085832000000,0.9,894,NaN,6.0,810,82,1204,74,1421,585,21.8,34.9,0.9004
81,1085835600000,0.7,844,NaN,4.8,755,67,1284,64,1350,521,22.8,31.4,0.8615
81,1085839200000,0.4,823,NaN,3.8,699,59,1382,60,1311,493,22.9,31.3,0.862
81,1085842800000,0.5,843,NaN,4.2,719,61,1353,63,1330,501,22.9,30.7,0.8461
81,1085846400000,0.6,865,NaN,5.1,767,76,1279,75,1369,559,23.8,29.2,0.8499
81,1085850000000,0.6,873,NaN,5.6,792,73,1247,79,1397,589,23.2,30.2,0.8442
81,1085853600000,0.8,899,NaN,5.8,803,87,1221,83,1426,596,22.4,31.3,0.8365
81,1085857200000,1.0,921,NaN,7.0,856,98,1163,93,1437,681,21.7,32.2,0.825
81,1085860800000,1.2,937,NaN,7.9,893,123,1106,112,1463,783,20.8,33.2,0.8061
81,1085864400000,1.0,901,NaN,6.5,834,102,1177,103,1408,738,20.1,35.0,0.8149
81,1085868000000,1.3,955,NaN,8.5,918,102,1056,93,1511,762,19.5,36.9,0.8258
81,1085871600000,2.7,1065,NaN,13.7,1106,142,897,112,1707,929,19.0,38.2,0.8327
82,1085875200000,2.7,1035,NaN,13.8,1110,148,907,125,1652,1044,18.5,39.4,0.832
82,1085878800000,1.6,956,NaN,9.1,945,107,1030,107,1509,892,17.8,41.7,0.844
82,1085882400000,0.6,869,NaN,6.5,835,61,1078,76,1437,807,19.2,42.0,0.9248
82,1085886000000,0.3,831,NaN,6.2,822,NaN,1085,NaN,1418,710,17.8,44.8,0.9048
82,1085889600000,NaN,815,NaN,5.2,774,43,1113,55,1374,712,17.0,47.7,0.9185
82,1085893200000,0.1,781,NaN,3.1,661,25,1271,37,1299,568,17.2,47.2,0.9178
82,1085896800000,0.1,781,NaN,2.9,645,32,1295,45,1320,575,17.3,47.6,0.9295
82,1085900400000,0.2,828,NaN,3.6,690,48,1263,61,1353,658,18.6,44.2,0.9385
82,1085904000000,0.3,803,NaN,2.7,635,60,1417,67,1272,537,20.2,37.8,0.8837
82,1085907600000,0.3,811,NaN,3.0,653,52,1411,60,1269,486,22.0,31.9,0.8335
82,1085911200000,0.4,844,NaN,3.7,696,58,1353,64,1292,507,25.5,25.9,0.8339
82,1085914800000,0.3,833,NaN,3.8,697,54,1361,64,1294,496,27.5,22.8,0.8249
82,1085918400000,0.3,832,NaN,4.2,719,52,1318,59,1299,502,28.7,20.7,0.8024
82,1085922000000,0.1,771,NaN,2.6,626,34,1502,41,1210,430,29.1,19.6,0.7771
82,1085925600000,0.1,783,NaN,2.8,637,41,1498,46,1215,439,29.8,18.4,0.7595
82,1085929200000,0.2,815,NaN,4.2,723,41,1378,46,1256,471,32.0,15.0,0.7028
82,1085932800000,0.6,912,NaN,6.2,819,65,1224,77,1368,589,30.3,17.0,0.7232
82,1085936400000,0.5,894,NaN,5.2,774,65,1239,83,1339,598,31.7,16.2,0.745
82,1085940000000,0.9,963,NaN,7.7,885,84,1102,90,1447,695,29.2,19.6,0.7817
82,1085943600000,1.1,990,NaN,8.8,930,89,1045,95,1506,739,27.4,23.8,0.858
82,1085947200000,1.3,1025,NaN,10.1,980,114,986,113,1591,891,25.0,26.9,0.8408
82,1085950800000,1.5,997,NaN,9.8,971,127,993,128,1573,930,23.6,30.1,0.8663
82,1085954400000,1.2,976,NaN,8.4,916,117,1044,117,1515,880,22.3,33.6,0.8913
82,1085958000000,0.4,878,NaN,5.4,784,46,1181,64,1407,610,21.4,36.9,0.9271
83,1085961600000,0.2,836,NaN,4.3,728,16,1213,28,1353,518,20.6,39.9,0.9597
83,1085965200000,0.3,855,NaN,4.8,751,27,1107,46,1418,664,19.7,43.2,0.9812
83,1085968800000,NaN,759,NaN,2.1,588,4,1323,8,1286,515,19.7,42.4,0.9636
83,1085972400000,NaN,738,NaN,1.4,539,NaN,1421,NaN,1257,477,18.9,45.0,0.9703
83,1085976000000,NaN,736,NaN,1.3,528,19,1451,32,1254,477,18.7,45.4,0.9694
83,1085979600000,NaN,765,NaN,2.3,609,48,1304,57,1319,581,16.4,52.4,0.9709
83,1085983200000,0.5,909,NaN,6.5,834,82,1031,60,1527,763,16.6,52.1,0.9785
83,1085986800000,1.6,1108,NaN,14.2,1123,167,804,83,1801,1111,17.4,50.9,1.0017
83,1085990400000,3.6,1252,NaN,22.7,1369,248,681,129,2120,1390,19.3,46.0,1.0185
83,1085994000000,2.2,1175,NaN,16.3,1188,213,790,137,1901,1251,20.9,43.6,1.0683
83,1085997600000,1.6,1111,NaN,14.1,1120,161,839,121,1790,1141,25.6,33.3,1.0773
83,1086001200000,1.4,1044,NaN,12.6,1069,144,889,123,1683,942,28.9,26.0,1.0188
83,1086004800000,1.4,1018,NaN,13.1,1088,127,909,120,1677,795,30.3,22.8,0.9695
83,1086008400000,1.5,1060,NaN,14.2,1122,116,863,119,1721,836,30.9,24.4,1.0724
83,1086012000000,1.3,1071,NaN,13.8,1110,124,864,121,1733,847,30.5,26.2,1.1278
83,1086015600000,1.2,1006,NaN,12.1,1054,115,921,111,1636,769,30.7,23.4,1.015
83,1086019200000,1.8,1104,NaN,15.7,1171,150,827,128,1803,968,28.1,29.8,1.1132
83,1086022800000,3.0,1196,NaN,21.4,1336,221,739,159,1971,1157,26.9,32.2,1.1267
83,1086026400000,3.5,1243,NaN,25.0,1429,227,687,161,2093,1367,26.0,34.6,1.1485
83,1086030000000,2.4,1124,NaN,16.6,1199,156,794,116,1858,1101,24.5,37.7,1.1454
83,1086033600000,1.1,1020,NaN,10.7,1003,97,904,96,1716,916,21.7,46.9,1.2044
83,1086037200000,0.8,1035,NaN,7.5,878,78,977,69,1694,825,19.3,68.8,1.519
83,1086040800000,0.4,986,NaN,5.3,781,60,1063,58,1633,693,17.6,81.6,1.6296
83,1086044400000,0.6,1017,NaN,6.5,834,61,986,59,1676,734,17.8,80.3,1.6212
84,1086048000000,0.3,922,NaN,4.7,750,46,1085,45,1585,685,18.6,75.7,1.6074
84,1086051600000,NaN,830,NaN,2.9,644,17,1235,23,1487,524,19.6,68.4,1.5443
84,1086055200000,NaN,805,NaN,2.0,583,18,1339,26,1494,527,18.0,76.4,1.5608
84,1086058800000,NaN,760,NaN,1.1,505,NaN,1527,NaN,1413,452,17.3,77.2,1.5104
84,1086062400000,NaN,783,NaN,1.3,529,16,1437,24,1435,466,16.5,82.3,1.5318
84,1086066000000,0.1,854,NaN,2.4,613,39,1272,41,1515,565,16.8,81.3,1.5452
84,1086069600000,0.3,985,NaN,6.1,816,107,987,65,1677,799,17.3,78.6,1.5412
84,1086073200000,1.4,1225,NaN,12.5,1067,190,760,94,1922,1102,16.9,80.9,1.5472
84,1086076800000,2.7,1313,NaN,19.5,1283,236,671,100,2180,1299,17.1,79.8,1.542
84,1086080400000,2.3,1199,NaN,15.2,1156,227,758,103,1958,1272,18.5,70.3,1.4826
84,1086084000000,1.8,1182,NaN,12.0,1051,211,829,89,1870,1206,19.6,66.7,1.5023
84,1086087600000,1.6,1173,NaN,12.4,1063,201,814,86,1905,1218,20.4,63.1,1.4969
84,1086091200000,1.9,1259,NaN,15.9,1178,191,722,89,2060,1367,21.6,61.8,1.5775
84,1086094800000,2.5,1263,NaN,15.7,1171,192,759,88,2029,1290,24.0,49.3,1.4509
84,1086098400000,1.6,1156,NaN,13.5,1100,143,800,73,1884,1175,25.7,43.8,1.4262
84,1086102000000,1.5,1167,NaN,12.4,1065,148,808,78,1886,1139,24.6,47.5,1.4487
84,1086105600000,2.5,1278,NaN,17.1,1213,183,733,95,2041,1293,24.8,47.4,1.4628
84,1086109200000,3.6,1342,NaN,22.0,1351,216,657,109,2201,1419,23.7,50.5,1.4636
84,1086112800000,3.5,1353,NaN,19.9,1292,184,683,95,2178,1326,23.0,53.8,1.4968
84,1086116400000,4.8,1501,NaN,27.9,1501,248,588,101,2486,1517,21.5,65.8,1.6688
84,1086120000000,3.7,1355,NaN,19.7,1289,221,678,88,2158,1391,21.0,66.9,1.6436
84,1086123600000,2.1,1230,NaN,15.7,1169,159,737,77,2020,1275,20.6,68.1,1.6329
84,1086127200000,1.6,1148,NaN,12.0,1048,136,822,75,1883,1168,20.5,66.9,1.5914
84,1086130800000,2.2,1171,NaN,13.1,1088,168,822,81,1889,1132,20.2,65.2,1.5251
85,1086134400000,0.8,1021,NaN,9.2,949,95,927,57,1764,977,19.5,68.0,1.5269
85,1086138000000,NaN,964,NaN,7.5,877,70,958,49,1692,942,19.9,66.4,1.5203
85,1086141600000,NaN,887,NaN,4.9,758,43,1094,38,1622,804,19.1,69.0,1.5043
85,1086145200000,NaN,885,NaN,5.2,773,NaN,1051,NaN,1641,805,18.5,70.7,1.4962
85,1086148800000,NaN,830,NaN,3.2,662,30,1217,31,1556,704,18.9,67.8,1.4689
85,1086152400000,NaN,792,NaN,2.4,611,22,1280,23,1529,657,20.0,63.7,1.4742
85,1086156000000,NaN,813,NaN,2.8,639,25,1267,22,1538,655,19.8,64.7,1.4769
85,1086159600000,NaN,890,NaN,3.9,703,48,1145,33,1601,751,19.7,65.3,1.4843
85,1086163200000,NaN,984,NaN,6.9,854,73,964,43,1751,885,20.8,62.0,1.5002
85,1086166800000,NaN,1043,NaN,8.5,920,95,925,53,1777,955,22.2,56.6,1.4973
85,1086170400000,NaN,1054,NaN,8.9,936,86,915,54,1791,962,24.3,49.0,1.4724
85,1086174000000,NaN,1063,NaN,8.8,930,102,925,62,1749,957,25.0,46.5,1.4492
85,1086177600000,NaN,978,NaN,7.4,873,80,1003,53,1669,788,28.9,34.8,1.3603
85,1086181200000,NaN,887,NaN,4.7,748,36,1141,34,1560,596,29.6,33.4,1.3581
85,1086184800000,NaN,887,NaN,4.8,754,32,1164,30,1523,560,30.9,30.7,1.3493
85,1086188400000,NaN,977,NaN,6.8,850,46,1035,37,1645,701,31.8,31.0,1.4286
85,1086192000000,NaN,1043,NaN,8.9,934,61,929,47,1707,811,31.4,31.2,1.4127
85,1086195600000,NaN,1010,NaN,8.1,902,59,966,44,1676,724,28.9,35.7,1.3985
85,1086199200000,NaN,1094,NaN,10.5,996,76,876,53,1807,864,27.2,42.5,1.5135
85,1086202800000,NaN,1223,NaN,14.8,1142,145,778,88,1965,1084,26.2,46.4,1.5573
85,1086206400000,NaN,1109,NaN,11.8,1042,140,834,95,1888,998,24.5,51.0,1.5454
85,1086210000000,NaN,1026,NaN,8.7,927,102,915,82,1781,878,22.8,56.1,1.5353
85,1086213600000,NaN,1036,NaN,8.7,928,89,914,59,1787,909,21.9,60.9,1.5799
85,1086217200000,NaN,963,NaN,6.9,853,62,995,43,1732,789,21.7,61.0,1.5617
86,1086220800000,NaN,996,NaN,7.3,868,69,957,51,1741,857,20.8,64.8,1.568
86,1086224400000,NaN,999,NaN,6.9,853,63,951,49,1756,885,20.3,70.9,1.6699
86,1086228000000,NaN,893,NaN,4.6,741,31,1056,36,1664,743,18.9,79.0,1.704
86,1086231600000,NaN,730,NaN,1.3,530,NaN,1517,NaN,1362,445,18.1,64.6,1.3276
86,1086235200000,NaN,753,NaN,1.7,562,17,1420,24,1414,454,18.6,64.5,1.3655
86,1086238800000,NaN,825,NaN,3.2,663,61,1203,58,1504,610,17.6,67.4,1.346
86,1086242400000,NaN,1012,NaN,10.1,982,184,882,73,1796,1024,17.6,67.6,1.3479
86,1086246000000,NaN,1221,NaN,19.9,1293,248,688,74,2144,1316,19.0,61.7,1.3393
86,1086249600000,NaN,1215,NaN,20.2,1303,220,694,97,2180,1358,20.0,57.4,1.3268
86,1086253200000,NaN,1234,NaN,20.8,1318,243,714,108,2108,2202,22.6,45.9,1.2418
86,1086256800000,NaN,1138,NaN,15.1,1152,164,798,93,1877,1947,27.3,34.3,1.2284
86,1086260400000,NaN,987,NaN,10.9,1009,NaN,914,NaN,1697,1227,27.4,31.0,1.1184
86,1086264000000,NaN,980,NaN,11.1,1019,NaN,921,NaN,1720,950,26.2,33.6,1.1244
86,1086267600000,NaN,966,NaN,12.1,1054,NaN,885,NaN,1742,917,26.8,32.4,1.1263
86,1086271200000,NaN,905,NaN,8.6,923,NaN,1025,NaN,1582,707,28.7,27.7,1.071
86,1086274800000,NaN,903,NaN,9.7,968,NaN,992,NaN,1565,740,28.7,25.0,0.9684
86,1086278400000,NaN,914,NaN,11.0,1014,NaN,988,NaN,1597,775,29.1,22.3,0.8811
86,1086282000000,NaN,1050,NaN,16.6,1199,NaN,849,NaN,1781,1035,29.0,24.5,0.9655
86,1086285600000,NaN,1043,NaN,14.7,1139,NaN,876,NaN,1756,1001,27.2,28.3,1.0016
86,1086289200000,NaN,1125,NaN,19.5,1283,NaN,792,NaN,1899,1101,25.3,30.0,0.952
86,1086292800000,NaN,1058,NaN,14.5,1134,NaN,855,NaN,1797,1034,24.1,34.8,1.0333
86,1086296400000,NaN,951,NaN,7.8,892,NaN,1015,NaN,1611,786,23.0,43.1,1.1993
86,1086300000000,NaN,944,NaN,7.8,891,NaN,1016,NaN,1593,844,22.1,43.9,1.1521
86,1086303600000,NaN,959,NaN,7.8,892,NaN,996,NaN,1616,866,21.0,48.1,1.178
87,1086307200000,NaN,974,NaN,8.5,919,NaN,976,NaN,1638,909,20.6,49.2,1.1754
87,1086310800000,NaN,880,NaN,5.7,799,NaN,1097,NaN,1533,724,21.2,47.6,1.1799
87,1086314400000,NaN,853,NaN,4.5,740,NaN,1146,NaN,1526,715,21.0,50.1,1.2338
87,1086318000000,NaN,912,NaN,5.6,795,NaN,1042,NaN,1564,827,20.1,53.1,1.2342
87,1086321600000,NaN,863,NaN,4.6,745,NaN,1098,NaN,1496,786,19.0,54.0,1.1745
87,1086325200000,NaN,729,NaN,1.2,520,NaN,1570,NaN,1318,445,19.2,51.1,1.124
87,1086328800000,NaN,830,NaN,3.4,674,NaN,1246,NaN,1459,607,19.2,53.1,1.1662
87,1086332400000,NaN,1198,NaN,17.0,1209,NaN,779,NaN,2058,1213,20.6,49.0,1.1748
87,1086336000000,NaN,971,NaN,10.0,977,NaN,921,NaN,1667,910,21.8,41.9,1.077
87,1086339600000,NaN,885,NaN,6.0,812,NaN,1100,NaN,1495,675,22.8,37.6,1.0315
87,1086343200000,NaN,862,NaN,5.7,798,NaN,1148,NaN,1456,582,24.8,31.3,0.9646
87,1086346800000,NaN,892,NaN,6.9,853,NaN,1080,NaN,1509,666,26.0,29.4,0.976
87,1086350400000,NaN,933,NaN,9.5,960,NaN,994,NaN,1577,726,27.0,27.8,0.9731
87,1086354000000,NaN,975,NaN,11.1,1017,NaN,930,NaN,1668,801,27.0,29.3,1.0277
87,1086357600000,NaN,927,NaN,8.1,905,NaN,1016,NaN,1554,711,27.0,29.6,1.0419
87,1086361200000,NaN,993,NaN,10.2,985,NaN,950,NaN,1680,790,25.8,32.6,1.072
87,1086364800000,2.7,1053,NaN,13.3,1093,NaN,873,NaN,1749,924,26.2,32.6,1.0892
87,1086368400000,3.6,1116,NaN,16.6,1198,NaN,811,NaN,1863,1045,28.3,27.5,1.0418
87,1086372000000,3.3,1097,NaN,16.9,1206,NaN,813,NaN,1867,1088,26.5,29.7,1.0123
87,1086375600000,3.6,1116,NaN,17.5,1226,NaN,792,NaN,1938,1038,25.7,31.8,1.0317
87,1086379200000,2.9,1057,NaN,13.1,1087,NaN,871,NaN,1769,981,24.4,35.2,1.0632
87,1086382800000,1.9,973,NaN,9.2,949,NaN,987,NaN,1615,820,23.5,36.9,1.0518
87,1086386400000,2.0,1016,NaN,10.0,977,NaN,951,NaN,1652,948,22.4,41.0,1.1006
87,1086390000000,2.9,1120,NaN,13.1,1088,NaN,849,NaN,1785,1067,21.7,44.7,1.1451
88,1086393600000,2.7,1076,NaN,12.9,1080,NaN,846,NaN,1787,1070,21.1,48.1,1.1864
88,1086397200000,1.5,937,NaN,7.8,890,NaN,970,NaN,1625,877,20.7,50.0,1.203
88,1086400800000,1.6,980,NaN,9.2,948,NaN,888,NaN,1702,1028,19.8,53.1,1.2093
88,1086404400000,1.3,937,NaN,6.9,853,NaN,962,NaN,1604,969,19.8,53.6,1.2214
88,1086408000000,0.7,852,NaN,4.5,739,37,1095,63,1525,837,19.6,54.8,1.236
88,1086411600000,0.7,858,NaN,4.9,757,57,1066,71,1542,904,19.3,57.3,1.265
88,1086415200000,1.2,963,NaN,7.9,894,131,942,91,1702,1065,19.7,58.4,1.3254
88,1086418800000,1.5,966,NaN,7.4,874,171,969,95,1682,999,19.8,59.4,1.3554
88,1086422400000,1.5,983,NaN,8.0,901,187,954,96,1691,986,20.9,54.8,1.3387
88,1086426000000,1.6,990,NaN,7.6,881,133,985,81,1685,874,22.4,47.9,1.2817
88,1086429600000,1.1,891,NaN,5.3,780,87,1110,68,1543,689,24.1,41.3,1.2202
88,1086433200000,1.1,883,NaN,5.3,778,61,1130,57,1545,608,25.9,36.9,1.2133
88,1086436800000,1.4,914,NaN,8.0,900,86,1010,68,1596,706,30.7,26.0,1.1287
88,1086440400000,1.4,896,NaN,8.4,917,83,1017,72,1577,704,30.3,25.2,1.0652
88,1086444000000,1.0,841,NaN,6.0,811,61,1135,62,1463,609,30.1,25.4,1.0641
88,1086447600000,1.3,926,NaN,7.3,868,80,1048,75,1599,687,27.6,35.1,1.2764
88,1086451200000,1.9,1133,NaN,10.2,984,110,838,92,1897,976,26.6,47.6,1.6315
88,1086454800000,1.7,1042,NaN,9.0,939,108,917,89,1744,860,30.4,31.3,1.3331
88,1086458400000,2.3,1124,NaN,14.0,1118,134,793,105,1915,1021,27.8,35.0,1.282
88,1086462000000,2.4,1157,NaN,16.1,1183,133,738,111,1970,1079,26.6,37.9,1.2994
88,1086465600000,1.8,989,NaN,8.2,906,118,954,102,1681,826,23.4,44.4,1.2646
88,1086469200000,0.6,841,NaN,3.8,699,17,1123,30,1508,558,23.0,51.1,1.4175
88,1086472800000,0.8,916,NaN,5.6,791,26,1007,43,1588,679,22.1,53.5,1.4087
88,1086476400000,1.7,1008,NaN,8.0,900,55,907,67,1681,850,21.6,53.6,1.3674
89,1086480000000,1.1,895,NaN,5.6,792,39,975,58,1574,733,21.9,52.7,1.365
89,1086483600000,0.6,810,NaN,3.8,702,15,1093,24,1529,612,21.3,54.9,1.3707
89,1086487200000,1.1,968,NaN,6.6,840,47,891,58,1727,788,17.5,79.1,1.5709
89,1086490800000,1.1,922,NaN,7.0,859,NaN,871,NaN,1739,728,17.6,78.6,1.5722
89,1086494400000,1.0,892,NaN,5.2,773,49,926,62,1660,724,17.1,81.8,1.5816
89,1086498000000,0.5,806,NaN,2.4,615,21,1172,34,1525,543,16.6,80.2,1.5002
89,1086501600000,0.7,827,NaN,3.1,659,33,1115,46,1552,616,16.8,77.4,1.4739
89,1086505200000,1.0,881,NaN,5.2,776,63,1037,62,1623,677,18.3,66.5,1.381
89,1086508800000,1.2,877,NaN,5.9,808,73,1011,70,1614,723,20.4,55.8,1.3196
89,1086512400000,0.7,784,NaN,2.8,638,51,1314,54,1412,529,21.6,45.3,1.1533
89,1086516000000,0.9,806,NaN,3.4,675,61,1270,61,1414,528,23.1,39.4,1.0983
89,1086519600000,0.8,775,NaN,3.0,653,52,1349,53,1365,491,25.4,31.6,1.0058
89,1086523200000,0.8,773,NaN,3.4,676,49,1331,49,1374,489,26.6,29.0,0.9928
89,1086526800000,0.5,734,NaN,2.3,603,40,1471,48,1303,450,25.9,28.8,0.9475
89,1086530400000,0.5,757,NaN,2.7,635,36,1445,45,1345,451,27.0,28.0,0.981
89,1086534000000,0.7,817,NaN,3.6,688,51,1299,60,1435,512,23.6,38.1,1.0917
89,1086537600000,0.9,815,NaN,4.2,720,56,1225,59,1418,525,25.9,32.0,1.0529
89,1086541200000,1.0,844,NaN,4.9,757,71,1186,67,1445,556,26.3,31.5,1.0643
89,1086544800000,1.2,880,NaN,5.9,807,79,1123,72,1510,599,23.9,36.8,1.0774
89,1086548400000,1.3,906,NaN,6.6,838,117,1084,88,1547,694,23.7,36.8,1.0609
89,1086552000000,1.6,904,NaN,7.6,882,127,1048,94,1549,744,22.5,37.8,1.0157
89,1086555600000,1.4,877,NaN,7.0,858,118,1080,89,1535,724,21.8,39.2,1.0115
89,1086559200000,1.7,918,NaN,7.5,879,130,1030,96,1569,804,20.9,42.6,1.04
89,1086562800000,1.7,930,NaN,8.4,914,131,991,98,1631,862,20.0,45.6,1.0555
90,1086566400000,1.4,870,NaN,7.0,858,102,1061,95,1557,811,19.3,47.9,1.059
90,1086570000000,0.8,793,NaN,3.9,703,48,1222,64,1439,627,18.7,49.0,1.0462
90,1086573600000,0.4,760,NaN,2.6,626,22,1263,38,1386,575,17.8,54.1,1.0938
90,1086577200000,0.3,733,NaN,2.0,588,NaN,1281,NaN,1394,589,18.6,52.7,1.1206
90,1086580800000,NaN,726,NaN,2.1,591,22,1263,34,1386,579,17.2,57.9,1.127
90,1086584400000,0.5,732,NaN,2.4,613,44,1273,40,1413,605,18.2,54.1,1.1155
90,1086588000000,1.5,933,NaN,9.6,962,167,867,76,1705,974,17.3,57.6,1.1289
90,1086591600000,2.6,1061,NaN,15.4,1162,220,777,90,1898,1132,19.9,49.4,1.1354
90,1086595200000,4.3,1201,NaN,25.0,1428,285,664,118,2249,1378,21.7,44.2,1.1321
90,1086598800000,3.1,1065,NaN,15.1,1151,272,801,118,1894,1160,23.5,40.0,1.1386
90,1086602400000,2.9,1075,NaN,17.4,1222,238,774,122,1943,1213,28.4,29.7,1.1345
90,1086606000000,2.5,998,NaN,14.1,1119,207,832,120,1780,1057,31.6,24.1,1.0994
90,1086609600000,1.9,922,NaN,11.8,1042,152,887,132,1744,832,31.3,24.1,1.0816
90,1086613200000,2.5,1023,NaN,14.9,1147,185,829,115,1842,983,34.4,20.4,1.0857
90,1086616800000,2.5,1039,NaN,16.0,1180,184,833,127,1815,1047,33.7,21.3,1.0988
90,1086620400000,2.8,1054,NaN,16.5,1195,205,815,126,1848,1078,35.9,18.9,1.0999
90,1086624000000,2.3,1022,NaN,15.2,1155,172,871,113,1840,979,34.3,19.4,1.0279
90,1086627600000,3.3,1082,NaN,18.9,1266,227,788,124,1910,1139,33.5,19.9,1.0112
90,1086631200000,2.8,1056,NaN,19.0,1268,187,786,108,1896,1111,30.5,24.2,1.0386
90,1086634800000,4.8,1243,NaN,28.9,1524,290,647,142,2281,1470,30.3,26.2,1.1161
90,1086638400000,2.5,1029,NaN,13.4,1097,155,825,125,1827,980,27.0,36.7,1.2898
90,1086642000000,2.0,1004,NaN,10.9,1011,108,867,116,1754,893,24.6,41.9,1.2752
90,1086645600000,1.8,979,NaN,8.9,937,94,919,101,1683,858,23.3,44.5,1.2566
90,1086649200000,1.7,972,NaN,8.5,919,103,934,101,1668,904,22.4,46.9,1.2544
91,1086652800000,1.3,942,NaN,6.7,846,78,980,92,1615,905,21.7,50.8,1.3019
91,1086656400000,0.7,825,NaN,4.2,720,38,1129,55,1511,678,21.0,51.9,1.2794
91,1086660000000,0.5,780,NaN,2.5,621,26,1277,42,1452,586,20.5,54.3,1.2926
91,1086663600000,0.4,746,NaN,1.7,565,NaN,1369,NaN,1423,608,20.9,52.5,1.2852
91,1086667200000,0.3,734,NaN,1.4,538,19,1449,30,1400,514,21.0,53.1,1.3031
91,1086670800000,0.5,785,NaN,2.8,640,35,1265,40,1467,588,19.6,57.1,1.2851
91,1086674400000,1.4,946,NaN,8.8,931,126,917,69,1745,884,18.2,62.3,1.2903
91,1086678000000,3.3,1201,NaN,19.4,1279,309,683,100,2144,1338,19.5,57.7,1.2966
91,1086681600000,5.8,1377,NaN,36.1,1688,376,525,125,2746,1708,21.6,51.7,1.313
91,1086685200000,5.0,1346,NaN,27.1,1481,441,602,174,2367,1681,23.9,44.4,1.3029
91,1086688800000,3.5,1230,NaN,19.0,1268,309,698,171,2049,1509,28.1,35.2,1.312
91,1086692400000,2.9,1160,NaN,16.9,1208,220,728,149,1925,1330,31.4,28.6,1.298
91,1086696000000,2.5,1146,NaN,15.7,1171,168,761,124,1902,1138,33.7,25.5,1.3095
91,1086699600000,2.3,1078,NaN,14.1,1121,149,818,119,1806,963,35.9,20.8,1.2103
91,1086703200000,2.4,1111,NaN,16.5,1194,160,794,130,1875,1015,37.5,18.1,1.1529
91,1086706800000,2.6,1083,NaN,14.8,1141,177,825,143,1793,1008,37.7,17.7,1.1383
91,1086710400000,2.2,1056,NaN,13.0,1083,NaN,865,NaN,1723,898,37.8,17.4,1.1219
91,1086714000000,3.5,1220,NaN,21.4,1334,176,695,183,2066,1215,36.6,20.6,1.2445
91,1086717600000,3.9,1268,NaN,23.6,1393,202,650,161,2144,1334,32.5,26.0,1.2502
91,1086721200000,4.5,1256,NaN,25.0,1430,255,660,170,2151,1380,30.8,27.2,1.1832
91,1086724800000,3.8,1213,NaN,21.6,1341,210,683,143,2090,1601,28.8,30.2,1.1761
91,1086728400000,2.8,1145,NaN,15.7,1170,157,751,123,1894,1376,26.7,35.4,1.2233
91,1086732000000,1.7,1050,NaN,10.9,1011,96,836,89,1739,1161,25.3,40.7,1.291
91,1086735600000,1.2,972,NaN,8.1,902,59,933,67,1647,878,24.9,41.2,1.2809
92,1086739200000,1.6,1020,NaN,10.2,984,81,853,81,1753,1031,23.7,45.1,1.3033
92,1086742800000,1.0,934,NaN,7.5,878,40,940,54,1644,847,22.5,49.0,1.3151
92,1086746400000,0.9,914,NaN,5.8,801,42,965,57,1609,908,22.3,50.6,1.3486
92,1086750000000,0.5,824,NaN,3.8,698,NaN,1107,NaN,1517,733,22.0,50.5,1.3199
92,1086753600000,0.5,817,NaN,3.3,672,31,1113,51,1501,751,20.8,54.4,1.3229
92,1086757200000,0.5,833,NaN,4.0,708,54,1084,58,1525,799,20.3,56.0,1.3204
92,1086760800000,1.0,935,NaN,8.1,905,88,899,69,1675,954,20.5,54.8,1.3073
92,1086764400000,3.5,1297,NaN,22.3,1359,261,630,107,2214,1425,21.7,50.6,1.2981
92,1086768000000,6.4,1496,NaN,36.9,1705,357,507,151,2691,2147,23.4,46.1,1.3091
92,1086771600000,2.9,1201,NaN,17.5,1224,265,701,146,1987,1532,25.1,43.0,1.3488
92,1086775200000,3.4,1267,NaN,19.3,1276,247,676,165,2059,1570,30.1,32.8,1.3795
92,1086778800000,2.8,1224,NaN,17.6,1228,189,711,159,1972,1380,34.7,25.9,1.4069
92,1086782400000,2.8,1247,NaN,18.6,1257,168,701,174,2000,1337,37.2,23.2,1.4478
92,1086786000000,2.8,1183,NaN,18.0,1241,183,721,167,1937,1308,39.5,18.3,1.2917
92,1086789600000,2.3,1078,NaN,14.0,1116,157,815,137,1761,1013,40.6,15.3,1.1485
92,1086793200000,1.8,1076,NaN,10.9,1012,113,894,116,1665,816,40.3,16.1,1.1896
92,1086796800000,2.0,1052,NaN,11.1,1019,140,896,125,1610,836,40.3,14.2,1.0494
92,1086800400000,3.5,1287,NaN,21.6,1340,230,699,194,2008,1267,39.6,16.7,1.1867
92,1086804000000,4.9,1460,NaN,27.6,1493,277,586,222,2288,1649,37.3,23.4,1.4672
92,1086807600000,4.6,1357,NaN,25.6,1445,295,620,206,2195,1622,33.7,27.7,1.4213
92,1086811200000,3.4,1234,NaN,18.6,1257,212,695,162,2019,1349,30.7,32.2,1.3983
92,1086814800000,2.7,1151,NaN,15.2,1154,151,747,132,1894,1186,28.4,35.7,1.3549
92,1086818400000,1.9,1065,NaN,11.7,1038,110,805,107,1763,1026,26.5,38.6,1.3154
92,1086822000000,1.5,984,NaN,8.7,929,83,917,84,1654,817,25.4,40.1,1.2822
93,1086825600000,1.0,938,NaN,7.6,881,48,956,61,1607,662,24.1,43.3,1.2839
93,1086829200000,0.7,878,NaN,5.2,774,27,1065,42,1527,552,23.9,45.6,1.3328
93,1086832800000,1.0,919,NaN,5.9,807,48,967,66,1598,775,22.0,52.8,1.3752
93,1086836400000,0.6,836,NaN,4.0,709,NaN,1085,NaN,1498,646,20.7,56.1,1.3565
93,1086840000000,NaN,814,NaN,3.3,673,33,1138,50,1488,647,20.1,57.3,1.3352
93,1086843600000,0.9,872,NaN,5.4,782,75,1001,76,1607,874,19.5,59.4,1.3328
93,1086847200000,1.2,949,NaN,8.7,929,101,887,78,1711,973,20.0,56.6,1.3095
93,1086850800000,2.9,1227,NaN,19.9,1292,214,661,104,2087,1327,21.7,53.9,1.3848
93,1086854400000,4.8,1360,NaN,30.4,1561,290,545,139,2525,1626,23.7,49.0,1.4152
93,1086858000000,4.3,1318,NaN,24.6,1420,311,586,166,2316,1640,25.9,44.3,1.4544
93,1086861600000,3.1,1196,NaN,16.9,1208,234,705,151,1981,1341,30.1,34.3,1.4414
93,1086865200000,2.4,1152,NaN,13.6,1102,157,770,134,1868,1113,33.5,27.2,1.3859
93,1086868800000,2.8,1220,NaN,15.3,1157,165,715,148,1935,1224,35.4,26.1,1.4806
93,1086872400000,2.5,1182,NaN,14.1,1120,137,735,126,1893,1095,37.9,23.2,1.502
93,1086876000000,2.6,1167,NaN,17.0,1210,149,719,144,1944,1152,39.7,18.7,1.3306
93,1086879600000,2.3,1142,NaN,13.8,1109,140,782,133,1789,1047,40.4,17.2,1.2774
93,1086883200000,2.4,1157,NaN,13.6,1105,139,779,139,1792,982,40.0,18.8,1.363
93,1086886800000,3.5,1274,NaN,21.2,1329,221,670,178,2054,1320,38.9,18.8,1.29
93,1086890400000,4.8,1372,NaN,25.9,1451,318,631,206,2183,1541,35.8,22.1,1.2792
93,1086894000000,5.1,1373,NaN,25.4,1440,363,635,211,2183,1510,33.1,25.9,1.2923
93,1086897600000,4.7,1290,NaN,23.6,1393,341,655,180,2146,1511,30.9,28.2,1.2388
93,1086901200000,2.4,1056,NaN,12.0,1051,163,826,116,1758,1078,27.5,32.6,1.176
93,1086904800000,2.5,1116,NaN,14.2,1123,157,768,118,1826,1235,26.3,34.3,1.1605
93,1086908400000,2.7,1106,NaN,14.2,1122,202,783,115,1813,1202,25.5,34.1,1.0968
94,1086912000000,1.5,1018,NaN,10.4,992,102,839,96,1710,1103,24.7,39.3,1.2065
94,1086915600000,1.1,919,NaN,7.5,880,70,915,86,1628,1013,24.2,39.5,1.1764
94,1086919200000,0.6,807,NaN,3.5,681,41,1092,65,1435,765,24.8,37.8,1.1639
94,1086922800000,0.5,787,NaN,2.5,620,NaN,1176,NaN,1403,618,22.7,43.8,1.1952
94,1086926400000,0.4,789,NaN,2.6,623,36,1146,53,1407,663,22.0,44.3,1.1553
94,1086930000000,0.6,825,NaN,4.0,709,68,1050,74,1491,813,19.3,51.4,1.1364
94,1086933600000,1.0,912,NaN,7.0,858,92,923,69,1608,894,19.8,50.4,1.1525
94,1086937200000,4.6,1339,NaN,24.8,1425,332,595,131,2264,1495,20.5,48.2,1.1474
94,1086940800000,4.8,1355,NaN,28.9,1526,333,567,134,2397,1658,22.8,42.7,1.1667
94,1086944400000,4.0,1250,NaN,21.5,1336,298,632,148,2104,1506,25.6,35.8,1.1548
94,1086948000000,NaN,1105,NaN,12.9,1079,NaN,788,NaN,1774,1168,30.0,27.5,1.1509
94,1086951600000,2.0,1076,NaN,12.2,1055,146,817,NaN,1734,993,34.4,21.0,1.1248
94,1086955200000,2.0,1096,NaN,13.1,1087,120,801,111,1759,910,35.9,19.6,1.1422
94,1086958800000,2.0,1093,NaN,13.3,1094,108,797,110,1769,912,37.2,18.2,1.1389
94,1086962400000,1.9,1027,NaN,12.5,1066,109,837,110,1689,814,37.3,16.6,1.0435
94,1086966000000,1.9,1026,NaN,13.0,1085,124,848,116,1654,1341,37.4,14.9,0.9413
94,1086969600000,1.9,1015,NaN,12.3,1062,127,877,120,1668,847,36.4,15.1,0.9005
94,1086973200000,2.6,1028,NaN,15.2,1155,185,832,142,1691,925,35.4,14.7,0.8323
94,1086976800000,3.2,1074,NaN,19.1,1270,230,776,146,1833,1087,34.2,14.2,0.7502
94,1086980400000,3.4,1124,NaN,19.7,1289,265,765,153,1863,1132,31.1,18.7,0.8302
94,1086984000000,3.4,1111,NaN,18.6,1256,261,765,158,1851,1197,29.1,22.0,0.8702
94,1086987600000,2.9,1062,NaN,16.1,1183,219,794,140,1731,1229,27.2,22.5,0.7962
94,1086991200000,2.7,1072,NaN,15.0,1148,180,805,127,1683,1171,25.3,24.6,0.7796
94,1086994800000,1.3,936,NaN,7.3,871,108,990,97,1430,921,24.9,27.2,0.8429
95,1086998400000,1.3,988,NaN,8.9,937,98,894,91,1543,1008,23.5,32.2,0.922
95,1087002000000,0.9,924,NaN,6.6,839,57,957,68,1453,849,23.5,32.7,0.9349
95,1087005600000,0.6,839,NaN,4.3,725,36,1052,52,1368,668,24.1,32.0,0.9467
95,1087009200000,0.5,826,NaN,3.2,666,NaN,1109,NaN,1349,641,22.6,34.8,0.9441
95,1087012800000,0.5,853,NaN,4.1,716,45,1047,58,1414,707,20.8,40.2,0.9725
95,1087016400000,0.9,918,NaN,6.0,810,87,936,78,1524,939,18.8,46.6,1.0027
95,1087020000000,0.7,890,NaN,5.6,791,62,950,61,1489,886,19.8,46.0,1.0524
95,1087023600000,0.6,865,NaN,4.8,752,65,996,64,1451,837,21.3,42.3,1.0625
95,1087027200000,1.3,1003,NaN,8.9,937,125,850,81,1622,1005,21.3,41.8,1.0449
95,1087030800000,1.9,1123,NaN,13.1,1088,157,746,92,1789,1191,24.0,36.6,1.0772
95,1087034400000,2.1,1146,NaN,14.1,1119,171,746,101,1823,1200,27.2,30.7,1.0884
95,1087038000000,1.8,1110,NaN,11.2,1021,119,820,96,1724,971,32.3,23.6,1.1271
95,1087041600000,1.8,1126,NaN,10.0,979,110,849,101,1700,907,31.9,25.8,1.2023
95,1087045200000,1.6,1067,NaN,9.6,962,95,860,91,1658,802,35.1,21.8,1.2093
95,1087048800000,1.2,1008,NaN,7.2,866,58,937,68,1573,695,36.0,20.5,1.1995
95,1087052400000,1.2,1062,NaN,8.6,924,69,892,76,1683,777,37.0,20.1,1.2423
95,1087056000000,1.4,1082,NaN,9.0,939,76,869,84,1678,818,36.4,21.0,1.2515
95,1087059600000,1.3,1042,NaN,7.9,897,63,901,76,1605,681,35.2,22.6,1.267
95,1087063200000,1.1,1022,NaN,6.2,823,51,964,61,1599,631,32.5,27.6,1.3229
95,1087066800000,1.1,1024,NaN,6.3,828,46,936,52,1601,641,29.1,35.1,1.3919
95,1087070400000,1.1,1048,NaN,6.3,828,52,922,59,1618,683,26.9,39.7,1.3898
95,1087074000000,1.8,1153,NaN,11.2,1022,84,765,89,1806,1013,26.1,42.2,1.4039
95,1087077600000,2.3,1195,NaN,12.8,1077,130,731,113,1860,1151,25.5,43.8,1.4095
95,1087081200000,2.6,1245,NaN,13.2,1091,147,734,112,1870,1134,24.9,45.6,1.4135
96,1087084800000,2.0,1086,NaN,9.2,946,126,847,89,1729,945,25.2,45.2,1.4262
96,1087088400000,1.0,972,NaN,5.8,804,47,955,53,1620,734,25.4,45.5,1.457
96,1087092000000,0.6,880,NaN,3.4,677,24,1109,36,1500,554,26.2,43.6,1.4599
96,1087095600000,0.6,906,NaN,4.1,719,NaN,1050,NaN,1561,612,24.3,48.2,1.4476
96,1087099200000,0.5,879,NaN,3.1,658,25,1121,39,1511,564,24.4,48.3,1.4499
96,1087102800000,0.4,842,NaN,2.2,597,21,1237,33,1444,512,23.3,51.0,1.4346
96,1087106400000,0.4,797,NaN,1.5,543,25,1466,37,1347,410,21.6,48.1,1.2259
96,1087110000000,0.4,796,NaN,1.3,526,25,1534,36,1322,392,21.4,47.8,1.2005
96,1087113600000,0.4,767,NaN,1.2,520,30,1526,42,1287,377,20.5,46.8,1.1152
96,1087117200000,0.5,784,NaN,1.7,562,42,1460,52,1286,389,20.8,40.7,0.9882
96,1087120800000,0.6,811,NaN,2.5,622,52,1315,60,1307,432,22.3,35.3,0.9371
96,1087124400000,0.7,838,NaN,2.5,620,62,1292,74,1325,502,21.7,38.3,0.9842
96,1087128000000,0.7,821,NaN,2.7,632,67,1295,65,1302,469,24.4,29.6,0.8921
96,1087131600000,0.6,793,NaN,1.9,579,47,1380,52,1303,427,23.4,34.9,0.991
96,1087135200000,0.5,794,NaN,1.8,567,35,1426,40,1306,406,23.5,35.2,1.0019
96,1087138800000,0.6,821,NaN,2.4,614,45,1309,49,1350,430,22.4,39.0,1.04
96,1087142400000,0.8,849,NaN,2.6,628,53,1274,56,1379,453,22.0,41.7,1.0865
96,1087146000000,0.8,852,NaN,3.0,651,57,1246,59,1387,470,21.7,42.7,1.0949
96,1087149600000,1.0,847,NaN,2.9,645,71,1245,68,1364,480,20.7,43.4,1.047
96,1087153200000,1.0,849,NaN,3.5,682,67,1215,72,1378,472,20.3,42.6,1.0045
96,1087156800000,1.0,865,NaN,3.6,687,75,1191,78,1388,521,20.3,44.1,1.0392
96,1087160400000,0.9,848,NaN,3.6,689,65,1180,71,1403,520,20.1,45.2,1.0538
96,1087164000000,0.7,807,NaN,2.3,606,45,1340,54,1337,440,19.8,45.7,1.0424
96,1087167600000,0.8,814,NaN,2.6,627,46,1305,57,1351,446,19.6,45.3,1.0244
97,1087171200000,0.7,785,NaN,2.0,582,33,1377,45,1311,417,19.4,45.9,1.0242
97,1087174800000,0.5,748,NaN,1.2,515,19,1580,30,1261,381,19.7,44.8,1.0172
97,1087178400000,0.3,716,NaN,0.7,461,9,1795,16,1235,350,19.5,46.3,1.0363
97,1087182000000,0.3,708,NaN,0.5,437,NaN,1941,NaN,1227,334,19.0,49.0,1.063
97,1087185600000,NaN,724,NaN,0.5,448,12,1917,18,1256,346,19.1,50.7,1.109
97,1087189200000,0.3,748,NaN,0.8,477,21,1703,28,1301,380,19.1,52.7,1.1545
97,1087192800000,0.7,888,NaN,3.5,683,66,1196,62,1483,563,20.3,49.3,1.1596
97,1087196400000,1.5,973,NaN,7.0,858,137,941,92,1584,779,21.1,46.2,1.1389
97,1087200000000,1.8,993,NaN,8.7,927,151,886,96,1665,842,21.5,44.5,1.129
97,1087203600000,1.4,929,NaN,6.3,825,115,992,87,1561,692,22.4,43.6,1.1637
97,1087207200000,1.5,962,NaN,7.0,858,118,941,84,1613,779,24.8,39.1,1.2039
97,1087210800000,1.2,906,NaN,5.5,786,95,1026,73,1538,633,23.9,42.1,1.2335
97,1087214400000,1.2,915,NaN,5.3,776,86,1029,72,1544,616,25.5,38.3,1.2328
97,1087218000000,1.3,928,NaN,5.5,787,85,1012,68,1585,606,25.4,39.2,1.2534
97,1087221600000,1.0,855,NaN,3.8,698,66,1134,62,1449,526,25.6,37.0,1.2006
97,1087225200000,1.4,920,NaN,5.4,783,74,1046,70,1550,588,24.5,38.4,1.1669
97,1087228800000,1.6,917,NaN,6.7,842,108,985,83,1563,674,23.9,39.9,1.1639
97,1087232400000,2.7,1072,NaN,12.2,1057,150,812,92,1820,885,24.2,39.2,1.1665
97,1087236000000,2.3,1000,NaN,10.2,985,157,846,103,1726,879,23.5,41.2,1.1759
97,1087239600000,1.5,914,NaN,6.7,845,93,972,82,1583,703,22.3,44.9,1.1973
97,1087243200000,1.4,888,NaN,5.7,799,76,1023,74,1531,637,21.7,46.5,1.1917
97,1087246800000,1.0,851,NaN,4.1,718,57,1134,67,1471,561,22.0,44.9,1.1699
97,1087250400000,1.1,870,NaN,4.7,749,64,1096,74,1487,612,22.2,44.1,1.1654
97,1087254000000,1.2,883,NaN,5.2,773,59,1062,72,1514,621,21.8,45.6,1.1763
98,1087257600000,1.2,886,NaN,5.1,767,68,1055,79,1532,702,21.6,46.0,1.1742
98,1087261200000,0.7,792,NaN,2.8,637,31,1249,43,1400,559,21.6,45.8,1.1715
98,1087264800000,0.5,754,NaN,1.4,535,21,1490,33,1335,435,20.7,48.3,1.168
98,1087268400000,0.4,732,NaN,1.0,503,NaN,1525,NaN,1321,441,21.0,47.1,1.1546
98,1087272000000,0.4,770,NaN,2.0,586,24,1326,38,1392,527,20.8,48.5,1.18
98,1087275600000,0.5,797,NaN,3.0,654,38,1097,51,1450,720,20.8,49.4,1.1994
98,1087279200000,1.0,915,NaN,7.5,877,92,897,69,1651,937,19.9,51.8,1.1911
98,1087282800000,4.4,1287,NaN,24.7,1423,311,610,116,2319,1482,20.9,49.3,1.2049
98,1087286400000,4.0,1195,NaN,24.8,1424,260,609,119,2244,1489,23.7,39.9,1.1508
98,1087290000000,2.4,1003,NaN,10.9,1009,181,823,96,1710,1015,25.3,35.8,1.1421
98,1087293600000,2.1,1037,NaN,11.9,1046,177,838,109,1763,1004,28.8,29.1,1.1349
98,1087297200000,2.7,1114,NaN,16.0,1181,180,747,115,1928,1129,30.3,26.9,1.1399
98,1087300800000,2.8,1085,NaN,15.7,1171,174,767,118,1863,1068,32.8,23.3,1.138
98,1087304400000,2.3,1024,NaN,13.1,1087,140,824,118,1745,924,33.9,21.4,1.1135
98,1087308000000,2.0,1017,NaN,12.2,1057,122,859,112,1698,861,35.3,19.6,1.1036
98,1087311600000,2.6,1053,NaN,15.8,1173,189,785,140,1808,981,34.0,20.8,1.0898
98,1087315200000,2.7,1065,NaN,16.6,1198,169,766,137,1852,1043,35.3,18.8,1.0572
98,1087318800000,3.1,1136,NaN,18.4,1250,172,722,143,1940,1124,32.6,24.1,1.1688
98,1087322400000,3.1,1100,NaN,16.7,1202,154,732,148,1856,1004,30.8,28.7,1.2507
98,1087326000000,3.6,1143,NaN,20.8,1319,192,673,158,2001,1190,28.7,31.2,1.2099
98,1087329600000,2.9,1083,NaN,15.3,1157,160,742,127,1884,1072,26.8,35.1,1.2201
98,1087333200000,2.2,1009,NaN,11.5,1034,110,806,109,1763,925,25.3,39.4,1.2524
98,1087336800000,2.0,969,NaN,10.1,983,97,853,101,1680,862,23.9,40.9,1.1966
98,1087340400000,2.1,1029,NaN,10.4,993,124,816,114,1728,969,23.0,44.4,1.2354
99,1087344000000,1.9,1064,NaN,9.4,956,108,812,104,1770,932,22.2,53.9,1.4237
99,1087347600000,1.4,986,NaN,6.9,853,61,865,81,1645,794,20.9,59.8,1.4659
99,1087351200000,0.8,872,NaN,4.0,709,34,1034,51,1522,599,21.3,58.1,1.457
99,1087354800000,0.6,840,NaN,3.0,654,NaN,1124,NaN,1489,614,20.8,58.4,1.4189
99,1087358400000,0.6,812,NaN,2.6,626,24,1134,40,1471,625,20.3,58.9,1.3878
99,1087362000000,0.5,810,NaN,2.4,612,27,1163,34,1462,595,21.3,54.5,1.3682
99,1087365600000,1.0,936,NaN,6.8,849,70,882,61,1640,886,20.6,57.4,1.3753
99,1087369200000,2.7,1244,NaN,18.9,1265,176,640,95,2084,1257,21.3,56.9,1.4226
99,1087372800000,5.0,1440,NaN,30.2,1556,310,517,142,2530,1561,22.9,52.4,1.4442
99,1087376400000,3.3,1180,NaN,14.9,1145,221,713,128,1929,1191,24.1,46.5,1.3802
99,1087380000000,2.4,1126,NaN,12.2,1058,168,765,115,1879,1061,27.1,38.8,1.3705
99,1087383600000,1.7,1005,NaN,8.3,910,109,881,84,1670,751,28.4,34.4,1.314
99,1087387200000,1.7,1032,NaN,9.0,940,102,862,85,1703,733,30.1,30.9,1.2958
99,1087390800000,2.4,1087,NaN,13.7,1106,129,755,110,1839,906,32.7,25.8,1.2547
99,1087394400000,2.2,1090,NaN,14.1,1119,117,756,107,1811,902,32.4,25.7,1.2271
99,1087398000000,2.2,1072,NaN,12.0,1050,112,802,107,1748,836,33.6,24.4,1.2472
99,1087401600000,2.3,1101,NaN,12.2,1057,122,797,113,1772,863,33.0,26.0,1.2877
99,1087405200000,2.6,1111,NaN,13.1,1086,114,787,107,1802,824,33.2,23.7,1.1855
99,1087408800000,2.3,1048,NaN,12.6,1070,111,807,106,1737,842,31.3,25.4,1.1415
99,1087412400000,3.3,1197,NaN,18.3,1249,158,698,125,1986,1132,28.3,31.7,1.1968
99,1087416000000,3.5,1173,NaN,17.2,1217,202,695,139,1930,1175,26.5,35.0,1.1981
99,1087419600000,2.5,1075,NaN,12.9,1079,166,764,117,1798,1111,24.4,40.0,1.2079
99,1087423200000,2.5,1067,NaN,13.7,1106,143,745,107,1840,1125,23.3,43.4,1.2251
99,1087426800000,2.4,1060,NaN,13.4,1099,122,742,98,1838,1077,22.5,45.3,1.2226
100,1087430400000,2.5,1081,NaN,13.5,1099,113,749,97,1854,1087,21.8,47.8,1.2325
100,1087434000000,2.1,1017,NaN,9.9,975,109,822,95,1722,1014,20.9,51.0,1.2446
100,1087437600000,1.0,836,NaN,4.4,734,53,1035,68,1501,801,20.8,51.7,1.2572
100,1087441200000,0.8,831,NaN,4.3,727,NaN,1038,NaN,1522,802,19.3,57.1,1.2661
100,1087444800000,NaN,804,NaN,3.3,668,32,1102,51,1479,753,18.8,58.6,1.2581
100,1087448400000,0.5,798,NaN,3.4,677,35,1092,44,1473,696,20.2,53.8,1.2569
100,1087452000000,1.3,966,NaN,9.3,951,123,812,77,1735,996,18.3,60.8,1.2635
100,1087455600000,3.6,1277,NaN,23.4,1388,254,611,100,2241,1513,20.2,54.5,1.2777
100,1087459200000,4.8,1335,NaN,27.7,1496,300,562,125,2385,1598,21.9,49.9,1.2957
100,1087462800000,3.7,1297,NaN,22.1,1353,281,588,154,2128,1690,25.2,43.0,1.3548
100,1087466400000,1.9,1041,NaN,10.0,979,169,837,125,1705,1053,28.0,36.6,1.3603
100,1087470000000,1.7,1027,NaN,8.9,936,152,867,117,1696,931,27.1,38.3,1.3548
100,1087473600000,1.9,1037,NaN,9.8,969,127,841,105,1728,865,27.4,37.0,1.3319
100,1087477200000,1.8,1014,NaN,9.4,954,118,865,103,1697,818,29.4,32.9,1.3244
100,1087480800000,1.7,1007,NaN,9.8,971,120,866,106,1682,802,31.3,28.7,1.2885
100,1087484400000,1.8,998,NaN,9.5,958,125,881,107,1657,778,31.5,28.7,1.3058
100,1087488000000,1.7,1014,NaN,9.5,958,117,878,102,1684,767,30.9,30.3,1.3306
100,1087491600000,2.8,1157,NaN,15.4,1160,166,738,124,1936,1000,31.4,30.3,1.3689
100,1087495200000,3.6,1225,NaN,19.4,1281,180,683,133,2082,1143,30.7,31.4,1.3686
100,1087498800000,3.3,1131,NaN,16.5,1194,172,726,125,1907,1009,29.0,33.4,1.3169
100,1087502400000,2.9,1111,NaN,14.3,1126,160,754,124,1883,1076,27.3,37.5,1.342
100,1087506000000,1.7,976,NaN,8.2,909,103,878,97,1675,830,25.8,40.9,1.3389
100,1087509600000,1.7,1016,NaN,8.7,929,87,868,94,1724,853,25.2,43.0,1.358
100,1087513200000,2.8,1177,NaN,15.2,1156,147,684,120,1983,1310,24.6,45.8,1.394
101,1087516800000,1.8,1013,NaN,10.6,999,120,791,105,1751,1119,24.0,47.3,1.3914
101,1087520400000,1.0,886,NaN,6.0,813,63,936,81,1592,918,23.5,48.3,1.3777
101,1087524000000,0.5,791,NaN,3.1,658,30,1140,43,1467,609,24.0,45.8,1.3467
101,1087527600000,0.4,762,NaN,2.5,618,NaN,1214,NaN,1431,516,22.2,50.7,1.3405
101,1087531200000,0.3,740,NaN,1.8,568,19,1259,32,1404,510,22.8,48.1,1.3184
101,1087534800000,0.4,775,NaN,2.6,628,27,1178,36,1437,554,21.9,50.1,1.3002
101,1087538400000,0.8,872,NaN,6.5,833,65,947,59,1598,760,20.4,54.1,1.28
101,1087542000000,2.2,1123,NaN,14.5,1134,169,711,92,1922,1170,20.8,52.6,1.2758
101,1087545600000,4.4,1306,NaN,28.8,1522,244,535,121,2450,1545,22.8,47.9,1.3156
101,1087549200000,3.7,1237,NaN,21.3,1332,274,605,151,2157,1508,25.2,42.9,1.3552
101,1087552800000,2.5,1143,NaN,14.9,1146,202,701,142,1917,1292,29.3,34.8,1.397
101,1087556400000,2.5,1170,NaN,15.6,1168,186,703,141,1949,1287,33.3,27.8,1.4013
101,1087560000000,2.3,1116,NaN,14.3,1128,153,739,129,1856,1042,34.9,24.9,1.363
101,1087563600000,2.0,1054,NaN,12.6,1069,112,785,106,1766,817,36.1,22.7,1.3324
101,1087567200000,2.0,1083,NaN,13.4,1097,117,765,125,1810,847,37.6,21.1,1.3478
101,1087570800000,2.1,1078,NaN,12.6,1069,109,782,126,1780,806,37.3,21.9,1.3761
101,1087574400000,2.4,1104,NaN,14.8,1143,133,747,147,1840,896,37.2,21.6,1.3514
101,1087578000000,3.1,1170,NaN,18.6,1257,185,693,180,1956,1069,35.6,23.4,1.341
101,1087581600000,2.9,1091,NaN,16.7,1201,167,738,164,1834,945,33.1,24.3,1.2087
101,1087585200000,3.5,1216,NaN,20.8,1318,218,673,180,2043,1168,30.5,29.5,1.2635
101,1087588800000,2.9,1125,NaN,16.0,1179,171,719,153,1921,1065,28.7,35.8,1.3834
101,1087592400000,1.5,971,NaN,7.6,881,78,916,105,1635,672,26.6,42.2,1.4452
101,1087596000000,1.7,1062,NaN,10.2,984,84,816,98,1796,842,25.2,46.6,1.4733
101,1087599600000,2.2,1140,NaN,13.8,1109,110,714,107,1892,1123,24.7,47.7,1.4649
102,1087603200000,1.6,1038,NaN,10.4,992,87,802,87,1731,1007,24.4,47.4,1.4301
102,1087606800000,1.0,935,NaN,6.5,836,58,909,80,1604,855,23.3,49.9,1.4135
102,1087610400000,0.6,861,NaN,4.3,729,39,1043,62,1528,689,23.8,47.3,1.3783
102,1087614000000,0.6,839,NaN,3.4,678,NaN,1062,NaN,1478,622,22.9,50.2,1.3808
102,1087617600000,0.6,850,NaN,3.9,703,38,1021,54,1511,658,21.2,55.0,1.3689
102,1087621200000,0.5,817,NaN,3.0,651,41,1109,56,1472,628,21.7,52.6,1.35
102,1087624800000,0.5,825,NaN,3.2,667,47,1079,62,1475,659,22.8,48.9,1.3424
102,1087628400000,0.9,921,NaN,5.6,792,72,943,72,1595,799,23.5,47.6,1.3611
102,1087632000000,1.4,1031,NaN,9.1,945,100,806,86,1697,964,24.6,44.9,1.3661
102,1087635600000,1.6,1092,NaN,9.7,967,104,801,99,1774,910,27.0,39.9,1.402
102,1087639200000,1.6,1095,NaN,8.6,923,109,843,98,1736,999,29.3,35.9,1.4411
102,1087642800000,1.7,1097,NaN,9.6,964,103,822,102,1743,853,31.2,32.4,1.4517
102,1087646400000,1.7,1101,NaN,9.8,972,75,819,84,1714,752,34.4,26.6,1.423
102,1087650000000,1.5,1060,NaN,10.3,991,72,833,83,1718,778,36.1,22.1,1.3004
102,1087653600000,1.2,NaN,NaN,NaN,NaN,56,NaN,68,NaN,NaN,NaN,NaN,NaN
102,1087657200000,1.2,NaN,NaN,NaN,NaN,51,NaN,63,NaN,NaN,NaN,NaN,NaN
102,1087660800000,1.1,NaN,NaN,NaN,NaN,52,NaN,65,NaN,NaN,NaN,NaN,NaN
102,1087664400000,1.0,NaN,NaN,NaN,NaN,46,NaN,63,NaN,NaN,NaN,NaN,NaN
102,1087668000000,1.1,NaN,NaN,NaN,NaN,44,NaN,56,NaN,NaN,NaN,NaN,NaN
102,1087671600000,1.6,NaN,NaN,NaN,NaN,72,NaN,77,NaN,NaN,NaN,NaN,NaN
102,1087675200000,1.7,NaN,NaN,NaN,NaN,88,NaN,91,NaN,NaN,NaN,NaN,NaN
102,1087678800000,1.4,NaN,NaN,NaN,NaN,56,NaN,70,NaN,NaN,NaN,NaN,NaN
102,1087682400000,1.7,NaN,NaN,NaN,NaN,82,NaN,95,NaN,NaN,NaN,NaN,NaN
102,1087686000000,2.4,NaN,NaN,NaN,NaN,125,NaN,113,NaN,NaN,NaN,NaN,NaN
103,1087689600000,2.3,NaN,NaN,NaN,NaN,144,NaN,109,NaN,NaN,NaN,NaN,NaN
103,1087693200000,1.2,NaN,NaN,NaN,NaN,54,NaN,65,NaN,NaN,NaN,NaN,NaN
103,1087696800000,1.0,NaN,NaN,NaN,NaN,48,NaN,60,NaN,NaN,NaN,NaN,NaN
103,1087700400000,1.4,NaN,NaN,NaN,NaN,NaN,NaN,NaN,NaN,NaN,NaN,NaN,NaN
103,1087704000000,NaN,NaN,NaN,NaN,NaN,41,NaN,62,NaN,NaN,NaN,NaN,NaN
103,1087707600000,1.0,NaN,NaN,NaN,NaN,40,NaN,60,NaN,NaN,NaN,NaN,NaN
103,1087711200000,0.9,NaN,NaN,NaN,NaN,48,NaN,65,NaN,NaN,NaN,NaN,NaN
103,1087714800000,0.8,NaN,NaN,NaN,NaN,44,NaN,55,NaN,NaN,NaN,NaN,NaN
103,1087718400000,1.0,NaN,NaN,NaN,NaN,59,NaN,66,NaN,NaN,NaN,NaN,NaN
103,1087722000000,1.2,NaN,NaN,NaN,NaN,59,NaN,67,NaN,NaN,NaN,NaN,NaN
103,1087725600000,1.2,NaN,NaN,NaN,NaN,53,NaN,64,NaN,NaN,NaN,NaN,NaN
103,1087729200000,1.0,NaN,NaN,NaN,NaN,42,NaN,59,NaN,NaN,NaN,NaN,NaN
103,1087732800000,1.0,NaN,NaN,NaN,NaN,43,NaN,59,NaN,NaN,NaN,NaN,NaN
103,1087736400000,0.6,NaN,NaN,NaN,NaN,23,NaN,36,NaN,NaN,NaN,NaN,NaN
103,1087740000000,0.7,NaN,NaN,NaN,NaN,22,NaN,35,NaN,NaN,NaN,NaN,NaN
103,1087743600000,0.8,NaN,NaN,NaN,NaN,37,NaN,54,NaN,NaN,NaN,NaN,NaN
103,1087747200000,1.1,NaN,NaN,NaN,NaN,53,NaN,71,NaN,NaN,NaN,NaN,NaN
103,1087750800000,1.4,NaN,NaN,NaN,NaN,68,NaN,86,NaN,NaN,NaN,NaN,NaN
103,1087754400000,2.8,NaN,NaN,NaN,NaN,125,NaN,114,NaN,NaN,NaN,NaN,NaN
103,1087758000000,2.5,NaN,NaN,NaN,NaN,96,NaN,105,NaN,NaN,NaN,NaN,NaN
103,1087761600000,1.6,NaN,NaN,NaN,NaN,75,NaN,87,NaN,NaN,NaN,NaN,NaN
103,1087765200000,1.4,NaN,NaN,NaN,NaN,74,NaN,85,NaN,NaN,NaN,NaN,NaN
103,1087768800000,2.3,NaN,NaN,NaN,NaN,92,NaN,91,NaN,NaN,NaN,NaN,NaN
103,1087772400000,4.2,NaN,NaN,NaN,NaN,136,NaN,108,NaN,NaN,NaN,NaN,NaN
104,1087776000000,3.0,NaN,NaN,NaN,NaN,119,NaN,99,NaN,NaN,NaN,NaN,NaN
104,1087779600000,2.2,NaN,NaN,NaN,NaN,76,NaN,83,NaN,NaN,NaN,NaN,NaN
104,1087783200000,0.6,NaN,NaN,NaN,NaN,21,NaN,36,NaN,NaN,NaN,NaN,NaN
104,1087786800000,0.3,NaN,NaN,NaN,NaN,NaN,NaN,NaN,NaN,NaN,NaN,NaN,NaN
104,1087790400000,0.3,732,NaN,1.5,544,15,1353,24,1367,466,18.9,55.2,1.1895
104,1087794000000,0.5,809,NaN,3.5,681,52,1108,43,1463,609,18.2,57.6,1.193
104,1087797600000,1.3,934,NaN,8.3,911,85,857,64,1639,863,18.6,56.0,1.1865
104,1087801200000,2.5,1132,NaN,17.3,1220,177,691,91,1910,1203,20.8,48.0,1.1702
104,1087804800000,3.7,1221,NaN,23.3,1386,232,626,109,2138,1412,23.3,38.6,1.0919
104,1087808400000,2.5,1024,NaN,13.8,1111,201,770,110,1753,1069,25.1,32.4,1.017
104,1087812000000,1.8,938,NaN,10.2,987,134,862,111,1597,817,27.8,25.8,0.9473
104,1087815600000,1.5,869,NaN,7.9,897,104,965,106,1480,649,29.6,21.0,0.8548
104,1087819200000,1.5,846,NaN,8.8,930,89,947,104,1467,598,30.2,18.0,0.7613
104,1087822800000,1.2,838,NaN,7.2,868,66,1005,76,1454,540,30.1,18.5,0.7747
104,1087826400000,1.4,875,NaN,8.3,912,85,978,84,1504,601,29.5,19.4,0.7872
104,1087830000000,1.6,907,NaN,9.6,961,105,920,102,1564,668,31.1,18.2,0.8079
104,1087833600000,1.6,889,NaN,9.0,939,99,920,102,1492,647,30.3,19.0,0.8103
104,1087837200000,2.2,969,NaN,12.4,1064,132,834,124,1645,816,30.1,19.3,0.8083
104,1087840800000,3.0,1051,NaN,15.3,1157,186,760,147,1787,963,28.6,22.3,0.859
104,1087844400000,3.0,1043,NaN,16.1,1181,174,736,138,1813,1010,26.1,28.3,0.9407
104,1087848000000,2.7,1043,NaN,14.1,1121,149,736,126,1793,967,24.5,35.7,1.0807
104,1087851600000,2.1,1007,NaN,11.4,1027,114,798,112,1737,904,23.1,41.5,1.1582
104,1087855200000,1.6,966,NaN,9.5,959,92,838,95,1686,852,21.8,46.3,1.1913
104,1087858800000,1.3,920,NaN,7.4,875,75,915,80,1594,744,20.9,48.9,1.1945
105,1087862400000,1.1,889,NaN,6.4,831,74,956,79,1570,760,20.5,49.9,1.1903
105,1087866000000,0.7,825,NaN,4.1,715,35,1062,49,1462,613,20.0,50.9,1.1794
105,1087869600000,0.4,758,NaN,1.9,580,22,1215,36,1374,531,22.1,44.3,1.1665
105,1087873200000,0.2,735,NaN,1.4,533,NaN,1338,NaN,1350,493,21.0,47.5,1.1666
105,1087876800000,0.2,719,NaN,1.2,522,24,1385,40,1343,509,19.8,50.3,1.1444
105,1087880400000,0.3,757,NaN,2.2,596,30,1236,37,1381,560,19.0,52.8,1.1489
105,1087884000000,0.9,890,NaN,6.4,831,93,922,67,1594,826,17.8,56.5,1.1375
105,1087887600000,3.1,1181,NaN,18.5,1255,332,632,106,2002,1334,18.2,55.8,1.1529
105,1087891200000,5.0,1332,NaN,30.2,1556,387,523,134,2394,1660,20.6,47.7,1.1448
105,1087894800000,2.8,1128,NaN,14.2,1124,267,717,123,1832,1362,22.8,41.9,1.1496
105,1087898400000,2.8,1128,NaN,14.3,1126,269,725,136,1856,1316,27.1,31.7,1.1147
105,1087902000000,2.1,1064,NaN,12.6,1069,193,766,109,1766,1089,30.4,26.4,1.131
105,1087905600000,3.1,1139,NaN,18.0,1240,239,702,144,1940,1129,31.1,26.2,1.1647
105,1087909200000,3.0,1121,NaN,17.1,1214,232,707,154,1912,1120,31.4,25.3,1.1444
105,1087912800000,2.1,1032,NaN,13.0,1083,152,776,126,1772,916,30.8,26.7,1.168
105,1087916400000,1.7,1040,NaN,11.2,1022,115,826,98,1747,812,31.8,25.6,1.1868
105,1087920000000,2.2,1076,NaN,13.6,1105,169,762,120,1782,959,33.5,22.9,1.1649
105,1087923600000,3.5,1177,NaN,20.5,1310,226,656,145,2011,1189,33.1,23.5,1.1673
105,1087927200000,3.6,1196,NaN,20.2,1303,218,654,139,2017,1199,31.7,25.9,1.1883
105,1087930800000,4.1,1204,NaN,23.1,1381,245,623,148,2085,1283,29.0,30.4,1.2013
105,1087934400000,4.0,1166,NaN,20.3,1304,236,646,139,2016,1291,27.4,33.6,1.2095
105,1087938000000,1.8,959,NaN,9.3,949,104,857,93,1640,949,25.2,36.4,1.1528
105,1087941600000,1.7,1004,NaN,10.5,997,104,813,96,1726,1018,24.0,39.6,1.1662
105,1087945200000,2.4,1050,NaN,13.6,1105,144,729,104,1807,1122,23.8,39.6,1.1558
106,1087948800000,1.2,965,NaN,8.0,900,79,864,83,1631,968,22.9,43.6,1.1974
106,1087952400000,0.8,849,NaN,4.6,744,51,1004,66,1496,806,22.8,43.9,1.202
106,1087956000000,0.5,809,NaN,3.2,666,38,1093,55,1455,714,21.8,47.3,1.2189
106,1087959600000,0.3,777,NaN,2.4,609,NaN,1170,NaN,1405,644,21.7,47.3,1.2135
106,1087963200000,NaN,768,NaN,2.1,591,24,1183,37,1402,606,20.8,50.3,1.2207
106,1087966800000,0.4,768,NaN,2.2,597,30,1155,40,1396,606,21.7,46.8,1.2031
106,1087970400000,1.0,917,NaN,6.7,842,73,934,51,1656,819,20.3,52.3,1.2367
106,1087974000000,3.8,1252,NaN,23.1,1380,305,579,117,2210,1462,20.5,52.3,1.245
106,1087977600000,3.2,1224,NaN,19.0,1268,295,605,110,2046,1478,21.7,49.6,1.2673
106,1087981200000,3.5,1277,NaN,20.1,1300,331,608,136,2090,1598,24.0,43.1,1.2677
106,1087984800000,3.2,1149,NaN,16.4,1192,304,672,152,1944,1449,28.5,31.7,1.2144
106,1087988400000,2.3,1091,NaN,13.0,1082,210,746,119,1790,1221,32.2,25.1,1.189
106,1087992000000,2.2,1053,NaN,13.1,1087,163,763,106,1762,1023,34.9,20.5,1.1279
106,1087995600000,2.1,1023,NaN,11.8,1042,132,796,101,1711,910,35.4,19.9,1.1222
106,1087999200000,1.9,1085,NaN,12.7,1075,126,767,110,1786,913,34.4,22.5,1.205
106,1088002800000,2.4,1116,NaN,14.1,1120,150,724,124,1854,1035,34.8,22.8,1.2488
106,1088006400000,2.5,1111,NaN,14.4,1131,171,735,137,1825,1085,34.3,22.4,1.1907
106,1088010000000,3.6,1210,NaN,20.7,1316,234,645,159,2030,1278,32.5,25.3,1.2165
106,1088013600000,3.9,1250,NaN,21.6,1339,251,616,152,2075,1383,31.3,27.3,1.2234
106,1088017200000,4.4,1297,NaN,24.2,1408,294,595,166,2134,1473,30.2,29.0,1.2224
106,1088020800000,4.8,1313,NaN,21.8,1345,300,603,163,2118,1507,28.5,33.3,1.2775
106,1088024400000,2.5,1146,NaN,13.0,1084,159,713,121,1829,1215,27.3,35.3,1.2606
106,1088028000000,2.8,1199,NaN,15.1,1152,176,685,125,1897,1242,26.1,37.8,1.2575
106,1088031600000,3.2,1274,NaN,16.6,1197,192,626,120,2023,1356,24.7,47.1,1.44
107,1088035200000,2.6,1243,NaN,12.7,1072,152,675,103,1978,1195,23.6,59.8,1.7193
107,1088038800000,1.5,1054,NaN,8.6,923,63,783,64,1793,899,23.3,60.5,1.706
107,1088042400000,1.0,962,NaN,5.3,778,35,929,44,1645,726,23.3,59.4,1.6753
107,1088046000000,0.8,915,NaN,3.6,690,NaN,983,NaN,1570,743,22.9,57.7,1.5902
107,1088049600000,0.6,871,NaN,2.8,639,21,1062,35,1528,684,23.7,53.5,1.546
107,1088053200000,0.6,877,NaN,3.1,658,41,1047,46,1530,779,21.2,60.9,1.5092
107,1088056800000,0.7,893,NaN,3.7,696,48,1008,54,1548,801,22.1,56.2,1.48
107,1088060400000,1.2,1030,NaN,6.9,851,102,824,68,1700,983,21.9,57.0,1.4742
107,1088064000000,1.5,1059,NaN,8.6,926,111,783,77,1750,989,24.7,45.9,1.4061
107,1088067600000,1.3,1020,NaN,7.1,860,93,864,74,1649,875,27.0,40.8,1.4286
107,1088071200000,1.6,1045,NaN,6.6,840,118,879,92,1656,807,29.1,37.4,1.4833
107,1088074800000,1.5,1029,NaN,7.2,866,93,874,83,1651,727,31.1,32.4,1.4351
107,1088078400000,1.2,959,NaN,5.0,763,56,976,58,1561,549,31.9,30.3,1.4125
107,1088082000000,1.1,975,NaN,5.7,798,51,939,55,1576,570,32.8,28.9,1.412
107,1088085600000,1.2,988,NaN,6.0,813,52,927,61,1596,596,33.4,27.8,1.4119
107,1088089200000,1.3,971,NaN,6.1,818,59,942,65,1565,585,35.3,23.7,1.3331
107,1088092800000,1.4,999,NaN,8.0,899,62,869,74,1629,637,35.8,22.4,1.2915
107,1088096400000,1.6,989,NaN,7.8,889,85,889,89,1602,664,35.3,20.8,1.1664
107,1088100000000,2.1,1075,NaN,11.1,1020,109,802,103,1732,797,33.3,23.9,1.2085
107,1088103600000,3.0,1190,NaN,15.9,1177,168,695,128,1934,1046,30.3,30.8,1.3044
107,1088107200000,2.8,1172,NaN,13.7,1108,166,706,122,1878,1058,28.3,34.5,1.3084
107,1088110800000,3.8,1256,NaN,21.6,1340,149,594,125,2176,1214,27.1,38.9,1.3758
107,1088114400000,3.2,1190,NaN,16.8,1203,118,658,119,1967,1056,25.4,43.2,1.3805
107,1088118000000,4.1,1249,NaN,20.5,1310,160,601,126,2114,1280,24.6,45.3,1.3767
108,1088121600000,2.6,1072,NaN,14.1,1120,124,711,100,1838,1045,23.7,46.0,1.3346
108,1088125200000,2.0,1035,NaN,10.9,1011,95,750,94,1752,1039,23.0,48.1,1.3322
108,1088128800000,0.9,839,NaN,3.6,690,34,1030,52,1457,640,24.8,43.4,1.3366
108,1088132400000,0.7,833,NaN,3.3,671,NaN,1061,NaN,1482,705,23.1,47.4,1.3208
108,1088136000000,0.6,804,NaN,2.4,616,45,1144,64,1427,662,21.7,50.2,1.2917
108,1088139600000,0.6,811,NaN,3.0,651,35,1097,46,1442,579,21.9,50.7,1.3138
108,1088143200000,1.6,1028,NaN,8.9,934,141,818,88,1743,987,20.1,57.0,1.3216
108,1088146800000,2.6,1138,NaN,14.8,1141,199,671,104,1927,1197,21.5,51.8,1.3129
108,1088150400000,2.9,1203,NaN,16.2,1185,224,649,125,1968,1328,22.9,48.7,1.3416
108,1088154000000,2.8,1193,NaN,14.6,1136,245,667,151,1924,1370,25.7,41.0,1.3351
108,1088157600000,1.9,1049,NaN,8.0,898,153,858,113,1671,921,29.9,33.2,1.3793
108,1088161200000,1.9,1090,NaN,9.1,942,145,828,102,1713,876,32.9,28.0,1.3789
108,1088164800000,2.1,1070,NaN,10.0,976,130,808,108,1688,819,34.0,25.6,1.3363
108,1088168400000,1.9,1014,NaN,9.8,970,95,826,93,1684,763,34.7,22.6,1.2297
108,1088172000000,1.6,972,NaN,8.3,912,88,882,89,1596,675,35.5,20.3,1.1586
108,1088175600000,1.6,951,NaN,7.5,880,89,920,84,1539,637,35.9,18.8,1.0912
108,1088179200000,2.1,1033,NaN,11.7,1038,127,802,111,1690,826,36.2,18.6,1.0945
108,1088182800000,2.4,983,NaN,13.3,1094,149,817,115,1659,854,35.4,15.3,0.8613
108,1088186400000,2.8,973,NaN,14.4,1128,170,813,127,1642,894,32.9,15.5,0.7649
108,1088190000000,3.4,1083,NaN,17.9,1237,210,737,129,1786,1077,29.9,19.8,0.8211
108,1088193600000,3.4,1062,NaN,15.9,1176,230,763,140,1743,1121,28.1,22.4,0.8394
108,1088197200000,2.7,1011,NaN,14.2,1122,203,808,137,1680,1071,26.1,24.7,0.8233
108,1088200800000,2.6,1054,NaN,13.8,1110,174,765,130,1670,1167,25.0,28.7,0.8944
108,1088204400000,2.3,1013,NaN,11.7,1038,164,793,121,1598,1162,24.3,31.0,0.9268
109,1088208000000,1.2,870,NaN,6.2,823,76,975,79,1398,848,24.0,31.2,0.919
109,1088211600000,1.0,857,NaN,5.1,769,52,1006,69,1390,759,22.4,34.9,0.9362
109,1088215200000,0.9,835,NaN,4.5,739,47,1036,61,1382,694,21.2,37.6,0.9355
109,1088218800000,1.1,844,NaN,4.9,759,NaN,1005,NaN,1409,848,19.5,42.3,0.9461
109,1088222400000,NaN,763,NaN,2.5,622,37,1129,58,1321,689,21.2,39.4,0.9802
109,1088226000000,0.4,769,NaN,2.3,606,41,1171,58,1314,610,19.5,42.4,0.9515
109,1088229600000,0.9,891,NaN,5.5,790,74,960,70,1466,816,18.6,45.8,0.9723
109,1088233200000,1.8,1037,NaN,10.4,993,168,779,104,1680,1158,19.7,44.1,1.0039
109,1088236800000,2.2,1090,NaN,12.4,1065,176,728,109,1773,1228,21.9,39.4,1.0243
109,1088240400000,2.4,1117,NaN,14.0,1118,184,716,129,1791,1323,24.5,34.3,1.0407
109,1088244000000,2.3,1109,NaN,12.7,1074,187,761,144,1734,1274,30.0,25.6,1.0674
109,1088247600000,1.6,961,NaN,9.0,939,118,912,101,1508,846,34.5,18.9,1.0168
109,1088251200000,1.4,985,NaN,8.5,919,89,918,90,1540,737,36.3,17.5,1.0411
109,1088254800000,1.4,960,NaN,8.2,909,70,910,86,1523,675,37.7,16.0,1.0231
109,1088258400000,1.0,927,NaN,5.9,806,51,1013,69,1446,559,38.3,15.8,1.0465
109,1088262000000,1.0,958,NaN,5.6,795,52,1002,65,1481,604,38.4,17.5,1.1609
109,1088265600000,1.2,1019,NaN,6.7,842,70,935,73,1565,729,37.2,20.5,1.2813
109,1088269200000,1.3,1010,NaN,6.1,816,80,955,73,1567,741,34.0,26.4,1.3781
109,1088272800000,1.5,1030,NaN,6.7,844,90,917,78,1599,747,32.3,30.4,1.445
109,1088276400000,1.9,1100,NaN,9.2,946,111,827,98,1726,932,30.5,33.9,1.4564
109,1088280000000,1.8,1079,NaN,8.2,909,107,861,99,1686,928,29.2,37.8,1.5098
109,1088283600000,1.4,1036,NaN,7.0,859,73,900,83,1645,860,28.4,39.1,1.4881
109,1088287200000,1.7,1085,NaN,9.5,959,75,827,88,1747,963,27.7,40.6,1.4828
109,1088290800000,2.7,1214,NaN,15.1,1151,144,683,117,1938,1309,27.2,42.5,1.5069
110,1088294400000,2.1,1127,NaN,11.7,1041,120,728,97,1830,1266,26.5,44.8,1.528
110,1088298000000,1.4,1038,NaN,9.3,950,71,776,75,1750,1181,25.5,47.6,1.5318
110,1088301600000,1.0,948,NaN,6.4,829,40,873,53,1638,937,25.2,47.8,1.5076
110,1088305200000,1.0,953,NaN,6.7,844,NaN,848,NaN,1685,995,23.2,53.7,1.5046
110,1088308800000,0.8,869,NaN,4.2,723,34,975,45,1522,789,23.2,52.3,1.4668
110,1088312400000,0.5,809,NaN,2.6,628,27,1127,42,1490,682,24.0,50.3,1.4811
110,1088316000000,0.6,833,NaN,2.8,641,30,1088,44,1496,717,23.5,51.2,1.4634
110,1088319600000,0.6,857,NaN,3.1,661,40,1083,50,1511,696,23.5,50.8,1.452
110,1088323200000,1.0,966,NaN,6.2,820,56,913,60,1634,807,24.7,47.6,1.4597
110,1088326800000,1.6,1063,NaN,7.9,894,104,823,100,1688,1025,27.2,41.1,1.4611
110,1088330400000,1.9,1110,NaN,10.5,996,121,782,111,1771,1090,31.0,32.4,1.4294
110,1088334000000,1.7,1055,NaN,9.0,941,100,844,110,1648,932,35.2,24.8,1.3854
110,1088337600000,1.1,939,NaN,6.3,828,59,991,74,1486,639,37.8,18.5,1.1977
110,1088341200000,0.8,816,NaN,3.5,684,42,1195,56,1285,467,39.0,15.1,1.0424
110,1088344800000,0.7,841,NaN,4.0,712,38,1175,50,1339,476,41.3,12.8,0.9933
110,1088348400000,0.7,842,NaN,4.2,722,40,1163,54,1294,490,41.8,11.9,0.9476
110,1088352000000,1.2,990,NaN,6.9,852,70,967,90,1488,669,42.2,14.2,1.1609
110,1088355600000,1.6,1042,NaN,7.9,894,95,916,109,1537,800,41.4,15.5,1.2089
110,1088359200000,1.6,1089,NaN,7.9,893,90,879,110,1609,791,38.9,21.4,1.4605
110,1088362800000,1.7,1102,NaN,10.3,990,90,799,103,1685,849,34.3,26.0,1.3865
110,1088366400000,2.0,1095,NaN,10.5,996,111,799,120,1695,934,32.7,27.7,1.3439
110,1088370000000,2.3,1116,NaN,12.7,1075,135,761,134,1784,1081,30.5,30.4,1.3031
110,1088373600000,2.4,1105,NaN,11.9,1046,146,777,137,1751,1102,29.0,33.6,1.3277
110,1088377200000,1.7,1018,NaN,9.3,950,100,830,99,1636,914,28.2,36.6,1.3781
111,1088380800000,1.2,991,NaN,7.9,896,69,857,78,1616,926,27.2,38.9,1.3821
111,1088384400000,1.0,923,NaN,5.0,765,47,952,63,1508,786,26.7,40.0,1.3754
111,1088388000000,0.6,874,NaN,3.4,679,26,1049,41,1444,619,26.0,41.2,1.3598
111,1088391600000,0.5,846,NaN,3.2,662,NaN,1068,NaN,1464,633,22.8,50.1,1.3677
111,1088395200000,0.4,838,NaN,2.7,632,24,1079,39,1438,634,24.0,46.6,1.37
111,1088398800000,0.5,827,NaN,3.1,656,55,1075,60,1447,722,24.0,46.4,1.3689
111,1088402400000,0.7,901,NaN,5.0,763,47,984,54,1552,717,23.7,47.1,1.3602
111,1088406000000,3.2,1291,NaN,20.7,1316,209,603,119,2172,1445,23.6,47.3,1.3634
111,1088409600000,5.6,1441,NaN,32.4,1606,348,503,159,2568,1786,25.5,43.1,1.3891
111,1088413200000,4.6,1363,NaN,24.2,1410,337,565,182,2199,1791,28.5,36.8,1.4128
111,1088416800000,3.3,1218,NaN,16.6,1198,280,671,183,1907,1413,32.6,28.0,1.3566
111,1088420400000,2.1,1132,NaN,13.2,1091,169,751,144,1795,1092,36.3,23.4,1.3902
111,1088424000000,1.9,1103,NaN,12.3,1060,126,770,118,1748,940,37.5,21.5,1.3673
111,1088427600000,1.9,1081,NaN,12.1,1053,108,770,106,1773,883,39.6,19.0,1.3447
111,1088431200000,1.6,1079,NaN,11.1,1018,93,793,97,1739,850,40.1,19.3,1.4013
111,1088434800000,2.0,1167,NaN,13.1,1087,112,741,129,1820,928,40.4,20.0,1.4854
111,1088438400000,1.8,1148,NaN,11.6,1037,110,772,130,1720,835,39.9,20.1,1.4495
111,1088442000000,2.9,1221,NaN,17.7,1230,188,670,163,1905,1157,39.1,19.6,1.3542
111,1088445600000,3.4,1255,NaN,19.5,1283,203,640,160,2023,1232,37.0,21.9,1.3503
111,1088449200000,3.1,1245,NaN,19.7,1287,167,635,140,2067,1288,33.9,26.8,1.3899
111,1088452800000,2.5,1162,NaN,15.1,1151,116,687,115,1912,1143,31.9,30.6,1.4201
111,1088456400000,1.8,1079,NaN,11.1,1020,89,754,92,1760,1014,29.7,33.9,1.3874
111,1088460000000,1.8,1091,NaN,11.7,1038,103,744,99,1786,1088,28.6,36.8,1.416
111,1088463600000,2.0,1085,NaN,11.7,1039,100,745,96,1790,1092,27.8,38.7,1.4187
112,1088467200000,1.5,1050,NaN,9.7,966,86,780,80,1748,1090,27.8,40.0,1.4691
112,1088470800000,0.8,941,NaN,6.0,814,52,873,65,1592,979,27.5,41.3,1.4962
112,1088474400000,0.4,891,NaN,3.9,705,27,980,46,1534,806,27.3,41.6,1.4906
112,1088478000000,0.3,842,NaN,2.6,624,NaN,1080,NaN,1480,712,26.0,44.2,1.4657
112,1088481600000,NaN,850,NaN,2.8,639,35,1048,57,1519,853,24.8,48.0,1.4857
112,1088485200000,0.5,863,NaN,3.0,652,42,1055,54,1504,816,25.9,45.1,1.4889
112,1088488800000,0.7,956,NaN,5.4,784,57,928,62,1634,934,25.3,47.6,1.5108
112,1088492400000,3.4,1384,NaN,23.5,1391,228,552,102,2316,1548,24.7,49.5,1.5201
112,1088496000000,5.7,1502,NaN,33.5,1631,350,459,140,2622,1858,27.1,43.1,1.5224
112,1088499600000,3.2,1219,NaN,15.5,1163,232,642,121,1963,1410,28.3,39.8,1.5053
112,1088503200000,2.7,1237,NaN,15.3,1157,206,663,132,1968,1334,32.4,32.3,1.5484
112,1088506800000,2.1,1181,NaN,12.8,1078,159,706,122,1870,1140,35.4,27.8,1.5733
112,1088510400000,2.8,1251,NaN,15.2,1154,184,682,148,1955,1111,35.5,27.4,1.5635
112,1088514000000,2.5,1214,NaN,15.7,1170,136,681,133,1963,1054,37.8,24.4,1.5722
112,1088517600000,2.1,1166,NaN,12.3,1062,124,726,130,1825,924,37.2,25.5,1.5914
112,1088521200000,2.5,1226,NaN,15.3,1157,133,683,141,1912,1041,37.2,25.6,1.6014
112,1088524800000,2.7,1265,NaN,17.6,1229,156,636,172,2040,1282,38.0,25.0,1.6312
112,1088528400000,3.7,1317,NaN,21.5,1338,200,593,198,2132,1362,37.1,26.9,1.6635
112,1088532000000,3.7,1372,NaN,23.2,1382,202,568,181,2268,1441,36.9,27.8,1.7099
112,1088535600000,4.6,1443,NaN,25.6,1443,286,543,202,2332,1559,34.7,31.9,1.7325
112,1088539200000,2.6,1200,NaN,14.3,1126,141,664,120,1979,1198,31.9,38.4,1.7897
112,1088542800000,2.5,1216,NaN,14.4,1130,117,655,115,1994,1246,30.5,42.3,1.8173
112,1088546400000,2.3,1160,NaN,12.6,1070,110,687,112,1929,1192,29.3,45.8,1.8362
112,1088550000000,2.2,1194,NaN,13.7,1106,100,667,97,1985,1194,28.2,48.1,1.8144
113,1088553600000,2.5,1199,NaN,13.1,1087,112,658,100,1954,1252,27.3,51.0,1.8287
113,1088557200000,0.9,965,NaN,6.1,818,35,844,47,1681,777,26.8,52.4,1.8141
113,1088560800000,0.8,961,NaN,5.8,801,33,850,44,1683,798,26.0,54.9,1.8141
113,1088564400000,0.7,901,NaN,3.7,697,NaN,952,NaN,1586,800,26.8,51.9,1.8058
113,1088568000000,0.5,864,NaN,2.6,629,28,1052,42,1558,728,26.9,51.8,1.805
113,1088571600000,0.7,952,NaN,4.6,742,49,892,57,1656,953,24.6,59.1,1.8013
113,1088575200000,0.9,1009,NaN,7.4,875,81,797,61,1738,1060,26.4,53.1,1.7987
113,1088578800000,2.2,1225,NaN,15.2,1155,178,643,106,1992,1338,27.3,46.4,1.6542
113,1088582400000,2.8,1245,NaN,16.7,1202,223,628,136,2039,1622,28.4,40.4,1.5442
113,1088586000000,2.9,1265,NaN,17.0,1209,290,638,157,2015,1812,30.8,37.1,1.6169
113,1088589600000,2.9,1276,NaN,18.0,1241,274,642,171,2024,1784,34.2,30.7,1.6252
113,1088593200000,3.0,1232,NaN,16.1,1183,278,675,190,1920,1509,37.0,26.5,1.6352
113,1088596800000,2.5,1193,NaN,13.4,1097,152,698,155,1832,1139,36.6,27.8,1.676
113,1088600400000,2.3,1162,NaN,14.0,1117,118,700,139,1857,1044,36.9,26.9,1.6477
113,1088604000000,2.1,1126,NaN,13.4,1097,141,723,152,1810,1015,39.3,22.2,1.552
113,1088607600000,1.9,1089,NaN,10.4,993,131,801,143,1675,825,38.5,22.4,1.5018
113,1088611200000,2.3,1134,NaN,12.7,1073,171,747,168,1765,1022,39.7,20.4,1.4594
113,1088614800000,4.2,1388,NaN,24.5,1418,287,568,226,2250,1913,38.8,24.2,1.6433
113,1088618400000,4.9,1506,NaN,27.8,1499,267,506,207,2485,2043,33.5,38.0,1.939
113,1088622000000,4.9,1352,NaN,23.3,1385,280,563,197,2205,1661,34.0,32.9,1.7251
113,1088625600000,3.5,1217,NaN,17.6,1227,224,641,158,2040,1404,31.9,33.7,1.5663
113,1088629200000,2.5,1149,NaN,14.5,1132,137,688,124,1936,1233,30.2,37.6,1.587
113,1088632800000,2.5,1156,NaN,14.4,1129,118,688,110,1941,1181,28.9,41.0,1.6096
113,1088636400000,2.6,1180,NaN,14.2,1122,128,678,112,1921,1272,27.8,45.2,1.6604
114,1088640000000,2.3,1109,NaN,12.9,1080,111,696,102,1874,1190,27.1,47.4,1.6701
114,1088643600000,1.5,1032,NaN,9.9,974,66,763,77,1800,982,26.2,49.4,1.6555
114,1088647200000,0.9,893,NaN,5.1,767,36,918,50,1607,805,26.9,49.3,1.7196
114,1088650800000,0.6,848,NaN,2.8,642,NaN,1079,NaN,1536,654,26.3,50.8,1.7058
114,1088654400000,0.6,850,NaN,3.2,664,31,1038,40,1568,727,24.9,54.6,1.6908
114,1088658000000,0.8,938,NaN,5.4,782,75,879,66,1685,1001,23.4,58.6,1.6651
114,1088661600000,0.9,948,NaN,6.4,828,66,858,60,1711,994,24.4,55.2,1.6604
114,1088665200000,2.4,1225,NaN,17.1,1214,154,625,85,2090,1322,25.1,54.3,1.7057
114,1088668800000,3.9,1380,NaN,22.3,1359,239,538,120,2337,1617,26.6,51.2,1.7565
114,1088672400000,2.9,1276,NaN,14.6,1138,246,628,134,2021,1430,28.2,47.1,1.7752
114,1088676000000,2.7,1246,NaN,13.3,1093,261,667,149,1942,1357,31.6,39.4,1.7969
114,1088679600000,2.0,1141,NaN,10.5,996,179,767,125,1805,994,34.2,31.8,1.6837
114,1088683200000,2.4,1199,NaN,14.2,1124,159,680,132,1940,1054,36.6,27.1,1.6352
114,1088686800000,2.0,1156,NaN,12.2,1056,111,710,114,1842,945,37.6,26.9,1.715
114,1088690400000,1.8,1158,NaN,10.1,983,101,751,110,1803,808,38.1,26.3,1.7213
114,1088694000000,1.9,1163,NaN,11.7,1039,118,723,121,1814,888,37.8,26.9,1.7392
114,1088697600000,1.8,1078,NaN,10.9,1009,120,767,127,1730,787,37.8,22.7,1.4653
114,1088701200000,2.9,1244,NaN,17.3,1219,177,651,157,1949,1077,36.9,24.7,1.5134
114,1088704800000,3.3,1236,NaN,18.0,1239,186,637,169,1986,1106,34.5,28.5,1.531
114,1088708400000,4.4,1364,NaN,22.9,1376,235,580,179,2168,1356,32.5,30.9,1.4875
114,1088712000000,3.4,1193,NaN,16.5,1196,195,675,149,1888,1152,30.9,30.4,1.338
114,1088715600000,1.9,1078,NaN,10.2,985,106,778,111,1697,925,28.7,34.7,1.3457
114,1088719200000,2.1,1140,NaN,11.6,1035,107,726,112,1779,1059,27.7,39.3,1.4372
114,1088722800000,2.5,1239,NaN,14.3,1127,134,648,120,1930,1201,26.8,45.1,1.5645
115,1088726400000,2.3,1171,NaN,13.3,1093,117,669,105,1862,1205,26.1,45.3,1.5115
115,1088730000000,1.7,1065,NaN,10.0,977,83,736,90,1733,1103,25.9,46.1,1.5174
115,1088733600000,1.5,1024,NaN,7.6,882,77,791,87,1662,1072,25.3,47.6,1.513
115,1088737200000,0.8,873,NaN,3.4,679,NaN,1010,NaN,1501,713,26.6,43.0,1.4773
115,1088740800000,NaN,874,NaN,3.3,668,37,1043,54,1513,737,25.3,47.2,1.5025
115,1088744400000,0.5,887,NaN,2.9,647,50,1046,61,1500,740,25.1,48.0,1.5115
115,1088748000000,0.8,993,NaN,5.6,795,60,888,63,1629,770,24.8,50.6,1.5654
115,1088751600000,2.6,1299,NaN,17.5,1225,179,620,102,2077,1327,25.7,49.7,1.615
115,1088755200000,4.9,1529,NaN,29.0,1526,300,476,149,2559,1763,27.4,45.5,1.6396
115,1088758800000,2.9,1320,NaN,17.0,1210,263,595,147,2052,1477,29.3,40.0,1.6082
115,1088762400000,2.8,1226,NaN,15.6,1168,265,650,158,1952,1311,33.6,28.7,1.4693
115,1088766000000,1.8,1105,NaN,10.1,980,164,777,112,1745,980,34.6,27.7,1.4991
115,1088769600000,1.8,1160,NaN,11.7,1040,122,720,108,1810,961,35.6,27.2,1.5557
115,1088773200000,1.9,1125,NaN,12.0,1051,125,730,120,1771,923,36.9,23.3,1.4313
115,1088776800000,1.7,1099,NaN,11.0,1015,125,763,117,1732,839,38.8,20.7,1.4036
115,1088780400000,1.7,1124,NaN,11.2,1021,115,745,119,1735,827,38.1,22.6,1.4868
115,1088784000000,1.9,1105,NaN,10.5,995,162,778,149,1681,821,37.1,23.0,1.4229
115,1088787600000,2.1,1035,NaN,11.8,1043,149,804,174,1647,749,34.8,19.3,1.0543
115,1088791200000,2.4,1065,NaN,13.8,1110,161,757,163,1691,871,33.6,20.7,1.059
115,1088794800000,3.0,1051,NaN,17.3,1220,201,739,161,1729,1077,31.4,18.5,0.8376
115,1088798400000,2.8,1073,NaN,14.2,1124,209,752,154,1688,1175,29.5,23.8,0.9623
115,1088802000000,1.9,1008,NaN,10.7,1004,133,817,124,1588,1125,27.4,27.1,0.9736
115,1088805600000,2.1,1090,NaN,12.7,1073,133,745,122,1693,1124,26.1,31.1,1.0338
115,1088809200000,1.8,1048,NaN,10.1,983,134,780,119,1643,1064,25.5,34.0,1.0935
116,1088812800000,2.5,1131,NaN,13.1,1087,164,705,131,1738,1240,24.0,37.8,1.1125
116,1088816400000,1.1,953,NaN,7.4,874,72,854,84,1528,899,24.2,37.3,1.1118
116,1088820000000,0.7,897,NaN,4.6,745,50,968,77,1461,807,23.4,40.6,1.1571
116,1088823600000,0.7,900,NaN,4.7,750,NaN,932,NaN,1494,817,21.8,46.6,1.1991
116,1088827200000,0.4,828,NaN,2.8,639,27,1077,41,1371,573,22.6,43.0,1.1629
116,1088830800000,0.7,892,NaN,4.5,739,74,964,68,1479,768,20.2,50.7,1.1844
116,1088834400000,0.7,914,NaN,5.9,809,69,912,69,1530,807,20.5,49.3,1.176
116,1088838000000,1.8,1096,NaN,11.1,1017,162,722,101,1743,1204,21.4,48.0,1.2086
116,1088841600000,2.3,1173,NaN,14.4,1130,208,648,120,1885,1401,23.2,43.9,1.2344
116,1088845200000,1.9,1125,NaN,11.1,1016,168,712,124,1725,1256,25.3,40.7,1.2921
116,1088848800000,1.7,1079,NaN,9.9,976,139,781,113,1669,999,29.9,31.1,1.2883
116,1088852400000,1.3,974,NaN,8.8,930,104,872,97,1536,712,33.9,21.3,1.1067
116,1088856000000,1.5,977,NaN,9.9,973,99,865,94,1550,712,36.3,16.0,0.9465
116,1088859600000,1.3,912,NaN,7.4,873,89,946,86,1436,614,36.6,15.2,0.9177
116,1088863200000,0.8,896,NaN,6.1,817,57,992,70,1426,554,37.4,15.8,0.9998
116,1088866800000,0.8,896,NaN,6.2,822,64,1002,70,1391,722,37.9,15.0,0.9721
116,1088870400000,1.1,956,NaN,7.1,862,65,930,82,1479,636,38.0,16.8,1.0933
116,1088874000000,1.2,970,NaN,8.0,900,79,909,93,1524,664,36.9,17.5,1.0789
116,1088877600000,1.2,929,NaN,7.3,869,80,942,89,1454,624,35.3,17.0,0.9561
116,1088881200000,1.4,947,NaN,8.7,926,81,905,90,1484,659,31.9,20.4,0.9462
116,1088884800000,1.1,1003,NaN,7.5,880,59,864,67,1537,695,29.1,29.6,1.1792
116,1088888400000,1.5,1045,NaN,9.0,940,90,822,94,1658,920,27.4,33.4,1.2022
116,1088892000000,2.0,1125,NaN,11.6,1035,122,728,109,1726,1150,26.7,35.8,1.2318
116,1088895600000,1.9,1138,NaN,10.2,985,120,742,103,1710,1141,25.2,42.7,1.3473
117,1088899200000,2.2,1217,NaN,12.3,1060,126,660,101,1840,1227,24.0,51.9,1.5252
117,1088902800000,1.1,983,NaN,6.4,831,68,847,71,1585,887,24.5,44.4,1.3476
117,1088906400000,1.1,1007,NaN,7.2,864,65,816,71,1639,987,22.6,51.0,1.3805
117,1088910000000,0.8,957,NaN,6.1,816,NaN,846,NaN,1613,903,22.2,52.7,1.3891
117,1088913600000,0.6,914,NaN,4.3,725,38,949,49,1550,780,21.2,56.8,1.4094
117,1088917200000,0.6,886,NaN,3.8,702,31,971,43,1528,767,20.3,59.6,1.3994
117,1088920800000,0.6,899,NaN,4.0,708,40,972,44,1559,780,21.3,56.7,1.4178
117,1088924400000,0.6,942,NaN,4.2,723,36,968,42,1573,698,23.0,54.6,1.5177
117,1088928000000,1.1,1022,NaN,6.1,817,64,835,69,1669,821,23.7,54.3,1.5731
117,1088931600000,1.0,1009,NaN,6.0,810,56,859,65,1634,772,25.4,49.3,1.5732
117,1088935200000,1.0,1025,NaN,5.9,809,56,877,68,1606,690,29.6,37.7,1.544
117,1088938800000,1.0,977,NaN,5.4,783,43,939,58,1543,586,33.9,26.2,1.3664
117,1088942400000,0.8,936,NaN,4.9,757,40,1007,52,1459,523,35.8,22.4,1.2933
117,1088946000000,0.7,884,NaN,3.9,703,34,1076,46,1394,488,37.9,18.8,1.222
117,1088949600000,0.4,809,NaN,3.2,664,28,1185,40,1270,427,38.5,14.8,0.9942
117,1088953200000,0.5,852,NaN,4.1,718,32,1109,47,1307,468,39.3,14.5,1.0149
117,1088956800000,0.6,872,NaN,4.0,708,39,1106,56,1331,489,38.9,15.6,1.0613
117,1088960400000,0.7,839,NaN,4.8,752,52,1102,64,1298,515,37.9,12.7,0.8211
117,1088964000000,0.9,854,NaN,5.5,788,60,1064,71,1310,562,35.8,13.4,0.7749
117,1088967600000,1.6,971,NaN,9.1,942,104,900,103,1541,776,32.3,19.7,0.9345
117,1088971200000,1.6,985,NaN,9.1,944,102,866,97,1541,833,30.1,23.5,0.9869
117,1088974800000,1.7,1027,NaN,10.1,981,120,817,108,1631,1023,28.2,28.7,1.0806
117,1088978400000,1.3,1012,NaN,7.4,876,89,853,87,1580,967,26.0,35.7,1.1842
117,1088982000000,1.9,1086,NaN,9.9,973,121,766,104,1656,1089,25.3,39.2,1.2452
118,1088985600000,1.5,1025,NaN,9.0,939,107,790,93,1635,1103,24.7,38.7,1.1845
118,1088989200000,0.6,848,NaN,3.7,692,41,1034,55,1412,734,25.5,35.7,1.1499
118,1088992800000,0.4,839,NaN,3.0,652,34,1075,49,1405,671,22.5,43.2,1.1589
118,1088996400000,0.3,814,NaN,2.5,618,NaN,1097,NaN,1400,696,21.6,46.1,1.1761
118,1089000000000,NaN,816,NaN,2.6,624,41,1073,56,1422,729,19.7,51.4,1.1688
118,1089003600000,0.4,799,NaN,2.4,613,38,1120,43,1387,641,21.6,45.7,1.1665
118,1089007200000,0.7,879,NaN,5.6,792,59,906,57,1521,825,21.1,47.3,1.1654
118,1089010800000,2.0,1104,NaN,14.3,1125,165,697,80,1815,1179,21.6,44.1,1.1269
118,1089014400000,3.9,1344,NaN,27.7,1496,287,519,134,2311,1651,23.7,37.9,1.0988
118,1089018000000,3.6,1226,NaN,19.1,1272,317,632,157,1901,1474,26.0,30.1,0.9953
118,1089021600000,3.2,1157,NaN,15.9,1176,330,691,175,1779,1370,30.6,23.2,1.001
118,1089025200000,2.2,1059,NaN,12.3,1060,204,798,147,1638,1141,34.1,19.1,1.0048
118,1089028800000,2.2,1076,NaN,12.2,1057,189,778,140,1633,1076,36.2,18.0,1.0636
118,1089032400000,2.1,1066,NaN,11.7,1041,165,783,137,1641,1036,37.4,17.3,1.0914
118,1089036000000,1.8,1049,NaN,10.4,994,139,813,123,1580,881,39.5,15.6,1.102
118,1089039600000,2.0,1097,NaN,12.7,1074,156,776,138,1671,960,40.4,14.9,1.1033
118,1089043200000,1.8,1087,NaN,11.1,1018,130,791,132,1624,883,40.1,16.1,1.1699
118,1089046800000,3.0,1269,NaN,19.0,1269,173,633,174,1942,1221,39.3,18.9,1.3251
118,1089050400000,4.3,1328,NaN,24.1,1405,302,584,203,2072,1518,37.3,19.9,1.2437
118,1089054000000,3.5,1200,NaN,19.1,1270,239,654,176,1906,1264,33.6,22.9,1.1747
118,1089057600000,2.5,1098,NaN,13.6,1105,139,732,125,1768,1061,30.7,28.9,1.2501
118,1089061200000,1.8,1058,NaN,10.7,1004,92,776,98,1684,947,28.8,32.8,1.2776
118,1089064800000,1.9,1081,NaN,11.3,1025,104,738,103,1757,1059,27.3,36.8,1.3207
118,1089068400000,1.9,1062,NaN,9.6,962,108,776,104,1674,1030,26.2,39.7,1.3249
119,1089072000000,1.9,1078,NaN,9.8,971,107,752,105,1694,1065,25.4,43.0,1.37
119,1089075600000,0.9,917,NaN,4.9,761,55,931,75,1497,893,25.8,41.0,1.3461
119,1089079200000,0.7,881,NaN,4.1,718,43,965,60,1510,837,23.3,48.4,1.3677
119,1089082800000,0.6,865,NaN,3.3,671,NaN,1012,NaN,1477,807,23.5,47.8,1.3607
119,1089086400000,0.4,829,NaN,2.2,602,23,1123,36,1410,596,23.5,46.7,1.3361
119,1089090000000,0.7,913,NaN,4.6,743,65,931,66,1540,884,21.8,52.3,1.3539
119,1089093600000,1.6,1077,NaN,10.2,985,165,742,97,1780,1170,21.8,52.5,1.3529
119,1089097200000,3.8,1337,NaN,23.3,1386,274,565,115,2196,1596,22.9,49.1,1.3546
119,1089100800000,5.1,1467,NaN,31.0,1575,369,472,145,2460,1873,24.9,43.3,1.3422
119,1089104400000,3.4,1257,NaN,17.6,1227,308,611,162,1954,1608,26.7,39.4,1.3556
119,1089108000000,2.6,1227,NaN,14.3,1125,227,675,147,1835,1470,30.5,32.9,1.4135
119,1089111600000,2.2,1188,NaN,13.7,1108,178,693,132,1818,1275,34.2,27.2,1.4404
119,1089115200000,3.4,1301,NaN,19.3,1276,267,631,179,1953,1407,38.2,20.9,1.3701
119,1089118800000,3.4,1201,NaN,19.3,1278,278,657,174,1892,1302,39.6,16.9,1.2028
119,1089122400000,1.8,1058,NaN,11.3,1026,165,794,132,1622,931,39.9,15.8,1.141
119,1089126000000,2.0,1037,NaN,12.7,1075,172,789,151,1604,917,40.2,13.9,1.02
119,1089129600000,2.4,1055,NaN,15.3,1157,216,762,168,1674,985,39.6,13.2,0.9332
119,1089133200000,3.8,1179,NaN,22.5,1364,306,661,192,1845,1265,39.5,12.6,0.8894
119,1089136800000,4.4,1298,NaN,25.0,1430,317,632,194,1946,2475,37.9,13.9,0.9015
119,1089140400000,3.9,1213,NaN,21.1,1327,251,654,155,1864,2021,34.2,17.9,0.9444
119,1089144000000,4.0,1233,NaN,23.8,1398,230,613,159,1975,1834,32.6,20.6,0.9939
119,1089147600000,2.5,1086,NaN,14.9,1145,154,737,125,1717,1426,30.4,23.2,0.9889
119,1089151200000,2.1,1056,NaN,12.8,1078,137,765,108,1668,1272,28.8,25.1,0.9793
119,1089154800000,2.4,1138,NaN,14.3,1128,133,681,110,1737,1490,27.8,29.9,1.1018
120,1089158400000,2.1,1112,NaN,14.3,1128,117,675,99,1771,1440,26.9,32.6,1.1381
120,1089162000000,1.6,992,NaN,9.2,948,106,773,95,1609,1271,26.3,33.7,1.1377
120,1089165600000,0.8,895,NaN,5.1,767,55,931,69,1463,985,25.7,33.9,1.1065
120,1089169200000,0.5,843,NaN,3.0,655,NaN,1046,NaN,1377,826,24.8,36.0,1.1109
120,1089172800000,0.4,828,NaN,2.6,626,27,1073,45,1362,754,25.5,34.6,1.1096
120,1089176400000,0.5,894,NaN,4.0,709,46,997,53,1432,853,24.0,37.8,1.1077
120,1089180000000,1.3,1072,NaN,9.9,976,144,740,88,1673,1340,23.9,39.3,1.1522
120,1089183600000,4.1,1425,NaN,27.3,1486,392,512,136,2305,1869,24.8,38.4,1.1808
120,1089187200000,4.1,1428,NaN,27.9,1500,358,496,141,2275,2021,26.9,34.4,1.2036
120,1089190800000,4.0,1359,NaN,24.5,1415,381,572,189,2081,1902,29.6,28.7,1.1706
120,1089194400000,2.2,1182,NaN,14.2,1122,261,730,166,1707,1527,34.6,21.1,1.1398
120,1089198000000,2.0,1117,NaN,11.9,1045,207,761,154,1623,1260,38.3,17.0,1.1216
120,1089201600000,2.0,1119,NaN,13.1,1088,155,741,149,1640,1124,40.4,14.5,1.0736
120,1089205200000,2.2,1068,NaN,15.1,1152,193,739,142,1683,1309,42.6,9.6,0.8012
120,1089208800000,2.2,1090,NaN,14.1,1120,195,743,130,1629,1283,42.5,10.2,0.8478
120,1089212400000,1.8,1056,NaN,11.3,1024,159,792,121,1555,1068,41.0,11.6,0.8872
120,1089216000000,1.8,1098,NaN,10.8,1007,120,799,116,1546,937,41.3,13.0,1.0154
120,1089219600000,3.3,1318,NaN,21.5,1339,228,635,177,1925,1416,39.2,14.5,1.0106
120,1089223200000,4.3,1348,NaN,21.8,1347,348,599,233,1903,1611,36.9,17.9,1.096
120,1089226800000,5.3,1502,NaN,29.8,1546,337,538,223,2199,1919,35.6,20.4,1.1646
120,1089230400000,4.3,1373,NaN,22.5,1364,282,597,184,2005,1745,33.7,22.6,1.1658
120,1089234000000,3.6,1397,NaN,21.8,1346,228,580,165,2017,1837,31.5,27.8,1.2671
120,1089237600000,2.4,1286,NaN,17.1,1214,168,620,132,1880,1759,31.1,29.3,1.3055
120,1089241200000,2.1,1222,NaN,15.4,1161,173,661,122,1827,1593,30.2,30.9,1.3026
121,1089244800000,1.2,1069,NaN,10.2,983,87,749,88,1627,1357,29.8,30.2,1.2502
121,1089248400000,0.9,1011,NaN,7.2,864,65,809,79,1532,1231,28.4,32.5,1.2361
121,1089252000000,0.6,962,NaN,5.8,803,43,853,60,1507,1066,27.5,34.0,1.231
121,1089255600000,0.5,919,NaN,4.2,723,NaN,910,NaN,1443,992,26.8,35.3,1.2243
121,1089259200000,NaN,969,NaN,5.1,769,43,866,60,1485,1063,24.5,40.4,1.2251
121,1089262800000,0.6,986,NaN,5.4,784,66,839,74,1503,1204,25.6,38.8,1.2545
121,1089266400000,0.6,990,NaN,6.2,821,57,848,62,1511,1079,27.5,34.6,1.2518
121,1089270000000,2.2,1296,NaN,16.9,1208,231,603,115,1914,1593,25.9,37.4,1.2289
121,1089273600000,3.2,1371,NaN,23.2,1384,219,545,119,2082,1745,28.5,32.5,1.2441
121,1089277200000,3.0,1385,NaN,18.0,1240,288,596,155,1919,1847,29.5,32.7,1.3229
121,1089280800000,2.7,1381,NaN,17.6,1227,312,595,162,1903,1845,29.8,33.1,1.3693
121,1089284400000,3.2,1396,NaN,20.3,1306,361,587,189,1934,1886,33.4,26.8,1.3586
121,1089288000000,1.4,1070,NaN,10.6,1000,147,801,115,1538,1039,40.3,15.8,1.1604
121,1089291600000,1.3,1076,NaN,9.9,972,111,819,109,1525,923,41.8,15.0,1.1989
121,1089295200000,1.4,1126,NaN,10.7,1004,98,788,108,1609,926,41.1,15.7,1.2071
121,1089298800000,2.1,1225,NaN,16.5,1196,156,673,145,1775,1277,41.9,14.8,1.1944
121,1089302400000,2.4,1202,NaN,16.9,1206,213,671,167,1807,1301,40.9,14.6,1.114
121,1089306000000,3.1,1308,NaN,20.5,1310,250,628,200,1891,1385,39.1,16.9,1.1705
121,1089309600000,3.5,1440,NaN,19.4,1281,253,580,178,2021,1474,36.4,27.3,1.6308
121,1089313200000,5.1,1611,NaN,30.0,1552,317,487,206,2371,1948,34.9,29.3,1.611
121,1089316800000,4.5,1387,NaN,24.6,1419,309,559,192,2113,1677,33.6,26.4,1.3515
121,1089320400000,2.9,1268,NaN,16.9,1206,201,648,137,1900,1434,32.2,27.6,1.3044
121,1089324000000,2.6,1237,NaN,15.8,1175,173,660,128,1834,1424,30.5,29.7,1.2742
121,1089327600000,2.7,1302,NaN,16.6,1198,156,628,121,1934,1504,29.4,35.6,1.4383
122,1089331200000,3.2,1347,NaN,19.5,1282,190,575,136,1996,1661,29.1,34.8,1.38
122,1089334800000,2.3,1355,NaN,16.6,1198,129,564,109,1905,1714,27.7,41.9,1.537
122,1089338400000,1.0,1023,NaN,6.2,822,65,823,74,1585,1050,27.9,41.6,1.5425
122,1089342000000,0.5,903,NaN,2.7,631,NaN,1070,NaN,1458,550,27.8,43.7,1.6039
122,1089345600000,0.4,876,NaN,2.3,605,29,1144,40,1432,456,27.4,42.2,1.5177
122,1089349200000,0.6,932,NaN,3.9,707,58,1011,61,1509,554,26.6,42.8,1.4713
122,1089352800000,1.0,1020,NaN,7.2,866,92,847,83,1636,744,26.9,40.3,1.4041
122,1089356400000,2.9,1264,NaN,18.1,1241,228,609,129,1989,1280,27.0,37.3,1.3081
122,1089360000000,2.7,1179,NaN,15.1,1153,172,654,NaN,1877,1096,27.0,35.3,1.2396
122,1089363600000,1.8,1079,NaN,9.7,966,154,785,115,1640,927,27.4,32.0,1.1545
122,1089367200000,1.8,1036,NaN,9.4,955,166,829,130,1527,840,30.5,24.7,1.0592
122,1089370800000,1.7,1002,NaN,9.6,964,149,828,137,1546,786,32.9,20.1,0.9902
122,1089374400000,1.5,995,NaN,9.5,959,111,856,116,1544,690,33.9,18.4,0.9587
122,1089378000000,1.7,1008,NaN,9.6,962,145,845,129,1545,742,34.4,19.3,1.0325
122,1089381600000,1.3,978,NaN,9.6,962,105,846,117,1527,680,34.2,19.6,1.0399
122,1089385200000,1.5,989,NaN,10.3,990,113,822,138,1577,705,33.2,20.4,1.0195
122,1089388800000,1.5,961,NaN,10.2,985,115,845,139,1554,677,32.4,19.1,0.915
122,1089392400000,2.3,1009,NaN,14.0,1116,202,779,180,1602,877,32.2,17.1,0.8124
122,1089396000000,2.2,970,NaN,14.0,1117,180,786,162,1579,844,31.0,17.1,0.7526
122,1089399600000,2.8,1097,NaN,16.6,1199,190,699,158,1738,1006,28.3,24.9,0.9412
122,1089403200000,2.7,1065,NaN,13.6,1105,207,723,162,1672,987,26.6,30.2,1.033
122,1089406800000,1.7,1036,NaN,10.2,986,113,776,112,1614,868,24.8,36.8,1.1357
122,1089410400000,1.5,1049,NaN,9.5,958,98,794,104,1648,861,23.7,43.4,1.2495
122,1089414000000,2.3,1147,NaN,11.8,1043,152,727,125,1719,1042,23.0,46.2,1.2815
123,1089417600000,2.3,1118,NaN,13.0,1082,161,694,127,1792,1080,22.7,47.7,1.2977
123,1089421200000,1.5,1016,NaN,9.6,963,91,776,95,1661,811,22.2,49.5,1.3081
123,1089424800000,1.0,940,NaN,6.7,845,57,845,70,1539,704,21.6,51.9,1.3254
123,1089428400000,0.5,836,NaN,2.9,643,NaN,1114,NaN,1405,522,22.3,50.4,1.3379
123,1089432000000,0.3,831,NaN,2.6,626,22,1126,33,1406,484,22.4,49.7,1.3333
123,1089435600000,0.4,877,NaN,4.0,711,41,1018,45,1475,580,21.7,52.0,1.3313
123,1089439200000,0.5,872,NaN,4.3,725,53,976,56,1471,668,21.1,53.2,1.3181
123,1089442800000,0.9,958,NaN,5.9,805,92,886,74,1551,835,22.0,51.0,1.3296
123,1089446400000,1.1,959,NaN,6.8,848,91,859,84,1572,739,25.0,41.6,1.301
123,1089450000000,1.4,997,NaN,8.8,933,89,799,93,1612,763,26.7,36.4,1.2596
123,1089453600000,1.1,916,NaN,6.7,843,81,891,97,1511,614,29.1,29.7,1.1751
123,1089457200000,0.9,895,NaN,6.4,831,66,946,83,1473,566,31.2,23.4,1.0487
123,1089460800000,0.8,855,NaN,6.0,812,53,982,71,1416,508,32.4,20.5,0.9806
123,1089464400000,0.8,861,NaN,6.0,811,61,997,78,1409,509,33.3,19.2,0.9634
123,1089468000000,0.6,821,NaN,5.0,766,48,1071,62,1323,457,33.1,16.8,0.8391
123,1089471600000,0.6,835,NaN,4.4,731,39,1108,54,1323,438,33.1,18.3,0.9081
123,1089475200000,0.5,813,NaN,4.4,732,41,1118,59,1303,427,32.4,18.0,0.8599
123,1089478800000,0.7,833,NaN,5.5,786,48,1064,69,1328,453,31.8,18.7,0.8624
123,1089482400000,0.8,859,NaN,5.8,803,50,1032,67,1363,479,30.3,21.4,0.9064
123,1089486000000,0.9,887,NaN,5.3,778,51,978,58,1387,500,27.2,28.2,1.0013
123,1089489600000,1.3,970,NaN,8.0,900,70,856,77,1559,647,26.1,33.7,1.1228
123,1089493200000,1.3,990,NaN,7.2,866,89,866,94,1551,728,24.7,38.8,1.1929
123,1089496800000,1.4,1022,NaN,8.0,899,100,846,97,1588,820,23.4,43.2,1.229
123,1089500400000,1.9,1075,NaN,10.4,993,139,781,110,1682,946,23.1,44.2,1.2317
124,1089504000000,2.3,1088,NaN,11.6,1035,176,751,116,1713,1018,22.7,45.3,1.2299
124,1089507600000,1.0,925,NaN,6.4,831,71,880,74,1513,789,21.6,47.5,1.2118
124,1089511200000,0.5,853,NaN,4.1,716,37,994,51,1423,647,22.0,45.8,1.1965
124,1089514800000,1.0,918,NaN,6.4,830,NaN,875,NaN,1548,785,20.4,51.3,1.2131
124,1089518400000,0.4,796,NaN,2.7,636,30,1092,40,1387,576,20.6,50.3,1.2041
124,1089522000000,0.3,796,NaN,2.6,628,29,1136,36,1385,555,20.6,50.6,1.2119
124,1089525600000,0.2,795,NaN,2.3,606,25,1152,35,1369,552,21.3,48.8,1.2189
124,1089529200000,0.4,842,NaN,3.1,656,40,1080,48,1427,620,20.4,52.6,1.247
124,1089532800000,0.3,850,NaN,3.1,659,32,1077,38,1402,557,23.5,44.0,1.2596
124,1089536400000,0.6,884,NaN,4.0,709,43,1027,54,1442,556,25.7,37.9,1.2334
124,1089540000000,0.6,907,NaN,4.6,741,44,983,57,1486,573,27.9,33.6,1.2433
124,1089543600000,0.6,846,NaN,3.9,703,35,1034,54,1380,514,29.0,28.3,1.1116
124,1089547200000,0.5,827,NaN,3.8,697,32,1070,46,1371,478,29.5,25.9,1.0489
124,1089550800000,0.4,804,NaN,2.8,636,21,1185,36,1321,424,31.8,22.3,1.0366
124,1089554400000,0.2,775,NaN,2.5,619,10,1254,19,1272,386,32.2,20.0,0.9488
124,1089558000000,0.4,802,NaN,3.0,651,22,1206,34,1282,403,32.4,19.3,0.922
124,1089561600000,0.6,844,NaN,4.7,751,46,1064,63,1327,462,33.0,17.7,0.8758
124,1089565200000,0.9,881,NaN,5.0,765,66,1029,86,1359,489,32.0,19.8,0.9273
124,1089568800000,0.7,877,NaN,4.5,736,49,1077,65,1347,463,29.6,24.1,0.9831
124,1089572400000,1.2,931,NaN,7.7,885,86,892,101,1467,585,26.9,27.1,0.948
124,1089576000000,1.6,1011,NaN,9.7,967,111,818,116,1565,748,25.3,30.9,0.9815
124,1089579600000,1.8,1035,NaN,11.0,1015,143,757,124,1651,940,24.2,35.9,1.0684
124,1089583200000,2.4,1153,NaN,11.8,1042,184,733,136,1700,1022,23.2,43.2,1.2104
124,1089586800000,1.5,1020,NaN,8.7,929,134,805,108,1615,929,22.7,43.9,1.1962
125,1089590400000,0.9,954,NaN,7.5,879,78,837,82,1550,834,21.6,44.0,1.1244
125,1089594000000,0.8,903,NaN,5.7,800,50,911,68,1478,751,20.7,46.4,1.1198
125,1089597600000,0.2,779,NaN,2.0,581,13,1204,22,1323,505,21.2,46.2,1.1482
125,1089601200000,0.1,761,NaN,1.4,540,NaN,1269,NaN,1303,486,22.7,42.3,1.1491
125,1089604800000,NaN,780,NaN,1.8,568,24,1200,34,1331,501,19.9,51.3,1.1803
125,1089608400000,0.5,835,NaN,3.3,672,43,1053,43,1423,628,20.0,51.8,1.1967
125,1089612000000,1.4,1004,NaN,9.4,955,146,758,84,1671,1043,18.5,57.4,1.2076
125,1089615600000,3.3,1272,NaN,21.1,1328,333,567,108,2085,1463,19.6,54.3,1.2278
125,1089619200000,3.6,1173,NaN,17.2,1217,298,625,112,1945,1358,21.3,49.7,1.2452
125,1089622800000,1.7,986,NaN,8.5,922,178,820,104,1586,971,21.7,46.3,1.1867
125,1089626400000,1.5,942,NaN,6.8,849,177,907,107,1496,894,23.4,39.4,1.1172
125,1089630000000,1.6,957,NaN,7.4,875,172,891,102,1525,871,25.7,33.0,1.0763
125,1089633600000,2.1,1024,NaN,12.1,1052,183,779,104,1690,952,28.5,27.3,1.0479
125,1089637200000,2.1,962,NaN,9.6,963,164,835,96,1592,843,27.0,27.9,0.9812
125,1089640800000,1.6,958,NaN,7.4,873,122,868,80,1550,750,24.2,36.9,1.0966
125,1089644400000,1.3,933,NaN,6.4,831,105,888,72,1514,710,26.0,34.9,1.1509
125,1089648000000,1.6,942,NaN,8.3,912,144,842,106,1551,814,24.8,33.1,1.0222
125,1089651600000,3.1,1073,NaN,14.0,1117,220,693,119,1762,1052,24.0,36.3,1.0708
125,1089655200000,3.3,1086,NaN,15.3,1159,207,686,119,1782,1060,23.6,35.5,1.0187
125,1089658800000,3.4,1091,NaN,15.4,1161,210,682,128,1797,1153,23.6,35.7,1.0282
125,1089662400000,2.8,980,NaN,10.9,1009,175,786,112,1625,986,23.3,34.5,0.9768
125,1089666000000,1.5,904,NaN,7.5,877,117,890,95,1488,781,22.5,36.8,0.988
125,1089669600000,1.3,865,NaN,5.2,773,93,991,85,1414,653,21.3,38.7,0.9686
125,1089673200000,1.6,898,NaN,7.1,863,118,911,101,1493,777,20.9,39.4,0.9596
126,1089676800000,1.5,945,NaN,7.6,883,132,837,94,1563,1015,19.8,47.7,1.093
126,1089680400000,1.0,854,NaN,5.0,764,88,932,76,1476,922,19.3,51.4,1.1387
126,1089684000000,0.5,751,NaN,2.0,587,43,1165,50,1353,678,18.4,53.4,1.117
126,1089687600000,0.4,723,NaN,1.5,544,NaN,1274,NaN,1315,584,18.8,51.1,1.1
126,1089691200000,0.6,754,NaN,2.5,620,44,1102,51,1372,725,16.3,59.8,1.1042
126,1089694800000,0.7,758,NaN,3.3,670,50,1070,42,1365,688,16.6,56.8,1.0629
126,1089698400000,1.3,873,NaN,7.3,871,101,871,62,1528,887,16.2,57.4,1.0515
126,1089702000000,4.0,1176,NaN,23.8,1398,339,567,111,2120,1494,17.3,54.3,1.0631
126,1089705600000,5.0,1257,NaN,27.6,1495,379,524,129,2245,1647,19.2,48.8,1.0751
126,1089709200000,3.6,1137,NaN,16.7,1200,321,648,135,1821,1489,21.7,42.4,1.0859
126,1089712800000,2.8,1064,NaN,14.3,1126,272,711,139,1656,1361,26.4,29.9,1.0138
126,1089716400000,2.6,1026,NaN,13.3,1094,278,769,134,1629,1224,31.3,19.1,0.8634
126,1089720000000,2.7,986,NaN,14.5,1133,253,773,141,1619,1174,33.7,15.4,0.7913
126,1089723600000,2.3,908,NaN,11.5,1031,187,857,112,1469,901,34.5,13.3,0.7158
126,1089727200000,2.0,888,NaN,10.8,1007,149,870,105,1448,794,33.8,13.9,0.7172
126,1089730800000,1.3,843,NaN,6.4,830,89,995,72,1339,577,30.1,19.4,0.8157
126,1089734400000,1.7,905,NaN,8.8,931,124,876,90,1460,776,28.3,21.3,0.8054
126,1089738000000,2.8,1023,NaN,14.3,1127,206,760,126,1635,982,31.9,18.3,0.8523
126,1089741600000,3.8,1125,NaN,19.4,1279,241,662,154,1840,1256,32.0,20.1,0.9364
126,1089745200000,4.9,1211,NaN,27.1,1483,303,586,173,2092,1483,28.9,24.1,0.9495
126,1089748800000,4.3,1140,NaN,19.7,1289,294,634,162,1884,1390,27.3,27.1,0.967
126,1089752400000,2.6,1029,NaN,13.6,1105,203,737,128,1666,1195,26.0,28.5,0.9484
126,1089756000000,2.4,981,NaN,12.1,1054,176,768,120,1592,1135,25.2,28.6,0.9008
126,1089759600000,1.9,971,NaN,11.0,1014,155,788,111,1585,1115,24.3,31.1,0.9316
127,1089763200000,1.4,927,NaN,8.8,930,108,840,89,1522,1026,23.6,33.8,0.9685
127,1089766800000,1.1,868,NaN,6.7,846,72,925,69,1448,836,23.0,33.8,0.9406
127,1089770400000,0.9,863,NaN,6.3,824,65,905,70,1469,925,22.2,38.4,1.0126
127,1089774000000,0.7,820,NaN,4.1,716,NaN,994,NaN,1380,933,20.4,42.6,1.0083
127,1089777600000,0.5,777,NaN,2.9,645,39,1076,59,1334,781,20.5,42.3,1.0091
127,1089781200000,0.8,855,NaN,5.0,762,79,942,73,1444,959,18.8,49.0,1.0505
127,1089784800000,1.3,960,NaN,9.9,973,140,769,89,1616,1155,18.8,49.4,1.0624
127,1089788400000,4.7,1310,NaN,27.5,1492,427,527,142,2194,1686,19.9,46.5,1.071
127,1089792000000,4.6,1339,NaN,30.4,1561,366,498,145,2357,1791,22.1,41.7,1.098
127,1089795600000,3.7,1211,NaN,19.8,1290,311,606,156,1913,1643,24.0,36.4,1.0706
127,1089799200000,2.8,1068,NaN,15.7,1171,275,711,148,1717,1360,30.2,22.8,0.9616
127,1089802800000,1.8,932,NaN,11.3,1026,195,851,122,1523,944,33.4,17.1,0.8627
127,1089806400000,1.9,949,NaN,12.6,1069,144,819,106,1547,905,35.1,15.0,0.8381
127,1089810000000,2.0,944,NaN,11.9,1045,162,829,106,1525,884,34.1,16.0,0.8408
127,1089813600000,2.0,966,NaN,14.4,1131,200,800,127,1612,968,35.7,13.6,0.7836
127,1089817200000,2.1,940,NaN,12.4,1063,176,848,113,1539,929,35.3,13.8,0.7767
127,1089820800000,2.1,934,NaN,11.7,1041,203,865,136,1496,936,32.3,16.7,0.7946
127,1089824400000,3.2,1052,NaN,18.4,1252,237,739,153,1729,1107,36.0,13.3,0.7773
127,1089828000000,4.0,1109,NaN,22.9,1374,263,676,172,1795,1225,35.8,13.7,0.7868
127,1089831600000,4.6,1169,NaN,25.0,1430,300,636,190,1901,1372,32.3,18.4,0.8753
127,1089835200000,3.0,1093,NaN,15.5,1163,189,717,160,1705,1139,29.7,25.0,1.0246
127,1089838800000,2.9,1084,NaN,16.7,1200,185,686,159,1753,1505,27.8,26.6,0.9748
127,1089842400000,1.9,970,NaN,11.2,1023,134,787,123,1552,1074,26.3,27.3,0.9238
127,1089846000000,1.4,951,NaN,9.0,939,96,849,101,1488,868,25.3,30.0,0.9508
128,1089849600000,2.1,1038,NaN,12.1,1053,122,744,116,1631,1095,24.0,34.9,1.0271
128,1089853200000,1.2,950,NaN,8.9,937,64,802,80,1566,989,23.4,38.6,1.0968
128,1089856800000,0.6,831,NaN,3.7,695,30,1033,51,1355,658,23.5,38.3,1.0972
128,1089860400000,0.4,813,NaN,3.1,656,NaN,1070,NaN,1332,603,22.0,42.6,1.1146
128,1089864000000,NaN,797,NaN,2.5,621,23,1105,37,1303,562,21.6,44.0,1.1225
128,1089867600000,0.4,824,NaN,3.1,660,36,1033,46,1342,618,21.4,45.6,1.1493
128,1089871200000,0.7,879,NaN,5.7,796,58,912,64,1454,747,21.1,47.1,1.1641
128,1089874800000,2.3,1132,NaN,15.6,1166,168,652,108,1827,1229,21.3,48.4,1.2119
128,1089878400000,4.0,1291,NaN,25.2,1434,306,526,151,2239,1494,22.9,47.9,1.3208
128,1089882000000,2.8,1193,NaN,15.4,1160,231,630,153,1927,1281,24.4,45.5,1.3721
128,1089885600000,1.6,1057,NaN,8.4,914,157,796,116,1665,954,27.6,38.0,1.3818
128,1089889200000,1.6,1027,NaN,8.0,899,132,822,116,1563,810,31.1,29.6,1.318
128,1089892800000,2.0,1084,NaN,12.1,1052,136,736,130,1677,882,33.4,24.7,1.2516
128,1089896400000,2.0,1032,NaN,12.6,1071,127,742,131,1619,840,35.7,18.9,1.0865
128,1089900000000,1.7,977,NaN,10.6,998,125,810,131,1554,743,36.2,18.1,1.0724
128,1089903600000,2.0,1039,NaN,12.6,1069,138,773,135,1646,880,37.1,17.7,1.094
128,1089907200000,2.2,1056,NaN,14.3,1127,163,734,152,1694,928,36.5,18.1,1.0887
128,1089910800000,3.2,1164,NaN,20.3,1306,259,648,198,1886,1218,35.5,19.1,1.0888
128,1089914400000,3.6,1124,NaN,20.5,1309,236,655,183,1845,1170,33.7,20.0,1.0275
128,1089918000000,3.8,1152,NaN,22.1,1355,245,628,175,1879,1620,30.5,22.7,0.9763
128,1089921600000,4.8,1223,NaN,23.8,1399,344,592,193,1940,1508,28.7,26.2,1.0144
128,1089925200000,2.8,1058,NaN,14.7,1139,188,696,140,1699,1318,26.7,28.9,0.9981
128,1089928800000,2.6,1049,NaN,15.1,1152,149,693,128,1730,1189,25.7,31.6,1.0285
128,1089932400000,1.9,1010,NaN,10.8,1006,102,779,100,1589,1000,24.5,35.7,1.0807
129,1089936000000,1.7,981,NaN,10.2,985,99,779,97,1572,1020,24.3,36.3,1.0852
129,1089939600000,1.0,886,NaN,6.5,834,48,904,67,1440,767,23.8,36.9,1.0748
129,1089943200000,0.7,821,NaN,3.9,706,36,1021,58,1360,674,23.7,37.3,1.076
129,1089946800000,0.5,784,NaN,2.8,641,NaN,1114,NaN,1319,588,22.2,40.6,1.0729
129,1089950400000,0.4,771,NaN,2.1,593,30,1155,45,1291,545,21.6,42.2,1.0762
129,1089954000000,0.6,819,NaN,3.4,677,56,1048,62,1379,685,20.3,46.8,1.1
129,1089957600000,0.7,836,NaN,4.7,747,51,961,59,1384,702,20.7,45.9,1.1088
129,1089961200000,2.4,1114,NaN,15.8,1174,172,667,102,1819,1188,20.5,47.7,1.1419
129,1089964800000,4.4,1319,NaN,26.6,1470,316,520,154,2276,1589,22.4,46.6,1.247
129,1089968400000,3.1,1211,NaN,14.8,1143,269,632,157,1860,1331,24.2,48.5,1.4452
129,1089972000000,2.0,1051,NaN,9.3,950,196,802,138,1593,1040,28.8,33.0,1.2825
129,1089975600000,2.1,1108,NaN,12.0,1049,206,749,142,1701,1137,32.8,25.2,1.2325
129,1089979200000,2.1,1014,NaN,10.9,1012,156,795,125,1548,851,34.4,19.9,1.0647
129,1089982800000,2.1,1003,NaN,11.9,1047,120,769,120,1578,782,36.5,16.7,1.0045
129,1089986400000,2.2,1021,NaN,13.2,1092,161,764,150,1606,908,37.5,14.3,0.9099
129,1089990000000,1.6,986,NaN,8.9,937,114,833,120,1473,806,38.0,15.5,1.0119
129,1089993600000,2.4,1098,NaN,13.0,1084,191,754,173,1648,985,38.1,16.5,1.0828
129,1089997200000,3.3,1157,NaN,18.2,1245,236,665,187,1782,1211,37.3,17.3,1.084
129,1090000800000,4.0,1190,NaN,23.7,1395,287,606,206,1914,1411,35.9,17.7,1.0316
129,1090004400000,4.1,1183,NaN,21.6,1341,266,628,187,1881,1395,32.4,21.5,1.0303
129,1090008000000,4.2,1231,NaN,21.6,1341,274,626,170,1937,1578,30.3,25.6,1.0879
129,1090011600000,2.9,1102,NaN,16.5,1195,196,690,149,1762,1325,28.5,27.8,1.0665
129,1090015200000,2.3,1041,NaN,12.3,1060,144,748,124,1629,1185,26.9,30.5,1.0671
129,1090018800000,2.2,1090,NaN,13.6,1103,142,695,119,1686,1235,25.7,33.5,1.0918
130,1090022400000,2.1,1074,NaN,12.8,1078,124,685,108,1673,1317,24.7,36.9,1.1302
130,1090026000000,1.6,977,NaN,9.4,956,93,765,93,1581,1114,23.6,39.2,1.1306
130,1090029600000,1.2,949,NaN,8.3,910,71,816,77,1552,1015,22.2,43.0,1.1363
130,1090033200000,1.2,912,NaN,6.7,842,NaN,863,NaN,1489,1015,21.2,45.8,1.1353
130,1090036800000,0.9,863,NaN,4.6,746,56,919,76,1415,961,21.3,45.9,1.1471
130,1090040400000,0.6,834,NaN,3.6,689,46,988,58,1367,796,21.6,45.0,1.151
130,1090044000000,0.7,865,NaN,5.0,764,51,917,63,1430,826,21.3,46.5,1.1608
130,1090047600000,1.3,974,NaN,8.2,908,83,793,75,1546,1057,21.1,46.9,1.1585
130,1090051200000,2.0,1079,NaN,10.7,1004,175,713,111,1628,1302,22.8,43.0,1.1731
130,1090054800000,1.9,1084,NaN,10.3,990,148,734,116,1633,1284,25.0,38.3,1.198
130,1090058400000,2.2,1107,NaN,12.9,1080,167,714,138,1675,1348,30.9,26.9,1.1835
130,1090062000000,1.9,1040,NaN,11.0,1015,120,775,117,1543,1025,35.1,19.2,1.0664
130,1090065600000,1.5,1019,NaN,8.3,913,78,840,94,1428,759,36.9,17.2,1.0576
130,1090069200000,1.4,1003,NaN,8.2,907,76,862,91,1427,680,39.3,13.9,0.9715
130,1090072800000,1.0,925,NaN,5.2,772,45,1001,60,1308,516,40.3,12.6,0.9302
130,1090076400000,1.0,910,NaN,4.6,743,54,1039,66,1282,500,39.7,13.5,0.965
130,1090080000000,1.4,1012,NaN,7.2,868,70,884,87,1435,700,41.1,13.1,1.0124
130,1090083600000,1.6,1100,NaN,9.4,954,87,809,106,1512,1360,40.1,14.9,1.0828
130,1090087200000,1.6,1046,NaN,8.0,901,69,849,94,1464,722,37.4,17.0,1.0757
130,1090090800000,2.1,1083,NaN,10.7,1003,95,787,112,1524,842,34.0,19.2,1.0073
130,1090094400000,2.0,1050,NaN,9.6,962,107,810,120,1496,879,31.7,21.6,0.9959
130,1090098000000,1.9,1050,NaN,8.7,927,88,830,106,1475,836,29.7,24.2,0.9926
130,1090101600000,2.3,1142,NaN,11.6,1035,100,746,112,1611,1062,27.9,27.6,1.0252
130,1090105200000,2.4,1165,NaN,11.8,1043,125,717,120,1644,1188,26.8,29.9,1.0402
131,1090108800000,2.2,1136,NaN,10.5,995,132,727,114,1591,1236,25.8,33.0,1.0826
131,1090112400000,1.2,986,NaN,5.5,790,57,869,70,1422,853,26.3,33.1,1.1199
131,1090116000000,1.1,971,NaN,5.5,790,46,871,64,1447,875,24.3,38.1,1.1398
131,1090119600000,0.8,908,NaN,3.8,701,NaN,971,NaN,1381,704,24.7,36.4,1.1158
131,1090123200000,NaN,882,NaN,2.9,648,34,1023,55,1338,666,23.3,39.5,1.1176
131,1090126800000,0.6,900,NaN,3.4,674,33,974,50,1355,679,21.1,45.6,1.1246
131,1090130400000,0.7,935,NaN,4.1,716,50,915,62,1415,877,20.2,48.5,1.1319
131,1090134000000,0.4,939,NaN,4.1,718,39,927,53,1395,826,21.3,45.5,1.1405
131,1090137600000,0.6,982,NaN,4.7,750,84,893,85,1417,881,22.6,31.0,0.8372
131,1090141200000,0.9,1088,NaN,7.1,862,93,786,102,1519,1110,25.7,34.8,1.1292
131,1090144800000,0.9,1065,NaN,7.4,872,82,831,97,1481,927,31.6,23.8,1.0842
131,1090148400000,0.8,1016,NaN,7.3,868,73,889,91,1407,665,36.3,16.3,0.9727
131,1090152000000,0.4,930,NaN,4.2,723,43,1035,62,1263,474,37.9,15.0,0.9728
131,1090155600000,0.3,928,NaN,4.1,716,39,1060,57,1252,459,39.4,13.7,0.9639
131,1090159200000,0.1,889,NaN,3.8,698,27,1132,40,1234,437,40.2,12.3,0.8983
131,1090162800000,0.5,966,NaN,5.8,802,46,968,60,1383,607,41.3,11.9,0.9252
131,1090166400000,0.4,973,NaN,5.6,792,53,977,70,1356,620,41.4,11.8,0.9282
131,1090170000000,0.3,950,NaN,4.8,754,38,1003,53,1325,551,40.1,13.6,0.9953
131,1090173600000,0.4,982,NaN,5.3,780,39,974,54,1374,532,37.6,16.4,1.0458
131,1090177200000,0.6,990,NaN,6.1,814,49,929,58,1399,578,33.9,20.3,1.0522
131,1090180800000,0.8,1017,NaN,7.4,873,68,874,73,1464,721,31.6,22.9,1.0469
131,1090184400000,1.2,1067,NaN,9.0,938,102,825,99,1520,912,29.7,24.8,1.016
131,1090188000000,1.6,1147,NaN,11.7,1040,123,745,102,1635,1155,29.0,27.0,1.063
131,1090191600000,1.2,1132,NaN,11.0,1014,106,728,101,1628,1279,27.9,30.4,1.1249
132,1090195200000,0.5,976,NaN,6.0,814,66,855,77,1448,1018,28.0,30.6,1.1396
132,1090198800000,0.3,920,NaN,4.3,730,43,944,55,1393,842,26.8,32.3,1.1235
132,1090202400000,0.1,879,NaN,2.8,642,33,1031,51,1343,740,26.6,33.0,1.1338
132,1090206000000,NaN,854,NaN,2.3,604,NaN,1090,NaN,1317,625,23.7,38.6,1.1159
132,1090209600000,0.1,880,NaN,2.9,649,33,1022,50,1374,739,22.2,42.8,1.1317
132,1090213200000,0.3,925,NaN,4.1,717,75,936,75,1455,970,21.2,46.3,1.1501
132,1090216800000,0.8,1044,NaN,8.3,912,111,758,89,1604,1177,21.4,46.5,1.172
132,1090220400000,2.3,1279,NaN,16.6,1197,250,599,112,1906,1518,22.9,43.0,1.1826
132,1090224000000,3.4,1403,NaN,25.6,1443,313,508,142,2234,1811,25.2,38.6,1.2215
132,1090227600000,2.5,1282,NaN,17.7,1230,263,594,145,1924,1696,27.1,34.9,1.231
132,1090231200000,2.4,1262,NaN,16.2,1187,282,633,165,1842,1603,32.4,24.8,1.1886
132,1090234800000,2.1,1195,NaN,15.1,1153,226,678,159,1732,1370,36.8,18.0,1.0945
132,1090238400000,NaN,1173,NaN,14.3,1127,176,709,159,1678,1194,39.1,16.0,1.11
132,1090242000000,NaN,1102,NaN,10.8,1007,120,777,131,1534,880,39.2,16.4,1.1439
132,1090245600000,NaN,1076,NaN,10.1,982,96,799,123,1523,748,40.5,14.9,1.111
132,1090249200000,NaN,1078,NaN,10.9,1012,115,777,129,1523,868,41.4,13.8,1.0786
132,1090252800000,NaN,1100,NaN,11.0,1014,108,761,126,1533,959,40.5,14.9,1.114
132,1090256400000,NaN,1234,NaN,16.8,1205,142,658,149,1781,1160,39.6,17.0,1.2064
132,1090260000000,NaN,1323,NaN,20.7,1316,219,586,200,1911,1453,37.7,19.8,1.2715
132,1090263600000,NaN,1263,NaN,19.5,1283,193,610,174,1863,1400,34.3,24.2,1.2857
132,1090267200000,NaN,1216,NaN,14.6,1136,128,658,131,1737,1265,31.7,28.1,1.2912
132,1090270800000,NaN,1247,NaN,14.3,1127,127,664,135,1761,1366,30.2,30.8,1.3008
132,1090274400000,NaN,1264,NaN,15.9,1177,132,628,134,1820,1593,29.4,33.0,1.3343
132,1090278000000,NaN,1111,NaN,10.3,988,77,728,96,1619,1336,29.2,33.1,1.3202
133,1090281600000,NaN,1068,NaN,8.8,931,72,762,94,1576,1317,27.6,36.6,1.332
133,1090285200000,NaN,1015,NaN,6.8,850,57,802,79,1531,1173,27.2,36.9,1.3147
133,1090288800000,NaN,989,NaN,6.3,827,56,827,79,1513,1163,25.4,41.0,1.3079
133,1090292400000,NaN,930,NaN,3.9,708,NaN,924,NaN,1440,1012,25.2,41.5,1.3106
133,1090296000000,NaN,952,NaN,4.1,717,64,879,89,1481,1164,23.4,47.4,1.3475
133,1090299600000,NaN,981,NaN,4.7,747,52,856,69,1493,1090,25.1,44.0,1.3794
133,1090303200000,NaN,1138,NaN,9.9,974,122,683,91,1716,1338,23.9,46.5,1.3637
133,1090306800000,NaN,1472,NaN,24.8,1424,314,499,135,2257,1808,24.8,43.2,1.3387
133,1090310400000,NaN,1626,NaN,37.3,1713,395,412,166,2643,2176,27.0,38.7,1.361
133,1090314000000,NaN,1480,NaN,26.2,1460,357,494,189,2238,2028,29.4,33.6,1.3526
133,1090317600000,NaN,1367,NaN,21.6,1342,308,567,193,2002,1758,34.8,23.4,1.2781
133,1090321200000,NaN,1245,NaN,16.1,1181,184,645,164,1747,1350,38.1,18.5,1.2108
133,1090324800000,NaN,1194,NaN,13.0,1083,128,685,139,1632,1060,38.9,18.0,1.2318
133,1090328400000,NaN,1156,NaN,13.4,1096,125,713,130,1615,954,39.8,16.0,1.1444
133,1090332000000,NaN,1107,NaN,13.7,1106,135,727,129,1615,1024,41.7,12.5,0.9941
133,1090335600000,NaN,1127,NaN,14.0,1117,158,714,132,1625,1092,42.8,12.3,1.0326
133,1090339200000,NaN,1083,NaN,10.4,994,106,771,101,1544,927,41.4,14.2,1.1128
133,1090342800000,NaN,1289,NaN,17.5,1225,163,632,145,1796,1274,41.3,15.5,1.21
133,1090346400000,NaN,1209,NaN,12.9,1082,143,685,133,1662,978,38.3,19.4,1.2851
133,1090350000000,NaN,1221,NaN,14.9,1145,96,648,110,1753,1050,34.7,23.3,1.2653
133,1090353600000,NaN,1255,NaN,15.5,1164,127,638,126,1793,1301,32.6,26.3,1.2754
133,1090357200000,NaN,1163,NaN,11.2,1022,95,695,102,1644,1141,30.9,29.0,1.275
133,1090360800000,NaN,1234,NaN,14.3,1126,104,644,104,1782,1252,30.1,30.2,1.2711
133,1090364400000,NaN,1240,NaN,14.2,1124,131,645,112,1799,1300,29.0,33.4,1.3149
134,1090368000000,NaN,1128,NaN,10.0,978,92,733,89,1683,1193,28.3,36.8,1.3906
134,1090371600000,NaN,1057,NaN,7.6,881,53,784,67,1574,1081,27.6,38.2,1.3911
134,1090375200000,NaN,1026,NaN,5.8,801,45,816,63,1545,1094,25.8,43.1,1.4113
134,1090378800000,NaN,925,NaN,3.1,656,NaN,967,NaN,1440,917,27.4,39.1,1.4072
134,1090382400000,NaN,917,NaN,2.7,635,19,1006,34,1421,727,26.3,40.9,1.3803
134,1090386000000,NaN,1011,NaN,5.4,782,75,828,73,1562,1116,23.3,50.1,1.41
134,1090389600000,NaN,1079,NaN,7.3,869,84,751,76,1634,1223,23.1,49.7,1.3863
134,1090393200000,NaN,1322,NaN,18.4,1250,160,562,102,1999,1556,24.2,46.4,1.3834
134,1090396800000,NaN,1526,NaN,27.7,1495,286,471,140,2405,1904,25.8,42.2,1.3774
134,1090400400000,NaN,1338,NaN,16.9,1207,212,576,150,1951,1697,28.1,37.3,1.3922
134,1090404000000,NaN,1421,NaN,22.1,1354,279,545,194,2063,1854,33.9,26.8,1.397
134,1090407600000,NaN,1197,NaN,17.0,1209,207,656,162,1770,1306,38.0,17.2,1.1227
134,1090411200000,NaN,1116,NaN,12.4,1063,140,736,138,1571,980,38.9,15.9,1.0896
134,1090414800000,NaN,1115,NaN,11.5,1031,110,741,123,1561,870,40.4,15.0,1.1125
134,1090418400000,NaN,1018,NaN,7.5,880,67,865,86,1421,613,40.1,15.2,1.1065
134,1090422000000,NaN,1109,NaN,10.3,989,98,778,107,1537,819,42.0,14.2,1.1517
134,1090425600000,NaN,1105,NaN,10.2,984,97,767,106,1532,868,42.7,14.4,1.2092
134,1090429200000,NaN,1128,NaN,11.5,1032,87,733,99,1576,876,41.6,14.5,1.1483
134,1090432800000,4.1,1301,NaN,17.0,1210,124,623,140,1813,1153,39.6,18.8,1.3413
134,1090436400000,3.8,1416,NaN,21.5,1339,165,544,163,1998,1492,36.1,25.5,1.4949
134,1090440000000,3.4,1301,NaN,18.6,1256,164,593,144,1914,1382,33.3,29.9,1.5079
134,1090443600000,2.9,1261,NaN,15.3,1158,122,628,120,1837,1303,31.2,33.2,1.4831
134,1090447200000,3.1,1295,NaN,17.0,1211,134,602,120,1917,1404,30.1,35.8,1.5034
134,1090450800000,3.5,1239,NaN,14.4,1129,121,637,106,1839,1308,28.9,39.1,1.537
135,1090454400000,2.4,1229,NaN,13.6,1103,112,627,95,1866,1320,27.8,43.3,1.5929
135,1090458000000,1.6,1125,NaN,9.6,963,62,713,70,1719,1179,26.9,46.1,1.608
135,1090461600000,1.3,1044,NaN,6.4,832,50,794,67,1580,1160,26.4,47.1,1.5947
135,1090465200000,0.9,976,NaN,4.8,754,NaN,842,NaN,1545,1070,25.2,51.4,1.621
135,1090468800000,1.0,1015,NaN,5.4,781,72,796,70,1595,1181,23.8,55.4,1.6073
135,1090472400000,0.8,954,NaN,4.1,715,48,867,50,1527,1010,24.9,50.6,1.5755
135,1090476000000,1.1,1032,NaN,6.3,826,58,781,60,1627,1075,25.0,49.2,1.5418
135,1090479600000,4.4,1518,NaN,26.9,1476,306,469,127,2388,1839,24.7,50.9,1.5593
135,1090483200000,NaN,1602,NaN,35.6,1678,351,410,149,2662,2105,26.4,46.3,1.5722
135,1090486800000,NaN,1362,NaN,17.5,1225,252,551,158,2003,1826,28.1,42.0,1.5735
135,1090490400000,3.3,1394,NaN,19.9,1294,266,555,190,2031,1834,34.0,29.9,1.5614
135,1090494000000,2.1,1205,NaN,12.6,1070,159,682,127,1735,1268,37.3,22.9,1.4373
135,1090497600000,2.1,1210,NaN,14.0,1118,144,658,130,1742,1422,40.1,19.0,1.3849
135,1090501200000,2.0,1138,NaN,12.2,1055,117,712,125,1624,1028,42.0,15.8,1.2759
135,1090504800000,1.5,1079,NaN,11.1,1019,108,749,113,1559,929,42.8,14.3,1.2003
135,1090508400000,2.1,1158,NaN,14.3,1126,153,693,143,1654,1150,44.3,13.0,1.183
135,1090512000000,2.3,1186,NaN,15.1,1151,166,680,157,1686,1235,44.6,12.6,1.1684
135,1090515600000,2.8,1261,NaN,18.6,1258,179,629,170,1813,1315,43.4,14.8,1.2882
135,1090519200000,3.6,1339,NaN,22.0,1352,225,569,187,1990,1469,40.6,18.2,1.368
135,1090522800000,4.0,1342,NaN,23.0,1377,261,567,181,2017,1515,37.1,21.3,1.3223
135,1090526400000,3.7,1317,NaN,21.1,1327,228,575,158,1996,1510,34.5,25.5,1.368
135,1090530000000,2.5,1210,NaN,15.0,1148,137,639,112,1849,1327,32.2,30.4,1.4433
135,1090533600000,2.3,1220,NaN,13.6,1105,116,643,100,1838,1318,30.4,35.4,1.5144
135,1090537200000,2.5,1276,NaN,14.6,1135,143,625,105,1887,1436,29.4,38.7,1.5581
136,1090540800000,2.7,1270,NaN,16.3,1189,157,592,107,1917,1608,28.6,38.7,1.4921
136,1090544400000,1.3,1053,NaN,8.8,933,72,743,72,1658,1257,27.7,40.5,1.4835
136,1090548000000,0.8,956,NaN,6.0,813,42,846,59,1544,1094,28.0,39.8,1.4803
136,1090551600000,0.9,954,NaN,5.5,790,NaN,826,NaN,1564,1066,24.8,48.5,1.4953
136,1090555200000,0.5,912,NaN,3.9,706,34,891,55,1500,1022,25.6,45.8,1.4801
136,1090558800000,0.8,973,NaN,5.8,802,74,806,70,1597,1139,23.6,51.5,1.4852
136,1090562400000,1.0,1037,NaN,8.2,906,75,743,59,1707,1158,25.1,46.5,1.4615
136,1090566000000,2.9,1306,NaN,20.1,1299,199,519,95,2116,1602,24.5,48.3,1.4593
136,1090569600000,3.8,1367,NaN,25.5,1441,262,470,120,2283,1770,26.6,42.8,1.4675
136,1090573200000,3.5,1335,NaN,21.6,1340,236,519,133,2141,1651,29.0,37.6,1.4866
136,1090576800000,2.4,1250,NaN,15.5,1166,186,626,133,1925,1435,34.2,28.5,1.5071
136,1090580400000,1.8,1142,NaN,11.2,1021,132,712,120,1670,1159,37.3,22.9,1.4369
136,1090584000000,2.1,1168,NaN,15.4,1160,140,671,132,1784,1193,40.1,17.5,1.2721
136,1090587600000,2.1,1125,NaN,14.6,1137,143,691,135,1696,1094,42.2,14.6,1.192
136,1090591200000,1.5,1083,NaN,12.5,1066,99,725,121,1621,912,41.9,15.2,1.2173
136,1090594800000,1.5,1080,NaN,12.3,1059,107,733,123,1622,908,43.1,13.8,1.1803
136,1090598400000,1.8,1085,NaN,13.2,1091,130,723,129,1638,1010,42.8,13.8,1.1681
136,1090602000000,2.1,1115,NaN,14.7,1140,133,682,129,1746,1020,41.1,16.5,1.2701
136,1090605600000,3.0,1259,NaN,19.9,1295,188,600,156,1990,1280,38.7,20.3,1.3743
136,1090609200000,2.8,1241,NaN,19.1,1271,155,606,131,1971,1287,35.8,24.1,1.3924
136,1090612800000,2.5,1156,NaN,14.8,1144,154,651,115,1832,1216,33.1,28.3,1.4121
136,1090616400000,1.4,1055,NaN,8.6,922,95,784,79,1634,990,30.1,33.9,1.4257
136,1090620000000,1.7,1144,NaN,11.0,1014,110,712,86,1744,1146,29.0,36.6,1.4431
136,1090623600000,1.8,1169,NaN,13.0,1084,116,655,91,1831,1273,28.5,38.4,1.468
137,1090627200000,2.4,1195,NaN,15.2,1156,153,621,99,1897,1346,27.8,39.9,1.4682
137,1090630800000,1.9,1158,NaN,12.1,1052,111,649,83,1785,1353,27.0,42.8,1.503
137,1090634400000,1.4,1075,NaN,9.9,973,79,695,74,1748,1231,26.4,44.5,1.5119
137,1090638000000,0.8,973,NaN,6.0,810,NaN,820,NaN,1599,1002,25.8,46.6,1.5269
137,1090641600000,0.7,989,NaN,6.3,825,47,774,64,1602,1126,25.1,48.5,1.5266
137,1090645200000,0.8,967,NaN,5.5,789,61,810,61,1597,995,24.6,52.2,1.5881
137,1090648800000,0.7,968,NaN,5.8,803,56,806,62,1586,1003,24.4,50.5,1.5243
137,1090652400000,1.0,1062,NaN,8.1,902,69,733,65,1715,1055,25.2,49.1,1.5546
137,1090656000000,1.7,1143,NaN,10.0,979,109,677,79,1829,1156,26.6,50.8,1.7419
137,1090659600000,1.9,1152,NaN,9.9,976,111,672,90,1800,1179,28.0,46.9,1.748
137,1090663200000,2.3,1238,NaN,13.1,1088,150,636,116,1883,1306,32.7,34.5,1.6798
137,1090666800000,1.7,1103,NaN,9.2,946,87,737,89,1686,934,36.6,26.5,1.599
137,1090670400000,1.3,1043,NaN,6.7,843,64,799,68,1628,689,37.8,26.3,1.6951
137,1090674000000,1.2,1058,NaN,6.5,833,47,804,53,1623,626,38.3,27.1,1.797
137,1090677600000,0.8,960,NaN,3.4,676,34,983,34,1488,488,35.4,32.4,1.837
137,1090681200000,0.9,972,NaN,3.8,699,37,982,38,1505,495,37.3,28.8,1.8087
137,1090684800000,1.1,1012,NaN,5.2,775,49,899,53,1547,562,36.6,28.2,1.697
137,1090688400000,1.2,1021,NaN,6.0,814,54,858,62,1545,615,35.1,29.6,1.6452
137,1090692000000,1.3,1034,NaN,6.0,812,70,866,82,1563,660,32.3,33.4,1.59
137,1090695600000,1.4,1026,NaN,5.6,791,76,875,88,1549,664,29.9,37.9,1.5745
137,1090699200000,1.2,966,NaN,4.4,735,59,932,70,1494,567,28.2,41.9,1.5776
137,1090702800000,0.9,948,NaN,3.7,697,44,983,53,1475,506,27.2,45.9,1.6316
137,1090706400000,1.1,984,NaN,5.0,762,47,870,57,1557,560,27.3,45.7,1.6308
137,1090710000000,1.5,1077,NaN,7.1,859,71,790,73,1673,724,27.0,47.1,1.6573
138,1090713600000,1.7,1163,NaN,7.9,893,90,706,83,1760,977,23.7,69.3,2.0042
138,1090717200000,0.9,965,NaN,3.7,692,45,927,52,1549,653,23.8,63.5,1.8495
138,1090720800000,0.7,941,NaN,3.6,687,44,949,52,1530,642,24.7,56.9,1.739
138,1090724400000,0.4,851,NaN,2.1,589,NaN,1119,NaN,1432,501,25.0,53.1,1.6541
138,1090728000000,NaN,870,NaN,2.0,581,15,1119,26,1463,450,24.1,59.6,1.7657
138,1090731600000,0.3,834,NaN,1.3,527,10,1242,17,1458,427,22.5,69.1,1.8578
138,1090735200000,0.4,859,NaN,1.7,561,19,1162,28,1476,470,23.4,64.4,1.835
138,1090738800000,0.4,843,NaN,1.5,544,20,1242,29,1442,447,24.4,57.9,1.7476
138,1090742400000,0.5,851,NaN,1.6,551,30,1224,37,1443,463,24.5,56.9,1.7225
138,1090746000000,0.5,853,NaN,1.7,557,24,1215,31,1435,454,24.9,54.8,1.7063
138,1090749600000,0.7,908,NaN,2.7,632,35,1095,46,1494,500,27.0,47.4,1.6661
138,1090753200000,0.9,928,NaN,3.6,687,48,1025,66,1491,528,27.6,43.7,1.5877
138,1090756800000,0.8,905,NaN,3.0,652,41,1076,54,1446,490,28.2,42.6,1.6062
138,1090760400000,0.8,901,NaN,2.9,646,37,1105,50,1446,488,29.1,40.8,1.6203
138,1090764000000,0.7,869,NaN,2.5,619,32,1163,44,1417,475,29.8,38.6,1.5911
138,1090767600000,0.8,891,NaN,3.1,655,43,1107,52,1452,486,31.5,34.5,1.5666
138,1090771200000,0.7,855,NaN,2.3,606,28,1214,37,1403,438,31.2,36.3,1.6217
138,1090774800000,0.8,911,NaN,3.0,654,38,1102,51,1466,477,30.0,41.3,1.7259
138,1090778400000,1.2,989,NaN,4.0,713,72,954,78,1552,626,27.6,47.5,1.7266
138,1090782000000,1.6,1048,NaN,6.3,826,89,853,90,1637,747,28.8,41.3,1.6164
138,1090785600000,1.6,1049,NaN,6.6,839,103,846,110,1636,858,28.5,41.6,1.5959
138,1090789200000,1.5,1035,NaN,7.3,868,77,833,86,1653,775,27.7,43.4,1.5833
138,1090792800000,1.5,1034,NaN,6.8,850,84,831,88,1643,803,27.3,44.1,1.5751
138,1090796400000,1.5,1022,NaN,6.3,826,82,857,91,1627,777,26.9,45.5,1.5926
139,1090800000000,1.5,1007,NaN,5.9,809,81,876,93,1611,770,26.6,47.2,1.616
139,1090803600000,1.2,945,NaN,4.8,755,50,935,68,1553,663,26.0,48.0,1.5882
139,1090807200000,0.8,880,NaN,2.9,649,30,1056,48,1465,529,26.2,45.7,1.5324
139,1090810800000,NaN,837,NaN,2.2,597,NaN,1129,NaN,1414,478,25.9,46.3,1.524
139,1090814400000,NaN,822,NaN,1.8,569,14,1204,22,1396,429,25.6,46.8,1.5111
139,1090818000000,NaN,860,NaN,2.5,623,51,1097,59,1466,552,25.3,47.6,1.5159
139,1090821600000,NaN,1023,NaN,6.8,847,120,830,102,1663,916,25.4,48.5,1.5507
139,1090825200000,NaN,1150,NaN,11.2,1020,180,686,116,1842,1169,26.5,46.3,1.5768
139,1090828800000,NaN,1088,NaN,9.7,965,168,734,109,1744,1049,27.9,42.7,1.5754
139,1090832400000,NaN,993,NaN,7.2,866,111,832,98,1637,823,28.8,38.9,1.5184
139,1090836000000,NaN,962,NaN,6.8,849,111,861,97,1559,804,31.7,31.5,1.4487
139,1090839600000,NaN,974,NaN,8.1,905,97,838,97,1596,805,33.9,26.9,1.3964
139,1090843200000,NaN,998,NaN,8.3,913,90,834,90,1635,826,34.7,26.5,1.4408
139,1090846800000,NaN,964,NaN,8.6,923,87,834,92,1590,782,35.4,24.8,1.4017
139,1090850400000,NaN,903,NaN,5.3,780,67,975,76,1464,593,35.2,24.1,1.351
139,1090854000000,NaN,973,NaN,8.1,903,84,866,97,1563,698,36.3,22.8,1.3564
139,1090857600000,NaN,976,NaN,8.2,907,86,867,101,1546,719,35.4,23.8,1.3443
139,1090861200000,NaN,1026,NaN,12.0,1048,124,767,118,1651,912,34.6,23.5,1.2691
139,1090864800000,NaN,1163,NaN,17.6,1227,144,659,129,1931,1129,33.0,28.2,1.3921
139,1090868400000,NaN,1082,NaN,14.5,1134,130,709,131,1763,1089,32.5,27.9,1.3373
139,1090872000000,NaN,1029,NaN,11.8,1042,122,756,130,1697,1062,30.5,29.9,1.2875
139,1090875600000,NaN,991,NaN,9.4,953,82,815,106,1616,924,29.1,33.1,1.3126
139,1090879200000,NaN,950,NaN,7.0,856,62,881,92,1549,780,28.4,35.8,1.3665
139,1090882800000,NaN,997,NaN,8.0,898,65,813,97,1613,856,27.7,37.9,1.3842
140,1090886400000,NaN,912,NaN,6.0,810,52,873,80,1511,861,28.3,35.5,1.3414
140,1090890000000,NaN,861,NaN,4.3,729,22,942,40,1479,684,27.1,38.6,1.3632
140,1090893600000,NaN,838,NaN,4.1,719,27,949,49,1466,707,25.8,40.9,1.3377
140,1090897200000,NaN,784,NaN,2.0,587,NaN,1128,NaN,1392,554,26.0,40.6,1.3467
140,1090900800000,NaN,800,NaN,2.4,615,29,1064,46,1396,614,24.6,43.4,1.3248
140,1090904400000,NaN,825,NaN,2.7,634,29,1035,37,1402,606,25.1,42.3,1.326
140,1090908000000,NaN,996,NaN,6.9,853,135,796,92,1621,1023,23.1,48.8,1.3638
140,1090911600000,NaN,1086,NaN,9.2,947,181,724,115,1724,1134,24.7,46.8,1.4337
140,1090915200000,NaN,1041,NaN,9.6,962,119,728,102,1694,936,24.6,45.1,1.3714
140,1090918800000,NaN,991,NaN,9.1,944,116,765,104,1608,868,26.2,38.5,1.2932
140,1090922400000,NaN,999,NaN,9.3,953,143,780,109,1600,879,29.3,31.0,1.2445
140,1090926000000,NaN,981,NaN,8.5,918,126,839,108,1572,785,31.2,26.6,1.192
140,1090929600000,NaN,926,NaN,6.9,853,94,894,90,1478,651,31.1,26.2,1.1619
140,1090933200000,NaN,939,NaN,6.9,853,96,890,81,1528,679,31.7,26.4,1.2153
140,1090936800000,NaN,915,NaN,6.4,828,90,928,87,1474,630,31.7,25.6,1.179
140,1090940400000,NaN,883,NaN,6.2,820,93,942,82,1413,594,32.6,22.5,1.0901
140,1090944000000,NaN,926,NaN,7.3,869,101,925,99,1470,655,32.8,22.2,1.0835
140,1090947600000,NaN,989,NaN,10.7,1004,123,818,119,1577,783,32.4,22.4,1.0701
140,1090951200000,NaN,1003,NaN,11.9,1045,136,781,128,1602,865,31.4,22.7,1.027
140,1090954800000,NaN,933,NaN,10.6,1001,109,819,111,1536,776,28.4,24.7,0.9404
140,1090958400000,NaN,912,NaN,9.3,951,124,846,114,1479,861,27.7,24.2,0.882
140,1090962000000,NaN,888,NaN,6.7,843,82,892,100,1438,729,26.1,28.3,0.9456
140,1090965600000,NaN,858,NaN,7.2,866,69,874,88,1421,715,25.3,28.4,0.9041
140,1090969200000,NaN,837,NaN,5.9,809,60,940,78,1355,615,25.2,27.7,0.874
141,1090972800000,NaN,902,NaN,8.7,929,90,835,101,1482,824,24.5,28.0,0.8489
141,1090976400000,NaN,860,NaN,6.8,847,58,873,77,1426,748,23.6,31.9,0.9195
141,1090980000000,NaN,794,NaN,3.8,698,53,999,78,1336,767,22.8,34.7,0.9514
141,1090983600000,NaN,742,NaN,2.2,602,NaN,1156,NaN,1283,513,23.6,33.2,0.9577
141,1090987200000,NaN,779,NaN,3.2,663,45,1022,65,1337,671,20.5,41.2,0.9802
141,1090990800000,NaN,798,NaN,3.9,706,61,977,74,1363,798,20.6,41.5,0.9982
141,1090994400000,NaN,851,NaN,6.3,827,76,875,83,1449,912,20.2,42.5,0.9949
141,1090998000000,NaN,1048,NaN,13.6,1105,144,670,96,1726,1151,20.9,40.4,0.9884
141,1091001600000,NaN,1210,NaN,26.7,1472,221,515,120,2112,1525,22.4,38.0,1.0201
141,1091005200000,NaN,1172,NaN,22.8,1372,282,575,147,1964,1465,26.0,29.7,0.9831
141,1091008800000,NaN,1026,NaN,16.2,1186,235,719,148,1662,1138,31.4,18.6,0.8398
141,1091012400000,NaN,914,NaN,10.4,994,113,872,91,1481,763,34.2,15.8,0.8371
141,1091016000000,NaN,938,NaN,11.3,1025,93,829,94,1517,753,35.4,15.3,0.8649
141,1091019600000,NaN,908,NaN,9.6,962,88,877,95,1409,665,34.6,15.5,0.8435
141,1091023200000,NaN,892,NaN,7.8,889,87,909,92,1383,597,33.9,16.2,0.8454
141,1091026800000,NaN,949,NaN,10.7,1003,109,830,113,1473,730,35.3,15.0,0.8463
141,1091030400000,NaN,956,NaN,10.8,1007,106,838,111,1464,730,36.8,13.7,0.8335
141,1091034000000,NaN,1070,NaN,17.3,1218,182,704,166,1697,1108,34.4,16.4,0.8761
141,1091037600000,NaN,1103,NaN,17.7,1232,NaN,679,NaN,1732,1085,35.3,16.8,0.9448
141,1091041200000,NaN,1074,NaN,15.5,1166,144,687,143,1713,1013,32.3,20.7,0.9875
141,1091044800000,NaN,1086,NaN,13.6,1105,144,710,131,1682,1109,29.6,26.1,1.0682
141,1091048400000,NaN,960,NaN,9.6,964,84,780,102,1532,913,28.6,27.2,1.048
141,1091052000000,NaN,974,NaN,9.5,958,74,783,94,1528,908,27.6,27.4,0.9926
141,1091055600000,NaN,939,NaN,8.5,918,80,805,96,1472,923,26.3,29.0,0.9807
142,1091059200000,NaN,954,NaN,9.0,940,78,776,88,1518,959,25.4,30.1,0.9602
142,1091062800000,NaN,925,NaN,7.8,890,50,808,72,1480,898,24.7,32.1,0.9878
142,1091066400000,NaN,797,NaN,2.6,624,18,1074,33,1276,546,25.7,30.9,1.0048
142,1091070000000,NaN,787,NaN,2.4,610,NaN,1087,NaN,1259,543,25.1,32.6,1.0203
142,1091073600000,NaN,774,NaN,1.9,577,21,1158,33,1265,488,23.9,34.4,1.0079
142,1091077200000,NaN,838,NaN,3.7,693,62,995,60,1371,704,21.4,40.3,1.0157
142,1091080800000,NaN,918,NaN,7.1,860,74,807,72,1488,943,21.2,41.2,1.0246
142,1091084400000,NaN,1125,NaN,16.6,1199,171,601,97,1850,1304,21.6,40.9,1.0468
142,1091088000000,NaN,1281,NaN,26.6,1469,287,491,136,2179,1669,24.0,36.6,1.0763
142,1091091600000,NaN,1145,NaN,17.9,1238,230,600,140,1809,1507,26.8,29.5,1.0209
142,1091095200000,NaN,1088,NaN,17.9,1238,261,654,171,1709,1359,31.8,19.4,0.8936
142,1091098800000,NaN,1043,NaN,14.0,1117,178,742,150,1586,1076,34.4,16.6,0.8892
142,1091102400000,NaN,998,NaN,10.1,981,116,786,117,1480,797,35.3,16.7,0.9402
142,1091106000000,NaN,998,NaN,9.5,958,96,800,106,1484,677,36.4,16.8,1.0033
142,1091109600000,NaN,960,NaN,7.1,860,83,887,95,1417,559,34.8,19.5,1.0667
142,1091113200000,NaN,1062,NaN,12.3,1060,120,725,137,1601,830,38.6,16.1,1.0853
142,1091116800000,NaN,1050,NaN,11.7,1039,108,756,129,1558,734,38.5,16.5,1.1037
142,1091120400000,NaN,1096,NaN,12.8,1078,115,713,135,1600,801,37.4,18.1,1.1467
142,1091124000000,NaN,1081,NaN,14.0,1117,102,689,127,1668,828,35.7,19.8,1.1399
142,1091127600000,NaN,1096,NaN,13.9,1112,118,687,122,1694,865,32.0,24.9,1.1663
142,1091131200000,NaN,1051,NaN,11.7,1039,107,720,118,1641,916,29.7,28.1,1.1544
142,1091134800000,NaN,1106,NaN,13.8,1109,129,658,135,1752,1106,28.5,32.1,1.2296
142,1091138400000,NaN,1177,NaN,14.8,1142,133,601,134,1868,1226,27.6,40.5,1.4715
142,1091142000000,NaN,1111,NaN,11.9,1046,98,651,105,1754,1106,26.3,45.6,1.5349
143,1091145600000,NaN,1083,NaN,11.1,1019,110,677,104,1720,1087,25.7,46.1,1.5025
143,1091149200000,NaN,1005,NaN,8.0,900,62,747,81,1620,1000,25.1,46.3,1.4486
143,1091152800000,NaN,942,NaN,5.6,791,55,841,69,1551,859,23.5,51.3,1.467
143,1091156400000,NaN,907,NaN,7.1,863,NaN,782,NaN,1669,919,23.1,52.1,1.4518
143,1091160000000,NaN,867,NaN,3.5,680,35,932,51,1477,777,23.7,51.2,1.4795
143,1091163600000,NaN,882,NaN,4.1,716,52,894,52,1494,790,23.0,52.2,1.4516
143,1091167200000,NaN,894,NaN,4.9,761,36,862,48,1504,768,23.0,49.9,1.3849
143,1091170800000,NaN,1263,NaN,19.4,1279,182,559,105,2132,1388,23.0,50.9,1.4105
143,1091174400000,NaN,1380,NaN,26.3,1463,297,470,150,2322,1691,24.4,49.3,1.4814
143,1091178000000,NaN,1333,NaN,22.0,1350,237,511,160,2186,1655,26.8,46.6,1.6157
143,1091181600000,NaN,1264,NaN,18.1,1244,235,584,167,1972,1496,32.2,32.6,1.5412
143,1091185200000,NaN,1115,NaN,12.1,1053,158,686,141,1722,1086,34.8,26.0,1.4241
143,1091188800000,NaN,1078,NaN,9.4,956,89,742,104,1628,763,36.1,24.8,1.4628
143,1091192400000,NaN,1055,NaN,10.1,980,80,742,101,1610,688,37.7,21.8,1.3977
143,1091196000000,NaN,1031,NaN,10.5,995,93,752,118,1580,694,36.9,21.8,1.3384
143,1091199600000,NaN,1033,NaN,10.8,1006,96,749,121,1564,725,39.1,18.7,1.2884
143,1091203200000,NaN,1043,NaN,9.6,962,98,777,124,1554,686,39.3,18.9,1.318
143,1091206800000,NaN,1118,NaN,13.0,1084,104,684,127,1723,838,38.2,21.8,1.4312
143,1091210400000,NaN,1137,NaN,15.5,1165,121,649,137,1840,974,36.6,23.3,1.4042
143,1091214000000,NaN,1153,NaN,16.5,1194,116,628,137,1874,1038,33.3,28.7,1.4454
143,1091217600000,NaN,1145,NaN,14.5,1134,121,647,135,1828,1108,30.9,34.2,1.5064
143,1091221200000,NaN,1149,NaN,13.2,1092,114,667,118,1808,1135,29.1,38.9,1.5384
143,1091224800000,NaN,1149,NaN,14.8,1143,112,620,111,1827,1143,28.1,40.3,1.5086
143,1091228400000,NaN,1052,NaN,10.7,1002,81,716,85,1667,908,27.0,41.6,1.4596
144,1091232000000,NaN,NaN,NaN,NaN,NaN,220,NaN,158,NaN,NaN,NaN,NaN,NaN
144,1091235600000,NaN,935,NaN,6.4,832,81,809,77,1566,778,25.7,46.8,1.523
144,1091239200000,NaN,935,NaN,5.5,787,43,864,56,1588,728,25.1,51.1,1.6044
144,1091242800000,NaN,930,NaN,5.2,772,NaN,854,NaN,1613,728,23.7,56.5,1.6341
144,1091246400000,NaN,880,NaN,3.9,704,26,913,37,1529,676,23.8,55.3,1.6068
144,1091250000000,0.8,916,NaN,4.7,748,40,878,49,1559,742,23.7,54.6,1.5823
144,1091253600000,1.2,975,NaN,7.3,871,72,771,71,1666,942,22.6,58.8,1.5903
144,1091257200000,1.0,948,NaN,6.4,829,68,801,71,1600,926,24.0,53.4,1.5748
144,1091260800000,1.5,1069,NaN,9.2,947,89,728,86,1763,1039,25.2,51.0,1.6131
144,1091264400000,2.8,1210,NaN,12.5,1067,151,642,125,1879,1158,27.3,47.1,1.6807
144,1091268000000,3.4,1272,NaN,15.7,1170,215,620,160,1957,1347,32.8,33.4,1.633
144,1091271600000,3.3,1240,NaN,15.9,1175,196,614,174,1895,1262,36.0,28.0,1.6304
144,1091275200000,2.9,1171,NaN,14.6,1135,161,654,146,1797,1073,38.5,23.8,1.5944
144,1091278800000,2.2,1072,NaN,11.7,1039,120,745,127,1611,817,39.8,20.5,1.4687
144,1091282400000,1.6,970,NaN,7.4,873,88,859,114,1423,606,38.1,22.0,1.4402
144,1091286000000,0.9,938,NaN,6.1,816,38,917,65,1418,506,40.0,20.0,1.4517
144,1091289600000,1.1,976,NaN,6.9,852,47,866,77,1467,559,40.4,19.8,1.4724
144,1091293200000,1.0,958,NaN,6.2,820,40,886,68,1452,530,39.1,20.7,1.427
144,1091296800000,1.3,1014,NaN,8.1,903,58,816,92,1554,612,37.3,24.3,1.5222
144,1091300400000,1.6,1091,NaN,10.2,987,71,737,104,1711,774,34.0,30.9,1.6158
144,1091304000000,1.8,1080,NaN,10.7,1004,90,724,114,1704,899,31.8,34.5,1.5911
144,1091307600000,2.2,1128,NaN,13.0,1082,95,675,105,1817,1066,30.1,37.7,1.5799
144,1091311200000,1.8,1105,NaN,11.4,1027,85,684,85,1758,1040,28.6,42.3,1.6251
144,1091314800000,2.3,1141,NaN,13.3,1095,119,642,92,1816,1139,27.7,44.6,1.6304
145,1091318400000,2.0,1104,NaN,11.2,1020,106,681,82,1771,1086,26.6,47.5,1.6265
145,1091322000000,1.8,1065,NaN,9.8,970,77,698,70,1724,1049,25.7,50.7,1.6491
145,1091325600000,0.9,971,NaN,6.2,821,28,820,40,1637,811,25.1,53.9,1.689
145,1091329200000,0.5,891,NaN,3.6,691,NaN,941,NaN,1553,629,24.8,58.7,1.8089
145,1091332800000,0.6,936,NaN,4.0,713,21,883,26,1584,723,23.5,63.6,1.8223
145,1091336400000,0.4,845,NaN,2.6,625,17,993,21,1513,646,24.3,59.4,1.7838
145,1091340000000,0.4,872,NaN,2.6,627,24,997,30,1530,670,23.3,62.0,1.7547
145,1091343600000,0.4,903,NaN,2.9,648,19,975,21,1559,603,24.1,63.1,1.8619
145,1091347200000,0.8,971,NaN,4.2,722,39,876,35,1624,687,25.0,60.7,1.892
145,1091350800000,0.8,1006,NaN,5.5,789,46,824,36,1657,733,27.3,52.4,1.8707
145,1091354400000,0.9,1012,NaN,5.8,804,53,832,48,1638,766,32.4,37.3,1.7808
145,1091358000000,0.7,975,NaN,4.5,737,32,896,39,1531,621,35.4,31.3,1.7736
145,1091361600000,0.6,944,NaN,4.3,730,30,933,34,1495,560,37.4,28.2,1.7808
145,1091365200000,0.5,857,NaN,3.5,685,24,1055,33,1331,451,39.2,20.2,1.4104
145,1091368800000,0.6,824,NaN,3.5,683,34,1119,42,1270,393,38.1,18.5,1.2141
145,1091372400000,0.7,868,NaN,3.9,707,63,1063,85,1325,417,40.2,17.7,1.2989
145,1091376000000,0.9,908,NaN,4.7,748,69,1020,92,1373,451,39.7,19.1,1.3646
145,1091379600000,0.9,912,NaN,5.3,776,61,991,84,1379,461,38.5,19.8,1.326
145,1091383200000,1.2,986,NaN,6.4,830,73,906,100,1482,536,36.6,24.6,1.4872
145,1091386800000,1.4,1037,NaN,8.0,900,75,817,95,1584,619,33.1,32.7,1.62
145,1091390400000,1.5,1088,NaN,9.2,948,69,743,77,1667,766,30.7,38.7,1.678
145,1091394000000,1.7,1093,NaN,9.1,944,71,711,85,1655,785,29.5,42.7,1.7316
145,1091397600000,1.7,1142,NaN,9.1,945,73,682,83,1736,793,27.8,52.6,1.9398
145,1091401200000,1.7,1170,NaN,9.5,959,86,666,88,1798,838,27.4,55.5,1.9998
146,1091404800000,1.9,1142,NaN,9.1,945,65,672,68,1775,799,27.3,57.1,2.0426
146,1091408400000,1.2,986,NaN,5.0,762,74,821,97,1573,553,26.7,60.1,2.067
146,1091412000000,0.7,942,NaN,3.7,696,45,916,51,1542,465,26.2,61.6,2.0575
146,1091415600000,0.3,882,NaN,2.2,595,NaN,1097,NaN,1463,406,25.5,62.8,2.0236
146,1091419200000,0.2,854,NaN,1.6,553,2,1203,5,1418,396,25.5,61.8,1.9831
146,1091422800000,0.4,910,NaN,2.7,630,29,1061,35,1504,468,25.1,62.4,1.9602
146,1091426400000,0.8,1005,NaN,5.6,791,42,829,56,1650,638,24.6,62.7,1.9158
146,1091430000000,1.9,1193,NaN,13.0,1085,146,610,110,1947,1097,25.7,58.9,1.9156
146,1091433600000,NaN,1297,NaN,17.8,1233,NaN,544,NaN,2129,1248,27.1,54.4,1.9206
146,1091437200000,1.9,1180,NaN,11.5,1031,163,633,124,1866,1067,28.4,50.7,1.9329
146,1091440800000,1.9,1134,NaN,11.1,1017,144,689,115,1774,964,32.7,36.9,1.7953
146,1091444400000,1.9,1113,NaN,11.0,1013,125,702,119,1781,903,34.0,32.7,1.7146
146,1091448000000,1.7,1084,NaN,10.7,1004,90,706,107,1761,839,35.6,29.2,1.6684
146,1091451600000,1.4,1009,NaN,8.5,921,76,778,99,1635,692,37.1,25.6,1.5868
146,1091455200000,1.2,1002,NaN,8.7,928,73,798,95,1636,629,36.1,26.4,1.5505
146,1091458800000,1.4,1007,NaN,9.4,956,73,763,105,1654,666,37.9,23.8,1.5392
146,1091462400000,1.4,996,NaN,9.5,959,80,779,117,1636,684,38.0,22.2,1.4483
146,1091466000000,1.9,1050,NaN,12.9,1082,121,705,157,1731,816,36.9,22.7,1.3887
146,1091469600000,2.2,1100,NaN,13.7,1107,129,676,173,1801,876,35.5,25.7,1.4626
146,1091473200000,1.9,1085,NaN,12.2,1057,103,689,139,1775,836,32.8,32.2,1.5779
146,1091476800000,1.7,1079,NaN,11.8,1042,87,697,116,1773,846,30.5,38.2,1.6376
146,1091480400000,1.2,1086,NaN,9.9,974,58,707,91,1733,795,28.8,43.5,1.6989
146,1091484000000,0.3,1092,NaN,10.7,1005,64,669,98,1746,836,28.0,46.2,1.721
146,1091487600000,0.1,1097,NaN,9.4,956,58,708,93,1724,818,27.1,49.4,1.7398
147,1091491200000,0.1,1075,NaN,8.1,904,44,720,74,1692,777,26.4,52.2,1.7708
147,1091494800000,NaN,1008,NaN,6.6,838,28,774,50,1640,733,26.2,52.3,1.7561
147,1091498400000,NaN,895,NaN,3.3,672,19,941,36,1469,703,27.1,47.4,1.6809
147,1091502000000,NaN,838,NaN,1.7,559,NaN,1186,NaN,1428,559,28.0,45.2,1.6832
147,1091505600000,NaN,866,NaN,2.3,603,48,1077,55,1459,589,25.8,50.9,1.6605
147,1091509200000,NaN,872,NaN,2.5,617,77,1026,86,1456,585,27.2,47.2,1.6803
147,1091512800000,NaN,922,NaN,3.2,664,110,973,137,1503,644,27.0,48.3,1.6946
147,1091516400000,NaN,1362,NaN,19.3,1277,282,529,140,2188,1392,25.9,51.5,1.7
147,1091520000000,NaN,1349,NaN,21.3,1333,275,487,142,2256,1533,27.4,48.6,1.7447
147,1091523600000,NaN,1298,NaN,17.2,1215,253,539,185,2068,1404,29.1,45.5,1.7998
147,1091527200000,NaN,1234,NaN,15.2,1154,211,596,173,1965,1204,32.8,36.9,1.803
147,1091530800000,NaN,1147,NaN,10.6,999,176,697,158,1788,915,34.7,32.1,1.741
147,1091534400000,NaN,1173,NaN,12.3,1061,153,650,127,1858,940,33.7,35.1,1.8022
147,1091538000000,NaN,1118,NaN,10.5,995,144,689,111,1779,863,35.1,32.4,1.7996
147,1091541600000,NaN,1078,NaN,9.3,951,127,722,114,1718,747,35.4,30.9,1.7505
147,1091545200000,NaN,1076,NaN,9.3,951,112,730,109,1675,704,36.5,28.7,1.7256
147,1091548800000,NaN,1103,NaN,11.0,1014,NaN,684,NaN,1749,791,38.0,24.7,1.6073
147,1091552400000,NaN,1117,NaN,12.1,1052,148,671,137,1780,824,37.5,24.4,1.5515
147,1091556000000,NaN,1166,NaN,13.7,1108,140,622,134,1854,913,35.5,28.9,1.6468
147,1091559600000,NaN,1157,NaN,12.9,1082,125,631,114,1854,907,31.9,37.5,1.7442
147,1091563200000,NaN,1136,NaN,10.3,990,111,672,100,1807,918,30.1,45.0,1.8891
147,1091566800000,NaN,1122,NaN,9.5,959,102,685,92,1798,914,28.8,48.9,1.9105
147,1091570400000,NaN,1121,NaN,10.3,989,108,659,97,1821,955,28.8,48.8,1.9039
147,1091574000000,NaN,1150,NaN,11.2,1020,132,645,111,1835,1063,28.0,49.0,1.8237
148,1091577600000,NaN,1074,NaN,9.2,949,104,678,89,1751,982,27.5,51.5,1.8664
148,1091581200000,NaN,1039,NaN,8.0,899,92,714,87,1717,914,27.3,51.5,1.844
148,1091584800000,NaN,963,NaN,5.8,804,78,791,69,1658,861,26.7,53.3,1.8366
148,1091588400000,NaN,889,NaN,4.0,710,NaN,889,NaN,1566,713,25.9,55.1,1.8117
148,1091592000000,NaN,868,NaN,3.0,652,NaN,962,NaN,1526,740,27.0,51.8,1.8147
148,1091595600000,NaN,877,NaN,3.0,654,NaN,987,NaN,1529,801,26.8,50.9,1.7693
148,1091599200000,NaN,1056,NaN,7.8,893,NaN,733,NaN,1743,1132,25.0,57.0,1.7792
148,1091602800000,NaN,1288,NaN,19.3,1278,NaN,521,NaN,2182,1473,26.2,52.8,1.7729
148,1091606400000,NaN,1381,NaN,26.0,1454,NaN,455,NaN,2404,1607,28.3,47.6,1.7981
148,1091610000000,NaN,1113,NaN,10.6,1001,NaN,663,NaN,1783,1146,29.9,42.1,1.7474
148,1091613600000,NaN,1062,NaN,8.2,909,NaN,764,NaN,1687,867,33.0,35.4,1.7504
148,1091617200000,NaN,1094,NaN,9.9,976,NaN,719,NaN,1753,869,35.6,30.6,1.7493
148,1091620800000,NaN,1050,NaN,8.6,923,NaN,747,NaN,1662,744,37.1,27.9,1.7309
148,1091624400000,NaN,1056,NaN,8.7,926,NaN,748,NaN,1643,702,37.9,25.7,1.6651
148,1091628000000,NaN,944,NaN,6.0,814,NaN,852,NaN,1489,554,37.2,23.6,1.4764
148,1091631600000,NaN,1003,NaN,8.0,901,NaN,813,NaN,1589,661,39.1,21.7,1.5031
148,1091635200000,NaN,1018,NaN,7.6,881,NaN,828,NaN,1590,630,39.3,22.0,1.5366
148,1091638800000,NaN,1108,NaN,10.7,1003,NaN,727,NaN,1710,803,38.2,23.8,1.5666
148,1091642400000,NaN,1049,NaN,8.7,927,NaN,750,NaN,1659,727,34.0,33.2,1.7395
148,1091646000000,NaN,1078,NaN,8.0,897,NaN,732,NaN,1751,894,25.5,58.6,1.8891
148,1091649600000,NaN,999,NaN,7.2,867,NaN,785,NaN,1644,864,27.2,46.0,1.6376
148,1091653200000,NaN,943,NaN,5.7,798,NaN,846,NaN,1571,743,27.6,45.2,1.6479
148,1091656800000,NaN,987,NaN,5.5,790,NaN,838,NaN,1608,830,25.4,52.7,1.6867
148,1091660400000,NaN,939,NaN,4.6,743,NaN,894,NaN,1539,675,26.1,49.4,1.6491
149,1091664000000,NaN,1015,NaN,6.6,840,NaN,783,NaN,1664,839,25.0,53.6,1.6721
149,1091667600000,NaN,935,NaN,4.5,737,NaN,869,NaN,1548,758,25.4,52.9,1.698
149,1091671200000,NaN,908,NaN,3.8,700,NaN,922,NaN,1547,644,25.4,54.4,1.7384
149,1091674800000,NaN,853,NaN,2.3,605,NaN,1032,NaN,1488,615,25.4,54.6,1.7432
149,1091678400000,NaN,851,NaN,2.1,592,NaN,1054,NaN,1482,578,24.5,57.1,1.7327
149,1091682000000,NaN,957,NaN,3.9,705,NaN,857,NaN,1578,843,22.8,63.7,1.7392
149,1091685600000,NaN,1059,NaN,6.5,836,NaN,742,NaN,1675,1113,22.6,64.1,1.7358
149,1091689200000,NaN,1261,NaN,14.5,1134,NaN,557,NaN,2015,1388,24.3,58.0,1.7429
149,1091692800000,NaN,1215,NaN,15.1,1150,NaN,574,NaN,1962,1310,26.5,50.4,1.7215
149,1091696400000,NaN,1097,NaN,9.0,940,NaN,676,NaN,1727,1056,28.1,45.4,1.697
149,1091700000000,NaN,1135,NaN,11.4,1030,NaN,662,NaN,1789,1104,31.7,36.7,1.6843
149,1091703600000,NaN,1117,NaN,11.2,1020,104,706,115,1731,973,35.8,28.7,1.6626
149,1091707200000,NaN,1108,NaN,10.2,985,98,727,108,1708,1001,36.8,27.2,1.6623
149,1091710800000,NaN,1038,NaN,8.2,906,66,808,86,1567,747,38.3,24.5,1.622
149,1091714400000,NaN,985,NaN,6.6,838,60,850,84,1541,653,34.2,30.8,1.6299
149,1091718000000,NaN,1100,NaN,6.4,832,85,767,97,1695,934,28.7,51.4,1.9871
149,1091721600000,NaN,1067,NaN,7.0,855,90,748,102,1700,811,23.9,69.1,2.0202
149,1091725200000,NaN,1140,NaN,9.6,963,122,669,102,1815,918,21.5,78.8,1.9939
149,1091728800000,NaN,1113,NaN,9.4,954,117,682,99,1801,899,21.6,78.5,1.994
149,1091732400000,NaN,1124,NaN,10.2,984,115,678,97,1826,902,21.5,78.4,1.9818
149,1091736000000,NaN,1056,NaN,7.7,886,127,732,101,1721,900,20.8,80.9,1.9637
149,1091739600000,NaN,1002,NaN,5.4,783,79,805,92,1623,875,20.7,81.8,1.9717
149,1091743200000,NaN,971,NaN,5.5,789,61,816,70,1594,879,23.1,70.1,1.9582
149,1091746800000,NaN,1001,NaN,5.7,799,67,829,72,1619,859,22.7,68.4,1.8627
150,1091750400000,NaN,1058,NaN,7.2,867,93,731,80,1685,1048,22.1,72.6,1.9105
150,1091754000000,NaN,1030,NaN,6.8,848,77,734,71,1691,1048,21.8,74.1,1.915
150,1091757600000,NaN,950,NaN,5.0,762,60,827,69,1616,959,21.9,72.8,1.8944
150,1091761200000,NaN,912,NaN,4.1,716,NaN,875,NaN,1586,898,21.7,73.2,1.8763
150,1091764800000,NaN,893,NaN,3.4,676,45,930,55,1567,859,21.4,75.5,1.9033
150,1091768400000,0.7,938,NaN,4.4,734,65,847,57,1607,947,21.4,75.5,1.9069
150,1091772000000,1.2,1065,NaN,7.7,889,94,722,56,1760,1081,21.9,74.9,1.9396
150,1091775600000,2.3,1240,NaN,13.6,1102,205,588,72,1989,1257,22.0,75.9,1.9817
150,1091779200000,3.0,1307,NaN,19.1,1270,240,516,84,2191,1404,22.5,74.9,2.019
150,1091782800000,2.9,1229,NaN,16.3,1188,237,557,97,2033,1412,24.5,66.2,2.0011
150,1091786400000,2.6,1220,NaN,14.2,1122,245,601,107,1974,1428,25.6,61.2,1.9808
150,1091790000000,2.6,1218,NaN,15.6,1168,206,607,117,2000,1451,29.3,48.4,1.9367
150,1091793600000,2.6,1171,NaN,14.4,1129,156,631,120,1911,1346,33.5,36.0,1.8395
150,1091797200000,2.1,1067,NaN,10.5,995,126,717,110,1730,1093,35.6,29.8,1.7045
150,1091800800000,1.7,1054,NaN,10.2,985,108,735,104,1742,940,33.7,33.4,1.7186
150,1091804400000,1.9,1051,NaN,10.7,1003,102,711,110,1715,909,34.1,33.3,1.7509
150,1091808000000,2.5,1103,NaN,11.6,1035,110,672,111,1834,1005,31.5,43.5,1.9797
150,1091811600000,1.1,970,NaN,7.9,894,57,761,64,1649,756,32.5,40.6,1.9481
150,1091815200000,2.1,1100,NaN,11.7,1038,109,668,92,1873,1080,29.8,45.2,1.8642
150,1091818800000,2.6,1129,NaN,14.6,1137,151,606,114,1952,1220,27.7,49.9,1.8189
150,1091822400000,2.6,1126,NaN,13.2,1089,153,620,116,1886,1208,26.4,54.6,1.8459
150,1091826000000,1.7,1019,NaN,9.8,971,103,692,94,1760,1057,25.5,58.0,1.8611
150,1091829600000,1.5,1011,NaN,8.8,930,76,728,77,1723,1009,25.1,59.9,1.8797
150,1091833200000,1.8,1039,NaN,10.4,991,93,685,74,1820,1088,24.1,63.5,1.8828
151,1091836800000,1.4,974,NaN,8.5,920,75,718,62,1755,1062,23.8,65.0,1.8897
151,1091840400000,1.2,925,NaN,6.4,831,57,789,57,1662,975,23.4,64.9,1.843
151,1091844000000,0.7,810,NaN,3.4,674,32,976,45,1530,793,24.4,58.6,1.7714
151,1091847600000,0.6,800,NaN,2.6,627,NaN,1032,NaN,1519,787,23.3,63.3,1.7895
151,1091851200000,0.7,813,NaN,2.9,645,42,990,49,1530,802,21.9,67.1,1.7414
151,1091854800000,0.5,788,NaN,2.3,604,37,1068,45,1507,754,23.6,61.2,1.7588
151,1091858400000,0.6,815,NaN,3.3,670,44,971,44,1538,774,22.6,63.4,1.7136
151,1091862000000,0.9,868,NaN,5.1,771,51,840,43,1608,860,22.9,62.6,1.7253
151,1091865600000,1.2,951,NaN,7.7,886,74,742,51,1705,988,23.3,61.8,1.7504
151,1091869200000,2.0,1075,NaN,10.5,996,115,649,84,1838,1113,25.4,56.2,1.7961
151,1091872800000,1.9,1058,NaN,10.9,1012,109,676,96,1782,1063,30.6,41.9,1.8104
151,1091876400000,1.7,1012,NaN,8.4,914,80,760,88,1653,858,33.5,34.0,1.73
151,1091880000000,1.2,929,NaN,6.0,811,57,862,67,1541,642,35.5,29.8,1.7004
151,1091883600000,1.1,902,NaN,6.0,813,56,875,64,1518,588,37.5,24.7,1.5637
151,1091887200000,1.0,836,NaN,4.7,750,43,960,54,1390,484,35.1,25.2,1.402
151,1091890800000,1.0,858,NaN,5.3,776,43,947,56,1431,498,38.1,21.1,1.3863
151,1091894400000,1.0,886,NaN,5.8,803,51,939,68,1460,538,38.5,21.8,1.4653
151,1091898000000,1.2,974,NaN,6.5,833,46,864,67,1577,565,36.8,29.5,1.8037
151,1091901600000,1.6,1008,NaN,8.4,915,71,783,95,1643,672,34.9,33.4,1.8384
151,1091905200000,1.6,990,NaN,8.3,912,65,777,86,1648,689,32.2,37.4,1.7655
151,1091908800000,1.6,981,NaN,8.4,917,78,740,93,1649,714,29.7,41.7,1.7081
151,1091912400000,1.3,954,NaN,6.4,828,51,793,68,1589,631,27.7,47.4,1.7344
151,1091916000000,1.9,1030,NaN,10.3,988,84,686,95,1751,829,27.3,49.4,1.7602
151,1091919600000,1.9,1033,NaN,10.9,1011,89,681,93,1768,875,26.3,51.3,1.7251
152,1091923200000,1.5,963,NaN,7.4,872,65,767,69,1617,803,25.7,54.1,1.7546
152,1091926800000,1.1,918,NaN,5.8,805,43,816,55,1571,759,25.4,55.1,1.7628
152,1091930400000,0.8,868,NaN,4.5,736,32,894,39,1548,638,24.9,57.3,1.7822
152,1091934000000,0.9,886,NaN,4.6,744,NaN,869,NaN,1590,700,24.1,61.8,1.8339
152,1091937600000,0.6,813,NaN,2.4,609,22,1017,33,1473,615,23.9,61.2,1.7871
152,1091941200000,0.6,815,NaN,2.4,616,21,1080,29,1532,596,23.8,61.3,1.7881
152,1091944800000,0.7,815,NaN,2.6,627,27,1049,36,1518,650,23.4,61.7,1.7495
152,1091948400000,0.6,835,NaN,2.8,638,31,1024,38,1506,655,24.3,58.4,1.7508
152,1091952000000,1.0,921,NaN,4.5,738,46,901,47,1585,779,25.1,56.6,1.7798
152,1091955600000,1.2,963,NaN,5.2,774,62,839,64,1621,758,27.3,51.3,1.835
152,1091959200000,1.0,935,NaN,4.2,724,43,936,49,1574,598,29.5,45.9,1.8662
152,1091962800000,1.3,1007,NaN,4.8,751,53,849,64,1649,643,27.6,52.4,1.9055
152,1091966400000,1.4,1032,NaN,4.6,744,87,813,79,1695,778,25.4,68.0,2.1806
152,1091970000000,0.8,901,NaN,3.6,689,36,964,45,1543,522,32.2,40.3,1.8999
152,1091973600000,0.6,851,NaN,2.6,627,21,1129,30,1433,419,31.6,38.9,1.7838
152,1091977200000,0.7,877,NaN,3.0,655,27,1061,35,1471,444,33.0,37.3,1.8481
152,1091980800000,0.8,909,NaN,3.6,690,29,1039,37,1488,474,35.1,32.1,1.7841
152,1091984400000,0.9,908,NaN,4.1,715,38,988,46,1479,495,35.0,31.1,1.7173
152,1091988000000,1.0,926,NaN,5.0,763,41,949,54,1491,504,33.8,32.1,1.6596
152,1091991600000,1.5,1010,NaN,6.5,836,66,848,79,1577,616,31.1,38.8,1.7295
152,1091995200000,1.5,1031,NaN,7.3,868,63,798,79,1634,690,29.0,46.1,1.8141
152,1091998800000,1.7,1070,NaN,8.1,905,88,745,98,1702,846,28.1,50.6,1.8969
152,1092002400000,1.9,1124,NaN,10.4,992,87,660,93,1791,1013,27.1,54.7,1.9284
152,1092006000000,1.7,1066,NaN,9.0,940,86,683,89,1744,978,26.6,56.4,1.9349
153,1092009600000,1.2,1001,NaN,6.5,836,49,771,57,1662,821,25.8,60.4,1.9759
153,1092013200000,1.1,967,NaN,6.3,824,40,774,51,1637,862,25.5,61.6,1.9804
153,1092016800000,0.8,901,NaN,4.4,733,27,888,39,1605,755,24.9,63.5,1.9647
153,1092020400000,0.5,835,NaN,2.8,638,NaN,997,NaN,1526,715,24.3,65.1,1.9475
153,1092024000000,NaN,820,NaN,2.2,598,23,1065,30,1511,684,23.8,65.7,1.9079
153,1092027600000,0.7,896,NaN,3.7,694,58,941,46,1583,853,23.2,68.0,1.9045
153,1092031200000,1.2,996,NaN,7.4,872,87,756,55,1727,990,23.2,67.5,1.899
153,1092034800000,2.3,1159,NaN,15.1,1151,143,579,63,2005,1206,24.3,63.3,1.8929
153,1092038400000,2.5,1185,NaN,15.1,1152,96,578,42,2003,1274,25.5,59.7,1.9193
153,1092042000000,2.4,1168,NaN,14.7,1138,16,585,5,1946,1336,27.7,52.5,1.9138
153,1092045600000,1.4,1044,NaN,9.8,970,54,715,39,1751,1068,31.8,38.9,1.8005
153,1092049200000,1.2,983,NaN,8.0,897,42,800,39,1608,804,32.7,34.1,1.6592
153,1092052800000,1.6,1032,NaN,8.3,912,72,764,71,1661,826,34.3,31.5,1.6745
153,1092056400000,1.4,1019,NaN,7.7,889,54,787,65,1630,745,34.2,31.5,1.6675
153,1092060000000,1.2,982,NaN,6.7,844,52,835,71,1567,638,33.9,32.3,1.6809
153,1092063600000,1.5,1016,NaN,7.5,880,64,783,72,1617,684,34.4,31.9,1.7005
153,1092067200000,1.4,NaN,NaN,NaN,NaN,70,NaN,76,NaN,NaN,NaN,NaN,NaN
153,1092070800000,1.5,NaN,NaN,NaN,NaN,65,NaN,75,NaN,NaN,NaN,NaN,NaN
153,1092074400000,1.7,NaN,NaN,NaN,NaN,80,NaN,86,NaN,NaN,NaN,NaN,NaN
153,1092078000000,2.2,NaN,NaN,NaN,NaN,88,NaN,96,NaN,NaN,NaN,NaN,NaN
153,1092081600000,1.9,1091,NaN,8.6,925,81,730,95,1685,1020,29.8,41.7,1.7167
153,1092085200000,1.6,1109,NaN,9.7,965,59,696,74,1742,1100,28.8,45.9,1.7884
153,1092088800000,1.5,1098,NaN,9.1,944,69,687,76,1772,1086,28.2,51.1,1.9221
153,1092092400000,1.4,1088,NaN,9.1,945,58,674,66,1765,1060,27.5,54.4,1.9705
154,1092096000000,1.0,1035,NaN,7.0,859,33,732,49,1680,996,27.4,55.0,1.9827
154,1092099600000,0.7,942,NaN,4.9,758,17,824,29,1567,856,28.1,51.6,1.9269
154,1092103200000,0.5,902,NaN,3.5,680,6,919,11,1535,722,26.3,56.5,1.9027
154,1092106800000,0.5,919,NaN,3.9,704,NaN,861,NaN,1603,860,24.4,65.0,1.9612
154,1092110400000,0.5,875,NaN,3.2,665,20,919,25,1559,772,24.4,63.6,1.9218
154,1092114000000,0.7,927,NaN,4.7,747,58,830,34,1633,910,23.5,67.4,1.9305
154,1092117600000,1.2,1032,NaN,7.6,883,106,718,42,1742,1051,23.4,65.7,1.872
154,1092121200000,2.2,1193,NaN,14.7,1139,143,563,47,2009,1257,24.5,61.3,1.8522
154,1092124800000,2.9,1268,NaN,18.7,1259,167,519,62,2114,1410,26.0,55.8,1.8536
154,1092128400000,2.6,1238,NaN,14.8,1144,188,565,81,1939,1433,28.5,48.5,1.8607
154,1092132000000,2.6,1230,NaN,14.5,1133,164,604,90,1909,1413,33.6,35.7,1.8229
154,1092135600000,2.2,1161,NaN,12.7,1074,128,646,95,1777,1206,36.5,28.9,1.7359
154,1092139200000,1.5,1048,NaN,9.2,949,88,764,86,1607,831,39.0,23.7,1.6346
154,1092142800000,0.9,929,NaN,4.8,752,51,955,64,1385,544,38.8,23.7,1.6093
154,1092146400000,1.0,950,NaN,5.4,783,52,914,62,1443,525,38.0,24.0,1.5686
154,1092150000000,1.1,1013,NaN,7.2,864,59,819,75,1544,644,40.5,23.3,1.7416
154,1092153600000,1.2,1034,NaN,6.7,845,67,841,88,1566,702,39.8,25.4,1.8213
154,1092157200000,1.8,1082,NaN,9.7,965,105,760,126,1649,844,39.6,23.3,1.6535
154,1092160800000,1.8,1110,NaN,10.9,1012,91,720,96,1725,905,38.8,24.7,1.6772
154,1092164400000,1.7,1118,NaN,10.6,999,69,706,79,1766,878,34.7,35.9,1.9528
154,1092168000000,1.7,1136,NaN,9.7,967,65,703,67,1801,927,32.3,43.6,2.07
154,1092171600000,1.6,1106,NaN,8.6,924,58,725,62,1757,910,30.7,48.1,2.0821
154,1092175200000,1.7,1151,NaN,10.2,984,67,678,64,1823,1024,29.5,50.6,2.0492
154,1092178800000,1.8,1144,NaN,10.5,997,64,669,63,1816,1021,28.8,52.0,2.0297
155,1092182400000,1.5,1118,NaN,8.8,930,65,697,60,1748,1027,28.2,55.0,2.0697
155,1092186000000,1.2,1066,NaN,6.6,839,47,740,49,1700,993,27.2,59.1,2.0997
155,1092189600000,0.8,991,NaN,5.3,778,29,797,36,1665,910,26.7,60.7,2.0977
155,1092193200000,0.5,906,NaN,3.0,650,NaN,961,NaN,1581,768,26.9,60.3,2.1074
155,1092196800000,0.5,903,NaN,3.2,662,16,932,24,1590,760,26.4,61.6,2.0931
155,1092200400000,0.7,941,NaN,3.5,685,50,895,32,1632,834,25.9,63.6,2.102
155,1092204000000,1.1,1074,NaN,7.2,866,78,717,42,1768,1075,26.1,63.7,2.117
155,1092207600000,1.4,1114,NaN,9.5,958,89,663,42,1836,1167,26.8,60.5,2.1008
155,1092211200000,1.7,1162,NaN,11.1,1019,97,622,51,1904,1178,27.9,56.5,2.0895
155,1092214800000,1.8,1165,NaN,9.7,967,93,651,58,1825,1120,29.8,51.1,2.1054
155,1092218400000,1.8,1179,NaN,9.5,957,105,680,67,1819,1131,33.6,41.0,2.0995
155,1092222000000,1.7,1144,NaN,8.3,913,89,715,68,1782,972,35.1,38.1,2.1144
155,1092225600000,1.3,1066,NaN,6.0,813,63,792,56,1657,764,36.2,34.9,2.0578
155,1092229200000,1.3,1056,NaN,5.8,802,52,824,47,1620,670,38.0,30.7,2.0022
155,1092232800000,1.0,995,NaN,5.1,769,48,882,46,1576,615,36.6,30.8,1.8617
155,1092236400000,1.0,967,NaN,4.5,740,50,926,50,1526,557,38.8,25.4,1.7282
155,1092240000000,1.4,1048,NaN,6.6,839,80,845,65,1607,700,38.7,25.8,1.7426
155,1092243600000,1.6,1092,NaN,8.0,901,78,777,69,1691,734,37.4,29.9,1.8848
155,1092247200000,1.4,1056,NaN,7.6,883,64,799,63,1672,684,36.2,31.1,1.8371
155,1092250800000,1.7,1100,NaN,10.1,982,84,720,69,1760,823,33.8,34.5,1.7788
155,1092254400000,1.4,1057,NaN,7.8,890,72,778,57,1701,801,31.4,40.7,1.8377
155,1092258000000,1.5,1068,NaN,8.4,917,70,736,59,1728,916,30.8,45.0,1.9733
155,1092261600000,1.4,1050,NaN,7.7,887,59,770,54,1696,820,29.4,50.0,2.0181
155,1092265200000,1.5,1074,NaN,7.6,884,63,764,57,1726,838,28.1,54.1,2.029
156,1092268800000,1.6,1053,NaN,7.9,895,58,745,46,1727,882,27.3,57.8,2.0646
156,1092272400000,1.2,1003,NaN,6.3,825,68,794,65,1716,801,26.7,60.6,2.0942
156,1092276000000,0.9,933,NaN,3.8,701,57,906,62,1638,690,25.9,64.5,2.1247
156,1092279600000,0.6,869,NaN,2.4,614,NaN,1001,NaN,1565,674,25.6,63.5,2.0566
156,1092283200000,NaN,864,NaN,2.5,617,15,1027,25,1561,622,26.7,61.0,2.101
156,1092286800000,0.7,931,NaN,4.2,721,47,888,37,1651,799,25.8,64.6,2.1195
156,1092290400000,0.7,921,NaN,4.5,738,39,893,41,1623,818,26.5,60.6,2.063
156,1092294000000,1.7,1139,NaN,11.0,1013,87,672,60,1932,1034,26.4,61.7,2.0929
156,1092297600000,2.2,1205,NaN,14.1,1118,122,585,65,2019,1189,27.5,60.1,2.1719
156,1092301200000,1.9,1126,NaN,9.5,957,122,694,71,1841,1034,29.4,53.1,2.1362
156,1092304800000,1.5,1066,NaN,6.9,855,101,803,61,1712,929,33.4,39.9,2.0177
156,1092308400000,1.6,1069,NaN,7.2,867,92,785,65,1717,880,33.2,39.2,1.9642
156,1092312000000,1.3,975,NaN,5.5,788,70,851,54,1629,701,34.5,35.1,1.8856
156,1092315600000,1.1,955,NaN,5.1,766,58,898,58,1597,620,37.1,30.5,1.8962
156,1092319200000,1.0,949,NaN,5.0,764,44,898,56,1579,573,35.9,32.1,1.8697
156,1092322800000,1.0,941,NaN,5.6,792,44,897,60,1582,544,37.3,28.0,1.7537
156,1092326400000,1.1,942,NaN,5.7,800,52,877,69,1567,581,38.1,26.3,1.7252
156,1092330000000,1.3,974,NaN,7.0,855,53,836,67,1607,610,37.1,27.2,1.6844
156,1092333600000,1.5,1012,NaN,8.1,904,65,794,79,1653,695,35.2,31.2,1.7485
156,1092337200000,1.6,1017,NaN,8.7,929,67,772,86,1702,709,32.1,38.7,1.819
156,1092340800000,1.5,1006,NaN,7.9,896,67,797,79,1697,736,30.3,45.1,1.9129
156,1092344400000,1.3,1008,NaN,7.5,878,53,792,67,1691,722,29.3,50.2,2.0127
156,1092348000000,1.2,989,NaN,6.0,814,53,845,65,1657,680,28.6,53.7,2.0691
156,1092351600000,1.6,1080,NaN,8.5,920,60,739,67,1761,772,27.8,57.4,2.1107
157,1092355200000,1.4,1033,NaN,7.0,856,60,774,62,1736,769,27.4,59.4,2.1395
157,1092358800000,1.1,968,NaN,5.6,794,39,836,48,1688,654,27.2,59.3,2.1059
157,1092362400000,0.7,853,NaN,2.6,626,22,1045,33,1557,516,26.7,61.0,2.1005
157,1092366000000,0.4,810,NaN,1.5,544,NaN,1264,NaN,1485,447,26.0,62.7,2.0737
157,1092369600000,0.5,817,NaN,1.7,558,7,1232,11,1485,452,25.4,63.1,2.0184
157,1092373200000,0.5,840,NaN,2.0,586,25,1154,34,1499,492,26.1,60.3,2.012
157,1092376800000,0.8,940,NaN,4.0,709,47,956,52,1641,588,25.2,67.1,2.1164
157,1092380400000,1.6,1076,NaN,8.6,924,101,720,80,1806,909,26.0,61.9,2.0511
157,1092384000000,1.6,1086,NaN,10.1,981,100,688,86,1818,1007,27.0,57.5,2.0183
157,1092387600000,1.4,1031,NaN,8.7,929,79,759,77,1722,809,30.5,44.4,1.9076
157,1092391200000,1.5,1016,NaN,7.9,896,91,766,93,1704,820,33.4,35.1,1.781
157,1092394800000,1.2,953,NaN,5.8,801,83,868,109,1573,657,35.7,29.0,1.6716
157,1092398400000,1.1,918,NaN,5.3,779,65,896,89,1537,551,35.8,27.7,1.6041
157,1092402000000,0.8,892,NaN,4.2,724,55,971,71,1490,511,36.3,27.4,1.6264
157,1092405600000,0.7,841,NaN,3.3,673,40,1061,56,1394,451,33.6,28.8,1.4695
157,1092409200000,0.7,799,NaN,4.0,709,48,1078,68,1332,462,35.2,20.5,1.1418
157,1092412800000,0.7,838,NaN,4.3,726,46,1056,61,1382,440,35.0,22.4,1.2371
157,1092416400000,1.0,870,NaN,4.6,745,54,998,70,1400,472,34.0,25.2,1.314
157,1092420000000,1.0,892,NaN,5.1,771,55,965,76,1465,494,32.0,28.2,1.3204
157,1092423600000,1.2,926,NaN,5.9,805,60,901,78,1511,524,29.4,34.4,1.3899
157,1092427200000,1.1,919,NaN,5.7,796,62,870,80,1538,560,28.1,41.1,1.535
157,1092430800000,1.0,932,NaN,4.7,746,51,912,71,1528,534,26.9,47.5,1.6595
157,1092434400000,1.2,957,NaN,5.1,767,57,867,74,1534,577,26.6,50.4,1.724
157,1092438000000,1.4,994,NaN,5.9,806,72,830,90,1580,674,25.9,52.9,1.7478
158,1092441600000,1.3,984,NaN,5.6,795,63,838,78,1570,676,25.4,54.6,1.7483
158,1092445200000,1.0,919,NaN,4.5,737,49,899,63,1534,611,25.1,55.7,1.7471
158,1092448800000,0.6,847,NaN,2.5,618,30,1075,42,1442,529,25.1,55.3,1.733
158,1092452400000,0.4,802,NaN,1.7,559,NaN,1232,NaN,1414,478,25.0,56.0,1.7428
158,1092456000000,0.4,795,NaN,1.8,569,18,1178,27,1426,497,25.2,55.0,1.7405
158,1092459600000,0.4,809,NaN,1.9,578,22,1170,29,1445,513,25.6,53.5,1.7291
158,1092463200000,0.5,835,NaN,2.6,626,39,1088,41,1471,563,24.7,55.9,1.7114
158,1092466800000,1.1,967,NaN,6.3,826,68,821,61,1639,822,24.0,57.2,1.6835
158,1092470400000,1.2,969,NaN,6.8,849,84,800,68,1626,890,25.0,53.2,1.663
158,1092474000000,0.9,913,NaN,4.7,749,54,911,58,1535,742,28.0,43.4,1.6162
158,1092477600000,0.9,933,NaN,4.7,748,51,948,52,1551,629,31.6,35.5,1.6269
158,1092481200000,1.0,922,NaN,4.0,712,52,924,57,1494,609,35.0,29.0,1.6017
158,1092484800000,0.8,914,NaN,4.3,726,44,959,51,1496,534,35.3,27.6,1.5512
158,1092488400000,0.8,873,NaN,3.8,699,47,999,53,1413,528,36.2,24.1,1.4235
158,1092492000000,0.7,831,NaN,3.4,676,37,1041,49,1350,463,34.8,24.5,1.3373
158,1092495600000,0.7,840,NaN,3.6,685,33,1051,44,1339,462,38.2,19.6,1.2915
158,1092499200000,0.7,874,NaN,3.6,686,36,1032,48,1402,501,38.9,20.3,1.382
158,1092502800000,0.7,896,NaN,3.6,687,33,1006,46,1438,493,36.9,27.1,1.6683
158,1092506400000,0.9,964,NaN,5.1,769,40,873,56,1546,572,35.2,32.1,1.7898
158,1092510000000,1.2,1001,NaN,6.6,838,56,801,73,1614,668,32.0,38.2,1.788
158,1092513600000,1.4,1005,NaN,7.3,868,71,779,85,1633,771,29.8,41.8,1.7269
158,1092517200000,1.2,979,NaN,6.1,818,57,797,72,1590,732,28.2,45.9,1.7272
158,1092520800000,1.0,935,NaN,5.2,774,43,825,53,1562,687,27.1,48.2,1.7075
158,1092524400000,0.9,939,NaN,4.9,758,40,858,47,1544,664,26.7,49.5,1.7048
159,1092528000000,0.7,878,NaN,3.5,684,26,947,37,1475,588,26.1,50.8,1.6917
159,1092531600000,0.5,848,NaN,3.0,650,24,989,34,1479,610,25.7,52.5,1.7077
159,1092535200000,0.5,826,NaN,2.7,631,24,1028,33,1473,593,24.8,55.4,1.7054
159,1092538800000,0.4,804,NaN,2.2,597,NaN,1077,NaN,1454,566,23.8,57.5,1.6723
159,1092542400000,NaN,789,NaN,2.0,584,18,1107,27,1457,571,22.4,62.2,1.6648
159,1092546000000,0.4,785,NaN,2.4,612,18,1054,27,1443,614,22.5,61.8,1.6654
159,1092549600000,0.4,772,NaN,2.0,584,19,1149,27,1414,566,22.7,59.2,1.6139
159,1092553200000,0.5,796,NaN,2.5,623,22,1064,28,1425,594,23.0,58.4,1.6223
159,1092556800000,0.7,875,NaN,3.5,682,34,983,36,1457,611,23.9,56.3,1.6489
159,1092560400000,1.1,955,NaN,6.0,811,61,841,59,1562,759,26.3,50.1,1.6889
159,1092564000000,1.0,938,NaN,5.3,778,46,896,56,1520,700,32.1,34.0,1.6039
159,1092567600000,1.2,954,NaN,6.3,826,56,870,70,1531,691,35.8,25.7,1.4861
159,1092571200000,1.1,875,NaN,4.8,753,31,978,36,1402,579,38.3,19.8,1.3067
159,1092574800000,0.6,810,NaN,3.2,664,11,1123,17,1312,478,37.3,20.5,1.286
159,1092578400000,0.4,746,NaN,2.6,624,8,1227,14,1209,410,36.3,18.4,1.0976
159,1092582000000,0.4,738,NaN,2.4,610,14,1281,24,1204,404,36.8,16.9,1.0347
159,1092585600000,0.5,771,NaN,3.0,652,21,1223,36,1239,440,37.9,15.9,1.0296
159,1092589200000,0.6,799,NaN,3.1,658,26,1216,43,1254,461,36.7,17.1,1.0398
159,1092592800000,0.8,831,NaN,3.4,679,37,1143,60,1291,526,33.8,21.9,1.1303
159,1092596400000,1.0,885,NaN,4.6,743,53,1016,81,1379,647,32.6,24.6,1.1885
159,1092600000000,1.1,883,NaN,4.4,731,56,988,87,1384,693,30.6,28.4,1.2247
159,1092603600000,1.1,906,NaN,5.5,790,51,936,85,1430,729,29.4,30.5,1.2288
159,1092607200000,1.6,982,NaN,8.2,906,79,784,91,1561,1002,28.4,34.4,1.314
159,1092610800000,0.9,892,NaN,5.0,766,38,880,55,1399,797,28.3,34.1,1.2951
160,1092614400000,0.7,841,NaN,4.0,711,25,956,42,1367,685,27.8,35.2,1.2968
160,1092618000000,0.7,859,NaN,3.7,693,24,988,43,1377,710,25.3,39.7,1.2656
160,1092621600000,0.5,810,NaN,3.1,657,11,1016,20,1337,629,24.5,41.5,1.2589
160,1092625200000,0.4,759,NaN,1.8,566,NaN,1175,NaN,1267,503,24.8,39.8,1.2231
160,1092628800000,0.3,749,NaN,1.5,543,16,1238,23,1244,462,23.3,41.9,1.1856
160,1092632400000,0.4,766,NaN,2.4,616,43,1163,43,1306,530,21.5,45.6,1.1558
160,1092636000000,0.9,865,NaN,5.4,783,86,893,68,1446,838,21.3,47.0,1.1793
160,1092639600000,1.3,924,NaN,8.5,920,92,767,62,1534,946,22.2,45.0,1.1867
160,1092643200000,1.6,973,NaN,10.9,1010,102,722,65,1616,1014,23.6,40.8,1.1746
160,1092646800000,2.1,1028,NaN,12.0,1048,171,719,93,1624,1135,27.1,32.4,1.1462
160,1092650400000,2.0,979,NaN,10.6,999,148,796,110,1515,1027,33.4,20.1,1.0142
160,1092654000000,1.4,892,NaN,7.4,874,119,923,106,1369,749,35.3,17.0,0.9546
160,1092657600000,1.4,892,NaN,7.3,869,71,953,77,1363,632,37.4,14.7,0.9295
160,1092661200000,0.9,836,NaN,4.6,741,53,1065,60,1277,479,38.6,14.6,0.9821
160,1092664800000,0.8,824,NaN,4.0,708,61,1091,67,1256,463,35.8,17.8,1.0274
160,1092668400000,0.8,825,NaN,3.8,702,53,1077,57,1267,458,38.4,16.4,1.0957
160,1092672000000,1.0,871,NaN,5.0,761,61,1015,60,1346,520,39.7,15.3,1.0963
160,1092675600000,1.3,903,NaN,6.9,853,72,930,69,1420,606,38.8,15.8,1.0706
160,1092679200000,1.3,944,NaN,7.0,857,67,880,77,1463,631,35.2,22.3,1.2467
160,1092682800000,1.3,969,NaN,6.8,850,70,857,77,1503,695,31.7,28.2,1.2962
160,1092686400000,1.6,1005,NaN,8.5,919,81,788,87,1543,871,30.4,30.9,1.3219
160,1092690000000,1.4,972,NaN,8.0,898,79,807,88,1508,879,29.5,32.1,1.3005
160,1092693600000,1.3,960,NaN,5.7,798,73,854,84,1459,780,28.0,34.9,1.2989
160,1092697200000,1.0,946,NaN,5.1,767,57,870,65,1443,728,28.2,36.6,1.3722
161,1092700800000,0.9,959,NaN,5.5,787,45,830,54,1460,821,26.5,40.7,1.3873
161,1092704400000,0.6,877,NaN,3.1,658,25,964,37,1349,663,28.3,36.7,1.3878
161,1092708000000,0.5,867,NaN,2.9,645,23,1001,36,1385,656,25.7,43.8,1.4233
161,1092711600000,0.5,836,NaN,2.6,626,NaN,1024,NaN,1397,639,24.3,49.0,1.4666
161,1092715200000,0.4,820,NaN,2.2,597,18,1069,29,1346,603,24.3,48.3,1.4449
161,1092718800000,0.4,828,NaN,2.5,618,23,1039,25,1354,560,23.6,49.2,1.4153
161,1092722400000,1.0,929,NaN,5.6,791,59,841,41,1493,789,22.2,53.9,1.4201
161,1092726000000,2.2,1118,NaN,12.9,1079,135,638,68,1761,1145,22.5,52.3,1.41
161,1092729600000,2.5,1155,NaN,16.0,1181,167,580,82,1850,1302,24.3,47.8,1.4321
161,1092733200000,2.3,1112,NaN,12.2,1058,190,654,137,1695,1297,27.3,40.7,1.4548
161,1092736800000,2.0,1094,NaN,10.0,979,142,717,119,1633,1192,33.3,28.2,1.4189
161,1092740400000,NaN,1022,NaN,7.8,890,NaN,803,NaN,1499,862,35.3,23.1,1.2989
161,1092744000000,NaN,968,NaN,5.9,805,NaN,875,NaN,1391,649,36.1,21.3,1.2502
161,1092747600000,NaN,978,NaN,6.6,840,NaN,852,NaN,1422,694,38.5,18.0,1.2055
161,1092751200000,NaN,947,NaN,4.8,751,NaN,922,NaN,1358,595,36.5,20.8,1.2446
161,1092754800000,NaN,997,NaN,5.9,808,NaN,870,NaN,1447,662,38.8,19.1,1.3035
161,1092758400000,NaN,1026,NaN,6.0,813,NaN,843,NaN,1463,692,38.8,19.8,1.3513
161,1092762000000,NaN,973,NaN,5.0,764,NaN,914,NaN,1373,619,38.1,19.7,1.2928
161,1092765600000,NaN,925,NaN,4.2,721,NaN,969,NaN,1317,484,36.1,20.7,1.2151
161,1092769200000,NaN,957,NaN,5.0,766,NaN,929,NaN,1380,516,32.8,24.3,1.1894
161,1092772800000,NaN,1029,NaN,7.5,877,NaN,807,NaN,1489,776,30.4,29.8,1.2712
161,1092776400000,NaN,1109,NaN,9.3,952,NaN,735,NaN,1601,1041,29.1,33.6,1.3314
161,1092780000000,NaN,1105,NaN,10.0,977,NaN,692,NaN,1618,1138,28.6,35.7,1.3726
161,1092783600000,NaN,1039,NaN,8.2,906,NaN,728,NaN,1545,1091,28.0,36.1,1.3425
162,1092787200000,NaN,965,NaN,6.4,832,NaN,795,NaN,1455,978,25.8,39.5,1.2949
162,1092790800000,NaN,955,NaN,6.0,812,NaN,823,NaN,1464,936,25.1,40.1,1.2544
162,1092794400000,NaN,935,NaN,5.4,782,NaN,847,NaN,1428,867,24.4,42.5,1.2854
162,1092798000000,NaN,902,NaN,4.4,735,NaN,890,NaN,1410,781,23.0,46.2,1.2783
162,1092801600000,NaN,875,NaN,4.1,714,NaN,903,NaN,1379,746,22.5,46.7,1.261
162,1092805200000,NaN,884,NaN,4.3,729,NaN,920,NaN,1389,837,22.9,45.7,1.2621
162,1092808800000,NaN,942,NaN,6.3,825,NaN,870,NaN,1450,995,23.8,41.8,1.2149
162,1092812400000,NaN,1077,NaN,10.9,1012,NaN,708,NaN,1633,1138,24.4,42.6,1.2866
162,1092816000000,NaN,1040,NaN,11.2,1022,NaN,713,NaN,1624,998,27.3,36.8,1.3189
162,1092819600000,NaN,982,NaN,6.5,836,NaN,840,NaN,1498,696,29.6,35.4,1.4426
162,1092823200000,NaN,995,NaN,5.7,800,NaN,896,NaN,1501,615,34.6,28.3,1.5338
162,1092826800000,NaN,1024,NaN,7.0,859,NaN,810,NaN,1576,710,33.1,32.6,1.6188
162,1092830400000,NaN,1029,NaN,5.6,791,NaN,855,NaN,1567,651,33.3,33.1,1.6642
162,1092834000000,NaN,1003,NaN,5.5,787,NaN,850,NaN,1518,636,34.6,30.1,1.6296
162,1092837600000,NaN,987,NaN,5.4,782,NaN,875,NaN,1514,593,34.9,29.5,1.6275
162,1092841200000,NaN,1023,NaN,7.0,859,NaN,810,NaN,1590,684,35.6,28.5,1.6293
162,1092844800000,1.4,1023,NaN,7.4,875,83,785,71,1590,711,36.4,27.1,1.6226
162,1092848400000,1.7,1064,NaN,9.1,942,94,735,78,1650,801,36.8,26.2,1.5984
162,1092852000000,1.5,1042,NaN,8.9,936,84,759,72,1630,770,36.4,26.8,1.6038
162,1092855600000,1.7,1059,NaN,9.2,947,90,733,74,1671,813,33.3,32.8,1.6527
162,1092859200000,1.6,1050,NaN,8.5,921,91,743,70,1683,851,31.3,39.5,1.7798
162,1092862800000,1.4,1025,NaN,7.9,896,70,738,55,1693,823,29.9,44.7,1.8511
162,1092866400000,1.4,1029,NaN,6.1,816,75,804,54,1624,778,29.1,48.4,1.9186
162,1092870000000,1.4,1055,NaN,6.4,831,72,769,53,1686,827,28.0,52.9,1.964
163,1092873600000,1.2,1001,NaN,5.7,799,59,800,46,1642,753,27.7,53.0,1.9423
163,1092877200000,0.9,936,NaN,4.4,730,48,864,38,1551,726,27.7,52.6,1.9202
163,1092880800000,0.6,863,NaN,2.3,608,41,1035,30,1465,597,28.3,49.5,1.8782
163,1092884400000,0.4,834,NaN,1.8,565,NaN,1187,NaN,1444,473,28.8,49.0,1.9112
163,1092888000000,0.5,841,NaN,1.9,578,11,1144,16,1464,463,27.7,52.5,1.923
163,1092891600000,0.5,871,NaN,2.4,611,11,1077,12,1494,526,27.5,53.0,1.9097
163,1092895200000,0.8,962,NaN,4.7,747,37,862,38,1605,712,27.1,54.4,1.9168
163,1092898800000,1.4,1083,NaN,7.8,889,72,725,56,1734,918,27.6,52.1,1.8936
163,1092902400000,1.2,1061,NaN,7.8,891,53,721,57,1697,894,29.0,48.5,1.9133
163,1092906000000,1.0,1012,NaN,6.3,824,31,803,39,1612,710,31.0,42.9,1.8909
163,1092909600000,1.2,1031,NaN,6.5,834,47,793,47,1640,737,32.5,39.4,1.8982
163,1092913200000,1.1,1011,NaN,6.1,816,33,830,35,1614,680,36.9,30.9,1.8934
163,1092916800000,1.2,1009,NaN,6.3,824,35,822,44,1606,670,36.2,30.6,1.8105
163,1092920400000,1.1,980,NaN,5.6,793,32,858,43,1549,654,37.7,27.7,1.778
163,1092924000000,1.0,961,NaN,5.8,803,23,852,34,1552,618,37.1,27.2,1.6874
163,1092927600000,1.0,966,NaN,5.4,784,27,870,36,1530,652,39.5,24.3,1.7216
163,1092931200000,1.2,1022,NaN,6.8,849,32,813,44,1583,732,39.9,23.8,1.7127
163,1092934800000,1.7,1091,NaN,9.3,953,51,723,63,1688,853,39.6,24.3,1.7255
163,1092938400000,1.7,1063,NaN,8.5,919,46,735,60,1676,821,37.2,29.1,1.8185
163,1092942000000,1.7,1116,NaN,9.3,952,62,702,66,1759,895,33.9,37.1,1.9264
163,1092945600000,1.7,1101,NaN,7.4,875,65,722,68,1748,927,31.6,43.6,1.9944
163,1092949200000,NaN,1072,NaN,6.4,831,NaN,757,NaN,1677,857,30.3,47.3,2.0034
163,1092952800000,NaN,1080,NaN,7.8,890,NaN,723,NaN,1702,869,29.8,49.1,2.0248
163,1092956400000,NaN,1005,NaN,5.6,792,NaN,809,NaN,1638,725,29.0,51.7,2.0375
164,1092960000000,NaN,998,NaN,5.3,776,NaN,810,NaN,1608,665,28.5,52.1,2.0036
164,1092963600000,NaN,1000,NaN,5.0,763,NaN,807,NaN,1619,680,27.7,53.7,1.9661
164,1092967200000,NaN,932,NaN,4.2,720,NaN,859,NaN,1562,605,27.4,53.5,1.9267
164,1092970800000,NaN,808,NaN,1.4,539,NaN,1206,NaN,1383,427,28.5,48.7,1.872
164,1092974400000,NaN,795,NaN,1.0,494,NaN,1398,NaN,1353,400,28.9,48.4,1.8982
164,1092978000000,NaN,886,NaN,2.4,613,NaN,1075,NaN,1484,522,27.1,54.8,1.9309
164,1092981600000,NaN,974,NaN,4.5,740,NaN,873,NaN,1595,703,26.1,59.0,1.9669
164,1092985200000,NaN,1112,NaN,8.9,936,NaN,683,NaN,1792,965,26.7,58.0,2.0023
164,1092988800000,NaN,1175,NaN,12.9,1080,NaN,591,NaN,1931,1102,27.9,54.9,2.0353
164,1092992400000,NaN,1091,NaN,8.6,925,NaN,701,NaN,1753,1058,29.7,50.5,2.0767
164,1092996000000,NaN,1066,NaN,7.8,890,NaN,747,NaN,1690,906,32.2,41.4,1.9624
164,1092999600000,NaN,1031,NaN,7.7,887,NaN,777,NaN,1665,844,35.6,32.2,1.8408
164,1093003200000,NaN,1004,NaN,7.3,868,NaN,772,NaN,1632,763,35.7,31.4,1.8025
164,1093006800000,NaN,927,NaN,3.8,698,NaN,919,NaN,1537,555,35.5,34.9,1.9841
164,1093010400000,NaN,924,NaN,3.3,673,NaN,960,NaN,1522,520,35.0,35.5,1.962
164,1093014000000,NaN,912,NaN,3.3,671,NaN,964,NaN,1508,508,35.1,34.6,1.9255
164,1093017600000,NaN,976,NaN,4.8,752,NaN,876,NaN,1561,545,36.8,30.5,1.8572
164,1093021200000,NaN,989,NaN,5.7,798,NaN,840,NaN,1607,584,34.5,34.7,1.8667
164,1093024800000,NaN,986,NaN,5.6,794,NaN,845,NaN,1619,590,33.0,38.1,1.8813
164,1093028400000,NaN,984,NaN,5.7,800,NaN,836,NaN,1607,610,30.8,43.1,1.8761
164,1093032000000,NaN,1000,NaN,7.0,857,NaN,767,NaN,1634,689,29.1,46.9,1.8652
164,1093035600000,NaN,996,NaN,6.8,848,NaN,763,NaN,1657,713,28.2,49.8,1.8795
164,1093039200000,NaN,1013,NaN,8.3,913,NaN,717,NaN,1685,785,27.5,50.4,1.823
164,1093042800000,NaN,1004,NaN,6.9,851,NaN,767,NaN,1632,754,27.3,49.1,1.7503
165,1093046400000,NaN,949,NaN,6.0,814,NaN,824,NaN,1563,653,26.7,46.7,1.6121
165,1093050000000,NaN,895,NaN,5.4,783,NaN,863,NaN,1502,575,26.0,45.0,1.4913
165,1093053600000,NaN,863,NaN,3.9,707,NaN,927,NaN,1407,537,25.0,47.3,1.4771
165,1093057200000,NaN,786,NaN,2.0,587,NaN,1150,NaN,1300,413,25.3,44.3,1.4032
165,1093060800000,NaN,792,NaN,2.2,597,NaN,1137,NaN,1320,417,24.3,46.3,1.3857
165,1093064400000,NaN,816,NaN,3.0,653,NaN,1058,NaN,1332,486,24.8,43.4,1.3347
165,1093068000000,NaN,826,NaN,3.5,682,NaN,1088,NaN,1342,532,24.5,40.6,1.2327
165,1093071600000,NaN,826,NaN,3.8,698,NaN,1017,NaN,1331,542,25.7,36.9,1.1991
165,1093075200000,NaN,809,NaN,3.2,664,NaN,1061,NaN,1323,459,26.8,35.0,1.2175
165,1093078800000,NaN,809,NaN,2.6,624,NaN,1131,NaN,1309,415,28.0,34.9,1.3008
165,1093082400000,NaN,853,NaN,3.5,681,NaN,1031,NaN,1368,457,29.0,34.1,1.3445
165,1093086000000,NaN,814,NaN,3.1,657,NaN,1086,NaN,1332,429,30.4,30.8,1.3155
165,1093089600000,NaN,807,NaN,3.1,658,NaN,1113,NaN,1328,428,32.4,26.3,1.2523
165,1093093200000,NaN,811,NaN,3.0,653,NaN,1120,NaN,1336,423,31.0,28.9,1.277
165,1093096800000,NaN,796,NaN,2.2,601,NaN,1171,NaN,1314,410,29.3,33.1,1.322
165,1093100400000,NaN,833,NaN,3.0,649,NaN,1142,NaN,1354,437,26.9,35.2,1.2334
165,1093104000000,NaN,856,NaN,3.5,684,NaN,1023,NaN,1368,520,28.1,34.2,1.2802
165,1093107600000,NaN,830,NaN,3.7,696,NaN,1060,NaN,1328,461,28.5,29.4,1.1298
165,1093111200000,NaN,883,NaN,5.4,782,NaN,958,NaN,1395,571,27.3,31.0,1.111
165,1093114800000,NaN,965,NaN,8.9,936,NaN,808,NaN,1535,866,25.4,36.2,1.1562
165,1093118400000,NaN,931,NaN,7.8,890,NaN,831,NaN,1474,841,24.6,38.0,1.158
165,1093122000000,NaN,885,NaN,5.6,791,NaN,941,NaN,1425,706,24.3,41.6,1.2467
165,1093125600000,NaN,900,NaN,5.2,773,NaN,944,NaN,1426,703,24.9,40.8,1.2696
165,1093129200000,NaN,904,NaN,6.7,845,NaN,878,NaN,1483,775,23.8,44.7,1.3019
166,1093132800000,NaN,944,NaN,8.0,900,NaN,809,NaN,1549,830,22.8,49.8,1.367
166,1093136400000,NaN,907,NaN,6.4,832,NaN,868,NaN,1492,808,22.8,49.4,1.3568
166,1093140000000,NaN,886,NaN,5.2,774,NaN,868,NaN,1486,815,20.9,57.4,1.4037
166,1093143600000,NaN,882,NaN,5.1,767,NaN,856,NaN,1492,897,20.5,60.6,1.447
166,1093147200000,NaN,843,NaN,4.0,713,NaN,917,NaN,1426,836,19.6,63.7,1.4396
166,1093150800000,NaN,825,NaN,3.7,694,NaN,935,NaN,1415,774,19.4,64.5,1.4394
166,1093154400000,NaN,791,NaN,2.8,638,NaN,1038,NaN,1389,698,18.6,67.4,1.4302
166,1093158000000,NaN,856,NaN,4.5,735,NaN,936,NaN,1455,800,19.6,63.7,1.4419
166,1093161600000,NaN,861,NaN,4.7,746,NaN,911,NaN,1448,771,21.7,56.4,1.4496
166,1093165200000,NaN,924,NaN,6.0,814,NaN,830,NaN,1519,798,25.2,47.4,1.4978
166,1093168800000,NaN,941,NaN,5.8,805,NaN,842,NaN,1512,755,30.4,34.1,1.4577
166,1093172400000,NaN,879,NaN,5.2,775,NaN,899,NaN,1407,657,33.4,25.1,1.2665
166,1093176000000,NaN,816,NaN,4.6,742,NaN,1009,NaN,1305,537,35.5,18.2,1.0376
166,1093179600000,NaN,715,NaN,2.1,589,NaN,1286,NaN,1127,390,35.1,15.7,0.8757
166,1093183200000,NaN,717,NaN,1.8,570,NaN,1326,NaN,1110,368,33.3,17.1,0.8592
166,1093186800000,NaN,711,NaN,2.8,640,NaN,1224,NaN,1084,391,36.6,11.8,0.7107
166,1093190400000,NaN,731,NaN,3.6,686,NaN,1212,NaN,1104,413,38.3,10.0,0.6591
166,1093194000000,NaN,752,NaN,4.0,713,NaN,1163,NaN,1144,435,37.3,10.9,0.6846
166,1093197600000,NaN,879,NaN,5.3,779,NaN,999,NaN,1347,535,34.6,20.0,1.0817
166,1093201200000,NaN,922,NaN,7.4,874,NaN,851,NaN,1447,663,30.4,28.2,1.204
166,1093204800000,NaN,958,NaN,8.0,900,NaN,782,NaN,1493,830,28.1,34.3,1.2821
166,1093208400000,NaN,949,NaN,7.4,876,NaN,773,NaN,1500,911,26.5,36.6,1.2484
166,1093212000000,NaN,922,NaN,6.1,818,NaN,826,NaN,1454,848,25.7,38.5,1.2548
166,1093215600000,NaN,902,NaN,5.5,790,NaN,856,NaN,1428,799,24.7,41.6,1.2751
167,1093219200000,NaN,932,NaN,6.2,820,NaN,817,NaN,1462,921,23.6,45.4,1.3067
167,1093222800000,NaN,870,NaN,4.4,733,NaN,903,NaN,1392,762,23.4,46.3,1.3134
167,1093226400000,NaN,812,NaN,3.4,675,NaN,995,NaN,1348,661,21.6,51.6,1.3171
167,1093230000000,NaN,773,NaN,2.4,613,NaN,1065,NaN,1321,597,21.2,53.3,1.328
167,1093233600000,NaN,769,NaN,2.0,582,NaN,1105,NaN,1306,616,20.6,55.1,1.3237
167,1093237200000,NaN,763,NaN,2.0,583,NaN,1093,NaN,1288,596,22.1,49.6,1.3022
167,1093240800000,NaN,809,NaN,3.8,701,NaN,997,NaN,1384,649,21.1,51.6,1.2784
167,1093244400000,NaN,893,NaN,7.6,881,NaN,810,NaN,1486,792,21.8,48.6,1.2556
167,1093248000000,NaN,1028,NaN,14.9,1146,NaN,638,NaN,1766,1080,21.7,49.1,1.2602
167,1093251600000,2.0,1011,NaN,12.0,1051,111,702,NaN,1659,1087,25.3,41.7,1.3243
167,1093255200000,NaN,994,NaN,9.2,947,NaN,764,NaN,1572,983,30.3,30.9,1.3096
167,1093258800000,1.6,937,NaN,8.2,908,86,822,83,1466,826,32.9,24.9,1.2269
167,1093262400000,1.3,902,NaN,5.9,808,57,912,64,1408,632,34.4,23.5,1.2541
167,1093266000000,1.0,860,NaN,4.7,748,39,955,50,1344,532,34.3,22.5,1.1974
167,1093269600000,0.9,843,NaN,4.1,716,41,1005,53,1305,496,33.4,21.6,1.0927
167,1093273200000,1.0,872,NaN,4.9,760,47,979,57,1314,513,36.1,18.4,1.0827
167,1093276800000,1.1,857,NaN,5.2,775,45,979,55,1258,512,37.3,15.4,0.9692
167,1093280400000,1.5,922,NaN,7.5,878,60,880,70,1363,615,36.8,16.2,0.9922
167,1093284000000,1.5,951,NaN,7.4,875,51,856,68,1406,600,34.9,20.9,1.1463
167,1093287600000,1.6,962,NaN,7.8,891,53,813,73,1442,634,30.8,26.5,1.1603
167,1093291200000,1.7,957,NaN,8.6,926,72,758,92,1480,830,28.9,28.3,1.1078
167,1093294800000,1.4,928,NaN,6.5,837,62,808,80,1410,871,27.0,30.7,1.079
167,1093298400000,1.2,895,NaN,6.8,846,41,819,60,1371,787,26.6,30.6,1.0459
167,1093302000000,1.1,902,NaN,5.7,797,32,845,49,1355,841,26.0,33.1,1.0955
168,1093305600000,1.1,904,NaN,5.8,801,44,852,53,1400,862,24.1,37.9,1.1204
168,1093309200000,1.2,919,NaN,5.7,799,29,844,50,1409,881,22.2,43.1,1.1396
168,1093312800000,0.7,812,NaN,3.2,663,18,982,34,1265,709,22.8,41.3,1.1284
168,1093316400000,0.5,776,NaN,2.1,590,NaN,1099,NaN,1245,602,21.2,43.8,1.088
168,1093320000000,0.4,762,NaN,1.7,563,12,1181,21,1208,492,21.7,42.6,1.0907
168,1093323600000,0.7,786,NaN,2.8,642,39,1057,48,1270,592,20.2,47.1,1.1021
168,1093327200000,1.1,868,NaN,5.7,798,83,866,71,1392,824,20.1,47.8,1.1093
168,1093330800000,1.6,965,NaN,10.0,977,149,725,94,1515,1014,20.6,45.5,1.0925
168,1093334400000,2.3,1049,NaN,14.5,1133,216,630,118,1662,1208,22.4,41.1,1.0979
168,1093338000000,1.6,1008,NaN,9.9,973,153,714,105,1509,1178,25.0,36.6,1.143
168,1093341600000,2.0,1008,NaN,11.2,1021,177,714,122,1549,1176,29.9,26.2,1.0891
168,1093345200000,1.6,973,NaN,8.3,911,126,800,121,1441,891,32.9,21.8,1.0714
168,1093348800000,1.6,964,NaN,9.5,959,96,787,115,1438,731,35.0,17.9,0.99
168,1093352400000,1.3,923,NaN,7.1,862,92,875,107,1363,626,34.6,18.2,0.9832
168,1093356000000,1.0,934,NaN,6.0,811,75,896,86,1343,553,33.8,22.8,1.1781
168,1093359600000,1.6,1036,NaN,9.1,943,109,770,118,1509,770,36.3,19.5,1.1539
168,1093363200000,2.0,1076,NaN,10.4,994,133,723,129,1549,938,38.3,17.9,1.181
168,1093366800000,1.7,1055,NaN,8.7,927,87,757,90,1520,716,36.9,20.9,1.2864
168,1093370400000,1.7,1081,NaN,9.0,938,80,728,87,1568,714,33.9,30.0,1.56
168,1093374000000,1.4,1072,NaN,6.8,850,70,737,65,1604,702,29.8,43.4,1.7988
168,1093377600000,1.3,1038,NaN,5.2,773,67,749,61,1568,687,27.5,50.4,1.8274
168,1093381200000,1.3,1059,NaN,5.7,800,66,740,62,1604,739,27.5,50.4,1.8284
168,1093384800000,1.6,1070,NaN,6.9,852,97,704,85,1639,867,28.1,48.0,1.7933
168,1093388400000,1.8,1093,NaN,7.8,893,90,677,83,1678,927,26.9,49.6,1.7299
169,1093392000000,1.5,1016,NaN,6.8,849,99,729,84,1609,872,26.0,48.0,1.5899
169,1093395600000,1.3,988,NaN,6.3,825,71,756,71,1559,848,24.9,50.6,1.5747
169,1093399200000,1.1,930,NaN,4.7,749,59,823,62,1464,777,23.7,53.2,1.5418
169,1093402800000,0.5,815,NaN,2.0,584,NaN,1102,NaN,1363,513,24.5,50.9,1.5416
169,1093406400000,0.6,884,NaN,3.6,686,26,908,40,1439,651,22.9,56.1,1.5492
169,1093410000000,0.7,913,NaN,4.4,730,47,883,50,1493,774,23.3,55.5,1.5636
169,1093413600000,1.1,994,NaN,6.4,829,108,784,78,1581,982,23.6,54.2,1.5583
169,1093417200000,1.9,1173,NaN,11.9,1047,160,631,89,1815,1175,24.9,52.9,1.643
169,1093420800000,3.5,1314,NaN,21.0,1325,204,499,106,2143,1390,26.4,50.8,1.7166
169,1093424400000,2.9,1252,NaN,15.6,1168,193,557,107,1938,1352,28.1,47.4,1.7753
169,1093428000000,2.2,1151,NaN,12.1,1053,146,623,93,1835,1152,30.2,43.2,1.823
169,1093431600000,2.0,1122,NaN,9.3,951,126,687,95,1729,1022,31.2,41.9,1.871
169,1093435200000,1.7,1111,NaN,8.7,927,90,707,78,1715,922,33.9,36.0,1.8692
169,1093438800000,1.6,1058,NaN,7.9,894,84,736,76,1648,825,33.9,34.1,1.7754
169,1093442400000,1.3,972,NaN,6.2,820,60,811,66,1535,630,34.4,30.6,1.6402
169,1093446000000,1.3,985,NaN,6.3,826,66,808,71,1544,621,35.3,28.5,1.6034
169,1093449600000,1.3,1004,NaN,6.0,814,57,808,61,1520,602,36.3,28.3,1.6851
169,1093453200000,1.6,1030,NaN,7.9,897,71,733,73,1592,668,35.3,29.4,1.6577
169,1093456800000,1.3,965,NaN,5.8,802,51,821,54,1504,564,32.5,34.1,1.6453
169,1093460400000,1.4,987,NaN,6.3,824,49,793,53,1541,581,29.1,42.1,1.6695
169,1093464000000,1.4,923,NaN,6.0,811,59,804,69,1434,604,27.8,35.6,1.3116
169,1093467600000,1.3,872,NaN,6.3,824,66,853,77,1346,590,27.0,30.0,1.0542
169,1093471200000,1.4,939,NaN,6.8,849,72,804,83,1479,650,26.3,37.3,1.2555
169,1093474800000,1.5,954,NaN,7.0,855,89,792,94,1474,745,25.2,40.8,1.2877
170,1093478400000,1.5,969,NaN,7.0,857,75,753,84,1485,821,24.3,43.3,1.2973
170,1093482000000,0.9,882,NaN,5.0,763,38,879,55,1388,656,23.3,45.3,1.2794
170,1093485600000,0.6,805,NaN,2.8,637,24,1048,35,1276,520,24.1,44.0,1.3034
170,1093489200000,0.5,790,NaN,2.1,590,NaN,1122,NaN,1257,493,23.8,44.8,1.3061
170,1093492800000,NaN,779,NaN,1.7,560,19,1189,31,1231,487,23.0,47.7,1.3232
170,1093496400000,0.5,842,NaN,2.8,640,40,1070,45,1293,595,23.7,46.7,1.3501
170,1093500000000,1.0,NaN,NaN,NaN,NaN,63,NaN,59,NaN,NaN,NaN,NaN,NaN
170,1093503600000,1.9,NaN,NaN,NaN,NaN,121,NaN,83,NaN,NaN,NaN,NaN,NaN
170,1093507200000,2.6,NaN,NaN,NaN,NaN,143,NaN,90,NaN,NaN,NaN,NaN,NaN
170,1093510800000,1.7,NaN,NaN,NaN,NaN,104,NaN,87,NaN,NaN,NaN,NaN,NaN
170,1093514400000,1.7,NaN,NaN,NaN,NaN,111,NaN,83,NaN,NaN,NaN,NaN,NaN
170,1093518000000,1.4,NaN,NaN,NaN,NaN,83,NaN,71,NaN,NaN,NaN,NaN,NaN
170,1093521600000,1.6,NaN,NaN,NaN,NaN,90,NaN,77,NaN,NaN,NaN,NaN,NaN
170,1093525200000,1.3,NaN,NaN,NaN,NaN,82,NaN,75,NaN,NaN,NaN,NaN,NaN
170,1093528800000,0.9,NaN,NaN,NaN,NaN,48,NaN,52,NaN,NaN,NaN,NaN,NaN
170,1093532400000,1.4,NaN,NaN,NaN,NaN,89,NaN,76,NaN,NaN,NaN,NaN,NaN
170,1093536000000,1.0,NaN,NaN,NaN,NaN,58,NaN,60,NaN,NaN,NaN,NaN,NaN
170,1093539600000,2.2,NaN,NaN,NaN,NaN,129,NaN,99,NaN,NaN,NaN,NaN,NaN
170,1093543200000,1.9,NaN,NaN,NaN,NaN,103,NaN,88,NaN,NaN,NaN,NaN,NaN
170,1093546800000,2.1,NaN,NaN,NaN,NaN,115,NaN,91,NaN,NaN,NaN,NaN,NaN
170,1093550400000,1.7,NaN,NaN,NaN,NaN,108,NaN,91,NaN,NaN,NaN,NaN,NaN
170,1093554000000,1.0,NaN,NaN,NaN,NaN,60,NaN,68,NaN,NaN,NaN,NaN,NaN
170,1093557600000,1.1,NaN,NaN,NaN,NaN,68,NaN,71,NaN,NaN,NaN,NaN,NaN
170,1093561200000,0.7,NaN,NaN,NaN,NaN,36,NaN,49,NaN,NaN,NaN,NaN,NaN
171,1093564800000,1.3,NaN,NaN,NaN,NaN,81,NaN,71,NaN,NaN,NaN,NaN,NaN
171,1093568400000,1.3,NaN,NaN,NaN,NaN,91,NaN,76,NaN,NaN,NaN,NaN,NaN
171,1093572000000,1.0,NaN,NaN,NaN,NaN,65,NaN,67,NaN,NaN,NaN,NaN,NaN
171,1093575600000,0.7,NaN,NaN,NaN,NaN,NaN,NaN,NaN,NaN,NaN,NaN,NaN,NaN
171,1093579200000,0.6,NaN,NaN,NaN,NaN,46,NaN,58,NaN,NaN,NaN,NaN,NaN
171,1093582800000,0.7,NaN,NaN,NaN,NaN,71,NaN,53,NaN,NaN,NaN,NaN,NaN
171,1093586400000,1.1,NaN,NaN,NaN,NaN,92,NaN,52,NaN,NaN,NaN,NaN,NaN
171,1093590000000,2.4,NaN,NaN,NaN,NaN,201,NaN,68,NaN,NaN,NaN,NaN,NaN
171,1093593600000,2.4,NaN,NaN,NaN,NaN,169,NaN,69,NaN,NaN,NaN,NaN,NaN
171,1093597200000,2.3,NaN,NaN,NaN,NaN,158,NaN,83,NaN,NaN,NaN,NaN,NaN
171,1093600800000,2.2,NaN,NaN,NaN,NaN,147,NaN,99,NaN,NaN,NaN,NaN,NaN
171,1093604400000,1.8,NaN,NaN,NaN,NaN,119,NaN,101,NaN,NaN,NaN,NaN,NaN
171,1093608000000,2.0,NaN,NaN,NaN,NaN,114,NaN,104,NaN,NaN,NaN,NaN,NaN
171,1093611600000,1.5,NaN,NaN,NaN,NaN,92,NaN,89,NaN,NaN,NaN,NaN,NaN
171,1093615200000,1.4,NaN,NaN,NaN,NaN,82,NaN,88,NaN,NaN,NaN,NaN,NaN
171,1093618800000,1.5,NaN,NaN,NaN,NaN,85,NaN,89,NaN,NaN,NaN,NaN,NaN
171,1093622400000,1.6,NaN,NaN,NaN,NaN,96,NaN,92,NaN,NaN,NaN,NaN,NaN
171,1093626000000,1.9,NaN,NaN,NaN,NaN,104,NaN,109,NaN,NaN,NaN,NaN,NaN
171,1093629600000,2.0,NaN,NaN,NaN,NaN,101,NaN,107,NaN,NaN,NaN,NaN,NaN
171,1093633200000,2.3,NaN,NaN,NaN,NaN,128,NaN,116,NaN,NaN,NaN,NaN,NaN
171,1093636800000,2.4,NaN,NaN,NaN,NaN,147,NaN,124,NaN,NaN,NaN,NaN,NaN
171,1093640400000,1.8,NaN,NaN,NaN,NaN,115,NaN,112,NaN,NaN,NaN,NaN,NaN
171,1093644000000,1.7,NaN,NaN,NaN,NaN,97,NaN,99,NaN,NaN,NaN,NaN,NaN
171,1093647600000,1.2,NaN,NaN,NaN,NaN,74,NaN,85,NaN,NaN,NaN,NaN,NaN
172,1093651200000,0.8,NaN,NaN,NaN,NaN,50,NaN,69,NaN,NaN,NaN,NaN,NaN
172,1093654800000,0.7,NaN,NaN,NaN,NaN,41,NaN,58,NaN,NaN,NaN,NaN,NaN
172,1093658400000,0.6,NaN,NaN,NaN,NaN,36,NaN,49,NaN,NaN,NaN,NaN,NaN
172,1093662000000,0.6,835,NaN,3.8,699,NaN,912,NaN,1361,796,19.8,59.3,1.3505
172,1093665600000,0.6,792,NaN,2.5,621,40,1015,56,1322,714,20.0,59.3,1.3681
172,1093669200000,0.4,749,NaN,1.7,559,25,1145,33,1255,584,22.5,48.6,1.3077
172,1093672800000,0.5,803,NaN,3.4,676,38,975,39,1303,676,19.5,57.0,1.2739
172,1093676400000,0.7,818,NaN,4.3,726,38,921,43,1330,685,19.6,56.1,1.2651
172,1093680000000,1.2,932,NaN,7.1,861,75,767,62,1483,894,20.7,53.3,1.287
172,1093683600000,1.7,977,NaN,8.3,913,104,744,81,1512,977,24.7,41.8,1.2839
172,1093687200000,1.8,1011,NaN,9.1,945,134,733,102,1570,1034,29.9,30.5,1.2616
172,1093690800000,1.5,975,NaN,7.7,887,85,829,86,1478,737,32.3,27.2,1.2933
172,1093694400000,1.2,958,NaN,7.2,867,30,828,37,1468,660,34.3,24.5,1.3021
172,1093698000000,1.1,903,NaN,5.8,805,49,886,64,1361,581,33.4,22.5,1.1398
172,1093701600000,NaN,854,NaN,3.5,684,NaN,1020,NaN,1294,456,32.7,22.8,1.1069
172,1093705200000,NaN,890,NaN,4.7,749,NaN,953,NaN,1332,483,34.5,20.5,1.1028
172,1093708800000,NaN,962,NaN,6.7,845,NaN,877,NaN,1379,575,35.9,20.3,1.18
172,1093712400000,NaN,1028,NaN,8.9,934,NaN,786,NaN,1481,707,35.8,23.0,1.3323
172,1093716000000,NaN,1031,NaN,8.0,901,NaN,775,NaN,1502,628,33.5,29.0,1.4797
172,1093719600000,NaN,1087,NaN,9.0,938,NaN,690,NaN,1613,747,29.8,39.6,1.6324
172,1093723200000,NaN,1029,NaN,7.1,862,NaN,727,NaN,1539,733,27.9,43.1,1.6004
172,1093726800000,NaN,1070,NaN,8.8,932,NaN,685,NaN,1648,847,27.3,44.5,1.5885
172,1093730400000,NaN,1059,NaN,8.4,914,NaN,697,NaN,1617,895,26.0,47.6,1.5806
172,1093734000000,NaN,1125,NaN,9.3,952,NaN,646,NaN,1690,995,25.3,52.9,1.6765
173,1093737600000,NaN,1062,NaN,6.4,829,NaN,714,NaN,1592,846,24.5,56.3,1.7026
173,1093741200000,NaN,1049,NaN,6.9,853,NaN,699,NaN,1605,882,23.5,59.8,1.7141
173,1093744800000,NaN,999,NaN,7.3,871,NaN,711,NaN,1580,909,22.6,62.6,1.6945
173,1093748400000,NaN,947,NaN,5.9,808,NaN,768,NaN,1537,851,21.8,64.6,1.6721
173,1093752000000,NaN,904,NaN,4.8,753,NaN,809,NaN,1529,766,21.0,66.9,1.6454
173,1093755600000,NaN,894,NaN,3.5,681,NaN,843,NaN,1476,765,21.2,66.4,1.6468
173,1093759200000,NaN,875,NaN,3.0,654,NaN,897,NaN,1463,752,21.0,66.5,1.6344
173,1093762800000,NaN,870,NaN,2.8,637,NaN,947,NaN,1445,716,21.3,64.1,1.6043
173,1093766400000,NaN,952,NaN,4.8,756,NaN,809,NaN,1518,825,22.7,58.1,1.5856
173,1093770000000,NaN,949,NaN,3.9,705,NaN,859,NaN,1460,691,25.1,51.8,1.6304
173,1093773600000,NaN,1028,NaN,6.9,854,NaN,776,NaN,1561,761,29.5,39.0,1.5868
173,1093777200000,NaN,1003,NaN,6.8,849,NaN,800,NaN,1511,710,32.3,31.8,1.5128
173,1093780800000,NaN,934,NaN,5.0,763,NaN,872,NaN,1435,567,33.6,28.9,1.4792
173,1093784400000,NaN,872,NaN,4.0,710,NaN,956,NaN,1377,493,31.9,28.2,1.3116
173,1093788000000,NaN,852,NaN,3.5,684,NaN,982,NaN,1343,477,32.5,25.9,1.2437
173,1093791600000,NaN,881,NaN,4.1,715,NaN,955,NaN,1352,502,34.1,23.4,1.2307
173,1093795200000,NaN,942,NaN,5.4,783,NaN,898,NaN,1397,568,36.2,21.4,1.2664
173,1093798800000,NaN,1038,NaN,8.6,925,NaN,746,NaN,1534,714,35.6,22.6,1.2984
173,1093802400000,NaN,1042,NaN,8.8,932,NaN,752,NaN,1530,717,33.6,25.7,1.3101
173,1093806000000,NaN,1181,NaN,13.7,1107,NaN,590,NaN,1807,935,29.9,35.2,1.4603
173,1093809600000,NaN,1116,NaN,11.8,1044,NaN,613,NaN,1694,954,28.3,39.2,1.4826
173,1093813200000,NaN,1062,NaN,8.6,923,NaN,697,NaN,1602,839,27.0,43.0,1.5118
173,1093816800000,NaN,1085,NaN,9.2,948,NaN,680,NaN,1635,880,26.2,46.8,1.5669
173,1093820400000,NaN,1161,NaN,12.2,1057,NaN,613,NaN,1764,1026,25.1,51.5,1.621
174,1093824000000,NaN,1053,NaN,7.8,891,NaN,690,NaN,1589,898,24.1,55.3,1.6363
174,1093827600000,NaN,956,NaN,4.5,740,NaN,831,NaN,1474,717,23.8,57.8,1.677
174,1093831200000,NaN,859,NaN,2.9,646,NaN,951,NaN,1376,607,23.7,56.2,1.6255
174,1093834800000,NaN,813,NaN,1.8,566,NaN,1123,NaN,1328,501,24.8,52.2,1.6086
174,1093838400000,NaN,815,NaN,1.7,565,NaN,1127,NaN,1350,541,22.9,59.4,1.6353
174,1093842000000,NaN,902,NaN,3.9,706,NaN,877,NaN,1463,708,22.0,62.3,1.6266
174,1093845600000,NaN,1017,NaN,7.6,885,NaN,726,NaN,1609,884,21.5,64.0,1.6256
174,1093849200000,NaN,1336,NaN,23.3,1385,NaN,477,NaN,2133,1357,22.6,60.3,1.6287
174,1093852800000,NaN,1393,NaN,30.7,1567,NaN,416,NaN,2381,1562,23.8,56.5,1.64
174,1093856400000,NaN,1271,NaN,20.4,1308,NaN,517,NaN,2007,1411,25.7,50.6,1.6475
174,1093860000000,NaN,1169,NaN,13.7,1107,NaN,607,NaN,1818,1175,27.8,45.4,1.6751
174,1093863600000,NaN,1143,NaN,11.8,1043,NaN,643,NaN,1747,1079,29.9,39.6,1.6397
174,1093867200000,NaN,1084,NaN,10.1,980,NaN,679,NaN,1653,923,31.6,34.7,1.589
174,1093870800000,NaN,1051,NaN,9.3,950,NaN,715,NaN,1644,748,31.5,34.4,1.5665
174,1093874400000,NaN,1020,NaN,7.6,882,NaN,765,NaN,1553,635,31.2,35.0,1.5669
174,1093878000000,NaN,1111,NaN,13.1,1088,NaN,635,NaN,1719,884,33.0,31.4,1.5583
174,1093881600000,NaN,1125,NaN,12.2,1056,NaN,645,NaN,1716,929,33.8,29.2,1.5143
174,1093885200000,NaN,1099,NaN,11.9,1048,NaN,657,NaN,1711,779,33.0,29.5,1.4613
174,1093888800000,NaN,1132,NaN,14.1,1121,NaN,611,NaN,1757,906,32.3,30.2,1.4347
174,1093892400000,NaN,1077,NaN,11.3,1025,NaN,629,NaN,1677,772,28.4,38.4,1.4616
174,1093896000000,NaN,1076,NaN,10.3,988,NaN,648,NaN,1649,883,26.9,43.2,1.5052
174,1093899600000,NaN,1070,NaN,10.8,1008,NaN,656,NaN,1649,963,26.0,43.6,1.4407
174,1093903200000,NaN,1052,NaN,9.4,956,NaN,675,NaN,1581,987,25.0,47.6,1.4872
174,1093906800000,NaN,988,NaN,7.1,862,NaN,736,NaN,1539,893,24.6,50.9,1.5508
175,1093910400000,NaN,926,NaN,5.1,769,NaN,836,NaN,1467,801,24.0,55.6,1.6381
175,1093914000000,NaN,925,NaN,4.7,749,NaN,826,NaN,1482,739,23.5,58.3,1.6672
175,1093917600000,NaN,869,NaN,2.9,648,NaN,953,NaN,1401,644,22.7,60.8,1.6519
175,1093921200000,NaN,832,NaN,2.1,593,NaN,1049,NaN,1347,558,24.1,55.5,1.6481
175,1093924800000,NaN,854,NaN,2.9,645,NaN,954,NaN,1399,602,22.5,60.9,1.6424
175,1093928400000,NaN,913,NaN,4.3,726,NaN,861,NaN,1487,737,22.0,64.5,1.6847
175,1093932000000,NaN,976,NaN,6.6,840,NaN,756,NaN,1555,885,22.3,62.9,1.6754
175,1093935600000,NaN,1309,NaN,21.0,1323,NaN,505,NaN,2098,1360,23.1,60.0,1.6711
175,1093939200000,NaN,1333,NaN,26.2,1460,NaN,443,NaN,2231,1455,24.7,55.1,1.6872
175,1093942800000,NaN,1209,NaN,16.1,1182,NaN,546,NaN,1911,1255,27.7,46.1,1.6852
175,1093946400000,NaN,1180,NaN,15.3,1157,NaN,568,NaN,1874,1202,29.8,38.8,1.6029
175,1093950000000,NaN,1204,NaN,16.5,1196,NaN,552,NaN,1884,1250,31.5,32.6,1.478
175,1093953600000,NaN,1143,NaN,14.1,1119,NaN,610,NaN,1770,1103,31.8,30.5,1.4083
175,1093957200000,NaN,1120,NaN,12.2,1058,NaN,626,NaN,1716,1049,31.4,31.8,1.441
175,1093960800000,2.9,1030,NaN,8.9,935,NaN,726,NaN,1583,791,32.5,28.7,1.3796
175,1093964400000,1.9,1058,NaN,11.0,1016,209,673,101,1625,832,33.8,25.8,1.3338
175,1093968000000,1.4,1040,NaN,7.6,882,132,756,71,1560,635,34.5,28.6,1.5393
175,1093971600000,2.0,1093,NaN,10.1,981,166,666,82,1676,733,32.7,33.0,1.5987
175,1093975200000,2.7,1184,NaN,14.1,1119,243,594,104,1806,912,31.4,35.4,1.5972
175,1093978800000,2.8,1180,NaN,14.1,1121,247,568,105,1816,947,27.7,43.5,1.592
175,1093982400000,2.0,1079,NaN,10.3,988,165,633,87,1694,899,26.2,47.8,1.5979
175,1093986000000,2.1,1095,NaN,11.5,1032,187,621,98,1730,984,25.7,48.7,1.5825
175,1093989600000,2.0,1073,NaN,10.9,1009,206,639,105,1655,955,25.2,50.1,1.58
175,1093993200000,1.8,1063,NaN,10.4,991,200,655,104,1672,966,24.4,53.4,1.6031
176,1093996800000,1.9,1046,NaN,9.5,960,189,671,96,1637,899,23.7,55.4,1.6031
176,1094000400000,1.3,953,NaN,7.0,858,136,742,79,1544,780,22.8,58.5,1.5992
176,1094004000000,0.7,864,NaN,3.3,673,83,947,61,1412,636,22.8,58.5,1.5985
176,1094007600000,0.5,829,NaN,2.6,628,NaN,994,NaN,1378,577,22.3,59.7,1.5889
176,1094011200000,0.5,838,NaN,2.8,639,72,963,48,1391,596,20.8,64.9,1.571
176,1094014800000,0.6,913,NaN,4.3,728,121,802,63,1418,887,19.7,66.8,1.5184
176,1094018400000,1.3,1039,NaN,8.5,921,268,687,92,1556,1115,19.8,64.3,1.4678
176,1094022000000,3.6,1252,NaN,20.9,1320,451,499,99,2001,1374,20.6,62.3,1.4915
176,1094025600000,4.9,1410,NaN,35.2,1669,458,393,117,2555,1644,23.2,54.0,1.5143
176,1094029200000,3.9,1217,NaN,18.7,1261,487,533,142,1941,1375,26.3,43.1,1.4542
176,1094032800000,2.2,1114,NaN,12.8,1077,319,633,121,1705,1199,29.1,35.4,1.4008
176,1094036400000,1.9,1026,NaN,11.2,1020,269,689,122,1603,992,30.0,31.6,1.3176
176,1094040000000,2.2,1051,NaN,13.3,1094,224,646,108,1675,966,32.4,26.3,1.2594
176,1094043600000,2.0,1027,NaN,11.3,1024,162,700,80,1588,814,31.3,29.1,1.3054
176,1094047200000,1.7,996,NaN,10.4,992,189,722,93,1580,727,31.1,28.6,1.2718
176,1094050800000,2.0,1028,NaN,12.3,1060,213,686,108,1601,806,33.3,24.4,1.232
176,1094054400000,2.1,1030,NaN,12.3,1060,245,705,118,1588,852,35.5,21.2,1.2022
176,1094058000000,3.2,1133,NaN,19.4,1280,341,595,149,1791,1093,34.6,22.0,1.189
176,1094061600000,4.0,1180,NaN,21.5,1339,382,567,171,1868,1211,33.3,23.6,1.1842
176,1094065200000,4.4,1261,NaN,25.7,1446,358,528,154,2061,1346,30.0,28.5,1.1896
176,1094068800000,3.0,1093,NaN,14.5,1133,288,599,122,1708,1200,28.0,33.0,1.2264
176,1094072400000,2.2,1068,NaN,11.4,1029,252,650,126,1612,1192,27.2,37.4,1.3279
176,1094076000000,1.7,1031,NaN,9.5,958,201,700,121,1560,1074,26.6,39.9,1.3657
176,1094079600000,1.9,1055,NaN,11.6,1037,225,635,125,1632,1161,25.3,41.7,1.3247
177,1094083200000,2.0,1060,NaN,11.4,1029,242,622,126,1663,1210,24.3,44.7,1.3432
177,1094086800000,1.5,962,NaN,7.5,880,167,726,96,1484,1050,24.4,45.6,1.3779
177,1094090400000,0.8,874,NaN,5.3,776,99,846,73,1416,873,23.1,49.9,1.3891
177,1094094000000,0.6,832,NaN,3.1,661,NaN,977,NaN,1312,766,22.7,51.3,1.3977
177,1094097600000,0.6,834,NaN,4.0,709,87,907,65,1348,835,21.8,54.1,1.4004
177,1094101200000,0.7,865,NaN,4.6,745,164,866,90,1394,901,21.0,56.9,1.3999
177,1094104800000,0.8,903,NaN,5.8,803,87,819,58,1471,853,21.8,55.5,1.4323
177,1094108400000,2.9,1236,NaN,20.0,1297,93,542,27,1997,1321,21.6,57.2,1.4607
177,1094112000000,5.2,1464,NaN,30.0,1552,417,419,67,2366,1738,22.8,54.2,1.4886
177,1094115600000,3.3,1258,NaN,18.7,1261,406,514,96,1940,1603,26.2,45.0,1.5098
177,1094119200000,NaN,1203,NaN,15.8,1174,NaN,577,NaN,1824,1426,30.8,34.8,1.5165
177,1094122800000,NaN,1156,NaN,14.3,1127,NaN,616,NaN,1767,1295,34.1,28.8,1.5105
177,1094126400000,NaN,1106,NaN,14.4,1130,NaN,623,NaN,1726,1093,35.9,24.7,1.437
177,1094130000000,NaN,1008,NaN,11.6,1037,NaN,697,NaN,1587,803,33.7,25.1,1.2915
177,1094133600000,NaN,1011,NaN,11.1,1017,NaN,704,NaN,1569,738,34.4,24.0,1.279
177,1094137200000,NaN,1049,NaN,13.5,1100,NaN,667,NaN,1635,870,36.4,20.3,1.214
177,1094140800000,NaN,1053,NaN,13.7,1108,NaN,694,NaN,1570,873,38.7,17.3,1.1729
177,1094144400000,NaN,1088,NaN,15.3,1159,NaN,666,NaN,1626,889,37.2,18.9,1.1774
177,1094148000000,NaN,1248,NaN,26.0,1454,NaN,550,NaN,1917,1599,36.1,20.0,1.1767
177,1094151600000,NaN,1374,NaN,28.6,1517,NaN,490,NaN,2069,1704,32.8,29.4,1.4344
177,1094155200000,NaN,1213,NaN,17.0,1210,NaN,572,NaN,1809,1424,30.0,35.9,1.4958
177,1094158800000,NaN,1108,NaN,12.0,1051,NaN,640,NaN,1616,1199,28.7,38.2,1.4794
177,1094162400000,NaN,1071,NaN,10.1,982,NaN,649,NaN,1557,1099,28.1,40.4,1.512
177,1094166000000,NaN,1044,NaN,9.7,967,NaN,672,NaN,1540,1133,27.4,41.4,1.4877
178,1094169600000,NaN,1045,NaN,9.6,964,NaN,666,NaN,1554,1140,26.4,44.0,1.4919
178,1094173200000,NaN,1004,NaN,8.5,921,NaN,699,NaN,1495,1092,24.9,47.9,1.4855
178,1094176800000,NaN,944,NaN,5.7,796,NaN,784,NaN,1407,1021,24.0,50.3,1.476
178,1094180400000,NaN,868,NaN,3.1,657,NaN,921,NaN,1356,764,25.2,47.9,1.5129
178,1094184000000,NaN,850,NaN,2.7,632,NaN,954,NaN,1316,803,24.2,50.6,1.5011
178,1094187600000,NaN,873,NaN,3.3,668,NaN,911,NaN,1354,744,23.1,55.0,1.5357
178,1094191200000,NaN,905,NaN,5.1,766,NaN,842,NaN,1438,818,22.9,56.2,1.5522
178,1094194800000,NaN,1249,NaN,18.0,1239,NaN,540,NaN,1953,1285,22.0,59.3,1.5523
178,1094198400000,NaN,1488,NaN,34.5,1653,NaN,388,NaN,2537,1782,23.7,54.0,1.5627
178,1094202000000,NaN,1300,NaN,20.0,1296,NaN,489,NaN,1989,1639,26.7,45.7,1.5747
178,1094205600000,NaN,1311,NaN,18.9,1267,NaN,524,NaN,1941,1662,31.4,34.5,1.5599
178,1094209200000,NaN,1232,NaN,17.0,1210,NaN,565,NaN,1832,1478,34.5,28.5,1.5324
178,1094212800000,NaN,1113,NaN,13.4,1096,NaN,635,NaN,1636,1050,36.4,23.6,1.4064
178,1094216400000,NaN,1048,NaN,11.2,1021,NaN,698,NaN,1570,846,35.1,23.2,1.2884
178,1094220000000,NaN,1054,NaN,11.6,1036,NaN,697,NaN,1585,830,35.7,22.2,1.2765
178,1094223600000,NaN,1104,NaN,13.5,1102,NaN,670,NaN,1609,1480,37.6,19.6,1.2534
178,1094227200000,NaN,1130,NaN,13.9,1113,NaN,674,NaN,1623,1127,38.8,17.6,1.1979
178,1094230800000,4.6,1229,NaN,21.9,1348,NaN,565,NaN,1830,1445,39.3,16.0,1.1138
178,1094234400000,4.3,1347,NaN,23.2,1382,NaN,529,NaN,1961,1543,37.0,23.6,1.4639
178,1094238000000,4.9,1424,NaN,24.5,1417,NaN,488,NaN,2092,1674,33.2,30.1,1.5095
178,1094241600000,4.0,1305,NaN,16.3,1188,NaN,546,NaN,1843,1524,31.0,33.1,1.462
178,1094245200000,2.6,1180,NaN,13.1,1088,NaN,619,NaN,1662,1339,29.5,33.4,1.3562
178,1094248800000,1.3,1029,NaN,8.1,904,NaN,709,NaN,1460,992,29.1,36.7,1.4502
178,1094252400000,1.5,1080,NaN,8.1,902,NaN,702,NaN,1516,1048,27.8,40.7,1.5002
179,1094256000000,2.2,1197,NaN,11.4,1029,NaN,601,NaN,1628,1362,26.0,45.3,1.4999
179,1094259600000,1.2,1006,NaN,6.7,845,NaN,738,NaN,1430,978,25.8,45.4,1.487
179,1094263200000,0.9,987,NaN,6.2,820,NaN,772,NaN,1400,935,25.4,45.9,1.4684
179,1094266800000,0.8,958,NaN,4.5,735,NaN,816,NaN,1409,906,25.2,46.4,1.464
179,1094270400000,0.8,962,NaN,4.7,747,NaN,813,NaN,1431,913,23.0,52.7,1.4568
179,1094274000000,0.8,958,NaN,4.6,744,NaN,809,NaN,1419,903,22.1,54.5,1.4337
179,1094277600000,1.0,976,NaN,5.3,780,NaN,795,NaN,1467,898,22.5,53.6,1.4422
179,1094281200000,1.7,1088,NaN,9.1,945,NaN,636,NaN,1613,1165,22.0,55.4,1.4436
179,1094284800000,1.9,1159,NaN,11.0,1016,NaN,595,NaN,1681,1260,23.4,51.6,1.4639
179,1094288400000,2.0,1156,NaN,10.3,988,NaN,615,NaN,1634,1250,26.7,43.0,1.4808
179,1094292000000,2.2,1202,NaN,11.2,1021,NaN,649,NaN,1644,1226,31.3,32.9,1.4771
179,1094295600000,2.3,1226,NaN,12.9,1080,NaN,622,NaN,1697,1188,34.8,27.1,1.4837
179,1094299200000,2.3,1181,NaN,13.2,1091,NaN,638,NaN,1637,1072,38.3,21.5,1.4263
179,1094302800000,1.8,1062,NaN,9.8,969,NaN,729,NaN,1459,782,37.1,21.2,1.3107
179,1094306400000,1.4,1013,NaN,7.9,897,NaN,798,NaN,1351,594,37.3,20.3,1.2771
179,1094310000000,1.6,1029,NaN,8.3,913,NaN,787,NaN,1373,607,38.3,19.3,1.2736
179,1094313600000,2.3,1144,NaN,11.9,1046,NaN,682,NaN,1564,879,40.7,17.0,1.2793
179,1094317200000,2.4,1159,NaN,12.3,1059,NaN,664,NaN,1580,945,39.5,18.5,1.3076
179,1094320800000,2.1,1113,NaN,10.0,978,NaN,705,NaN,1538,946,36.6,22.6,1.3664
179,1094324400000,1.8,1100,NaN,9.1,944,NaN,730,NaN,1524,882,32.8,28.2,1.3842
179,1094328000000,1.7,1037,NaN,7.8,890,NaN,765,NaN,1408,735,30.7,30.7,1.3338
179,1094331600000,1.9,1055,NaN,10.3,988,NaN,720,NaN,1490,874,30.1,28.7,1.2052
179,1094335200000,1.6,980,NaN,8.0,901,NaN,812,NaN,1369,731,29.7,25.4,1.044
179,1094338800000,2.6,1083,NaN,13.3,1094,NaN,706,NaN,1537,926,29.6,24.3,0.9889
180,1094342400000,5.8,1399,NaN,30.3,1558,NaN,473,NaN,2052,1652,28.0,29.1,1.0846
180,1094346000000,3.0,1194,NaN,18.5,1255,NaN,555,NaN,1694,1452,27.2,33.3,1.1788
180,1094349600000,1.5,970,NaN,7.3,870,NaN,792,NaN,1376,943,27.5,30.9,1.1155
180,1094353200000,0.9,898,NaN,4.2,721,NaN,912,NaN,1264,594,27.1,33.3,1.1762
180,1094356800000,1.1,929,NaN,5.1,769,NaN,879,NaN,1335,607,26.4,35.1,1.1919
180,1094360400000,0.9,913,NaN,4.4,734,NaN,864,NaN,1338,646,25.6,37.6,1.2131
180,1094364000000,0.7,854,NaN,2.2,600,NaN,1102,NaN,1252,542,25.4,38.6,1.2352
180,1094367600000,0.6,881,NaN,2.9,647,NaN,964,NaN,1250,550,25.5,38.2,1.2296
180,1094371200000,0.7,867,NaN,2.5,618,NaN,1042,NaN,1231,488,27.0,34.3,1.2089
180,1094374800000,0.8,885,NaN,2.8,638,NaN,1059,NaN,1248,484,29.9,29.6,1.2296
180,1094378400000,0.9,899,NaN,3.0,654,NaN,1037,NaN,1254,481,31.9,26.8,1.2477
180,1094382000000,1.0,886,NaN,2.7,633,NaN,1071,NaN,1214,453,33.0,23.5,1.1583
180,1094385600000,0.9,864,NaN,3.0,651,NaN,1096,NaN,1193,443,34.5,19.3,1.0369
180,1094389200000,0.7,822,NaN,2.4,611,NaN,1191,NaN,1138,403,33.2,19.0,0.9533
180,1094392800000,0.6,810,NaN,2.2,597,NaN,1255,NaN,1106,361,32.2,20.5,0.9699
180,1094396400000,0.6,784,NaN,1.9,576,NaN,1327,NaN,1060,342,32.6,17.5,0.8467
180,1094400000000,0.8,823,NaN,2.7,633,NaN,1228,NaN,1103,366,33.0,17.5,0.8683
180,1094403600000,0.9,863,NaN,3.4,678,NaN,1153,NaN,1139,434,32.9,17.5,0.8622
180,1094407200000,1.1,880,NaN,4.3,728,NaN,1046,NaN,1167,514,31.6,18.0,0.8243
180,1094410800000,1.7,951,NaN,7.0,859,NaN,897,NaN,1267,718,29.3,20.4,0.8162
180,1094414400000,1.5,942,NaN,5.5,786,NaN,930,NaN,1245,705,27.8,24.4,0.9002
180,1094418000000,1.6,988,NaN,7.0,859,NaN,845,NaN,1341,799,27.1,26.9,0.9524
180,1094421600000,1.7,1008,NaN,6.7,845,NaN,832,NaN,1349,856,26.3,29.5,0.9959
180,1094425200000,1.3,965,NaN,5.1,769,NaN,878,NaN,1315,667,25.9,32.9,1.0826
181,1094428800000,1.3,957,NaN,4.1,717,NaN,911,NaN,1322,579,25.3,36.9,1.1764
181,1094432400000,1.0,921,NaN,3.2,666,NaN,954,NaN,1288,480,24.8,40.1,1.2378
181,1094436000000,0.6,854,NaN,1.7,562,NaN,1106,NaN,1224,400,24.3,42.9,1.2906
181,1094439600000,0.5,826,NaN,1.0,504,NaN,1250,NaN,1204,385,24.0,45.5,1.3404
181,1094443200000,NaN,828,NaN,1.0,501,NaN,1281,NaN,1189,385,23.9,47.4,1.3881
181,1094446800000,0.4,892,NaN,1.9,580,NaN,1076,NaN,1271,516,23.5,49.1,1.3991
181,1094450400000,0.7,954,NaN,3.1,660,NaN,938,NaN,1342,728,23.7,49.2,1.4195
181,1094454000000,1.8,1120,NaN,7.8,890,NaN,728,NaN,1546,1035,23.6,49.6,1.4247
181,1094457600000,1.9,1096,NaN,8.5,921,NaN,716,NaN,1534,988,24.3,45.4,1.365
181,1094461200000,1.7,1058,NaN,8.0,898,NaN,749,NaN,1470,977,26.3,38.3,1.2932
181,1094464800000,1.3,977,NaN,5.7,800,NaN,843,NaN,1372,778,27.6,34.2,1.2464
181,1094468400000,1.4,977,NaN,6.6,840,NaN,827,NaN,1390,736,29.2,29.1,1.1586
181,1094472000000,1.3,943,NaN,5.3,777,NaN,880,NaN,1333,632,29.2,28.6,1.1423
181,1094475600000,1.4,964,NaN,6.0,814,NaN,850,NaN,1369,689,29.4,28.3,1.1434
181,1094479200000,1.2,953,NaN,5.4,781,NaN,889,NaN,1356,641,29.8,28.0,1.1558
181,1094482800000,1.3,967,NaN,6.1,814,NaN,854,NaN,1385,703,30.1,26.7,1.1217
181,1094486400000,1.5,996,NaN,6.7,843,NaN,840,NaN,1394,765,30.1,27.2,1.1406
181,1094490000000,2.3,1091,NaN,11.7,1039,NaN,699,NaN,1586,923,29.6,27.5,1.1229
181,1094493600000,2.6,1114,NaN,13.5,1101,NaN,663,NaN,1632,1057,29.6,27.7,1.1278
181,1094497200000,2.9,1133,NaN,13.5,1101,NaN,647,NaN,1669,1105,28.0,30.1,1.1226
181,1094500800000,1.8,1031,NaN,8.5,921,NaN,731,NaN,1490,897,26.8,33.8,1.1723
181,1094504400000,1.3,952,NaN,5.5,787,NaN,856,NaN,1342,723,25.7,35.8,1.16
181,1094508000000,1.3,949,NaN,5.8,804,NaN,835,NaN,1365,740,25.4,35.2,1.1255
181,1094511600000,1.2,932,NaN,4.8,752,NaN,889,NaN,1310,687,25.0,37.3,1.1614
182,1094515200000,1.2,966,NaN,5.2,774,NaN,859,NaN,1352,644,24.6,40.5,1.2362
182,1094518800000,0.8,888,NaN,3.0,653,NaN,973,NaN,1272,497,24.2,43.8,1.3057
182,1094522400000,0.6,847,NaN,2.7,634,NaN,1012,NaN,1258,525,24.0,43.7,1.2876
182,1094526000000,0.6,856,NaN,3.6,687,NaN,955,NaN,1260,726,21.9,48.3,1.2522
182,1094529600000,0.6,881,NaN,4.4,735,NaN,876,NaN,1308,783,22.4,47.2,1.2593
182,1094533200000,0.7,882,NaN,4.0,711,NaN,936,NaN,1310,741,22.9,46.5,1.2861
182,1094536800000,1.3,1016,NaN,7.7,888,169,776,64,1485,1040,23.1,47.0,1.3122
182,1094540400000,2.5,1228,NaN,13.9,1113,231,628,72,1719,1324,23.7,46.2,1.3376
182,1094544000000,3.4,1311,NaN,22.0,1350,232,529,73,1957,1486,25.8,41.9,1.3688
182,1094547600000,2.1,1081,NaN,10.2,983,145,703,64,1546,1079,27.3,38.3,1.3669
182,1094551200000,2.2,1104,NaN,10.4,993,170,705,74,1539,1081,31.0,29.1,1.2885
182,1094554800000,1.7,991,NaN,8.0,898,214,787,89,1412,806,31.6,25.5,1.1638
182,1094558400000,2.1,1008,NaN,10.1,980,NaN,755,NaN,1465,825,32.5,21.2,1.0173
182,1094562000000,2.2,986,NaN,10.7,1005,NaN,752,NaN,1439,907,31.7,20.5,0.9428
182,1094565600000,1.4,948,NaN,7.9,893,NaN,828,NaN,1374,768,31.5,21.5,0.9768
182,1094569200000,1.4,919,NaN,7.1,862,NaN,851,NaN,1293,697,31.6,20.8,0.9562
182,1094572800000,1.6,958,NaN,9.0,940,NaN,820,NaN,1380,728,32.4,19.4,0.9279
182,1094576400000,2.3,1037,NaN,11.2,1021,NaN,747,NaN,1451,786,31.7,20.3,0.9336
182,1094580000000,3.3,1120,NaN,16.0,1181,NaN,653,NaN,1604,1028,31.1,21.0,0.9337
182,1094583600000,4.1,1205,NaN,19.9,1294,NaN,579,NaN,1744,1317,28.9,25.4,0.9933
182,1094587200000,3.3,1172,NaN,15.3,1159,NaN,597,NaN,1653,1290,27.4,30.8,1.1112
182,1094590800000,2.2,1088,NaN,11.1,1019,NaN,668,NaN,1554,1165,26.3,34.1,1.1453
182,1094594400000,NaN,1055,NaN,10.0,979,NaN,694,NaN,1517,1086,25.4,35.2,1.1288
182,1094598000000,NaN,NaN,NaN,NaN,NaN,NaN,NaN,NaN,NaN,NaN,NaN,NaN,NaN
183,1094601600000,NaN,NaN,NaN,NaN,NaN,NaN,NaN,NaN,NaN,NaN,NaN,NaN,NaN
183,1094605200000,NaN,NaN,NaN,NaN,NaN,NaN,NaN,NaN,NaN,NaN,NaN,NaN,NaN
183,1094608800000,NaN,NaN,NaN,NaN,NaN,NaN,NaN,NaN,NaN,NaN,NaN,NaN,NaN
183,1094612400000,NaN,NaN,NaN,NaN,NaN,NaN,NaN,NaN,NaN,NaN,NaN,NaN,NaN
183,1094616000000,NaN,NaN,NaN,NaN,NaN,NaN,NaN,NaN,NaN,NaN,NaN,NaN,NaN
183,1094619600000,NaN,NaN,NaN,NaN,NaN,NaN,NaN,NaN,NaN,NaN,NaN,NaN,NaN
183,1094623200000,NaN,NaN,NaN,NaN,NaN,NaN,NaN,NaN,NaN,NaN,NaN,NaN,NaN
183,1094626800000,NaN,NaN,NaN,NaN,NaN,NaN,NaN,NaN,NaN,NaN,NaN,NaN,NaN
183,1094630400000,NaN,NaN,NaN,NaN,NaN,NaN,NaN,NaN,NaN,NaN,NaN,NaN,NaN
183,1094634000000,NaN,1297,NaN,34.5,1654,NaN,848,NaN,1366,1611,22.7,33.0,0.8987
183,1094637600000,NaN,NaN,NaN,NaN,NaN,NaN,NaN,NaN,NaN,NaN,NaN,NaN,NaN
183,1094641200000,NaN,NaN,NaN,NaN,NaN,NaN,NaN,NaN,NaN,NaN,NaN,NaN,NaN
183,1094644800000,NaN,NaN,NaN,NaN,NaN,NaN,NaN,NaN,NaN,NaN,NaN,NaN,NaN
183,1094648400000,NaN,NaN,NaN,NaN,NaN,NaN,NaN,NaN,NaN,NaN,NaN,NaN,NaN
183,1094652000000,NaN,NaN,NaN,NaN,NaN,NaN,NaN,NaN,NaN,NaN,NaN,NaN,NaN
183,1094655600000,NaN,NaN,NaN,NaN,NaN,NaN,NaN,NaN,NaN,NaN,NaN,NaN,NaN
183,1094659200000,NaN,NaN,NaN,NaN,NaN,NaN,NaN,NaN,NaN,NaN,NaN,NaN,NaN
183,1094662800000,3.4,NaN,NaN,NaN,NaN,NaN,NaN,NaN,NaN,NaN,NaN,NaN,NaN
183,1094666400000,4.0,1325,NaN,18.9,1266,477,926,188,1441,1543,32.4,19.8,0.9484
183,1094670000000,4.7,1383,NaN,24.1,1406,502,824,176,1582,1678,29.9,22.3,0.9235
183,1094673600000,3.8,1254,NaN,18.1,1241,420,873,163,1463,1431,28.2,24.8,0.936
183,1094677200000,2.8,1221,NaN,15.8,1174,344,874,155,1481,1413,26.8,28.9,1.0019
183,1094680800000,2.6,1226,NaN,14.6,1138,307,862,146,1481,1419,25.1,32.3,1.0131
183,1094684400000,2.0,1100,NaN,10.6,999,251,984,131,1361,1145,25.4,30.5,0.9722
184,1094688000000,1.4,999,NaN,7.5,879,180,1114,119,1261,960,24.9,28.3,0.8775
184,1094691600000,1.2,980,NaN,7.4,873,141,1088,98,1258,949,23.2,30.5,0.8558
184,1094695200000,0.6,859,NaN,3.8,698,105,1254,89,1157,819,22.3,33.6,0.8959
184,1094698800000,0.3,814,NaN,2.3,606,NaN,1370,NaN,1131,745,23.0,33.0,0.9184
184,1094702400000,0.2,806,NaN,2.3,605,74,1366,68,1132,725,21.4,35.7,0.8982
184,1094706000000,0.4,813,NaN,2.7,631,91,1327,65,1108,710,21.7,33.4,0.8545
184,1094709600000,0.6,889,NaN,4.9,760,143,1224,81,1213,806,20.3,35.5,0.8342
184,1094713200000,3.0,1200,NaN,18.2,1246,553,798,136,1574,1416,19.7,37.5,0.8501
184,1094716800000,3.2,1289,NaN,21.4,1335,542,724,130,1681,1521,21.0,35.6,0.8736
184,1094720400000,3.5,1355,NaN,21.3,1333,590,741,157,1691,1605,25.0,28.9,0.9025
184,1094724000000,3.1,1277,NaN,19.9,1292,590,800,171,1626,1481,31.0,21.9,0.9708
184,1094727600000,2.2,1156,NaN,14.8,1142,387,907,143,1490,1188,34.9,18.5,1.0189
184,1094731200000,1.7,1054,NaN,12.6,1071,252,1006,116,1380,940,37.1,15.0,0.9297
184,1094734800000,2.0,1096,NaN,13.0,1083,310,971,129,1430,986,35.0,17.3,0.9542
184,1094738400000,2.5,1160,NaN,16.2,1185,396,873,168,1522,1162,35.1,17.5,0.9733
184,1094742000000,2.4,1148,NaN,15.0,1149,329,924,152,1473,1047,35.4,16.6,0.9385
184,1094745600000,2.9,1166,NaN,16.2,1186,393,878,175,1500,1180,38.4,13.8,0.9221
184,1094749200000,4.2,1315,NaN,22.7,1370,522,794,212,1689,1399,37.6,14.5,0.9277
184,1094752800000,5.4,1425,NaN,32.3,1605,631,660,220,1920,2321,35.2,16.6,0.9242
184,1094756400000,4.3,1329,NaN,22.3,1360,435,704,175,1768,1894,31.2,25.5,1.1379
184,1094760000000,3.6,1299,NaN,16.6,1197,407,763,165,1688,1606,29.3,30.7,1.229
184,1094763600000,2.0,1123,NaN,11.0,1015,255,845,136,1470,1297,28.3,30.1,1.1392
184,1094767200000,1.5,1089,NaN,11.3,1024,180,831,111,1452,1182,27.4,31.5,1.133
184,1094770800000,1.5,1081,NaN,9.3,950,186,876,114,1434,1138,26.2,35.7,1.1929
185,1094774400000,1.2,1031,NaN,7.3,871,147,950,96,1393,972,25.2,38.1,1.2049
185,1094778000000,1.0,969,NaN,5.5,787,101,1035,75,1350,799,24.4,39.1,1.1784
185,1094781600000,0.5,881,NaN,3.5,680,69,1175,58,1251,630,23.7,39.1,1.1289
185,1094785200000,0.5,869,NaN,2.8,638,NaN,1219,NaN,1213,586,24.2,38.5,1.1491
185,1094788800000,0.4,866,NaN,2.9,644,49,1162,41,1218,629,24.5,38.5,1.1688
185,1094792400000,0.5,895,NaN,3.6,689,91,1134,55,1250,709,22.4,43.5,1.1624
185,1094796000000,0.7,933,NaN,5.5,786,144,1018,73,1306,858,22.3,43.8,1.1631
185,1094799600000,2.4,1209,NaN,15.5,1163,430,762,108,1606,1300,21.4,45.8,1.1515
185,1094803200000,4.1,1417,NaN,28.3,1511,606,587,147,1975,1676,22.9,41.3,1.1383
185,1094806800000,3.0,1227,NaN,17.8,1233,519,739,150,1594,1384,26.6,30.3,1.0378
185,1094810400000,2.0,1093,NaN,12.8,1076,353,871,131,1457,1125,30.3,23.0,0.977
185,1094814000000,2.5,1135,NaN,15.7,1170,429,867,144,1523,1189,32.8,18.9,0.9234
185,1094817600000,2.4,1112,NaN,15.4,1161,345,866,151,1499,1088,34.3,17.7,0.9416
185,1094821200000,2.6,1147,NaN,15.6,1168,417,858,165,1492,1118,33.3,18.9,0.9536
185,1094824800000,1.9,1086,NaN,12.6,1070,276,907,135,1423,924,33.0,20.1,0.9959
185,1094828400000,2.1,1077,NaN,12.2,1056,280,908,143,1406,935,33.6,19.6,1.0029
185,1094832000000,2.5,1110,NaN,13.4,1098,365,882,153,1450,1009,34.9,18.4,1.0106
185,1094835600000,2.7,1146,NaN,14.3,1125,363,846,149,1511,1016,33.4,20.3,1.027
185,1094839200000,3.3,1211,NaN,16.5,1194,393,797,164,1599,1188,31.6,22.7,1.041
185,1094842800000,3.2,1218,NaN,17.4,1221,385,755,180,1599,1290,29.2,26.9,1.0709
185,1094846400000,2.6,1136,NaN,12.9,1082,307,824,159,1478,1130,27.7,30.1,1.0991
185,1094850000000,1.4,1017,NaN,8.2,908,194,932,119,1354,880,27.1,31.0,1.0991
185,1094853600000,1.6,1063,NaN,9.2,946,205,886,127,1391,996,26.0,33.4,1.1071
185,1094857200000,1.7,1083,NaN,9.3,951,223,880,131,1393,1054,25.1,35.7,1.1222
186,1094860800000,1.6,1077,NaN,10.4,994,176,829,101,1429,1081,24.3,38.5,1.1525
186,1094864400000,NaN,968,NaN,6.2,823,NaN,952,NaN,1343,828,23.4,40.7,1.1551
186,1094868000000,NaN,898,NaN,4.2,720,NaN,1059,NaN,1259,661,23.2,41.2,1.1561
186,1094871600000,NaN,859,NaN,3.1,656,NaN,1126,NaN,1213,582,23.6,40.5,1.1667
186,1094875200000,NaN,849,NaN,2.3,607,NaN,1189,NaN,1190,544,23.5,40.9,1.1677
186,1094878800000,NaN,886,NaN,3.1,658,NaN,1101,NaN,1234,647,20.5,48.4,1.1557
186,1094882400000,NaN,932,NaN,4.0,708,NaN,1057,NaN,1285,720,20.7,48.4,1.1663
186,1094886000000,NaN,1144,NaN,10.8,1006,NaN,757,NaN,1535,1207,19.9,50.8,1.1694
186,1094889600000,NaN,1222,NaN,13.0,1083,NaN,729,NaN,1624,1273,21.3,47.2,1.1825
186,1094893200000,NaN,1202,NaN,10.3,989,NaN,775,NaN,1506,1303,24.0,40.8,1.1993
186,1094896800000,NaN,1323,NaN,16.3,1190,NaN,698,NaN,1702,1479,28.7,30.3,1.1769
186,1094900400000,NaN,1219,NaN,12.7,1074,NaN,805,NaN,1532,1191,31.9,24.7,1.1477
186,1094904000000,NaN,1121,NaN,9.7,965,NaN,899,NaN,1386,932,33.8,21.9,1.1331
186,1094907600000,NaN,1096,NaN,9.1,942,NaN,893,NaN,1366,826,32.7,22.7,1.1044
186,1094911200000,NaN,1019,NaN,7.0,858,NaN,989,NaN,1270,631,33.0,21.3,1.0512
186,1094914800000,NaN,1045,NaN,7.0,857,NaN,994,NaN,1308,598,33.9,21.2,1.0989
186,1094918400000,NaN,1147,NaN,9.5,959,NaN,872,NaN,1387,796,35.9,20.3,1.1845
186,1094922000000,NaN,1145,NaN,9.8,971,NaN,883,NaN,1418,759,34.2,22.6,1.197
186,1094925600000,NaN,1202,NaN,11.7,1040,NaN,815,NaN,1506,886,32.0,27.3,1.2752
186,1094929200000,NaN,1283,NaN,13.9,1112,NaN,719,NaN,1583,1071,29.3,32.6,1.3105
186,1094932800000,NaN,1148,NaN,8.7,929,NaN,815,NaN,1443,826,27.2,38.0,1.347
186,1094936400000,NaN,1229,NaN,10.9,1012,NaN,743,NaN,1562,1103,26.1,41.1,1.3705
186,1094940000000,NaN,1287,NaN,12.3,1060,NaN,716,NaN,1595,1221,25.3,44.6,1.4161
186,1094943600000,NaN,1285,NaN,12.4,1062,NaN,715,NaN,1583,1449,24.6,47.2,1.4424
187,1094947200000,NaN,1251,NaN,12.1,1055,NaN,701,NaN,1602,1364,24.1,48.8,1.4412
187,1094950800000,NaN,1120,NaN,8.0,900,NaN,811,NaN,1462,1111,23.6,50.4,1.447
187,1094954400000,NaN,1108,NaN,8.4,917,NaN,797,NaN,1495,1129,22.0,55.8,1.4585
187,1094958000000,NaN,961,NaN,4.9,759,NaN,943,NaN,1375,799,22.4,53.6,1.4379
187,1094961600000,NaN,950,NaN,4.2,719,NaN,982,NaN,1372,771,21.6,55.8,1.4228
187,1094965200000,NaN,901,NaN,2.3,608,NaN,1105,NaN,1299,646,21.8,55.2,1.4184
187,1094968800000,NaN,903,NaN,2.5,619,NaN,1111,NaN,1315,705,21.7,55.4,1.4192
187,1094972400000,NaN,1024,NaN,4.9,757,NaN,923,NaN,1423,908,20.6,59.8,1.435
187,1094976000000,NaN,1093,NaN,6.6,837,NaN,830,NaN,1480,1047,22.1,55.3,1.4495
187,1094979600000,NaN,1097,NaN,6.5,833,NaN,853,NaN,1470,1015,24.8,48.2,1.4883
187,1094983200000,NaN,1126,NaN,6.4,830,NaN,853,NaN,1528,938,27.9,43.4,1.6017
187,1094986800000,NaN,1139,NaN,5.6,794,NaN,908,NaN,1456,849,30.1,38.5,1.6212
187,1094990400000,NaN,1178,NaN,6.4,832,NaN,858,NaN,1542,844,28.2,48.6,1.8253
187,1094994000000,NaN,1243,NaN,7.6,883,NaN,745,NaN,1660,1036,24.8,70.4,2.1766
187,1094997600000,NaN,1017,NaN,3.5,680,NaN,996,NaN,1421,729,27.8,49.4,1.8209
187,1095001200000,NaN,1048,NaN,3.3,672,NaN,1050,NaN,1438,556,25.4,59.9,1.9168
187,1095004800000,NaN,1254,NaN,6.6,840,NaN,787,NaN,1602,846,26.1,66.8,2.231
187,1095008400000,NaN,1287,NaN,8.3,911,NaN,796,NaN,1664,942,28.0,53.2,1.981
187,1095012000000,NaN,1215,NaN,8.0,900,NaN,823,NaN,1604,902,27.4,51.4,1.8404
187,1095015600000,NaN,1363,NaN,12.6,1071,NaN,697,NaN,1763,1178,25.7,55.8,1.8149
187,1095019200000,NaN,1436,NaN,17.5,1224,NaN,609,NaN,1886,1426,24.6,60.3,1.8363
187,1095022800000,NaN,1365,NaN,14.8,1143,NaN,655,NaN,1796,1394,24.2,61.6,1.8381
187,1095026400000,NaN,1506,NaN,23.3,1385,NaN,555,NaN,2260,1935,23.8,63.5,1.8495
187,1095030000000,NaN,1227,NaN,12.2,1055,NaN,705,NaN,1772,1360,23.0,64.8,1.802
188,1095033600000,NaN,1038,NaN,7.2,866,NaN,833,NaN,1570,1061,23.0,63.3,1.7589
188,1095037200000,NaN,934,NaN,4.6,744,NaN,970,NaN,1473,870,22.8,63.3,1.7355
188,1095040800000,NaN,900,NaN,3.8,699,NaN,1036,NaN,1452,799,21.0,68.6,1.6873
188,1095044400000,NaN,870,NaN,3.7,692,NaN,1070,NaN,1443,779,20.4,70.7,1.6734
188,1095048000000,NaN,875,NaN,4.0,713,NaN,1027,NaN,1436,809,19.4,73.4,1.6417
188,1095051600000,NaN,940,NaN,5.5,789,NaN,917,NaN,1473,914,19.5,72.0,1.6118
188,1095055200000,NaN,1053,NaN,8.3,913,NaN,824,NaN,1578,1033,19.7,70.3,1.5925
188,1095058800000,NaN,1509,NaN,28.2,1508,NaN,533,NaN,2257,1572,20.4,66.7,1.577
188,1095062400000,NaN,1559,NaN,32.1,1599,NaN,498,NaN,2374,1704,21.8,61.8,1.5966
188,1095066000000,NaN,1313,NaN,17.7,1231,NaN,626,NaN,1889,1455,23.0,60.2,1.6652
188,1095069600000,3.1,1372,NaN,18.4,1251,475,609,138,1890,1588,25.4,53.0,1.6963
188,1095073200000,2.9,1320,NaN,16.3,1190,395,655,138,1825,1482,30.0,41.6,1.7324
188,1095076800000,3.0,1346,NaN,18.2,1246,353,639,138,1907,1458,32.6,34.8,1.6872
188,1095080400000,3.0,1307,NaN,17.9,1236,397,649,137,1869,1356,32.2,34.2,1.6145
188,1095084000000,2.2,1157,NaN,12.6,1069,274,737,120,1653,1100,32.1,33.5,1.569
188,1095087600000,2.0,1154,NaN,11.3,1026,505,773,208,1623,1212,32.6,31.8,1.5361
188,1095091200000,2.3,1172,NaN,14.9,1145,275,735,128,1676,1049,35.2,25.2,1.4111
188,1095094800000,3.1,1241,NaN,18.5,1254,360,693,145,1735,1149,34.3,24.7,1.3154
188,1095098400000,NaN,1379,NaN,25.2,1433,NaN,605,NaN,1982,1370,31.5,29.9,1.3638
188,1095102000000,6.2,1570,NaN,35.9,1684,597,494,168,2289,1716,29.0,36.6,1.4452
188,1095105600000,4.7,1418,NaN,26.7,1471,728,542,177,2064,1600,27.1,42.2,1.4949
188,1095109200000,3.0,1317,NaN,19.9,1295,891,593,172,1883,1592,26.1,46.4,1.5445
188,1095112800000,2.1,1204,NaN,14.6,1136,346,648,112,1782,1491,25.1,49.4,1.548
188,1095116400000,1.0,1014,NaN,6.9,853,98,843,39,1499,1084,26.0,46.4,1.5375
189,1095120000000,0.8,956,NaN,5.6,794,144,896,68,1456,1007,24.7,49.2,1.5116
189,1095123600000,0.7,891,NaN,3.9,708,110,1005,51,1382,823,24.8,49.0,1.5092
189,1095127200000,NaN,856,NaN,3.2,665,NaN,1061,NaN,1375,788,23.5,52.6,1.5035
189,1095130800000,NaN,863,NaN,3.9,703,NaN,1032,NaN,1403,791,20.8,62.1,1.5044
189,1095134400000,NaN,911,NaN,4.6,745,NaN,922,NaN,1428,924,19.9,65.5,1.5078
189,1095138000000,NaN,936,NaN,5.0,765,NaN,916,NaN,1462,941,20.6,62.9,1.5088
189,1095141600000,NaN,1087,NaN,9.6,964,NaN,774,NaN,1633,1103,21.3,59.4,1.4918
189,1095145200000,NaN,1540,NaN,27.8,1498,NaN,519,NaN,2301,1657,22.0,58.3,1.5199
189,1095148800000,NaN,1513,NaN,32.1,1601,NaN,469,NaN,2382,1743,23.2,55.4,1.5559
189,1095152400000,NaN,1409,NaN,20.9,1322,NaN,562,NaN,2004,1601,26.5,50.2,1.713
189,1095156000000,NaN,1219,NaN,11.8,1042,NaN,699,NaN,1750,1253,29.0,45.5,1.7976
189,1095159600000,NaN,1286,NaN,15.8,1172,NaN,644,NaN,1870,1295,30.1,42.0,1.7602
189,1095163200000,NaN,1228,NaN,15.8,1174,NaN,668,NaN,1788,1192,32.3,35.9,1.7067
189,1095166800000,NaN,1140,NaN,14.0,1117,NaN,711,NaN,1690,1046,33.2,33.8,1.69
189,1095170400000,NaN,1052,NaN,8.2,906,NaN,832,NaN,1516,803,34.0,33.6,1.7591
189,1095174000000,NaN,1282,NaN,13.7,1107,NaN,682,NaN,1791,1116,29.9,45.6,1.8942
189,1095177600000,NaN,1378,NaN,19.5,1282,NaN,576,NaN,2010,1347,27.7,53.7,1.967
189,1095181200000,NaN,1506,NaN,26.7,1471,NaN,518,NaN,2200,1530,28.0,52.7,1.9604
189,1095184800000,NaN,1310,NaN,18.7,1259,NaN,620,NaN,1926,1240,28.6,48.2,1.8616
189,1095188400000,NaN,1204,NaN,13.9,1114,NaN,686,NaN,1807,1092,24.8,61.6,1.9067
189,1095192000000,NaN,1071,NaN,6.7,842,NaN,873,NaN,1575,740,20.3,77.2,1.8204
189,1095195600000,NaN,967,NaN,4.2,719,NaN,980,NaN,1490,670,19.7,82.5,1.8674
189,1095199200000,NaN,947,NaN,3.6,689,NaN,1009,NaN,1454,640,20.6,78.8,1.8885
189,1095202800000,NaN,1011,NaN,4.4,734,NaN,967,NaN,1497,918,19.2,87.2,1.9195
190,1095206400000,NaN,971,NaN,4.2,722,NaN,949,NaN,1472,804,20.5,81.5,1.936
190,1095210000000,NaN,886,NaN,2.6,627,NaN,1082,NaN,1405,694,21.4,74.0,1.8683
190,1095213600000,NaN,908,NaN,3.1,657,NaN,1013,NaN,1460,796,20.5,78.2,1.8678
190,1095217200000,NaN,901,NaN,3.0,652,NaN,1013,NaN,1468,804,20.7,77.8,1.8764
190,1095220800000,NaN,915,NaN,3.4,674,NaN,970,NaN,1481,829,20.5,78.0,1.8636
190,1095224400000,NaN,940,NaN,4.0,712,NaN,961,NaN,1499,848,20.6,76.2,1.8272
190,1095228000000,NaN,1048,NaN,7.8,891,NaN,791,NaN,1654,992,20.1,77.4,1.802
190,1095231600000,NaN,1298,NaN,16.1,1181,NaN,644,NaN,1962,1256,20.9,73.3,1.787
190,1095235200000,NaN,1487,NaN,27.6,1493,NaN,492,NaN,2345,1598,21.2,72.3,1.8007
190,1095238800000,NaN,1327,NaN,17.8,1233,NaN,582,NaN,1968,1403,22.5,68.9,1.8511
190,1095242400000,NaN,1363,NaN,18.5,1255,NaN,573,NaN,1989,1497,23.7,64.5,1.8682
190,1095246000000,NaN,1393,NaN,21.6,1340,NaN,529,NaN,2080,1500,23.2,68.4,1.9243
190,1095249600000,NaN,1361,NaN,21.0,1324,NaN,540,NaN,2044,1549,23.5,69.2,1.9776
190,1095253200000,NaN,1289,NaN,17.2,1217,NaN,599,NaN,1975,1374,24.1,65.5,1.9371
190,1095256800000,NaN,1265,NaN,16.1,1184,NaN,619,NaN,1930,1270,24.2,65.6,1.9501
190,1095260400000,NaN,1339,NaN,18.6,1257,NaN,579,NaN,2031,1360,24.6,63.9,1.9459
190,1095264000000,NaN,1269,NaN,17.2,1215,NaN,608,NaN,1939,1296,26.3,56.5,1.9018
190,1095267600000,3.3,1299,NaN,17.3,1220,341,624,112,1929,1319,26.9,53.1,1.8557
190,1095271200000,6.1,1546,NaN,28.6,1519,622,493,170,2265,1649,26.5,50.8,1.7334
190,1095274800000,6.7,1571,NaN,31.8,1593,615,469,173,2409,1686,25.1,55.8,1.7511
190,1095278400000,4.4,1312,NaN,20.1,1299,443,580,135,2016,1380,23.9,58.9,1.7276
190,1095282000000,1.9,1074,NaN,9.2,946,219,767,93,1635,1079,23.1,62.8,1.7562
190,1095285600000,1.8,1127,NaN,10.3,989,203,752,74,1724,1096,22.1,67.3,1.7671
190,1095289200000,1.5,1040,NaN,8.6,923,165,769,69,1640,1049,22.1,66.5,1.7441
191,1095292800000,1.6,1060,NaN,8.6,925,339,772,109,1649,1161,21.1,70.1,1.7366
191,1095296400000,0.8,911,NaN,4.8,753,103,934,55,1496,865,21.9,67.1,1.7394
191,1095300000000,0.5,853,NaN,2.6,623,74,1107,49,1421,768,21.7,67.4,1.7262
191,1095303600000,0.7,915,NaN,4.3,725,NaN,962,NaN,1485,845,20.2,73.8,1.7229
191,1095307200000,0.6,897,NaN,4.5,738,72,936,42,1471,843,19.1,76.0,1.6668
191,1095310800000,0.9,976,NaN,6.6,840,180,844,50,1562,964,19.4,75.4,1.6802
191,1095314400000,1.4,1066,NaN,10.1,982,239,740,53,1699,1065,19.7,74.4,1.6829
191,1095318000000,4.2,1435,NaN,23.4,1387,664,544,86,2140,1467,19.9,74.3,1.7083
191,1095321600000,4.1,1420,NaN,25.0,1430,525,512,81,2194,1510,20.4,72.8,1.7198
191,1095325200000,3.6,1365,NaN,21.6,1341,543,549,96,2033,1518,21.6,67.7,1.7254
191,1095328800000,2.5,1171,NaN,13.0,1083,390,695,96,1758,1276,22.9,59.1,1.633
191,1095332400000,1.3,982,NaN,6.8,850,217,888,79,1505,873,18.7,73.1,1.5608
191,1095336000000,1.7,1021,NaN,10.0,979,248,798,95,1580,958,21.1,58.3,1.4444
191,1095339600000,2.1,1044,NaN,11.7,1039,333,771,127,1609,1076,23.3,47.1,1.3281
191,1095343200000,1.7,1005,NaN,9.8,972,279,834,102,1514,952,22.9,47.9,1.3208
191,1095346800000,1.9,1021,NaN,10.2,985,339,816,107,1524,977,23.3,46.2,1.301
191,1095350400000,2.3,1064,NaN,12.0,1048,315,772,110,1574,1059,23.7,45.4,1.315
191,1095354000000,3.3,1167,NaN,17.7,1231,365,659,124,1745,1199,23.8,46.1,1.3373
191,1095357600000,3.5,1167,NaN,18.8,1263,338,640,113,1790,1212,23.0,49.3,1.3689
191,1095361200000,3.6,1164,NaN,17.6,1227,318,658,104,1800,1193,21.9,53.1,1.3787
191,1095364800000,2.9,1092,NaN,13.8,1110,302,725,117,1641,1105,21.3,54.8,1.3742
191,1095368400000,2.0,997,NaN,9.4,955,214,845,94,1528,926,21.2,55.2,1.3699
191,1095372000000,1.9,966,NaN,9.6,964,NaN,858,NaN,1560,1231,21.4,54.8,1.3813
191,1095375600000,1.5,969,NaN,8.5,922,NaN,906,NaN,1488,995,20.8,57.2,1.3925
192,1095379200000,1.1,944,NaN,10.7,1005,363,874,109,1633,1094,21.3,55.8,1.3974
192,1095382800000,0.8,834,NaN,6.1,817,178,1022,72,1408,774,21.4,52.1,1.3125
192,1095386400000,0.5,796,NaN,3.2,667,55,1162,40,1295,558,20.6,56.6,1.3583
192,1095390000000,0.4,777,NaN,2.0,585,NaN,1305,NaN,1266,510,20.0,59.1,1.3694
192,1095393600000,0.3,752,NaN,1.2,521,32,1451,23,1247,471,19.7,61.9,1.4017
192,1095397200000,0.3,755,NaN,1.3,528,35,1472,24,1234,471,19.6,59.1,1.3346
192,1095400800000,0.5,800,NaN,2.2,598,84,1336,41,1278,529,19.8,56.7,1.2941
192,1095404400000,2.4,1147,NaN,14.6,1136,456,737,99,1708,1114,20.2,55.6,1.3043
192,1095408000000,2.2,1036,NaN,9.7,965,342,854,91,1544,987,19.7,57.8,1.3112
192,1095411600000,1.4,926,NaN,6.7,845,239,979,81,1398,851,20.2,53.1,1.2442
192,1095415200000,1.6,961,NaN,7.6,881,337,932,95,1417,901,22.0,47.0,1.2259
192,1095418800000,1.6,951,NaN,8.6,926,351,902,113,1460,949,23.5,41.6,1.1884
192,1095422400000,1.6,962,NaN,9.0,940,209,889,89,1441,855,22.8,41.8,1.1417
192,1095426000000,2.1,1004,NaN,10.7,1004,257,832,88,1490,911,23.4,40.4,1.15
192,1095429600000,1.1,893,NaN,6.3,828,169,988,81,1357,672,23.2,42.8,1.2017
192,1095433200000,1.6,990,NaN,9.4,956,216,872,82,1476,826,23.6,43.2,1.2433
192,1095436800000,2.4,1071,NaN,12.5,1068,303,798,115,1556,988,23.9,40.8,1.1937
192,1095440400000,2.9,1140,NaN,15.2,1155,320,733,112,1660,1105,23.6,42.8,1.23
192,1095444000000,2.7,1103,NaN,14.8,1143,310,741,116,1647,1089,23.2,43.3,1.2161
192,1095447600000,3.1,1082,NaN,15.9,1178,341,733,129,1605,1077,22.8,42.5,1.1608
192,1095451200000,2.2,991,NaN,10.0,977,272,872,110,1448,923,22.3,42.2,1.1209
192,1095454800000,1.5,935,NaN,6.9,852,229,978,105,1344,824,22.1,43.0,1.1271
192,1095458400000,1.2,908,NaN,5.5,790,168,1046,90,1317,717,22.2,42.7,1.1237
192,1095462000000,1.3,927,NaN,6.3,826,173,1021,94,1331,734,22.1,42.8,1.1265
193,1095465600000,1.4,936,NaN,6.7,844,186,978,96,1365,776,22.1,43.5,1.1443
193,1095469200000,0.9,847,NaN,3.7,694,112,1153,70,1240,594,21.5,45.6,1.1528
193,1095472800000,0.7,812,NaN,3.2,664,79,1212,57,1215,518,21.1,44.5,1.098
193,1095476400000,0.6,804,NaN,2.4,616,NaN,1271,NaN,1189,496,20.4,47.1,1.1178
193,1095480000000,NaN,793,NaN,2.7,636,62,1213,45,1195,514,20.6,45.9,1.0993
193,1095483600000,0.5,775,NaN,2.3,609,58,1319,42,1190,468,20.2,46.7,1.0899
193,1095487200000,0.8,835,NaN,3.6,690,122,1183,71,1257,621,20.1,47.8,1.1144
193,1095490800000,1.2,913,NaN,6.4,830,173,980,82,1371,757,20.0,50.7,1.1724
193,1095494400000,1.1,903,NaN,5.0,765,176,1035,81,1317,712,20.7,49.7,1.197
193,1095498000000,1.6,982,NaN,7.9,895,233,892,89,1413,859,24.3,39.5,1.1842
193,1095501600000,1.4,925,NaN,6.6,838,210,949,83,1324,728,25.4,34.8,1.1119
193,1095505200000,1.2,895,NaN,5.2,776,178,1024,82,1274,640,26.6,30.7,1.0501
193,1095508800000,1.4,930,NaN,6.6,838,189,957,78,1319,680,27.7,28.1,1.0272
193,1095512400000,1.6,953,NaN,7.6,881,210,926,79,1339,704,27.6,28.7,1.0406
193,1095516000000,1.1,885,NaN,5.0,765,162,1017,78,1268,619,27.6,29.2,1.0594
193,1095519600000,1.1,903,NaN,5.3,779,137,1010,73,1278,583,28.1,28.6,1.0715
193,1095523200000,1.3,927,NaN,5.3,781,165,994,73,1267,594,29.1,26.8,1.0648
193,1095526800000,1.5,979,NaN,6.5,835,204,936,100,1338,700,28.4,28.3,1.0798
193,1095530400000,2.0,1050,NaN,9.2,947,266,832,122,1447,912,26.6,32.1,1.102
193,1095534000000,2.4,1091,NaN,11.6,1037,299,770,132,1512,1038,25.3,35.3,1.1262
193,1095537600000,2.0,1040,NaN,9.2,946,234,827,116,1424,952,24.7,37.1,1.1397
193,1095541200000,1.5,997,NaN,7.5,879,181,885,109,1404,887,23.5,40.6,1.1588
193,1095544800000,1.7,1042,NaN,9.0,938,210,816,109,1456,1004,22.8,43.4,1.1915
193,1095548400000,2.5,1191,NaN,12.1,1055,304,707,116,1563,1221,22.2,47.9,1.2626
194,1095552000000,2.2,1149,NaN,10.5,996,255,754,104,1534,1177,21.3,50.5,1.2652
194,1095555600000,1.4,973,NaN,7.1,862,149,850,81,1436,957,20.6,53.2,1.2742
194,1095559200000,1.2,940,NaN,6.2,823,112,891,64,1415,853,19.6,56.6,1.2797
194,1095562800000,1.2,949,NaN,7.8,890,NaN,854,NaN,1484,884,18.8,59.8,1.2847
194,1095566400000,0.9,830,NaN,3.8,699,90,1012,54,1339,736,18.8,59.5,1.2758
194,1095570000000,0.5,773,NaN,2.3,609,46,1169,35,1256,590,19.3,57.0,1.2603
194,1095573600000,0.6,811,NaN,2.9,644,76,1144,44,1289,655,18.2,60.8,1.2567
194,1095577200000,1.0,901,NaN,4.8,754,139,936,62,1351,854,16.8,66.8,1.2721
194,1095580800000,1.3,969,NaN,7.7,886,179,863,68,1451,953,18.6,60.0,1.2757
194,1095584400000,1.7,1027,NaN,8.8,933,224,806,85,1465,1050,22.2,48.0,1.2678
194,1095588000000,2.2,1094,NaN,10.6,1002,272,755,110,1536,1114,26.5,35.7,1.2149
194,1095591600000,2.1,1083,NaN,10.2,984,251,784,115,1485,1049,30.0,28.5,1.1883
194,1095595200000,2.2,1098,NaN,11.0,1015,250,754,129,1508,996,32.2,24.7,1.1696
194,1095598800000,2.0,1059,NaN,11.9,1047,178,761,106,1549,841,29.6,28.6,1.1628
194,1095602400000,2.0,1021,NaN,10.8,1009,137,771,87,1545,769,29.8,28.5,1.1809
194,1095606000000,1.2,925,NaN,5.1,768,119,987,70,1289,541,31.1,26.1,1.163
194,1095609600000,1.8,1045,NaN,8.3,910,193,878,106,1385,742,34.6,22.4,1.212
194,1095613200000,4.3,1303,NaN,20.7,1317,329,631,151,1816,1196,33.2,25.4,1.2722
194,1095616800000,3.8,1254,NaN,16.8,1204,413,668,179,1655,1338,30.0,31.4,1.3074
194,1095620400000,4.4,1345,NaN,20.4,1306,489,587,188,1806,1416,27.5,38.1,1.3756
194,1095624000000,3.8,1273,NaN,15.3,1159,470,645,187,1704,1341,26.2,42.5,1.423
194,1095627600000,1.9,1096,NaN,8.8,931,228,766,121,1506,1019,24.7,46.4,1.4206
194,1095631200000,1.7,1077,NaN,8.5,920,169,778,99,1509,935,23.6,50.0,1.4383
194,1095634800000,1.8,1084,NaN,8.7,929,189,751,100,1517,1081,22.7,53.6,1.4632
195,1095638400000,1.1,980,NaN,5.7,800,100,863,79,1407,903,22.7,53.8,1.4666
195,1095642000000,0.8,882,NaN,4.0,713,71,978,57,1343,731,22.8,53.0,1.4577
195,1095645600000,0.7,851,NaN,3.0,655,52,1051,43,1301,625,21.4,57.6,1.4469
195,1095649200000,0.6,819,NaN,2.2,597,NaN,1112,NaN,1281,613,19.9,62.3,1.4363
195,1095652800000,0.5,804,NaN,2.2,601,57,1122,50,1281,646,19.5,63.5,1.4269
195,1095656400000,0.5,823,NaN,2.7,631,69,1090,47,1304,671,20.2,60.8,1.4243
195,1095660000000,0.9,903,NaN,4.7,748,126,937,60,1373,801,19.4,63.5,1.4139
195,1095663600000,3.5,1310,NaN,21.7,1344,376,573,91,2026,1353,18.7,65.6,1.4039
195,1095667200000,NaN,1436,NaN,32.2,1601,NaN,455,NaN,2338,1682,20.1,60.6,1.4062
195,1095670800000,5.7,1479,NaN,27.5,1490,737,494,159,2146,1749,23.5,49.7,1.4156
195,1095674400000,3.5,1285,NaN,18.1,1243,481,599,173,1815,1582,26.4,41.9,1.4237
195,1095678000000,3.7,1262,NaN,18.6,1258,425,597,174,1835,1484,29.9,34.0,1.4096
195,1095681600000,3.1,1225,NaN,17.6,1227,330,643,165,1774,1321,31.5,30.8,1.4017
195,1095685200000,3.0,1162,NaN,16.3,1188,303,676,136,1681,1125,30.2,30.2,1.2744
195,1095688800000,2.6,1103,NaN,11.8,1044,283,757,125,1523,967,30.5,29.3,1.2612
195,1095692400000,2.4,1120,NaN,11.9,1045,264,752,122,1563,975,31.8,27.4,1.2673
195,1095696000000,2.6,1169,NaN,15.5,1163,280,708,124,1639,1025,34.3,23.2,1.2326
195,1095699600000,5.0,1386,NaN,28.8,1522,505,560,184,1990,1469,34.1,23.0,1.2081
195,1095703200000,5.6,1426,NaN,31.1,1577,566,521,200,2080,1648,30.5,29.2,1.2585
195,1095706800000,6.5,1476,NaN,34.9,1663,681,473,225,2167,1785,28.1,32.4,1.2173
195,1095710400000,4.1,1167,NaN,19.5,1282,448,633,168,1685,1371,26.5,31.7,1.0787
195,1095714000000,2.1,1032,NaN,11.7,1039,231,761,118,1455,1071,24.8,33.7,1.0377
195,1095717600000,2.0,1034,NaN,9.9,972,230,747,115,1437,1118,23.9,38.1,1.1123
195,1095721200000,1.4,986,NaN,7.7,885,146,835,94,1407,931,23.0,43.0,1.1897
196,1095724800000,0.8,908,NaN,4.4,732,77,966,62,1311,722,23.5,44.7,1.2755
196,1095728400000,0.8,891,NaN,4.1,714,82,957,68,1295,773,22.3,47.7,1.2643
196,1095732000000,0.6,843,NaN,3.1,656,55,1042,50,1271,665,22.1,49.8,1.3094
196,1095735600000,0.5,822,NaN,2.4,612,NaN,1094,NaN,1254,594,21.8,51.4,1.3272
196,1095739200000,0.4,814,NaN,2.1,589,42,1119,36,1246,565,20.8,55.9,1.3581
196,1095742800000,0.6,869,NaN,3.3,673,102,1033,53,1307,688,18.8,63.0,1.3582
196,1095746400000,1.4,1013,NaN,8.1,905,231,804,79,1499,974,18.3,65.5,1.3686
196,1095750000000,5.6,1515,NaN,31.4,1584,699,496,133,2288,1591,18.2,66.1,1.3679
196,1095753600000,7.3,1587,NaN,41.2,1795,738,425,148,2531,1820,19.6,60.7,1.3713
196,1095757200000,5.3,1490,NaN,27.3,1487,665,508,161,2115,1807,22.6,51.4,1.392
196,1095760800000,4.4,1435,NaN,24.2,1408,598,537,191,1991,1704,25.8,44.2,1.4512
196,1095764400000,3.1,1246,NaN,17.0,1209,340,632,158,1792,1270,28.5,39.0,1.4928
196,1095768000000,3.3,1266,NaN,17.7,1231,374,615,157,1768,1265,30.1,35.1,1.4782
196,1095771600000,3.8,1277,NaN,19.3,1277,401,586,188,1846,1226,29.4,36.4,1.4718
196,1095775200000,2.3,1142,NaN,12.7,1073,275,671,143,1635,987,29.2,37.9,1.5116
196,1095778800000,2.6,1207,NaN,14.6,1136,278,645,152,1696,1024,30.5,34.9,1.5015
196,1095782400000,3.2,1252,NaN,17.8,1233,342,618,168,1759,1127,31.5,31.4,1.431
196,1095786000000,5.0,1399,NaN,26.6,1468,479,531,205,2072,1442,31.2,31.4,1.3987
196,1095789600000,5.6,1464,NaN,30.3,1559,553,485,204,2158,1639,28.5,37.2,1.4282
196,1095793200000,5.4,1422,NaN,28.7,1520,531,494,210,2087,1624,26.7,42.3,1.4618
196,1095796800000,4.4,1308,NaN,20.0,1297,428,567,173,1899,1454,24.8,49.0,1.5092
196,1095800400000,2.4,1137,NaN,11.9,1047,229,680,123,1620,1138,23.6,53.6,1.5374
196,1095804000000,1.5,1040,NaN,8.1,903,145,782,92,1494,951,23.0,55.8,1.548
196,1095807600000,1.3,1018,NaN,7.7,885,112,809,77,1491,864,22.1,58.4,1.5393
197,1095811200000,1.1,962,NaN,5.9,808,99,866,74,1430,868,22.6,56.3,1.5233
197,1095814800000,1.0,930,NaN,5.1,768,98,916,74,1409,825,21.0,61.3,1.5031
197,1095818400000,0.6,812,NaN,2.4,613,54,1133,47,1302,626,23.0,54.0,1.501
197,1095822000000,0.5,826,NaN,2.4,612,NaN,1111,NaN,1304,605,19.8,65.3,1.4894
197,1095825600000,0.6,878,NaN,3.8,702,59,949,44,1373,822,18.3,70.8,1.4794
197,1095829200000,0.8,922,NaN,5.0,764,162,892,69,1415,905,18.1,72.5,1.4876
197,1095832800000,1.5,1047,NaN,9.7,965,268,737,79,1606,1075,18.3,71.0,1.4807
197,1095836400000,4.1,1376,NaN,25.9,1452,531,521,108,2123,1541,18.5,68.9,1.4565
197,1095840000000,5.5,1514,NaN,34.3,1648,517,457,119,2400,1749,20.1,62.7,1.461
197,1095843600000,5.5,1494,NaN,29.0,1528,701,479,165,2201,1798,23.5,52.0,1.4833
197,1095847200000,3.7,1316,NaN,20.0,1298,510,562,172,1888,1584,26.8,42.7,1.4864
197,1095850800000,3.3,1269,NaN,18.3,1247,415,597,180,1813,1441,29.1,36.7,1.4543
197,1095854400000,2.5,1152,NaN,13.4,1099,243,674,130,1631,1093,30.8,32.0,1.4014
197,1095858000000,2.6,1138,NaN,14.0,1117,267,657,120,1646,1019,27.9,37.0,1.372
197,1095861600000,2.2,1132,NaN,12.1,1052,233,680,117,1609,944,28.5,37.3,1.4291
197,1095865200000,2.6,1186,NaN,15.3,1159,295,640,141,1701,1046,30.2,32.9,1.3865
197,1095868800000,2.9,1228,NaN,16.1,1184,309,657,151,1724,1089,32.9,27.7,1.3622
197,1095872400000,5.0,1424,NaN,27.3,1486,506,523,218,2084,1537,32.2,28.8,1.3624
197,1095876000000,5.1,1427,NaN,26.2,1458,479,507,213,2049,1566,28.8,39.0,1.5203
197,1095879600000,5.2,1387,NaN,26.7,1473,460,508,194,2065,1510,26.7,43.3,1.4881
197,1095883200000,3.8,1284,NaN,18.3,1249,363,582,167,1842,1300,24.6,54.0,1.6461
197,1095886800000,2.2,1110,NaN,11.9,1045,213,688,115,1638,1058,23.4,59.9,1.6992
197,1095890400000,2.1,1110,NaN,11.5,1032,183,702,98,1650,1002,22.5,62.6,1.6883
197,1095894000000,1.8,1077,NaN,9.6,964,163,749,93,1571,923,22.9,62.0,1.7127
198,1095897600000,1.6,1037,NaN,8.0,898,152,793,87,1539,836,22.2,64.9,1.719
198,1095901200000,1.4,1002,NaN,6.9,854,104,818,71,1513,779,21.4,68.5,1.7261
198,1095904800000,0.8,865,NaN,3.7,694,61,989,49,1385,678,22.2,63.0,1.6673
198,1095908400000,0.5,824,NaN,2.4,615,NaN,1131,NaN,1336,601,22.4,59.9,1.6069
198,1095912000000,NaN,824,NaN,2.2,602,54,1138,44,1337,593,21.1,63.8,1.5817
198,1095915600000,0.5,847,NaN,2.5,620,84,1085,58,1339,670,22.9,57.5,1.5879
198,1095919200000,0.9,961,NaN,6.3,828,132,892,66,1491,837,21.3,63.2,1.5794
198,1095922800000,3.2,1336,NaN,21.6,1340,422,540,112,2049,1400,21.3,63.5,1.5941
198,1095926400000,2.8,1251,NaN,18.8,1264,282,582,104,1897,1393,23.7,54.4,1.5765
198,1095930000000,2.7,1290,NaN,18.1,1244,293,604,103,1853,1415,25.0,50.8,1.5903
198,1095933600000,2.4,1215,NaN,14.8,1141,334,631,118,1766,1285,26.3,48.1,1.6199
198,1095937200000,2.7,1248,NaN,15.9,1177,324,608,129,1784,1230,26.4,47.3,1.6006
198,1095940800000,2.8,1233,NaN,16.1,1184,294,610,127,1775,1147,29.3,39.5,1.5855
198,1095944400000,2.9,1229,NaN,17.2,1217,273,599,130,1795,1107,29.0,39.6,1.5581
198,1095948000000,2.6,1206,NaN,15.8,1175,275,618,130,1746,1068,29.8,38.0,1.5642
198,1095951600000,2.6,1215,NaN,15.1,1150,282,608,118,1733,1115,30.4,37.2,1.588
198,1095955200000,3.2,1330,NaN,18.9,1264,323,586,146,1860,1362,31.5,34.9,1.5903
198,1095958800000,4.6,1446,NaN,25.2,1434,442,522,190,2075,1619,31.6,34.8,1.5925
198,1095962400000,4.9,1446,NaN,26.1,1458,431,501,189,2059,1572,29.0,40.5,1.5949
198,1095966000000,4.7,1421,NaN,25.6,1444,402,510,173,2056,1446,27.2,45.9,1.6302
198,1095969600000,3.3,1247,NaN,16.9,1206,313,600,148,1785,1233,26.2,48.7,1.6256
198,1095973200000,2.3,1168,NaN,12.6,1070,228,667,116,1646,1102,25.1,50.5,1.584
198,1095976800000,2.1,1111,NaN,10.3,991,218,721,109,1559,1028,24.1,50.7,1.4959
198,1095980400000,1.7,1071,NaN,8.9,934,179,763,94,1504,942,22.5,53.7,1.4486
199,1095984000000,1.0,969,NaN,6.5,835,97,859,64,1437,773,22.7,53.7,1.458
199,1095987600000,0.9,942,NaN,5.3,780,83,915,59,1419,737,21.5,57.9,1.4658
199,1095991200000,0.7,923,NaN,4.6,744,80,908,64,1394,815,22.3,55.8,1.4828
199,1095994800000,0.4,813,NaN,2.0,581,NaN,1176,NaN,1320,627,22.7,53.8,1.4673
199,1095998400000,0.4,851,NaN,2.5,618,66,1099,52,1351,642,21.1,59.9,1.4789
199,1096002000000,0.5,868,NaN,2.8,639,109,1093,55,1367,610,20.4,63.0,1.4946
199,1096005600000,1.3,1062,NaN,8.4,915,232,792,83,1579,929,20.8,62.2,1.5119
199,1096009200000,3.5,1418,NaN,21.1,1328,535,546,114,2017,1427,21.3,61.6,1.5452
199,1096012800000,5.5,1600,NaN,34.0,1641,684,440,137,2430,1776,21.9,60.2,1.56
199,1096016400000,5.6,1583,NaN,29.4,1538,803,461,160,2214,1788,23.0,56.4,1.5614
199,1096020000000,3.4,1338,NaN,20.3,1305,539,543,138,1929,1521,25.1,49.5,1.5572
199,1096023600000,3.2,1285,NaN,18.4,1252,364,581,134,1866,1293,26.6,44.3,1.5229
199,1096027200000,3.7,1376,NaN,22.3,1359,422,530,143,1998,1435,26.2,46.0,1.5422
199,1096030800000,4.6,1467,NaN,26.9,1477,483,491,153,2114,1592,25.4,48.7,1.5594
199,1096034400000,4.2,1442,NaN,24.0,1403,496,518,145,2026,1551,25.6,48.3,1.558
199,1096038000000,3.3,1358,NaN,19.3,1277,403,563,123,1892,1429,25.7,47.8,1.5548
199,1096041600000,2.7,1222,NaN,14.5,1133,282,624,96,1698,1195,24.9,49.2,1.5251
199,1096045200000,2.2,1134,NaN,11.1,1017,268,724,107,1632,981,18.3,75.4,1.5682
199,1096048800000,2.8,1120,NaN,10.4,993,306,725,119,1565,962,16.3,73.9,1.3601
199,1096052400000,2.9,1103,NaN,10.5,997,293,736,109,1552,914,15.6,75.7,1.3345
199,1096056000000,2.0,985,NaN,5.8,805,240,895,107,1390,785,15.4,76.6,1.3334
199,1096059600000,0.7,795,NaN,2.2,596,93,1227,57,1188,482,14.0,75.4,1.1988
199,1096063200000,0.6,787,NaN,2.0,584,99,1317,60,1129,446,14.9,60.5,1.0213
199,1096066800000,1.2,839,NaN,3.8,701,55,1128,22,1156,553,15.5,50.9,0.888
200,1096070400000,1.2,835,NaN,3.9,705,19,1117,2,1161,592,15.6,50.0,0.8773
200,1096074000000,1.1,837,NaN,3.7,693,26,1096,7,1178,584,15.4,53.6,0.9326
200,1096077600000,0.6,761,NaN,1.7,563,26,1316,8,1106,451,15.4,53.9,0.9334
200,1096081200000,0.3,718,NaN,1.0,499,NaN,1495,NaN,1059,382,15.3,52.4,0.9017
200,1096084800000,0.3,724,NaN,1.0,495,42,1531,27,1071,391,15.3,53.1,0.9181
200,1096088400000,0.3,718,NaN,0.9,486,32,1531,14,1072,398,15.4,53.7,0.9295
200,1096092000000,0.4,744,NaN,1.3,525,25,1434,3,1097,430,15.5,53.3,0.9308
200,1096095600000,0.6,782,NaN,2.1,591,28,1287,9,1130,461,15.4,52.7,0.9178
200,1096099200000,0.7,798,NaN,2.5,619,41,1204,14,1138,500,15.7,51.1,0.9056
200,1096102800000,1.0,867,NaN,4.6,744,130,1067,52,1207,594,16.9,47.7,0.9142
200,1096106400000,1.1,862,NaN,4.3,729,173,1103,64,1171,603,18.2,41.9,0.8674
200,1096110000000,1.5,915,NaN,6.5,834,168,1006,66,1243,686,19.1,37.0,0.8104
200,1096113600000,1.4,857,NaN,6.0,813,51,1040,14,1183,622,19.3,34.8,0.771
200,1096117200000,1.4,837,NaN,6.0,812,31,1065,9,1171,624,19.8,31.2,0.7127
200,1096120800000,1.0,805,NaN,4.5,740,41,1161,12,1117,565,19.8,31.1,0.7104
200,1096124400000,0.9,781,NaN,3.9,705,41,1203,14,1068,514,20.2,28.6,0.6717
200,1096128000000,1.1,815,NaN,4.6,743,54,1183,21,1095,536,22.1,24.8,0.6514
200,1096131600000,1.3,877,NaN,6.7,844,112,1048,43,1193,669,21.1,27.7,0.6853
200,1096135200000,1.8,926,NaN,8.9,935,178,931,62,1262,786,20.1,30.3,0.7045
200,1096138800000,2.4,987,NaN,9.8,971,218,876,68,1312,891,19.5,33.0,0.7384
200,1096142400000,2.7,1004,NaN,10.8,1007,241,848,81,1321,926,19.3,32.3,0.7163
200,1096146000000,1.7,897,NaN,7.4,875,223,937,88,1227,902,18.4,33.2,0.6975
200,1096149600000,2.2,1002,NaN,10.3,989,279,840,99,1358,1011,17.8,36.5,0.7366
200,1096153200000,2.8,1126,NaN,13.8,1111,330,746,98,1473,1249,17.8,39.9,0.8035
201,1096156800000,2.4,1067,NaN,10.9,1013,330,794,97,1350,1133,17.0,43.0,0.8242
201,1096160400000,2.5,1063,NaN,11.7,1040,341,739,101,1413,1166,15.5,52.2,0.9136
201,1096164000000,1.4,915,NaN,7.8,893,205,872,90,1287,953,15.6,51.9,0.9135
201,1096167600000,1.4,906,NaN,7.7,885,NaN,872,NaN,1304,912,13.5,59.4,0.9176
201,1096171200000,NaN,844,NaN,5.5,786,130,969,61,1226,831,13.4,59.9,0.9173
201,1096174800000,0.9,816,NaN,4.5,739,102,999,55,1188,793,12.5,63.2,0.9146
201,1096178400000,0.6,768,NaN,3.3,671,79,1128,46,1153,700,13.6,57.6,0.8941
201,1096182000000,1.0,835,NaN,5.4,785,148,989,56,1224,780,12.2,63.2,0.8964
201,1096185600000,1.6,944,NaN,8.2,908,261,865,83,1321,931,14.6,56.4,0.9319
201,1096189200000,0.9,810,NaN,3.0,651,107,1170,55,1117,575,19.8,38.6,0.8831
201,1096192800000,0.9,819,NaN,3.0,655,103,1222,47,1104,507,21.6,33.4,0.8519
201,1096196400000,1.0,844,NaN,3.5,680,122,1147,61,1129,518,22.0,32.2,0.8407
201,1096200000000,1.0,846,NaN,3.6,688,127,1127,58,1138,518,22.7,30.2,0.8217
201,1096203600000,0.9,842,NaN,4.0,711,110,1077,59,1160,516,22.3,30.4,0.8063
201,1096207200000,0.9,840,NaN,4.2,722,98,1048,54,1169,507,22.1,30.5,0.7981
201,1096210800000,0.9,815,NaN,3.1,657,146,1166,69,1098,490,22.1,29.5,0.7761
201,1096214400000,0.9,838,NaN,3.5,685,119,1176,54,1121,465,23.4,27.1,0.7681
201,1096218000000,2.7,992,NaN,10.3,987,234,823,95,1327,781,23.1,27.0,0.7538
201,1096221600000,2.2,990,NaN,7.8,891,261,908,99,1278,765,21.5,31.4,0.7943
201,1096225200000,3.3,1066,NaN,10.7,1004,371,795,127,1384,1006,20.3,35.5,0.833
201,1096228800000,2.1,971,NaN,7.3,870,266,911,98,1287,798,19.6,36.3,0.8193
201,1096232400000,1.8,963,NaN,7.7,887,268,853,112,1311,938,18.7,39.7,0.8482
201,1096236000000,1.9,1010,NaN,8.6,925,294,829,115,1351,996,18.0,42.7,0.8745
201,1096239600000,2.3,1054,NaN,10.0,978,303,768,114,1398,1109,17.1,47.6,0.9208
202,1096243200000,1.9,998,NaN,8.5,920,241,802,103,1365,1042,16.6,51.3,0.9634
202,1096246800000,1.3,919,NaN,5.8,802,142,891,81,1265,940,15.9,55.2,0.9881
202,1096250400000,1.0,884,NaN,5.0,764,110,921,75,1247,900,14.9,58.9,0.9891
202,1096254000000,0.6,803,NaN,2.9,648,NaN,1079,NaN,1178,774,14.1,61.0,0.9799
202,1096257600000,0.6,820,NaN,3.4,674,104,1024,64,1188,790,14.0,62.6,0.9948
202,1096261200000,0.9,894,NaN,5.6,794,179,889,71,1266,908,14.1,61.7,0.9844
202,1096264800000,1.5,988,NaN,9.0,941,361,801,99,1399,1035,14.4,60.3,0.9802
202,1096268400000,5.5,1372,NaN,26.9,1477,799,542,132,1973,1556,15.0,57.7,0.9778
202,1096272000000,4.0,1209,NaN,18.8,1262,614,618,135,1708,1392,16.9,50.3,0.958
202,1096275600000,1.8,951,NaN,8.2,908,275,873,94,1314,904,19.7,40.2,0.9108
202,1096279200000,1.9,992,NaN,9.1,943,325,847,103,1351,936,22.2,33.6,0.8886
202,1096282800000,1.7,964,NaN,9.2,947,327,862,123,1328,907,23.7,29.6,0.8537
202,1096286400000,1.6,917,NaN,8.3,910,252,886,95,1275,744,21.9,30.7,0.7961
202,1096290000000,1.9,937,NaN,9.1,942,226,852,90,1276,773,22.3,29.5,0.7838
202,1096293600000,1.6,961,NaN,9.2,949,230,853,99,1306,812,23.8,27.0,0.7845
202,1096297200000,1.8,969,NaN,9.6,962,244,829,107,1316,856,23.3,28.3,0.8012
202,1096300800000,2.0,1020,NaN,11.8,1042,251,788,112,1401,927,24.2,27.2,0.8128
202,1096304400000,3.1,1107,NaN,17.3,1219,346,683,132,1582,1131,25.1,25.8,0.8065
202,1096308000000,3.9,1119,NaN,17.8,1233,407,670,148,1539,1270,22.3,29.2,0.7773
202,1096311600000,4.3,1173,NaN,20.9,1322,490,633,158,1679,1365,20.8,32.5,0.7873
202,1096315200000,3.5,1097,NaN,14.9,1144,434,702,145,1517,1274,19.1,36.8,0.8066
202,1096318800000,2.4,1018,NaN,11.3,1024,345,758,128,1400,1169,18.1,39.9,0.8232
202,1096322400000,1.5,932,NaN,8.4,914,192,837,105,1298,1000,17.4,42.8,0.8463
202,1096326000000,1.3,897,NaN,6.8,849,157,891,90,1253,910,16.7,46.6,0.8793
203,1096329600000,1.0,840,NaN,4.9,758,148,994,85,1189,829,17.1,46.8,0.9054
203,1096333200000,0.8,802,NaN,3.5,680,105,1091,73,1137,756,15.3,51.9,0.8982
203,1096336800000,0.5,765,NaN,2.8,637,141,1138,74,1113,742,15.0,52.8,0.8929
203,1096340400000,0.4,741,NaN,2.1,595,NaN,1191,NaN,1080,686,14.4,54.5,0.8887
203,1096344000000,0.5,748,NaN,2.2,595,107,1208,61,1089,677,12.8,59.8,0.8801
203,1096347600000,0.7,791,NaN,3.9,704,166,1057,69,1154,748,11.9,62.7,0.8726
203,1096351200000,1.2,875,NaN,7.3,871,241,890,82,1253,890,12.1,62.6,0.8825
203,1096354800000,2.4,1085,NaN,15.5,1164,368,707,120,1503,1155,13.5,58.2,0.8944
203,1096358400000,4.3,1268,NaN,27.1,1482,498,550,135,1849,1533,14.4,55.7,0.9087
203,1096362000000,4.1,1236,NaN,21.3,1332,641,601,152,1683,1550,17.8,45.7,0.9224
203,1096365600000,3.7,1274,NaN,19.9,1294,667,615,177,1595,2236,21.0,37.2,0.9155
203,1096369200000,3.4,1250,NaN,19.4,1280,550,618,181,1663,2178,24.5,29.8,0.9008
203,1096372800000,3.8,1224,NaN,21.8,1347,483,602,176,1670,1901,26.4,26.4,0.8969
203,1096376400000,4.1,1220,NaN,21.7,1344,524,605,163,1676,1743,25.2,26.8,0.8451
203,1096380000000,3.4,1166,NaN,18.9,1265,481,640,174,1570,1502,26.1,24.8,0.8283
203,1096383600000,2.3,1050,NaN,13.0,1084,305,748,117,1402,1153,26.2,24.4,0.8174
203,1096387200000,3.2,1174,NaN,18.8,1264,396,670,145,1598,1287,28.9,21.3,0.8382
203,1096390800000,4.8,1323,NaN,26.8,1474,501,554,173,1854,1547,28.0,23.3,0.8681
203,1096394400000,6.7,1432,NaN,36.9,1706,702,488,204,2098,1842,24.7,27.9,0.8559
203,1096398000000,7.5,1479,NaN,39.3,1756,755,466,209,2165,1908,23.0,33.6,0.9302
203,1096401600000,4.5,1309,NaN,23.1,1379,524,555,175,1841,1693,20.9,45.8,1.1159
203,1096405200000,2.1,1089,NaN,11.6,1037,247,707,129,1480,1336,19.8,48.6,1.113
203,1096408800000,1.5,1009,NaN,8.3,911,196,788,111,1359,1177,19.8,47.7,1.0885
203,1096412400000,1.1,930,NaN,5.7,796,135,883,85,1263,977,18.6,49.1,1.0435
204,1096416000000,1.1,929,NaN,5.9,805,146,879,86,1270,974,17.2,53.9,1.0498
204,1096419600000,0.9,872,NaN,4.1,718,106,981,71,1223,872,16.3,56.8,1.047
204,1096423200000,0.5,790,NaN,2.2,601,70,1150,60,1157,734,17.4,53.4,1.0541
204,1096426800000,0.4,793,NaN,2.0,581,NaN,1169,NaN,1152,668,15.5,58.8,1.0309
204,1096430400000,NaN,789,NaN,2.2,596,62,1145,48,1161,698,14.6,62.1,1.0236
204,1096434000000,0.4,769,NaN,2.0,586,60,1221,45,1134,650,17.1,52.5,1.013
204,1096437600000,0.7,852,NaN,4.0,713,92,1029,53,1203,749,15.2,58.3,0.9986
204,1096441200000,2.0,1100,NaN,13.4,1097,277,739,94,1516,1106,14.9,59.2,0.9985
204,1096444800000,4.2,1326,NaN,28.0,1504,600,510,122,1968,1609,15.1,59.0,1.0086
204,1096448400000,5.2,1433,NaN,28.6,1518,693,499,170,1973,1770,19.0,47.8,1.0434
204,1096452000000,3.8,1310,NaN,21.4,1334,617,573,174,1747,1633,22.4,38.8,1.04
204,1096455600000,3.7,1304,NaN,19.1,1272,569,593,191,1673,1583,25.4,33.3,1.0679
204,1096459200000,3.4,1286,NaN,19.6,1286,409,593,179,1728,1449,27.2,30.4,1.081
204,1096462800000,3.1,1217,NaN,15.8,1175,335,621,148,1644,1451,25.5,34.8,1.1152
204,1096466400000,2.4,1104,NaN,13.5,1099,290,698,129,1483,1147,26.4,28.5,0.9658
204,1096470000000,2.8,1143,NaN,15.9,1176,312,677,148,1551,1108,27.7,25.1,0.9158
204,1096473600000,3.6,1205,NaN,19.9,1295,440,626,184,1613,1267,28.6,23.2,0.8917
204,1096477200000,4.0,1276,NaN,21.6,1340,450,597,188,1677,1303,27.2,26.3,0.9317
204,1096480800000,5.6,1440,NaN,31.0,1573,578,491,204,1997,1643,25.3,33.0,1.0473
204,1096484400000,6.3,1467,NaN,34.1,1643,615,467,201,2088,1749,23.2,36.9,1.0346
204,1096488000000,4.7,1339,NaN,22.8,1373,536,541,165,1797,1585,21.6,43.3,1.1019
204,1096491600000,1.9,1108,NaN,12.3,1061,238,685,133,1454,1315,21.1,44.8,1.1088
204,1096495200000,1.9,1116,NaN,10.9,1012,249,699,125,1445,1290,19.7,49.3,1.1148
204,1096498800000,1.2,981,NaN,7.1,860,150,812,101,1298,1059,20.3,47.8,1.1281
205,1096502400000,0.9,947,NaN,5.7,798,108,869,79,1276,943,19.4,50.3,1.1201
205,1096506000000,NaN,939,NaN,5.3,776,NaN,879,NaN,1259,913,18.3,53.1,1.1056
205,1096509600000,NaN,862,NaN,2.9,644,NaN,1030,NaN,1173,720,17.5,56.1,1.1103
205,1096513200000,NaN,827,NaN,1.9,577,NaN,1138,NaN,1143,640,19.2,50.3,1.1087
205,1096516800000,NaN,879,NaN,2.4,611,NaN,1036,NaN,1189,779,16.6,59.6,1.117
205,1096520400000,NaN,911,NaN,4.0,710,NaN,932,NaN,1226,850,17.5,57.1,1.1311
205,1096524000000,NaN,1051,NaN,8.1,901,NaN,778,NaN,1379,1020,17.6,57.6,1.1471
205,1096527600000,NaN,1496,NaN,24.8,1425,NaN,520,NaN,1946,1605,18.0,57.0,1.1665
205,1096531200000,NaN,1610,NaN,36.3,1692,NaN,436,NaN,2197,1866,18.5,55.9,1.1779
205,1096534800000,NaN,1428,NaN,20.9,1321,NaN,544,NaN,1779,1621,18.6,57.2,1.2146
205,1096538400000,NaN,1459,NaN,22.2,1356,NaN,525,NaN,1795,1712,20.2,53.0,1.2407
205,1096542000000,NaN,1486,NaN,23.5,1390,NaN,504,NaN,1835,1770,21.3,50.1,1.2539
205,1096545600000,1.7,1158,NaN,10.8,1008,NaN,695,NaN,1489,1175,24.6,42.8,1.3053
205,1096549200000,1.7,1200,NaN,11.2,1021,223,678,101,1510,1157,24.6,44.1,1.3477
205,1096552800000,2.2,1290,NaN,15.1,1151,267,613,113,1638,1219,25.6,43.4,1.4049
205,1096556400000,2.8,1366,NaN,17.4,1223,308,578,121,1744,1288,26.1,42.6,1.4172
205,1096560000000,3.9,1505,NaN,23.4,1388,422,516,146,1978,1503,25.8,44.8,1.4644
205,1096563600000,6.5,1728,NaN,35.9,1683,623,419,188,2365,1861,25.4,47.9,1.5346
205,1096567200000,6.3,1673,NaN,34.0,1643,572,436,182,2259,1781,24.6,50.0,1.5241
205,1096570800000,5.7,1636,NaN,30.1,1553,514,449,166,2130,1745,23.6,54.4,1.5687
205,1096574400000,4.4,1468,NaN,20.0,1296,414,529,142,1854,1590,22.6,59.5,1.6155
205,1096578000000,1.6,1180,NaN,10.5,997,143,677,84,1549,1127,22.1,61.3,1.6133
205,1096581600000,1.5,1138,NaN,9.0,938,147,700,87,1500,1098,22.1,61.3,1.6053
205,1096585200000,1.7,1192,NaN,10.7,1004,159,665,91,1577,1176,21.1,64.7,1.5956
206,1096588800000,1.9,1176,NaN,10.4,993,206,659,91,1572,1178,20.3,66.4,1.5591
206,1096592400000,1.6,1137,NaN,9.7,967,140,687,74,1557,1091,19.4,69.3,1.5418
206,1096596000000,1.3,1035,NaN,6.9,851,132,764,69,1465,1002,19.0,70.8,1.5417
206,1096599600000,0.8,943,NaN,4.0,709,NaN,893,NaN,1348,876,20.2,65.8,1.5442
206,1096603200000,0.6,904,NaN,3.0,655,81,968,54,1326,824,19.8,67.2,1.5322
206,1096606800000,0.7,966,NaN,4.3,726,120,872,60,1371,892,19.0,70.3,1.5308
206,1096610400000,1.6,1124,NaN,9.8,972,279,674,69,1568,1092,18.8,71.8,1.5372
206,1096614000000,2.9,1348,NaN,17.2,1217,392,559,91,1816,1413,20.2,66.3,1.555
206,1096617600000,4.1,1499,NaN,27.9,1501,433,469,97,2130,1565,20.8,64.3,1.563
206,1096621200000,3.7,1427,NaN,20.5,1311,531,503,114,1900,1594,22.3,59.3,1.5705
206,1096624800000,3.6,1473,NaN,21.2,1330,619,497,129,1908,1677,23.2,56.6,1.5929
206,1096628400000,3.4,1440,NaN,19.9,1294,522,506,137,1879,1616,23.8,54.7,1.587
206,1096632000000,3.7,1474,NaN,21.1,1326,505,485,134,1943,1610,23.5,56.2,1.6048
206,1096635600000,4.1,1485,NaN,22.3,1359,465,477,132,2005,1614,23.9,54.4,1.5963
206,1096639200000,3.2,NaN,NaN,NaN,NaN,383,NaN,123,NaN,NaN,NaN,NaN,NaN
206,1096642800000,2.4,1306,NaN,12.9,1079,278,603,105,1668,1286,25.4,47.4,1.517
206,1096646400000,3.4,1464,NaN,18.4,1251,372,530,136,1853,1487,26.4,45.4,1.54
206,1096650000000,5.6,1629,NaN,26.5,1466,540,458,169,2130,1703,25.8,46.9,1.5375
206,1096653600000,NaN,1629,NaN,29.4,1536,NaN,435,NaN,2205,1773,25.3,49.6,1.5805
206,1096657200000,NaN,1707,NaN,33.7,1637,NaN,411,NaN,2338,1848,24.2,54.3,1.6117
206,1096660800000,NaN,1424,NaN,19.9,1293,NaN,524,NaN,1902,1550,22.8,58.1,1.5951
206,1096664400000,NaN,1297,NaN,13.5,1100,NaN,598,NaN,1710,1350,21.5,63.2,1.5993
206,1096668000000,NaN,1214,NaN,11.2,1022,NaN,645,NaN,1592,1235,21.3,63.0,1.5798
206,1096671600000,NaN,1160,NaN,9.1,944,NaN,686,NaN,1523,1162,20.8,64.1,1.554
207,1096675200000,NaN,1232,NaN,10.9,1012,NaN,642,NaN,1595,1211,20.6,64.0,1.5346
207,1096678800000,NaN,1134,NaN,8.4,914,NaN,699,NaN,1512,1097,20.6,63.4,1.519
207,1096682400000,NaN,1071,NaN,7.1,860,NaN,742,NaN,1500,1021,20.4,64.4,1.522
207,1096686000000,NaN,968,NaN,4.3,730,NaN,858,NaN,1388,913,21.3,61.0,1.529
207,1096689600000,NaN,994,NaN,4.0,711,NaN,867,NaN,1384,909,20.5,64.0,1.5247
207,1096693200000,NaN,1046,NaN,5.8,804,NaN,774,NaN,1458,983,20.3,65.3,1.5321
207,1096696800000,NaN,1066,NaN,6.3,827,NaN,751,NaN,1479,1024,20.1,65.9,1.5321
207,1096700400000,NaN,1277,NaN,12.3,1061,NaN,612,NaN,1691,1243,20.2,65.6,1.5368
207,1096704000000,NaN,1290,NaN,13.3,1093,NaN,592,NaN,1677,1253,21.1,62.8,1.5481
207,1096707600000,NaN,1268,NaN,12.5,1066,NaN,608,NaN,1665,1240,22.5,57.5,1.5518
207,1096711200000,NaN,1243,NaN,10.5,997,NaN,648,NaN,1587,1155,24.2,51.9,1.5426
207,1096714800000,NaN,1300,NaN,12.1,1053,NaN,614,NaN,1650,1193,25.2,48.9,1.5437
207,1096718400000,NaN,1278,NaN,12.1,1053,NaN,630,NaN,1641,1153,25.8,47.8,1.5662
207,1096722000000,NaN,1249,NaN,11.2,1023,NaN,639,NaN,1640,1034,25.7,49.2,1.5988
207,1096725600000,NaN,1145,NaN,7.2,867,NaN,739,NaN,1499,870,25.8,49.6,1.6213
207,1096729200000,NaN,1199,NaN,8.7,928,NaN,704,NaN,1533,890,25.7,48.8,1.5913
207,1096732800000,NaN,1236,NaN,9.6,962,NaN,690,NaN,1589,946,26.5,45.9,1.5626
207,1096736400000,NaN,1289,NaN,11.6,1037,NaN,638,NaN,1648,1033,25.4,48.9,1.565
207,1096740000000,NaN,1299,NaN,12.7,1072,NaN,617,NaN,1688,1107,24.4,52.5,1.583
207,1096743600000,NaN,1506,NaN,20.7,1315,NaN,512,NaN,1954,1395,23.9,54.6,1.5936
207,1096747200000,NaN,1432,NaN,17.8,1234,NaN,553,NaN,1849,1342,22.9,57.9,1.5958
207,1096750800000,NaN,1193,NaN,11.2,1021,NaN,666,NaN,1633,1152,22.1,61.1,1.6012
207,1096754400000,NaN,1188,NaN,10.8,1007,NaN,668,NaN,1577,1128,20.8,65.6,1.5898
207,1096758000000,NaN,1162,NaN,9.4,953,NaN,691,NaN,1526,1104,21.7,60.8,1.563
208,1096761600000,NaN,1106,NaN,8.5,921,NaN,720,NaN,1506,1055,21.1,62.8,1.5505
208,1096765200000,NaN,1037,NaN,6.5,836,NaN,788,NaN,1467,904,20.7,63.2,1.524
208,1096768800000,NaN,982,NaN,5.1,768,NaN,850,NaN,1416,835,21.2,61.5,1.5241
208,1096772400000,NaN,944,NaN,4.5,740,NaN,881,NaN,1412,781,20.3,64.6,1.518
208,1096776000000,NaN,929,NaN,3.9,703,NaN,908,NaN,1391,761,20.2,64.4,1.5035
208,1096779600000,NaN,906,NaN,3.3,672,NaN,948,NaN,1377,742,20.1,65.3,1.5153
208,1096783200000,NaN,907,NaN,3.2,665,NaN,972,NaN,1370,779,19.9,66.0,1.5141
208,1096786800000,NaN,1013,NaN,5.4,781,NaN,829,NaN,1469,894,19.8,66.4,1.5145
208,1096790400000,NaN,1055,NaN,5.6,795,NaN,800,NaN,1476,927,20.4,64.1,1.5178
208,1096794000000,NaN,1138,NaN,7.5,880,NaN,727,NaN,1538,1034,21.6,60.8,1.5496
208,1096797600000,NaN,1250,NaN,10.7,1003,NaN,647,NaN,1638,1217,23.5,54.5,1.5553
208,1096801200000,NaN,1165,NaN,8.4,916,NaN,711,NaN,1517,1093,25.7,46.6,1.5105
208,1096804800000,NaN,1229,NaN,11.3,1025,NaN,663,NaN,1588,1073,26.6,43.7,1.5031
208,1096808400000,NaN,1168,NaN,8.3,911,NaN,715,NaN,1517,969,27.4,41.8,1.5056
208,1096812000000,NaN,1092,NaN,6.0,814,NaN,794,NaN,1446,777,27.4,42.8,1.5344
208,1096815600000,NaN,1109,NaN,6.7,843,NaN,769,NaN,1458,743,27.1,43.3,1.5255
208,1096819200000,NaN,1133,NaN,6.2,823,NaN,775,NaN,1449,777,26.9,44.4,1.551
208,1096822800000,NaN,1192,NaN,7.7,887,NaN,716,NaN,1488,819,26.9,44.4,1.5538
208,1096826400000,NaN,1298,NaN,11.0,1015,NaN,647,NaN,1619,1056,24.7,51.9,1.5868
208,1096830000000,NaN,1524,NaN,20.8,1320,NaN,514,NaN,1925,1481,23.7,55.6,1.6074
208,1096833600000,NaN,1540,NaN,21.4,1336,NaN,498,NaN,1929,1590,22.7,59.6,1.6261
208,1096837200000,NaN,1190,NaN,10.4,992,NaN,654,NaN,1587,1211,21.9,61.4,1.5946
208,1096840800000,NaN,1092,NaN,8.3,911,NaN,735,NaN,1506,1052,22.0,59.8,1.562
208,1096844400000,NaN,1079,NaN,7.8,890,NaN,745,NaN,1522,1000,20.5,64.9,1.5473
209,1096848000000,NaN,995,NaN,5.5,789,NaN,828,NaN,1432,874,19.8,66.9,1.5277
209,1096851600000,NaN,960,NaN,5.2,772,NaN,838,NaN,1431,852,18.4,71.6,1.4997
209,1096855200000,NaN,890,NaN,3.2,666,NaN,969,NaN,1323,728,18.9,68.6,1.4818
209,1096858800000,NaN,860,NaN,2.7,632,NaN,1037,NaN,1322,713,17.8,72.3,1.4546
209,1096862400000,NaN,860,NaN,3.0,652,NaN,997,NaN,1326,734,17.1,73.9,1.4262
209,1096866000000,NaN,883,NaN,4.0,713,NaN,937,NaN,1351,777,17.7,70.3,1.4088
209,1096869600000,NaN,929,NaN,5.6,795,NaN,858,NaN,1373,815,17.1,71.8,1.3936
209,1096873200000,NaN,1100,NaN,11.1,1018,NaN,706,NaN,1573,1002,18.3,67.5,1.4044
209,1096876800000,NaN,1257,NaN,20.1,1299,NaN,550,NaN,1864,1302,18.5,67.0,1.4135
209,1096880400000,NaN,1402,NaN,23.6,1393,NaN,505,NaN,1967,1542,19.9,61.7,1.4193
209,1096884000000,NaN,1376,NaN,21.0,1324,NaN,527,NaN,1886,1571,22.9,52.6,1.4519
209,1096887600000,NaN,1374,NaN,21.8,1346,NaN,519,NaN,1910,1614,24.2,49.0,1.4586
209,1096891200000,NaN,1381,NaN,22.1,1355,NaN,516,NaN,1931,1583,25.8,44.7,1.459
209,1096894800000,NaN,1282,NaN,18.2,1247,NaN,561,NaN,1829,1285,26.0,44.5,1.4731
209,1096898400000,NaN,1188,NaN,14.2,1124,NaN,625,NaN,1655,1094,27.1,40.2,1.4217
209,1096902000000,NaN,1227,NaN,14.9,1147,NaN,612,NaN,1707,1113,27.4,39.8,1.4318
209,1096905600000,NaN,1364,NaN,21.1,1328,NaN,528,NaN,1898,1395,28.9,36.3,1.4291
209,1096909200000,NaN,1531,NaN,30.3,1558,NaN,451,NaN,2181,1620,28.4,37.5,1.4251
209,1096912800000,NaN,1694,NaN,41.6,1805,NaN,391,NaN,2523,1882,26.0,43.9,1.4562
209,1096916400000,NaN,1723,NaN,44.7,1866,NaN,378,NaN,2612,2006,24.3,49.6,1.486
209,1096920000000,NaN,1356,NaN,21.3,1331,NaN,520,NaN,1925,1643,23.3,53.0,1.4939
209,1096923600000,NaN,1084,NaN,10.0,979,NaN,699,NaN,1539,1239,22.6,55.1,1.4899
209,1096927200000,NaN,1039,NaN,8.9,936,NaN,731,NaN,1499,1121,21.2,59.3,1.4787
209,1096930800000,NaN,1011,NaN,7.4,875,NaN,787,NaN,1446,1012,20.6,60.9,1.4642
210,1096934400000,NaN,968,NaN,6.4,831,NaN,810,NaN,1425,961,20.0,63.1,1.4592
210,1096938000000,NaN,867,NaN,3.7,693,NaN,971,NaN,1335,825,19.7,63.4,1.4383
210,1096941600000,NaN,820,NaN,2.5,620,NaN,1081,NaN,1270,703,20.8,58.8,1.4305
210,1096945200000,NaN,826,NaN,2.7,631,NaN,1072,NaN,1280,752,17.8,69.8,1.4058
210,1096948800000,NaN,835,NaN,2.5,620,NaN,1053,NaN,1260,741,18.8,65.3,1.4023
210,1096952400000,NaN,887,NaN,4.1,717,NaN,955,NaN,1334,786,17.6,69.5,1.3889
210,1096956000000,NaN,990,NaN,7.8,889,NaN,763,NaN,1450,952,17.4,69.7,1.3714
210,1096959600000,NaN,1511,NaN,30.8,1569,NaN,476,NaN,2195,1601,17.4,70.1,1.3783
210,1096963200000,NaN,1352,NaN,26.4,1465,NaN,491,NaN,1998,1621,18.5,65.5,1.3787
210,1096966800000,NaN,1337,NaN,21.6,1339,NaN,525,NaN,1870,1622,20.6,58.5,1.4054
210,1096970400000,NaN,1435,NaN,22.8,1373,NaN,513,NaN,1910,1759,23.9,48.7,1.4269
210,1096974000000,NaN,1377,NaN,19.3,1276,NaN,539,NaN,1790,1666,26.0,43.8,1.4499
210,1096977600000,NaN,1562,NaN,30.4,1559,NaN,453,NaN,2130,1918,28.6,37.3,1.4423
210,1096981200000,NaN,1358,NaN,23.4,1389,NaN,516,NaN,1886,1525,27.9,38.0,1.4029
210,1096984800000,NaN,1301,NaN,17.1,1212,NaN,575,NaN,1717,1332,28.4,37.6,1.4282
210,1096988400000,NaN,1255,NaN,14.6,1136,NaN,611,NaN,1675,1183,28.5,37.3,1.4329
210,1096992000000,NaN,1410,NaN,21.6,1340,NaN,533,NaN,1841,1414,30.8,31.8,1.3908
210,1096995600000,NaN,1578,NaN,31.9,1595,NaN,459,NaN,2181,1680,29.7,33.1,1.3546
210,1096999200000,NaN,1700,NaN,40.5,1782,NaN,401,NaN,2403,2004,27.0,40.2,1.4158
210,1097002800000,NaN,1778,NaN,41.6,1805,NaN,380,NaN,2473,2094,25.6,47.5,1.539
210,1097006400000,NaN,1539,NaN,23.9,1402,NaN,475,NaN,2018,1780,23.9,57.2,1.6774
210,1097010000000,NaN,1409,NaN,20.3,1304,NaN,500,NaN,1829,1640,22.7,60.8,1.6582
210,1097013600000,NaN,1231,NaN,12.8,1077,NaN,602,NaN,1580,1379,21.8,59.9,1.5492
210,1097017200000,NaN,1092,NaN,8.7,928,NaN,688,NaN,1470,1139,22.4,58.3,1.561
211,1097020800000,NaN,1036,NaN,6.8,850,NaN,760,NaN,1411,1001,21.7,60.2,1.5442
211,1097024400000,NaN,984,NaN,5.3,780,NaN,810,NaN,1377,910,21.2,61.4,1.5258
211,1097028000000,NaN,950,NaN,4.6,743,NaN,841,NaN,1377,895,19.3,68.4,1.513
211,1097031600000,NaN,889,NaN,3.2,665,NaN,943,NaN,1310,805,19.8,65.1,1.49
211,1097035200000,NaN,865,NaN,2.8,636,NaN,992,NaN,1285,761,20.0,62.9,1.4495
211,1097038800000,NaN,917,NaN,3.6,686,NaN,933,NaN,1304,805,18.3,68.5,1.4291
211,1097042400000,NaN,997,NaN,6.2,823,NaN,804,NaN,1395,894,18.1,68.5,1.4067
211,1097046000000,NaN,1433,NaN,24.2,1409,NaN,506,NaN,1972,1439,17.6,70.5,1.4057
211,1097049600000,NaN,1516,NaN,32.0,1596,NaN,429,NaN,2183,1706,18.3,67.8,1.4091
211,1097053200000,NaN,1528,NaN,25.8,1449,NaN,473,NaN,2039,1756,20.4,61.2,1.447
211,1097056800000,NaN,1347,NaN,16.2,1186,NaN,560,NaN,1713,1493,22.5,55.6,1.499
211,1097060400000,NaN,1392,NaN,17.7,1231,NaN,530,NaN,1771,1567,25.7,46.4,1.507
211,1097064000000,NaN,1359,NaN,16.5,1195,NaN,542,NaN,1784,1376,26.8,44.6,1.5467
211,1097067600000,NaN,1391,NaN,18.3,1249,NaN,518,NaN,1845,1399,26.0,46.4,1.5414
211,1097071200000,NaN,1335,NaN,14.6,1137,NaN,563,NaN,1729,1293,26.3,46.0,1.5478
211,1097074800000,NaN,1402,NaN,17.1,1213,NaN,530,NaN,1789,1348,27.4,43.9,1.5811
211,1097078400000,NaN,1406,NaN,17.2,1216,NaN,542,NaN,1772,1314,29.6,36.7,1.4936
211,1097082000000,NaN,1527,NaN,24.6,1419,NaN,476,NaN,1966,1507,28.7,37.3,1.4486
211,1097085600000,NaN,1559,NaN,26.9,1476,NaN,463,NaN,2022,1660,25.7,44.1,1.4331
211,1097089200000,NaN,1840,NaN,44.0,1852,NaN,360,NaN,2553,2143,24.5,49.5,1.5022
211,1097092800000,NaN,1666,NaN,31.0,1573,NaN,427,NaN,2195,1968,23.3,54.4,1.5386
211,1097096400000,NaN,1336,NaN,16.8,1204,NaN,542,NaN,1759,1490,22.4,57.9,1.5449
211,1097100000000,NaN,1189,NaN,11.0,1014,NaN,641,NaN,1553,1249,22.7,55.8,1.5218
211,1097103600000,NaN,1226,NaN,11.4,1029,NaN,620,NaN,1570,1265,20.4,62.4,1.4758
212,1097107200000,NaN,1171,NaN,9.9,972,NaN,650,NaN,1529,1181,20.3,64.2,1.5063
212,1097110800000,NaN,1002,NaN,5.0,762,NaN,814,NaN,1385,954,21.4,60.6,1.5236
212,1097114400000,NaN,950,NaN,3.7,696,NaN,894,NaN,1375,875,20.3,66.3,1.5657
212,1097118000000,NaN,930,NaN,3.1,660,NaN,925,NaN,1321,838,20.9,62.2,1.5182
212,1097121600000,NaN,924,NaN,2.9,643,NaN,948,NaN,1329,825,19.9,66.1,1.5198
212,1097125200000,NaN,994,NaN,4.4,732,NaN,852,NaN,1400,882,19.8,67.1,1.5305
212,1097128800000,NaN,1089,NaN,7.4,873,NaN,741,NaN,1479,990,20.1,64.4,1.4967
212,1097132400000,NaN,1468,NaN,19.4,1280,NaN,518,NaN,1899,1423,19.7,66.4,1.5035
212,1097136000000,NaN,1696,NaN,37.1,1711,NaN,383,NaN,2464,1823,20.9,62.4,1.5226
212,1097139600000,NaN,1479,NaN,22.2,1357,NaN,491,NaN,1937,1581,22.5,57.0,1.5314
212,1097143200000,NaN,1425,NaN,18.5,1255,NaN,516,NaN,1864,1500,23.5,53.4,1.5241
212,1097146800000,NaN,1279,NaN,14.0,1116,NaN,587,NaN,1668,1268,24.7,48.2,1.4802
212,1097150400000,NaN,1319,NaN,15.5,1165,NaN,571,NaN,1743,1230,27.1,40.9,1.4405
212,1097154000000,NaN,1329,NaN,15.7,1172,NaN,561,NaN,1739,1204,25.9,44.2,1.4576
212,1097157600000,NaN,1327,NaN,15.7,1172,NaN,566,NaN,1747,1205,26.9,41.8,1.4555
212,1097161200000,NaN,1282,NaN,12.7,1075,NaN,605,NaN,1651,1103,27.2,40.7,1.4481
212,1097164800000,2.9,1342,NaN,15.3,1157,267,572,87,1707,1195,28.6,37.6,1.4468
212,1097168400000,5.4,1623,NaN,28.8,1522,398,447,111,2110,1618,28.0,38.5,1.437
212,1097172000000,5.3,1576,NaN,26.1,1458,418,463,119,2024,1637,25.2,45.8,1.4464
212,1097175600000,6.7,1747,NaN,37.1,1709,515,399,128,2370,1876,24.0,50.6,1.4892
212,1097179200000,7.0,1757,NaN,35.7,1680,669,396,117,2280,1959,23.2,54.7,1.5296
212,1097182800000,2.8,1331,NaN,16.5,1194,326,559,92,1715,1477,22.3,57.1,1.5219
212,1097186400000,1.7,1182,NaN,11.0,1016,209,658,73,1572,1210,21.8,58.2,1.5036
212,1097190000000,1.7,1162,NaN,10.8,1008,183,658,60,1556,1160,20.9,61.3,1.4923
213,1097193600000,1.7,1147,NaN,9.6,964,165,668,60,1517,1116,20.6,62.0,1.4827
213,1097197200000,1.2,1040,NaN,6.5,836,111,762,53,1423,974,20.3,62.5,1.472
213,1097200800000,0.7,920,NaN,3.6,688,67,920,47,1317,820,20.5,62.1,1.4771
213,1097204400000,0.7,931,NaN,3.3,670,NaN,931,NaN,1326,792,18.7,68.5,1.4586
213,1097208000000,0.8,954,NaN,4.4,731,88,865,43,1360,839,18.2,70.3,1.4498
213,1097211600000,0.9,981,NaN,5.5,790,147,817,47,1390,898,18.2,70.1,1.4552
213,1097215200000,1.7,1147,NaN,10.8,1009,279,653,50,1589,1096,18.2,70.0,1.4519
213,1097218800000,5.7,1606,NaN,31.2,1578,665,440,81,2205,1786,19.4,66.5,1.4801
213,1097222400000,4.3,1490,NaN,24.8,1424,592,465,75,2033,1604,19.5,66.9,1.4999
213,1097226000000,3.9,1473,NaN,24.2,1409,557,483,87,1984,1637,21.1,61.1,1.5056
213,1097229600000,5.1,1582,NaN,29.5,1539,693,435,128,2141,1827,23.2,54.7,1.5349
213,1097233200000,3.7,1468,NaN,21.0,1323,530,496,105,1913,1641,24.4,52.5,1.5807
213,1097236800000,3.3,1413,NaN,19.6,1285,412,518,101,1883,1505,26.4,45.8,1.553
213,1097240400000,3.6,1400,NaN,21.2,1331,366,520,100,1916,1465,27.7,39.2,1.4356
213,1097244000000,3.2,1361,NaN,18.0,1238,344,548,98,1805,1368,28.0,39.6,1.4738
213,1097247600000,3.5,1389,NaN,20.5,1311,339,525,98,1845,1748,28.7,38.4,1.486
213,1097251200000,2.4,1305,NaN,15.6,1167,297,586,98,1690,1301,28.5,39.4,1.5147
213,1097254800000,2.9,1354,NaN,19.2,1275,294,543,90,1799,1338,28.4,39.8,1.5191
213,1097258400000,2.3,1352,NaN,20.0,1296,211,534,84,1846,1337,26.4,45.9,1.5572
213,1097262000000,3.1,1472,NaN,21.1,1327,323,497,101,1895,1516,25.2,49.5,1.5665
213,1097265600000,2.9,1412,NaN,18.6,1256,333,525,98,1797,1435,24.9,50.9,1.5856
213,1097269200000,1.5,1221,NaN,12.3,1061,163,619,76,1615,1178,24.6,52.2,1.5951
213,1097272800000,1.5,1230,NaN,10.3,990,151,652,71,1559,1111,24.0,54.4,1.6049
213,1097276400000,1.7,1247,NaN,9.6,961,167,666,71,1569,1112,23.8,56.1,1.6298
214,1097280000000,1.6,1217,NaN,9.9,975,174,665,66,1565,1109,22.3,60.6,1.608
214,1097283600000,1.3,1158,NaN,8.6,923,142,673,62,1519,1072,21.9,61.5,1.5967
214,1097287200000,1.4,1150,NaN,7.3,871,155,697,58,1502,1030,21.1,64.5,1.594
214,1097290800000,0.9,1061,NaN,5.4,785,NaN,766,NaN,1447,935,21.0,64.4,1.5828
214,1097294400000,0.9,1062,NaN,5.1,770,96,780,48,1450,922,21.3,63.9,1.5951
214,1097298000000,1.3,1157,NaN,7.8,890,154,681,53,1549,1054,20.8,66.7,1.6201
214,1097301600000,1.3,1167,NaN,8.2,907,211,681,55,1548,1082,20.6,67.5,1.621
214,1097305200000,2.9,1403,NaN,17.6,1229,381,523,63,1872,1365,20.9,66.3,1.6165
214,1097308800000,3.2,1453,NaN,20.1,1298,470,489,69,1940,1497,21.5,63.7,1.6186
214,1097312400000,3.4,1455,NaN,18.7,1260,464,502,84,1868,1540,23.7,56.0,1.6238
214,1097316000000,3.6,1512,NaN,19.5,1282,450,498,95,1899,1554,26.0,48.2,1.598
214,1097319600000,2.3,1331,NaN,13.0,1082,274,588,80,1689,1252,28.5,42.4,1.6286
214,1097323200000,3.1,1472,NaN,18.2,1246,306,512,87,1873,1455,28.1,45.3,1.6957
214,1097326800000,3.3,1430,NaN,16.2,1187,308,539,94,1812,1339,29.0,43.9,1.7309
214,1097330400000,1.9,1264,NaN,11.0,1016,186,624,76,1650,1062,28.9,44.3,1.7392
214,1097334000000,2.6,1378,NaN,15.9,1177,238,548,92,1775,1266,29.6,42.3,1.7248
214,1097337600000,2.7,1377,NaN,14.2,1123,249,578,94,1716,1223,29.4,42.9,1.7308
214,1097341200000,3.7,1527,NaN,19.9,1293,378,502,110,1907,1469,28.7,45.1,1.7468
214,1097344800000,3.8,1573,NaN,21.7,1343,386,470,109,1990,1553,27.0,51.2,1.7928
214,1097348400000,4.8,1674,NaN,25.7,1447,461,448,122,2065,1689,26.5,52.7,1.7966
214,1097352000000,3.5,1455,NaN,17.3,1218,394,535,107,1796,1387,26.2,51.7,1.7334
214,1097355600000,2.2,1242,NaN,11.2,1022,266,630,83,1641,1139,24.8,56.4,1.7447
214,1097359200000,1.5,1181,NaN,8.9,935,158,701,62,1565,960,24.9,56.0,1.7367
214,1097362800000,3.4,1468,NaN,15.2,1155,319,565,89,1738,1293,24.5,57.5,1.7433
215,1097366400000,3.7,1520,NaN,17.2,1217,409,552,103,1812,1357,24.7,56.9,1.7438
215,1097370000000,2.0,1203,NaN,11.9,1046,223,621,74,1664,1103,23.9,59.2,1.7327
215,1097373600000,1.4,1096,NaN,8.1,903,107,732,52,1560,857,23.8,60.2,1.7515
215,1097377200000,1.1,991,NaN,4.9,759,NaN,845,NaN,1440,658,23.5,61.3,1.7538
215,1097380800000,NaN,941,NaN,3.6,686,50,942,38,1406,549,22.8,64.0,1.7507
215,1097384400000,0.7,952,NaN,3.7,695,56,910,39,1429,627,22.2,65.6,1.7355
215,1097388000000,1.2,1082,NaN,6.3,825,163,753,59,1526,930,21.3,69.1,1.7275
215,1097391600000,1.3,1095,NaN,7.7,886,187,705,56,1574,1001,21.3,68.2,1.7127
215,1097395200000,1.1,1049,NaN,6.3,826,150,765,51,1521,917,22.2,65.2,1.7256
215,1097398800000,1.0,1055,NaN,5.6,795,103,807,51,1494,834,24.1,59.0,1.7449
215,1097402400000,1.2,1074,NaN,5.1,767,143,814,58,1489,796,24.3,61.6,1.8468
215,1097406000000,1.9,1229,NaN,9.0,941,220,680,68,1653,1040,24.8,59.6,1.8351
215,1097409600000,2.3,1228,NaN,9.3,952,301,668,81,1622,1110,24.5,58.8,1.7838
215,1097413200000,1.6,1107,NaN,5.9,807,214,768,73,1546,836,21.0,76.8,1.8881
215,1097416800000,1.3,1031,NaN,4.4,732,162,872,69,1476,704,19.8,78.0,1.7879
215,1097420400000,1.8,1155,NaN,5.8,804,232,815,81,1510,773,19.4,80.5,1.7917
215,1097424000000,1.7,1131,NaN,6.6,841,254,784,82,1531,811,19.6,79.1,1.7877
215,1097427600000,1.8,1143,NaN,7.8,890,224,744,71,1578,848,20.8,73.1,1.7695
215,1097431200000,2.0,1145,NaN,8.4,915,247,733,81,1586,892,21.1,68.6,1.7014
215,1097434800000,2.2,1169,NaN,8.3,910,334,726,87,1563,992,21.1,68.3,1.6914
215,1097438400000,1.6,1105,NaN,8.1,905,239,734,72,1576,950,21.2,67.7,1.6848
215,1097442000000,1.3,1049,NaN,6.1,817,168,806,63,1517,882,20.8,68.6,1.6719
215,1097445600000,1.5,1069,NaN,6.7,844,185,767,63,1527,883,20.8,68.1,1.6585
215,1097449200000,1.5,1073,NaN,6.6,838,178,768,63,1549,892,20.7,68.4,1.6507
216,1097452800000,1.3,1039,NaN,6.1,817,132,799,55,1502,836,20.1,70.5,1.6384
216,1097456400000,1.4,1021,NaN,6.0,811,135,794,52,1502,837,20.2,67.9,1.5901
216,1097460000000,0.5,825,NaN,1.4,536,39,1203,32,1302,498,19.4,70.4,1.5663
216,1097463600000,0.4,828,NaN,1.7,558,NaN,1166,NaN,1304,494,18.8,73.8,1.5885
216,1097467200000,0.4,847,NaN,1.9,576,33,1139,29,1321,507,17.9,77.7,1.5795
216,1097470800000,0.6,903,NaN,3.4,679,90,956,44,1385,660,18.2,76.9,1.5945
216,1097474400000,1.1,1041,NaN,7.2,865,164,757,53,1486,902,18.6,74.9,1.5918
216,1097478000000,2.9,1314,NaN,19.0,1267,336,559,62,1888,1240,19.6,70.3,1.5821
216,1097481600000,3.5,1326,NaN,24.5,1416,366,499,68,1971,1395,20.2,66.6,1.5567
216,1097485200000,4.6,1464,NaN,25.6,1444,565,475,85,2049,1625,19.7,68.9,1.5638
216,1097488800000,3.4,1313,NaN,17.1,1213,536,564,88,1789,1359,19.2,73.4,1.6192
216,1097492400000,2.3,1202,NaN,12.3,1058,416,647,82,1623,1152,20.0,69.6,1.607
216,1097496000000,2.7,1225,NaN,15.2,1155,379,607,91,1738,1159,21.1,64.0,1.5795
216,1097499600000,3.1,1257,NaN,18.3,1248,368,557,87,1837,1179,20.2,67.4,1.5832
216,1097503200000,3.2,1271,NaN,17.2,1217,444,566,90,1810,1227,20.2,68.9,1.6074
216,1097506800000,2.5,1179,NaN,14.1,1120,352,634,97,1667,1119,21.9,57.6,1.4942
216,1097510400000,3.4,1278,NaN,18.3,1248,375,574,99,1814,1243,23.2,52.0,1.4642
216,1097514000000,4.8,1435,NaN,25.0,1429,479,499,109,2072,1449,21.7,59.1,1.5115
216,1097517600000,4.5,1326,NaN,22.2,1356,448,525,95,1966,1405,20.8,61.4,1.4898
216,1097521200000,4.0,1324,NaN,21.4,1335,388,537,80,1920,1444,19.9,64.2,1.4711
216,1097524800000,3.2,1206,NaN,16.2,1185,376,592,76,1751,1386,19.7,65.1,1.4769
216,1097528400000,1.9,1052,NaN,10.3,987,224,700,62,1556,1102,20.0,63.3,1.4672
216,1097532000000,1.9,1057,NaN,8.9,934,206,743,57,1525,1041,19.0,66.1,1.4415
216,1097535600000,1.3,952,NaN,6.5,833,143,846,57,1381,881,18.8,60.9,1.3032
217,1097539200000,1.1,911,NaN,5.1,769,113,919,54,1340,791,18.9,60.7,1.311
217,1097542800000,1.0,898,NaN,4.6,742,93,915,50,1345,796,18.1,65.2,1.343
217,1097546400000,0.5,809,NaN,2.1,593,58,1134,44,1277,647,18.3,65.1,1.3529
217,1097550000000,0.6,823,NaN,2.4,616,NaN,1072,NaN,1300,716,18.3,66.9,1.3952
217,1097553600000,0.5,814,NaN,3.2,666,56,1029,34,1311,719,17.8,67.5,1.3674
217,1097557200000,0.8,857,NaN,3.9,705,105,982,44,1312,733,16.9,66.7,1.2772
217,1097560800000,1.2,935,NaN,6.0,810,243,881,74,1356,835,17.8,60.6,1.2276
217,1097564400000,2.7,1159,NaN,13.8,1110,492,671,101,1650,1094,17.6,60.8,1.2151
217,1097568000000,3.0,1102,NaN,14.8,1141,435,648,103,1594,1114,17.9,57.8,1.1751
217,1097571600000,NaN,979,NaN,8.4,917,NaN,795,NaN,1398,903,18.1,56.4,1.1645
217,1097575200000,NaN,998,NaN,9.0,941,NaN,785,NaN,1442,914,18.2,55.9,1.1547
217,1097578800000,NaN,962,NaN,8.3,911,NaN,793,NaN,1380,872,19.7,49.1,1.1148
217,1097582400000,NaN,985,NaN,9.5,957,NaN,773,NaN,1426,860,20.8,45.8,1.1126
217,1097586000000,NaN,1043,NaN,12.1,1053,NaN,707,NaN,1514,959,20.5,46.0,1.1
217,1097589600000,NaN,929,NaN,7.4,875,NaN,826,NaN,1365,814,18.9,50.6,1.0927
217,1097593200000,NaN,946,NaN,8.0,898,NaN,816,NaN,1377,827,18.4,51.6,1.0832
217,1097596800000,NaN,955,NaN,7.9,894,NaN,818,NaN,1366,804,17.9,52.6,1.0711
217,1097600400000,NaN,1004,NaN,10.9,1012,NaN,730,NaN,1460,906,17.1,54.2,1.0503
217,1097604000000,NaN,1037,NaN,12.1,1053,NaN,708,NaN,1480,958,16.5,56.2,1.0455
217,1097607600000,NaN,1066,NaN,14.7,1140,NaN,670,NaN,1577,1032,16.7,54.1,1.0212
217,1097611200000,NaN,890,NaN,6.0,813,NaN,898,NaN,1274,772,15.4,57.7,1.0008
217,1097614800000,NaN,843,NaN,4.3,729,NaN,990,NaN,1219,618,15.5,57.1,0.9971
217,1097618400000,NaN,834,NaN,4.1,716,NaN,997,NaN,1205,614,15.6,55.9,0.985
217,1097622000000,NaN,809,NaN,3.1,659,NaN,1074,NaN,1161,550,14.8,58.4,0.9777
218,1097625600000,NaN,786,NaN,2.2,600,NaN,1164,NaN,1132,511,14.8,57.9,0.9662
218,1097629200000,NaN,747,NaN,1.5,543,NaN,1276,NaN,1100,469,14.6,57.6,0.9517
218,1097632800000,NaN,723,NaN,0.9,485,NaN,1419,NaN,1065,425,14.6,57.1,0.9428
218,1097636400000,NaN,704,NaN,0.5,444,NaN,1558,NaN,1050,394,14.4,57.6,0.9416
218,1097640000000,NaN,709,NaN,0.6,449,NaN,1590,NaN,1055,392,14.5,57.4,0.9413
218,1097643600000,NaN,726,NaN,0.7,466,NaN,1485,NaN,1066,408,14.3,58.4,0.9501
218,1097647200000,NaN,798,NaN,2.2,599,NaN,1205,NaN,1141,517,14.7,57.4,0.9564
218,1097650800000,NaN,925,NaN,5.8,800,NaN,908,NaN,1272,750,14.3,58.1,0.9404
218,1097654400000,NaN,906,NaN,5.9,809,NaN,878,NaN,1272,787,14.0,58.3,0.9294
218,1097658000000,1.5,896,NaN,5.9,809,286,882,78,1257,788,15.4,53.2,0.9246
218,1097661600000,1.2,882,NaN,5.3,776,281,932,72,1222,760,16.5,49.9,0.9289
218,1097665200000,NaN,948,NaN,6.9,853,NaN,859,NaN,1283,839,17.4,47.6,0.9387
218,1097668800000,NaN,945,NaN,7.7,886,NaN,818,NaN,1307,827,18.0,46.1,0.9401
218,1097672400000,NaN,942,NaN,7.3,871,NaN,832,NaN,1314,765,17.9,46.5,0.9474
218,1097676000000,NaN,943,NaN,7.2,864,NaN,831,NaN,1297,814,17.4,48.3,0.955
218,1097679600000,NaN,894,NaN,6.0,810,NaN,892,NaN,1258,737,16.0,52.6,0.9489
218,1097683200000,NaN,984,NaN,8.3,910,NaN,795,NaN,1348,875,15.3,58.7,1.0154
218,1097686800000,NaN,1044,NaN,11.2,1022,NaN,726,NaN,1454,983,15.2,55.9,0.9572
218,1097690400000,NaN,981,NaN,10.1,983,NaN,759,NaN,1370,942,14.8,56.3,0.9459
218,1097694000000,NaN,1021,NaN,10.6,1001,NaN,731,NaN,1415,971,14.7,57.8,0.9626
218,1097697600000,NaN,943,NaN,7.2,867,NaN,834,NaN,1314,891,14.8,57.3,0.9603
218,1097701200000,NaN,863,NaN,4.4,732,NaN,970,NaN,1207,724,14.9,57.1,0.9581
218,1097704800000,NaN,847,NaN,3.8,698,NaN,1013,NaN,1174,719,15.2,55.5,0.9521
218,1097708400000,NaN,859,NaN,3.8,698,NaN,1015,NaN,1189,705,15.3,55.4,0.9564
219,1097712000000,NaN,861,NaN,4.0,712,NaN,1004,NaN,1197,718,15.1,56.9,0.9673
219,1097715600000,NaN,786,NaN,2.2,602,NaN,1146,NaN,1123,584,15.0,56.4,0.9554
219,1097719200000,NaN,740,NaN,1.1,506,NaN,1333,NaN,1074,469,14.9,56.4,0.9474
219,1097722800000,NaN,730,NaN,0.8,483,NaN,1434,NaN,1065,438,15.2,54.7,0.9394
219,1097726400000,NaN,728,NaN,0.8,475,NaN,1436,NaN,1061,432,15.1,55.4,0.9439
219,1097730000000,NaN,755,NaN,1.2,517,NaN,1325,NaN,1091,487,14.9,56.8,0.9541
219,1097733600000,NaN,854,NaN,3.2,663,NaN,1080,NaN,1189,655,15.2,55.9,0.9589
219,1097737200000,NaN,1079,NaN,10.2,985,NaN,758,NaN,1465,1009,15.3,56.3,0.9684
219,1097740800000,NaN,1097,NaN,13.6,1103,NaN,659,NaN,1520,1113,15.6,55.4,0.9725
219,1097744400000,NaN,1024,NaN,9.9,976,NaN,747,NaN,1386,1030,16.3,53.3,0.9809
219,1097748000000,NaN,990,NaN,9.1,942,NaN,776,NaN,1359,986,20.4,42.2,0.9964
219,1097751600000,NaN,1013,NaN,8.0,901,NaN,788,NaN,1369,975,21.9,39.4,1.0234
219,1097755200000,NaN,1051,NaN,9.7,968,NaN,746,NaN,1442,984,21.5,41.2,1.0399
219,1097758800000,NaN,1052,NaN,9.7,966,NaN,726,NaN,1446,982,22.2,41.4,1.097
219,1097762400000,NaN,1141,NaN,12.0,1049,NaN,675,NaN,1530,1117,21.0,46.8,1.1508
219,1097766000000,NaN,1130,NaN,11.3,1024,NaN,679,NaN,1537,1177,21.9,44.9,1.1635
219,1097769600000,NaN,1099,NaN,10.4,993,NaN,711,NaN,1507,1129,21.5,46.7,1.1837
219,1097773200000,NaN,1182,NaN,12.4,1064,NaN,653,NaN,1616,1217,19.7,56.6,1.2811
219,1097776800000,NaN,1211,NaN,14.6,1135,NaN,615,NaN,1682,1234,18.8,60.8,1.3036
219,1097780400000,NaN,1340,NaN,21.0,1324,NaN,537,NaN,1907,1412,19.3,59.6,1.3195
219,1097784000000,NaN,1299,NaN,17.9,1237,NaN,553,NaN,1804,1350,17.6,69.2,1.3803
219,1097787600000,NaN,1046,NaN,7.3,872,NaN,769,NaN,1479,968,16.4,77.1,1.4243
219,1097791200000,NaN,949,NaN,4.8,754,NaN,884,NaN,1393,759,16.6,77.3,1.4491
219,1097794800000,NaN,966,NaN,4.8,756,NaN,908,NaN,1363,741,15.9,78.1,1.4039
220,1097798400000,NaN,1062,NaN,7.7,887,NaN,770,NaN,1473,866,15.1,82.3,1.4009
220,1097802000000,NaN,934,NaN,4.3,730,NaN,906,NaN,1345,757,14.8,83.8,1.4005
220,1097805600000,NaN,862,NaN,3.0,649,NaN,1046,NaN,1289,675,14.4,84.6,1.3794
220,1097809200000,NaN,823,NaN,2.1,590,NaN,1125,NaN,1241,624,15.8,77.6,1.3792
220,1097812800000,NaN,839,NaN,2.3,604,NaN,1097,NaN,1259,605,15.2,79.4,1.3605
220,1097816400000,NaN,879,NaN,3.5,681,NaN,992,NaN,1312,703,14.8,81.9,1.3735
220,1097820000000,NaN,1095,NaN,10.0,977,NaN,725,NaN,1562,998,14.6,82.9,1.3706
220,1097823600000,NaN,1359,NaN,20.5,1311,NaN,544,NaN,1878,1311,14.8,80.4,1.3428
220,1097827200000,NaN,1354,NaN,22.2,1358,NaN,519,NaN,1942,1403,15.6,77.1,1.3527
220,1097830800000,NaN,1420,NaN,24.1,1405,NaN,501,NaN,1941,1573,17.3,70.9,1.3876
220,1097834400000,NaN,1265,NaN,17.4,1221,NaN,578,NaN,1760,1354,22.2,51.3,1.3543
220,1097838000000,NaN,1146,NaN,14.2,1122,NaN,639,NaN,1659,1131,24.4,43.9,1.3184
220,1097841600000,NaN,1150,NaN,15.0,1149,NaN,620,NaN,1676,1113,22.7,47.6,1.2989
220,1097845200000,NaN,1282,NaN,18.3,1247,NaN,560,NaN,1861,1258,20.5,61.5,1.4673
220,1097848800000,NaN,1067,NaN,13.0,1085,NaN,684,NaN,1548,985,23.3,40.4,1.1421
220,1097852400000,NaN,1185,NaN,18.1,1243,NaN,603,NaN,1689,1197,23.2,39.9,1.1172
220,1097856000000,NaN,1312,NaN,23.1,1381,NaN,540,NaN,1881,1402,21.5,44.5,1.129
220,1097859600000,NaN,1319,NaN,24.9,1426,NaN,509,NaN,1938,1491,20.9,48.5,1.1878
220,1097863200000,NaN,1255,NaN,21.7,1342,NaN,539,NaN,1875,1396,19.8,53.1,1.216
220,1097866800000,NaN,1123,NaN,14.1,1119,NaN,648,NaN,1593,1198,20.1,53.6,1.2477
220,1097870400000,NaN,1126,NaN,11.9,1045,NaN,689,NaN,1523,1166,19.6,56.0,1.2623
220,1097874000000,NaN,924,NaN,5.1,766,NaN,902,NaN,1357,752,18.6,60.4,1.2817
220,1097877600000,NaN,982,NaN,6.8,849,NaN,853,NaN,1390,717,14.5,78.3,1.288
220,1097881200000,NaN,936,NaN,4.8,756,NaN,939,NaN,1311,693,16.3,70.5,1.2921
221,1097884800000,NaN,1069,NaN,7.2,865,NaN,825,NaN,1394,816,14.1,83.8,1.346
221,1097888400000,NaN,967,NaN,5.4,785,NaN,879,NaN,1326,766,14.5,81.3,1.3399
221,1097892000000,NaN,869,NaN,3.0,649,NaN,1033,NaN,1249,631,14.7,80.7,1.3414
221,1097895600000,NaN,916,NaN,3.7,692,NaN,986,NaN,1287,683,14.5,82.1,1.3493
221,1097899200000,NaN,886,NaN,3.6,686,NaN,970,NaN,1278,654,15.0,78.4,1.3333
221,1097902800000,NaN,926,NaN,4.7,747,NaN,902,NaN,1325,759,14.5,80.5,1.3221
221,1097906400000,NaN,971,NaN,6.9,851,NaN,808,NaN,1389,876,14.6,79.0,1.3082
221,1097910000000,NaN,1029,NaN,7.7,886,NaN,807,NaN,1446,926,15.0,74.8,1.2672
221,1097913600000,NaN,1124,NaN,12.2,1057,NaN,667,NaN,1569,1091,15.9,70.4,1.2658
221,1097917200000,NaN,1063,NaN,9.6,964,NaN,729,NaN,1454,1045,17.4,62.3,1.2282
221,1097920800000,NaN,1028,NaN,9.6,961,NaN,756,NaN,1413,928,21.3,42.9,1.0727
221,1097924400000,NaN,944,NaN,8.3,910,NaN,828,NaN,1342,777,22.0,38.9,1.0154
221,1097928000000,NaN,913,NaN,7.0,857,NaN,892,NaN,1275,640,20.3,41.3,0.9745
221,1097931600000,NaN,966,NaN,8.2,906,NaN,819,NaN,1354,741,20.2,45.6,1.0663
221,1097935200000,NaN,833,NaN,4.5,737,NaN,1021,NaN,1162,483,20.8,37.4,0.9107
221,1097938800000,NaN,891,NaN,5.5,789,NaN,960,NaN,1234,522,21.6,35.9,0.9164
221,1097942400000,NaN,995,NaN,8.7,927,NaN,825,NaN,1320,718,22.0,35.7,0.9329
221,1097946000000,NaN,1038,NaN,8.7,929,NaN,816,NaN,1332,798,19.9,42.0,0.9665
221,1097949600000,NaN,1146,NaN,14.0,1118,NaN,695,NaN,1534,1174,19.2,46.3,1.0158
221,1097953200000,NaN,1059,NaN,9.5,958,NaN,787,NaN,1417,891,17.9,56.9,1.1545
221,1097956800000,NaN,1065,NaN,7.9,893,NaN,819,NaN,1397,799,14.7,75.5,1.2554
221,1097960400000,NaN,1013,NaN,6.2,822,NaN,855,NaN,1377,855,15.1,78.9,1.3409
221,1097964000000,NaN,942,NaN,4.0,712,NaN,979,NaN,1303,734,17.2,66.7,1.2987
221,1097967600000,NaN,925,NaN,4.4,735,NaN,960,NaN,1284,691,15.4,73.2,1.2755
222,1097971200000,NaN,871,NaN,2.6,628,NaN,1118,NaN,1228,557,16.5,68.5,1.2753
222,1097974800000,NaN,864,NaN,2.7,633,NaN,1097,NaN,1259,523,16.4,70.3,1.3031
222,1097978400000,NaN,929,NaN,3.8,698,NaN,991,NaN,1307,610,15.4,78.1,1.3557
222,1097982000000,NaN,912,NaN,3.6,690,NaN,984,NaN,1309,574,15.8,75.5,1.3436
222,1097985600000,NaN,817,NaN,2.2,602,NaN,1120,NaN,1227,470,16.0,69.5,1.2549
222,1097989200000,NaN,786,NaN,1.7,558,NaN,1217,NaN,1179,434,15.0,71.0,1.2032
222,1097992800000,NaN,827,NaN,2.1,595,NaN,1208,NaN,1214,507,13.9,75.2,1.1884
222,1097996400000,NaN,789,NaN,2.3,604,NaN,1181,NaN,1171,467,15.9,62.1,1.1103
222,1098000000000,NaN,875,NaN,4.8,754,NaN,961,NaN,1296,591,15.9,61.0,1.0911
222,1098003600000,NaN,959,NaN,5.6,792,NaN,913,NaN,1315,717,17.1,58.7,1.1332
222,1098007200000,NaN,969,NaN,6.8,850,NaN,846,NaN,1351,774,19.2,51.9,1.1404
222,1098010800000,NaN,947,NaN,6.2,821,NaN,900,NaN,1302,697,21.5,42.6,1.0798
222,1098014400000,NaN,960,NaN,6.8,848,NaN,866,NaN,1305,701,21.6,39.9,1.0156
222,1098018000000,NaN,1017,NaN,11.1,1020,NaN,744,NaN,1478,752,21.6,40.4,1.0309
222,1098021600000,NaN,979,NaN,12.2,1057,NaN,701,NaN,1473,760,22.0,37.3,0.9768
222,1098025200000,NaN,843,NaN,4.7,748,NaN,999,NaN,1179,505,22.1,35.2,0.9253
222,1098028800000,NaN,877,NaN,5.1,769,NaN,962,NaN,1212,529,22.4,36.0,0.9621
222,1098032400000,NaN,1053,NaN,12.7,1072,NaN,733,NaN,1495,832,20.9,40.3,0.9866
222,1098036000000,NaN,1047,NaN,11.6,1037,NaN,749,NaN,1429,904,19.8,41.5,0.9489
222,1098039600000,NaN,1105,NaN,12.7,1074,NaN,712,NaN,1457,1050,18.2,46.0,0.9538
222,1098043200000,NaN,1008,NaN,9.7,968,NaN,783,NaN,1348,1000,17.3,50.3,0.9837
222,1098046800000,NaN,975,NaN,7.8,891,NaN,814,NaN,1361,911,15.8,57.6,1.0271
222,1098050400000,NaN,954,NaN,6.8,850,NaN,840,NaN,1321,858,15.5,59.7,1.0413
222,1098054000000,NaN,987,NaN,8.1,904,NaN,808,NaN,1344,903,15.5,60.6,1.0574
223,1098057600000,NaN,880,NaN,5.4,784,NaN,922,NaN,1252,781,15.8,59.9,1.0676
223,1098061200000,NaN,856,NaN,4.4,732,NaN,988,NaN,1247,714,14.8,64.3,1.073
223,1098064800000,NaN,788,NaN,2.4,614,NaN,1116,NaN,1177,625,14.8,64.7,1.0788
223,1098068400000,NaN,760,NaN,1.6,555,NaN,1226,NaN,1158,568,13.8,67.6,1.0581
223,1098072000000,NaN,777,NaN,1.8,570,NaN,1191,NaN,1167,616,14.5,65.0,1.0672
223,1098075600000,NaN,825,NaN,3.1,661,NaN,1074,NaN,1207,710,14.0,67.4,1.0703
223,1098079200000,NaN,1011,NaN,9.2,947,NaN,759,NaN,1425,953,12.6,73.6,1.0699
223,1098082800000,NaN,1237,NaN,20.8,1319,NaN,576,NaN,1741,1271,13.3,70.4,1.0711
223,1098086400000,NaN,1298,NaN,26.8,1473,NaN,514,NaN,1884,1447,14.4,65.8,1.0773
223,1098090000000,NaN,1153,NaN,17.7,1230,NaN,616,NaN,1565,1296,16.8,57.8,1.0947
223,1098093600000,NaN,1101,NaN,14.2,1124,NaN,646,NaN,1521,1217,19.7,49.3,1.1199
223,1098097200000,NaN,1215,NaN,16.8,1203,NaN,599,NaN,1664,1341,21.1,47.2,1.1659
223,1098100800000,NaN,1163,NaN,16.0,1179,NaN,608,NaN,1641,1180,22.2,43.2,1.1427
223,1098104400000,NaN,1285,NaN,19.9,1293,NaN,549,NaN,1797,1365,21.4,47.2,1.1927
223,1098108000000,NaN,1288,NaN,18.5,1253,NaN,537,NaN,1763,1410,19.9,55.4,1.2702
223,1098111600000,NaN,1362,NaN,21.4,1334,NaN,512,NaN,1862,1529,20.3,54.0,1.2744
223,1098115200000,NaN,1405,NaN,22.8,1372,NaN,497,NaN,1883,1573,20.0,56.5,1.3051
223,1098118800000,NaN,1610,NaN,36.5,1697,NaN,407,NaN,2287,1810,19.7,57.8,1.3138
223,1098122400000,NaN,1612,NaN,38.8,1745,NaN,398,NaN,2357,1834,19.3,59.0,1.3077
223,1098126000000,NaN,1520,NaN,32.3,1604,NaN,436,NaN,2161,1672,18.5,60.3,1.2706
223,1098129600000,NaN,1489,NaN,29.3,1534,NaN,444,NaN,2080,1686,17.8,66.3,1.341
223,1098133200000,NaN,1181,NaN,14.2,1124,NaN,597,NaN,1606,1302,17.6,65.9,1.3175
223,1098136800000,NaN,995,NaN,8.0,898,NaN,761,NaN,1409,1023,17.5,63.5,1.2622
223,1098140400000,NaN,998,NaN,7.4,875,NaN,779,NaN,1380,992,16.5,67.2,1.2491
224,1098144000000,NaN,984,NaN,7.2,864,NaN,788,NaN,1371,960,16.2,69.1,1.259
224,1098147600000,NaN,1022,NaN,8.0,898,NaN,746,NaN,1414,955,14.9,74.7,1.2564
224,1098151200000,NaN,951,NaN,6.5,835,NaN,788,NaN,1354,887,14.1,76.7,1.2273
224,1098154800000,NaN,910,NaN,5.2,773,NaN,842,NaN,1303,851,14.0,76.6,1.2202
224,1098158400000,NaN,932,NaN,5.6,792,NaN,818,NaN,1323,903,14.9,73.8,1.24
224,1098162000000,NaN,974,NaN,7.0,859,NaN,772,NaN,1383,954,15.2,73.1,1.257
224,1098165600000,NaN,1117,NaN,11.5,1031,NaN,669,NaN,1528,1107,15.2,73.4,1.2626
224,1098169200000,NaN,1367,NaN,21.7,1343,NaN,517,NaN,1852,1442,15.2,74.7,1.2824
224,1098172800000,NaN,1583,NaN,37.9,1726,NaN,404,NaN,2316,1818,15.8,71.7,1.278
224,1098176400000,NaN,1526,NaN,30.1,1552,NaN,441,NaN,2074,1802,16.6,68.4,1.2829
224,1098180000000,NaN,1399,NaN,24.5,1416,NaN,485,NaN,1894,1671,17.6,64.9,1.2925
224,1098183600000,NaN,1436,NaN,25.2,1435,NaN,479,NaN,1911,1710,18.3,63.8,1.331
224,1098187200000,NaN,1455,NaN,26.5,1468,NaN,474,NaN,1945,1746,19.4,61.1,1.3652
224,1098190800000,NaN,1311,NaN,19.6,1286,NaN,544,NaN,1760,1495,20.9,58.1,1.4193
224,1098194400000,NaN,1174,NaN,13.4,1097,NaN,640,NaN,1596,1203,22.0,54.0,1.4114
224,1098198000000,NaN,1242,NaN,15.3,1158,NaN,602,NaN,1682,1252,22.8,53.0,1.4482
224,1098201600000,NaN,1267,NaN,15.1,1151,NaN,593,NaN,1671,1528,21.7,57.6,1.4756
224,1098205200000,NaN,1401,NaN,21.1,1326,NaN,530,NaN,1887,1629,21.3,60.8,1.5205
224,1098208800000,NaN,1428,NaN,23.6,1393,NaN,490,NaN,1976,1608,21.2,61.7,1.5309
224,1098212400000,NaN,1478,NaN,25.7,1447,NaN,474,NaN,2017,1664,21.2,62.2,1.5473
224,1098216000000,NaN,1518,NaN,27.2,1483,NaN,454,NaN,2098,1666,20.8,65.1,1.5782
224,1098219600000,NaN,1468,NaN,24.4,1415,NaN,470,NaN,1985,1594,19.9,69.0,1.5877
224,1098223200000,NaN,1369,NaN,20.3,1305,NaN,513,NaN,1851,1421,18.8,73.7,1.5785
224,1098226800000,NaN,1244,NaN,14.8,1141,NaN,571,NaN,1671,1337,19.2,71.3,1.5723
225,1098230400000,NaN,1217,NaN,12.8,1077,NaN,603,NaN,1628,1270,19.0,71.6,1.5549
225,1098234000000,NaN,1103,NaN,10.0,979,NaN,666,NaN,1520,1156,19.5,69.7,1.5596
225,1098237600000,NaN,1118,NaN,9.3,951,NaN,675,NaN,1509,1124,19.4,70.1,1.5626
225,1098241200000,NaN,1087,NaN,9.3,950,NaN,684,NaN,1519,1049,18.4,74.5,1.5634
225,1098244800000,NaN,1069,NaN,8.8,931,NaN,688,NaN,1508,1044,18.7,73.4,1.5701
225,1098248400000,NaN,1112,NaN,10.2,985,NaN,645,NaN,1544,1109,18.4,74.6,1.5631
225,1098252000000,NaN,1196,NaN,13.1,1086,NaN,594,NaN,1659,1224,18.5,74.4,1.5661
225,1098255600000,NaN,1522,NaN,26.1,1457,NaN,458,NaN,2043,1611,18.8,73.0,1.5737
225,1098259200000,NaN,1715,NaN,37.9,1728,NaN,371,NaN,2376,2004,19.9,69.9,1.6036
225,1098262800000,NaN,1582,NaN,26.2,1459,NaN,448,NaN,2036,1776,21.3,66.1,1.6556
225,1098266400000,NaN,1494,NaN,23.1,1379,NaN,467,NaN,1965,1723,23.0,61.8,1.7135
225,1098270000000,NaN,1631,NaN,26.0,1455,NaN,438,NaN,2027,1916,22.4,64.6,1.7271
225,1098273600000,NaN,1650,NaN,28.1,1506,NaN,424,NaN,2093,1955,23.8,59.9,1.7376
225,1098277200000,NaN,1640,NaN,28.0,1503,NaN,431,NaN,2094,1894,24.7,56.9,1.7472
225,1098280800000,NaN,1589,NaN,24.6,1418,NaN,452,NaN,2015,1823,25.4,55.1,1.761
225,1098284400000,NaN,1538,NaN,22.4,1362,NaN,473,NaN,1924,1793,25.7,54.5,1.7684
225,1098288000000,4.7,1597,NaN,30.9,1573,652,424,167,2307,1956,24.8,57.7,1.7765
225,1098291600000,8.0,1884,NaN,43.7,1846,895,348,194,2595,2203,24.6,58.9,1.8005
225,1098295200000,7.7,1835,NaN,40.0,1770,826,358,172,2474,2073,23.9,61.8,1.8088
225,1098298800000,6.8,1759,NaN,35.9,1684,648,373,134,2378,1923,23.0,65.9,1.8319
225,1098302400000,6.0,1666,NaN,30.1,1553,629,409,130,2170,1780,22.4,67.7,1.8161
225,1098306000000,4.7,1506,NaN,22.3,1360,529,458,113,1944,1609,22.0,69.2,1.8061
225,1098309600000,3.4,1378,NaN,17.7,1229,405,511,99,1820,1466,21.8,69.6,1.79
225,1098313200000,3.9,1448,NaN,19.5,1283,461,496,109,1877,1504,21.9,68.3,1.7699
226,1098316800000,4.4,1481,NaN,22.3,1359,486,467,105,1957,1518,21.7,69.7,1.7872
226,1098320400000,3.3,1289,NaN,15.4,1161,335,552,91,1765,1289,21.3,70.3,1.7574
226,1098324000000,2.0,1109,NaN,9.3,951,210,664,77,1570,1076,20.8,71.7,1.7415
226,1098327600000,1.5,994,NaN,6.0,812,NaN,784,NaN,1453,947,21.4,69.0,1.7421
226,1098331200000,NaN,1015,NaN,6.6,839,99,754,59,1473,970,21.4,69.3,1.7515
226,1098334800000,0.8,966,NaN,5.1,771,149,830,60,1420,900,21.3,69.5,1.7447
226,1098338400000,1.3,1088,NaN,8.8,932,203,706,72,1565,1034,21.5,67.5,1.708
226,1098342000000,2.7,1303,NaN,16.6,1198,332,578,83,1791,1235,21.9,64.8,1.683
226,1098345600000,3.6,1440,NaN,24.3,1412,446,494,104,2016,1455,22.6,61.4,1.6645
226,1098349200000,3.6,1392,NaN,20.6,1313,524,517,119,1866,1478,22.6,61.5,1.6636
226,1098352800000,2.6,1248,NaN,15.6,1167,347,572,105,1704,1393,25.5,52.3,1.6796
226,1098356400000,2.0,1197,NaN,12.2,1058,273,634,91,1626,1237,27.0,47.6,1.67
226,1098360000000,3.3,1357,NaN,17.7,1230,404,542,103,1834,1373,25.2,53.3,1.6834
226,1098363600000,2.6,1263,NaN,14.8,1143,NaN,578,NaN,1736,1310,26.6,49.3,1.6872
226,1098367200000,2.1,1261,NaN,15.0,1148,312,585,111,1733,1287,27.2,48.5,1.7172
226,1098370800000,2.9,1382,NaN,16.7,1200,369,539,101,1807,1413,26.9,50.0,1.7507
226,1098374400000,3.0,1400,NaN,17.7,1230,362,519,102,1864,1483,26.5,52.2,1.7769
226,1098378000000,3.2,1443,NaN,20.9,1322,335,488,101,1933,1539,27.0,51.0,1.7936
226,1098381600000,4.4,1630,NaN,28.7,1520,447,427,118,2166,1691,25.9,55.8,1.8347
226,1098385200000,6.0,1720,NaN,34.8,1661,576,382,120,2403,1846,25.1,59.4,1.8632
226,1098388800000,5.0,1600,NaN,27.5,1492,486,432,107,2160,1665,24.7,58.7,1.8001
226,1098392400000,4.3,1525,NaN,24.9,1427,439,450,104,2085,1577,23.6,62.2,1.7863
226,1098396000000,4.3,1544,NaN,24.2,1409,462,448,91,2048,1603,22.4,67.1,1.794
226,1098399600000,4.2,1455,NaN,22.2,1357,441,466,91,1964,1530,21.6,69.2,1.763
227,1098403200000,2.2,1203,NaN,13.2,1090,223,593,74,1655,1205,21.3,68.5,1.7164
227,1098406800000,1.3,1038,NaN,7.9,895,126,714,63,1474,999,21.2,68.6,1.7046
227,1098410400000,1.0,975,NaN,5.9,807,116,788,57,1423,904,20.3,70.6,1.6659
227,1098414000000,0.7,917,NaN,4.1,714,NaN,870,NaN,1355,843,20.8,67.3,1.6353
227,1098417600000,NaN,930,NaN,4.6,741,125,849,48,1392,843,19.6,71.3,1.612
227,1098421200000,0.9,960,NaN,5.8,804,198,802,49,1435,886,18.7,74.4,1.5861
227,1098424800000,1.0,982,NaN,6.5,834,185,770,55,1435,911,19.8,69.2,1.5808
227,1098428400000,2.8,1359,NaN,19.5,1282,425,541,78,1912,1319,19.8,69.4,1.5859
227,1098432000000,4.1,1500,NaN,28.0,1503,465,437,91,2158,1927,20.4,66.7,1.5781
227,1098435600000,2.9,1315,NaN,18.7,1261,341,535,88,1830,1554,22.3,60.6,1.6069
227,1098439200000,2.7,1307,NaN,18.3,1248,316,525,83,1787,1565,22.6,59.9,1.6246
227,1098442800000,2.1,1235,NaN,14.3,1125,241,574,81,1704,1462,24.5,54.5,1.6514
227,1098446400000,2.4,1310,NaN,16.5,1194,266,538,83,1781,1487,24.4,55.4,1.6712
227,1098450000000,3.8,1459,NaN,22.9,1375,412,467,111,2007,1690,26.0,51.9,1.7148
227,1098453600000,3.7,1461,NaN,22.3,1358,394,474,112,2033,1603,26.8,49.1,1.7101
227,1098457200000,3.7,1476,NaN,22.0,1352,365,474,112,1996,1568,26.4,49.8,1.6928
227,1098460800000,5.5,1612,NaN,27.7,1496,548,429,137,2127,1743,26.9,48.6,1.7017
227,1098464400000,5.4,1654,NaN,29.8,1546,494,435,152,2176,2007,26.2,48.9,1.634
227,1098468000000,8.4,1808,NaN,40.0,1771,686,373,163,2486,2235,24.3,54.3,1.6276
227,1098471600000,6.8,1681,NaN,35.1,1666,556,397,135,2339,1998,23.3,58.1,1.6457
227,1098475200000,4.5,1494,NaN,25.5,1443,467,454,119,2020,1795,22.3,62.5,1.6616
227,1098478800000,2.5,1251,NaN,13.7,1107,297,579,91,1657,1407,21.3,66.1,1.6556
227,1098482400000,1.6,1132,NaN,9.7,965,164,669,74,1502,1211,21.2,65.7,1.6319
227,1098486000000,1.7,1158,NaN,9.8,970,196,664,73,1509,1202,20.3,68.1,1.6009
228,1098489600000,1.7,1146,NaN,10.1,983,201,673,71,1518,1136,20.4,66.7,1.583
228,1098493200000,1.1,993,NaN,6.0,813,132,792,57,1413,946,19.9,67.5,1.5544
228,1098496800000,1.0,989,NaN,6.0,814,146,800,51,1418,915,19.1,70.0,1.5331
228,1098500400000,0.8,943,NaN,4.6,746,NaN,852,NaN,1374,864,19.3,68.1,1.5139
228,1098504000000,NaN,910,NaN,4.0,712,94,872,42,1341,836,19.6,66.9,1.5125
228,1098507600000,0.7,925,NaN,4.6,742,127,876,43,1381,842,18.1,72.1,1.4834
228,1098511200000,1.2,1039,NaN,7.6,882,217,724,52,1473,1002,18.1,72.3,1.4927
228,1098514800000,2.3,1208,NaN,13.6,1104,394,598,65,1699,1165,17.6,74.8,1.491
228,1098518400000,3.0,1268,NaN,16.0,1179,511,545,69,1753,1294,18.2,72.8,1.5048
228,1098522000000,3.3,1353,NaN,18.9,1265,523,507,91,1833,1475,20.2,65.8,1.5374
228,1098525600000,2.8,1317,NaN,15.7,1171,471,542,92,1727,1436,21.6,61.4,1.5696
228,1098529200000,3.0,1356,NaN,16.2,1187,441,534,102,1738,1465,23.3,57.5,1.6169
228,1098532800000,3.4,1414,NaN,19.4,1279,414,504,118,1854,1583,25.0,52.4,1.6356
228,1098536400000,3.0,1326,NaN,16.9,1206,317,533,111,1785,1432,25.4,50.8,1.6275
228,1098540000000,2.3,1211,NaN,12.5,1067,230,609,101,1608,1270,26.1,47.1,1.5724
228,1098543600000,3.1,1324,NaN,15.8,1173,365,564,119,1749,1354,27.0,44.2,1.549
228,1098547200000,3.0,1324,NaN,16.0,1181,360,565,115,1747,1318,27.2,43.0,1.5246
228,1098550800000,3.3,1361,NaN,16.3,1189,420,549,120,1776,1351,25.6,48.3,1.5641
228,1098554400000,4.0,1475,NaN,21.0,1324,475,490,115,1925,1530,23.3,57.9,1.6376
228,1098558000000,4.6,1537,NaN,23.1,1381,526,469,118,2016,1615,22.2,63.6,1.6763
228,1098561600000,4.1,1413,NaN,17.7,1231,460,520,117,1853,1415,21.6,67.7,1.7228
228,1098565200000,2.3,1229,NaN,12.2,1055,255,607,96,1668,1219,21.0,69.3,1.7058
228,1098568800000,2.6,1297,NaN,14.6,1136,283,567,89,1725,1307,20.3,70.5,1.6599
228,1098572400000,2.6,1302,NaN,13.1,1088,271,594,84,1639,1297,20.0,69.5,1.6109
229,1098576000000,2.9,1347,NaN,15.5,1165,315,573,97,1741,1321,19.7,70.1,1.5891
229,1098579600000,2.1,1165,NaN,11.8,1042,227,631,68,1621,1133,19.5,70.7,1.5851
229,1098583200000,2.1,1155,NaN,10.9,1012,243,633,66,1577,1124,19.4,71.4,1.5959
229,1098586800000,1.5,1050,NaN,8.4,916,NaN,696,NaN,1512,997,19.3,71.1,1.5746
229,1098590400000,NaN,1035,NaN,7.0,855,142,731,51,1467,952,18.7,73.8,1.5704
229,1098594000000,1.4,1057,NaN,8.6,925,139,684,48,1503,972,18.0,75.4,1.5441
229,1098597600000,1.2,1029,NaN,7.5,880,182,709,47,1451,965,17.3,78.4,1.532
229,1098601200000,1.5,1037,NaN,8.1,902,196,704,48,1481,984,17.5,76.6,1.5174
229,1098604800000,0.9,920,NaN,4.8,755,108,853,45,1359,880,20.0,66.7,1.5401
229,1098608400000,1.4,1080,NaN,7.8,891,175,732,59,1477,1001,19.1,70.0,1.5366
229,1098612000000,2.1,1152,NaN,9.7,966,266,661,84,1542,1137,21.4,61.7,1.5547
229,1098615600000,1.6,1085,NaN,8.4,918,179,721,72,1467,1023,24.6,50.4,1.5363
229,1098619200000,1.5,1071,NaN,7.6,882,154,745,68,1431,962,25.0,49.1,1.5295
229,1098622800000,1.1,1000,NaN,5.9,807,95,811,52,1376,825,25.3,46.7,1.4874
229,1098626400000,1.4,1058,NaN,7.4,875,151,756,70,1421,877,24.8,47.9,1.4819
229,1098630000000,2.0,1184,NaN,10.1,983,230,667,90,1537,1046,25.3,48.0,1.5249
229,1098633600000,2.0,1189,NaN,9.7,965,239,670,87,1533,1060,26.5,44.9,1.5278
229,1098637200000,2.5,1277,NaN,11.8,1043,306,614,99,1631,1155,25.0,50.1,1.563
229,1098640800000,4.3,1482,NaN,20.3,1305,472,503,128,1874,1464,22.9,57.6,1.5885
229,1098644400000,5.2,1555,NaN,24.3,1410,532,464,127,1971,2185,21.7,62.9,1.6117
229,1098648000000,3.4,1324,NaN,15.6,1168,375,568,99,1716,1959,21.8,63.0,1.619
229,1098651600000,1.3,1015,NaN,7.3,869,147,747,72,1439,1375,21.2,63.4,1.5748
229,1098655200000,1.2,1010,NaN,7.1,860,118,768,62,1450,1212,20.2,65.8,1.535
229,1098658800000,1.7,1081,NaN,9.0,938,181,697,62,1517,1273,18.4,71.5,1.5038
230,1098662400000,1.7,1071,NaN,8.9,936,209,695,63,1516,1249,17.9,72.4,1.4758
230,1098666000000,1.4,1014,NaN,7.2,864,167,745,56,1474,1097,16.9,75.4,1.4393
230,1098669600000,0.9,891,NaN,4.4,735,112,878,44,1353,933,16.5,75.5,1.4056
230,1098673200000,0.7,874,NaN,4.1,715,NaN,889,NaN,1315,858,15.4,79.0,1.3735
230,1098676800000,NaN,882,NaN,4.3,729,108,875,37,1319,870,15.5,78.6,1.37
230,1098680400000,0.9,940,NaN,5.9,806,181,800,48,1392,1013,16.2,76.9,1.4029
230,1098684000000,1.2,1020,NaN,7.2,866,253,749,59,1440,1087,15.8,79.6,1.417
230,1098687600000,3.2,1316,NaN,18.5,1253,521,527,77,1780,1566,16.0,76.3,1.3772
230,1098691200000,4.4,1423,NaN,25.0,1429,649,467,88,1998,1631,16.3,74.3,1.3644
230,1098694800000,3.5,1314,NaN,18.8,1262,516,531,111,1754,1564,18.7,66.3,1.414
230,1098698400000,3.2,1317,NaN,19.5,1283,487,518,114,1812,1601,20.5,60.2,1.4346
230,1098702000000,3.0,1305,NaN,18.2,1245,529,524,108,1742,1539,19.3,66.2,1.4706
230,1098705600000,3.5,1351,NaN,20.0,1298,565,498,111,1821,1577,20.0,63.9,1.4805
230,1098709200000,4.0,1438,NaN,24.8,1425,558,451,126,1971,1732,21.4,59.4,1.4928
230,1098712800000,3.8,1454,NaN,23.1,1380,568,457,117,1947,1672,21.5,60.9,1.5398
230,1098716400000,4.2,1512,NaN,25.5,1441,605,432,119,2034,1744,21.6,60.9,1.5551
230,1098720000000,5.0,1584,NaN,32.0,1597,666,392,125,2176,1845,21.6,62.0,1.5784
230,1098723600000,7.9,1816,NaN,46.3,1897,814,330,158,2641,2164,21.7,61.9,1.592
230,1098727200000,8.4,1824,NaN,44.5,1862,860,340,149,2567,2106,21.0,64.9,1.5987
230,1098730800000,8.0,1744,NaN,41.0,1793,820,352,136,2469,2007,20.0,68.6,1.5882
230,1098734400000,6.4,1588,NaN,32.5,1610,742,400,112,2230,1791,19.3,71.4,1.5805
230,1098738000000,3.5,1319,NaN,19.1,1273,492,511,87,1806,1444,18.5,73.4,1.5461
230,1098741600000,3.5,1313,NaN,19.6,1285,464,505,82,1803,1373,17.7,75.6,1.5226
230,1098745200000,1.9,1073,NaN,10.7,1005,258,661,67,1488,1110,18.5,70.4,1.487
231,1098748800000,2.2,1119,NaN,12.2,1056,311,624,68,1562,1099,17.0,76.1,1.4582
231,1098752400000,1.6,989,NaN,8.0,900,231,737,60,1401,968,16.8,74.9,1.4258
231,1098756000000,1.0,912,NaN,5.5,788,127,822,48,1331,847,15.5,78.5,1.3782
231,1098759600000,1.0,904,NaN,5.5,787,NaN,820,NaN,1319,852,15.3,79.0,1.3605
231,1098763200000,NaN,851,NaN,4.3,726,124,897,42,1277,799,15.0,77.9,1.3197
231,1098766800000,0.9,902,NaN,5.9,809,138,835,46,1355,834,14.8,79.4,1.3312
231,1098770400000,1.4,981,NaN,8.6,923,228,730,54,1425,956,15.7,77.0,1.3591
231,1098774000000,3.0,1267,NaN,18.7,1260,383,572,82,1776,1259,16.2,75.9,1.3872
231,1098777600000,4.5,1392,NaN,25.0,1429,581,469,93,1990,1494,16.3,75.9,1.3991
231,1098781200000,3.8,1308,NaN,19.6,1285,545,522,95,1781,1458,17.7,70.6,1.4202
231,1098784800000,3.4,1313,NaN,20.8,1318,593,511,120,1820,1491,18.3,67.6,1.4103
231,1098788400000,3.5,1350,NaN,20.1,1299,602,518,132,1784,1560,20.1,62.0,1.4409
231,1098792000000,4.4,1477,NaN,26.7,1471,624,455,146,2031,1750,22.6,54.5,1.4737
231,1098795600000,4.0,1409,NaN,23.6,1393,546,484,157,1874,1709,24.6,47.1,1.4378
231,1098799200000,4.5,1495,NaN,26.4,1465,597,451,158,2043,1786,24.9,48.3,1.4942
231,1098802800000,5.3,1606,NaN,30.9,1573,688,419,175,2165,1900,24.9,50.0,1.5522
231,1098806400000,5.8,1669,NaN,32.8,1615,760,404,166,2232,1963,24.0,55.0,1.6211
231,1098810000000,8.4,1822,NaN,45.9,1890,918,347,187,2641,2161,23.2,58.7,1.651
231,1098813600000,9.5,1908,NaN,52.1,2007,952,325,180,2775,2372,22.5,61.5,1.6579
231,1098817200000,6.2,1664,NaN,36.6,1699,685,385,134,2305,2062,22.2,61.0,1.6071
231,1098820800000,5.0,1465,NaN,24.0,1404,561,468,127,1962,1736,22.6,58.3,1.5829
231,1098824400000,2.1,1076,NaN,9.8,972,239,691,95,1506,1192,21.0,57.4,1.4098
231,1098828000000,1.4,1055,NaN,7.9,895,175,758,79,1468,1043,19.8,63.7,1.4524
231,1098831600000,1.6,1075,NaN,7.5,878,169,734,78,1495,948,17.7,78.8,1.5855
232,1098835200000,2.0,1135,NaN,9.2,948,215,685,80,1569,992,17.6,80.5,1.6062
232,1098838800000,1.2,998,NaN,5.7,799,115,786,67,1435,867,17.4,81.3,1.6066
232,1098842400000,0.8,953,NaN,4.4,734,94,861,61,1401,825,17.4,81.0,1.6012
232,1098846000000,0.6,926,NaN,3.9,708,NaN,874,NaN,1381,803,17.2,81.8,1.5856
232,1098849600000,NaN,895,NaN,3.1,656,80,946,51,1343,786,17.0,81.0,1.5521
232,1098853200000,0.7,967,NaN,5.1,767,132,833,56,1416,866,16.8,81.3,1.5447
232,1098856800000,1.7,1164,NaN,10.5,997,295,641,68,1606,1113,17.6,78.8,1.5723
232,1098860400000,3.4,1421,NaN,20.6,1313,517,502,101,1983,1384,18.0,75.7,1.5527
232,1098864000000,4.9,1465,NaN,28.5,1515,555,454,119,2119,1516,18.0,74.8,1.5281
232,1098867600000,2.7,1189,NaN,12.7,1075,429,614,108,1652,1222,18.2,74.0,1.5343
232,1098871200000,3.2,1278,NaN,16.1,1182,561,585,132,1734,1354,19.7,65.4,1.4854
232,1098874800000,2.7,1169,NaN,14.9,1144,427,611,130,1666,1291,21.0,57.9,1.4267
232,1098878400000,3.2,1214,NaN,16.8,1203,445,580,129,1739,1308,20.7,58.6,1.4142
232,1098882000000,4.1,1351,NaN,21.8,1345,538,502,117,1923,1420,19.5,67.1,1.506
232,1098885600000,3.6,1340,NaN,18.6,1256,556,537,119,1842,1297,18.5,76.2,1.6045
232,1098889200000,2.8,1157,NaN,14.5,1131,370,623,113,1675,1157,19.6,69.7,1.5675
232,1098892800000,2.1,1118,NaN,13.4,1096,257,647,102,1649,1130,19.9,65.3,1.5066
232,1098896400000,2.4,1150,NaN,15.8,1173,266,608,101,1711,1195,20.0,63.3,1.4622
232,1098900000000,3.6,1247,NaN,20.7,1315,403,544,116,1874,1341,19.2,66.4,1.4592
232,1098903600000,2.6,1194,NaN,16.6,1198,275,587,101,1732,1228,19.3,67.5,1.4977
232,1098907200000,2.8,1184,NaN,15.3,1157,338,586,94,1685,1273,18.2,71.4,1.4776
232,1098910800000,1.4,990,NaN,8.0,898,176,748,75,1442,1006,17.8,71.2,1.4396
232,1098914400000,1.1,933,NaN,5.8,803,159,842,69,1369,898,17.6,69.9,1.3969
232,1098918000000,1.3,968,NaN,7.0,858,147,796,60,1388,894,16.0,75.9,1.3721
233,1098921600000,0.9,861,NaN,4.5,735,99,925,58,1287,789,16.9,72.0,1.3749
233,1098925200000,1.0,904,NaN,5.2,774,98,878,51,1329,805,15.7,76.3,1.3519
233,1098928800000,0.9,866,NaN,4.4,734,109,899,45,1299,770,14.8,78.7,1.3169
233,1098932400000,0.7,881,NaN,4.2,724,NaN,913,NaN,1277,776,14.8,79.7,1.3286
233,1098936000000,NaN,838,NaN,3.8,700,112,936,41,1268,744,14.6,79.9,1.3156
233,1098939600000,0.8,905,NaN,5.2,776,163,851,48,1327,825,15.2,78.0,1.3382
233,1098943200000,1.6,1055,NaN,10.0,977,326,703,61,1506,1013,15.5,77.2,1.3502
233,1098946800000,3.4,1328,NaN,20.0,1296,640,527,88,1829,1341,15.7,76.4,1.3558
233,1098950400000,4.4,1401,NaN,25.8,1449,736,477,102,1969,1528,16.0,76.4,1.3751
233,1098954000000,3.5,1291,NaN,20.0,1296,667,529,97,1752,1432,16.7,73.8,1.3886
233,1098957600000,3.4,1316,NaN,20.6,1314,677,526,116,1780,1499,18.6,66.3,1.4047
233,1098961200000,2.4,1116,NaN,12.2,1057,425,639,112,1532,1236,20.4,58.1,1.3762
233,1098964800000,2.3,1139,NaN,13.1,1088,349,625,101,1580,1180,20.6,57.3,1.3792
233,1098968400000,2.6,1165,NaN,14.5,1131,332,609,99,1640,1196,21.6,53.6,1.3669
233,1098972000000,2.9,1260,NaN,17.5,1224,412,571,113,1731,1301,21.4,55.6,1.4015
233,1098975600000,4.4,1475,NaN,25.9,1451,631,455,122,1991,1646,20.7,63.0,1.5204
233,1098979200000,5.0,1521,NaN,26.6,1470,677,446,139,1977,1720,21.3,61.9,1.5463
233,1098982800000,6.5,1633,NaN,35.3,1671,761,398,149,2271,1852,20.8,64.0,1.5522
233,1098986400000,5.9,1463,NaN,28.2,1508,650,468,136,2092,1670,20.3,66.7,1.5656
233,1098990000000,2.7,1140,NaN,14.2,1122,262,619,103,1602,1208,19.7,64.5,1.4594
233,1098993600000,2.5,1147,NaN,12.4,1065,292,651,112,1562,1160,19.4,64.0,1.4282
233,1098997200000,1.5,988,NaN,6.6,839,177,805,88,1382,937,20.1,60.8,1.4152
233,1099000800000,1.0,924,NaN,4.8,754,103,890,63,1327,783,20.4,60.4,1.4263
233,1099004400000,1.2,950,NaN,5.4,782,127,862,69,1331,807,20.1,62.6,1.4543
234,1099008000000,1.0,926,NaN,4.3,727,119,925,65,1326,729,19.9,64.9,1.4905
234,1099011600000,0.8,879,NaN,2.9,645,83,1023,50,1288,612,18.2,74.7,1.5441
234,1099015200000,0.6,864,NaN,2.5,621,65,1073,43,1286,574,18.4,73.8,1.5463
234,1099018800000,0.6,868,NaN,2.2,596,NaN,1092,NaN,1276,579,18.7,73.5,1.5664
234,1099022400000,NaN,894,NaN,2.7,636,84,1010,56,1308,687,18.2,76.6,1.5907
234,1099026000000,1.1,1009,NaN,6.1,816,200,799,69,1430,856,18.5,76.4,1.6112
234,1099029600000,1.3,1069,NaN,7.7,889,242,738,91,1469,976,19.3,71.6,1.5844
234,1099033200000,2.9,1311,NaN,15.9,1178,366,574,111,1769,1208,20.2,66.9,1.5643
234,1099036800000,3.7,1370,NaN,22.8,1372,404,485,124,1945,1400,20.8,64.7,1.5692
234,1099040400000,3.0,1246,NaN,16.6,1197,429,566,119,1746,1278,21.9,61.8,1.6021
234,1099044000000,1.4,1039,NaN,8.4,917,169,735,77,1467,934,23.5,57.7,1.6515
234,1099047600000,2.6,1296,NaN,13.9,1113,419,604,101,1736,1073,19.8,81.0,1.8538
234,1099051200000,4.2,1523,NaN,24.9,1428,603,458,116,2114,1363,20.2,86.5,2.0224
234,1099054800000,5.1,1424,NaN,22.4,1361,589,484,137,1983,1346,20.2,82.2,1.9184
234,1099058400000,5.5,1513,NaN,26.1,1457,706,463,163,2125,1393,19.7,82.2,1.8669
234,1099062000000,4.5,1338,NaN,18.1,1244,592,558,144,1847,1255,20.2,79.1,1.85
234,1099065600000,2.7,1214,NaN,13.9,1113,305,616,118,1664,1213,20.1,75.4,1.751
234,1099069200000,3.1,1290,NaN,18.5,1253,371,550,135,1807,1332,20.2,72.3,1.6893
234,1099072800000,4.2,1353,NaN,20.9,1323,465,519,129,1860,1430,20.0,73.3,1.693
234,1099076400000,3.1,1130,NaN,12.9,1082,390,647,128,1591,1102,18.3,74.9,1.5583
234,1099080000000,1.7,969,NaN,6.7,843,227,828,103,1375,895,18.9,70.4,1.5259
234,1099083600000,1.8,1038,NaN,7.0,856,284,801,116,1415,905,17.3,76.3,1.4919
234,1099087200000,1.7,1020,NaN,7.3,869,211,793,95,1410,869,17.1,77.9,1.5081
234,1099090800000,2.1,1097,NaN,9.1,944,297,716,107,1489,982,17.3,79.3,1.5569
235,1099094400000,2.4,1123,NaN,9.9,973,351,690,108,1520,999,17.3,79.9,1.5643
235,1099098000000,1.8,1023,NaN,6.9,851,259,782,94,1413,881,16.9,80.6,1.5372
235,1099101600000,1.5,1015,NaN,6.5,833,214,786,84,1400,868,16.9,81.4,1.551
235,1099105200000,1.4,979,NaN,5.9,805,NaN,809,NaN,1383,843,16.8,81.5,1.5418
235,1099108800000,NaN,931,NaN,5.4,784,173,826,72,1372,833,16.9,79.8,1.5238
235,1099112400000,1.0,922,NaN,5.4,783,192,857,76,1367,825,16.7,79.7,1.503
235,1099116000000,1.4,989,NaN,7.8,891,237,762,82,1453,901,16.8,79.0,1.4978
235,1099119600000,2.4,1149,NaN,13.6,1103,413,622,94,1662,1090,16.8,79.8,1.5115
235,1099123200000,3.1,1202,NaN,15.4,1160,455,585,102,1723,1165,16.9,79.9,1.5253
235,1099126800000,3.0,1206,NaN,14.4,1131,493,592,106,1675,1201,17.4,79.3,1.5593
235,1099130400000,2.7,1224,NaN,14.3,1126,482,596,108,1656,1231,18.0,76.6,1.5706
235,1099134000000,4.0,1371,NaN,20.3,1305,599,521,152,1845,1461,21.2,64.4,1.6015
235,1099137600000,3.7,1327,NaN,18.7,1259,481,539,160,1826,1434,22.4,60.8,1.6261
235,1099141200000,3.4,1301,NaN,17.3,1218,406,553,133,1806,1399,22.6,61.1,1.6596
235,1099144800000,3.4,1301,NaN,16.9,1208,419,560,147,1781,1417,23.6,57.3,1.645
235,1099148400000,3.2,1314,NaN,16.4,1191,387,564,135,1777,1395,23.5,58.3,1.664
235,1099152000000,3.9,1394,NaN,19.1,1272,461,526,135,1869,1442,22.9,61.6,1.7014
235,1099155600000,3.7,1385,NaN,18.7,1260,493,528,129,1850,1425,22.3,64.3,1.7055
235,1099159200000,4.3,1440,NaN,22.4,1362,532,486,117,1968,1496,21.6,68.0,1.7305
235,1099162800000,4.9,1493,NaN,25.3,1437,581,470,116,2015,1551,21.2,67.4,1.6755
235,1099166400000,4.0,1319,NaN,17.7,1230,494,551,109,1785,1381,20.8,65.8,1.6001
235,1099170000000,2.8,1187,NaN,13.8,1110,392,612,96,1658,1229,20.4,64.8,1.5379
235,1099173600000,2.4,1119,NaN,10.2,984,311,688,90,1539,1082,20.1,66.7,1.5548
235,1099177200000,1.9,1100,NaN,8.6,924,236,744,82,1494,963,19.5,70.0,1.5711
236,1099180800000,2.0,1076,NaN,7.9,895,270,757,86,1492,939,19.3,70.4,1.5578
236,1099184400000,1.5,972,NaN,5.7,799,199,833,72,1425,825,19.7,68.6,1.5563
236,1099188000000,1.3,973,NaN,6.4,828,146,818,61,1445,811,19.7,68.2,1.5484
236,1099191600000,1.0,918,NaN,4.6,742,NaN,905,NaN,1386,720,19.9,68.4,1.5673
236,1099195200000,NaN,844,NaN,2.7,630,74,1035,45,1320,627,18.4,74.2,1.5581
236,1099198800000,0.5,817,NaN,2.1,588,55,1134,37,1310,589,18.9,71.3,1.5449
236,1099202400000,0.4,791,NaN,1.2,519,43,1291,31,1295,540,18.1,79.0,1.6224
236,1099206000000,0.4,819,NaN,1.4,537,46,1264,30,1315,551,20.4,71.2,1.6834
236,1099209600000,0.9,972,NaN,4.6,743,139,944,41,1477,742,20.6,70.7,1.6996
236,1099213200000,1.3,997,NaN,5.7,797,169,812,64,1470,824,19.3,74.1,1.6391
236,1099216800000,2.1,1194,NaN,10.6,1000,254,653,74,1642,1059,22.2,64.4,1.7005
236,1099220400000,2.4,1240,NaN,11.0,1014,303,628,77,1643,1144,23.0,64.6,1.7851
236,1099224000000,2.0,1117,NaN,8.6,922,259,717,83,1585,994,24.3,57.4,1.7233
236,1099227600000,1.8,1141,NaN,8.8,932,226,689,71,1595,1014,22.0,67.0,1.7441
236,1099231200000,1.5,1062,NaN,7.5,880,161,719,62,1580,924,22.9,65.7,1.8148
236,1099234800000,1.6,1160,NaN,11.6,1036,182,622,62,1727,1023,23.2,63.9,1.7957
236,1099238400000,2.2,1169,NaN,10.1,983,289,672,79,1633,1033,23.0,62.3,1.7248
236,1099242000000,2.3,1185,NaN,10.8,1006,340,666,93,1638,1065,22.4,63.2,1.6878
236,1099245600000,6.6,1571,NaN,30.3,1559,544,440,106,2277,1516,21.7,66.6,1.7077
236,1099249200000,4.7,1464,NaN,22.4,1362,543,487,100,1987,1648,21.2,70.3,1.7476
236,1099252800000,4.1,1423,NaN,20.6,1314,501,508,89,1912,1466,20.8,70.9,1.7203
236,1099256400000,4.1,1318,NaN,17.5,1226,521,543,83,1848,1365,20.0,73.2,1.6965
236,1099260000000,2.7,1229,NaN,13.9,1114,352,598,76,1723,1247,19.7,73.7,1.6708
236,1099263600000,2.6,1187,NaN,13.6,1105,321,611,68,1700,1183,19.9,72.6,1.6681
237,1099267200000,3.2,1353,NaN,15.9,1176,318,584,69,1723,2150,20.1,71.3,1.6564
237,1099270800000,3.7,1407,NaN,17.8,1235,338,548,77,1780,2519,20.1,71.1,1.6498
237,1099274400000,3.5,1333,NaN,16.7,1201,353,552,68,1767,1925,19.6,73.2,1.6543
237,1099278000000,3.0,1269,NaN,16.0,1181,NaN,559,NaN,1756,1762,19.1,75.8,1.6568
237,1099281600000,NaN,1253,NaN,16.9,1206,291,540,52,1779,1579,18.4,77.9,1.6389
237,1099285200000,2.7,1212,NaN,15.0,1149,279,562,49,1710,1599,18.4,78.1,1.637
237,1099288800000,1.8,1061,NaN,9.6,962,200,679,45,1554,1395,19.2,74.7,1.6398
237,1099292400000,1.3,1028,NaN,7.8,890,180,733,51,1525,1323,19.4,75.1,1.6766
237,1099296000000,1.5,1067,NaN,8.7,928,213,711,51,1564,1309,19.1,75.6,1.6519
237,1099299600000,1.9,1111,NaN,9.8,970,266,667,62,1594,1441,20.3,71.1,1.6803
237,1099303200000,2.2,1189,NaN,12.4,1065,247,609,74,1683,1830,23.1,61.3,1.7131
237,1099306800000,2.6,1293,NaN,13.9,1114,326,584,88,1702,1704,25.1,56.0,1.7565
237,1099310400000,2.7,1285,NaN,12.5,1065,319,597,90,1686,1576,25.8,56.1,1.841
237,1099314000000,2.5,1236,NaN,10.9,1011,320,631,91,1706,1305,23.7,68.2,1.9739
237,1099317600000,1.5,1082,NaN,6.5,834,174,747,64,1562,991,23.1,70.8,1.98
237,1099321200000,2.0,1188,NaN,9.4,954,216,664,72,1636,1148,23.9,66.3,1.9361
237,1099324800000,3.1,1348,NaN,15.3,1157,376,564,88,1810,1307,23.8,65.0,1.8897
237,1099328400000,3.7,1394,NaN,16.4,1193,496,547,110,1811,1386,23.2,65.6,1.8435
237,1099332000000,4.0,1472,NaN,19.8,1290,523,510,95,1942,1420,21.8,72.7,1.8789
237,1099335600000,4.1,1291,NaN,15.8,1174,465,567,91,1746,1341,21.7,67.3,1.7256
237,1099339200000,3.1,1264,NaN,14.5,1133,407,593,94,1750,1258,21.3,66.3,1.6594
237,1099342800000,3.2,1264,NaN,14.7,1138,412,579,86,1733,1245,20.4,71.6,1.7004
237,1099346400000,3.2,1260,NaN,15.3,1160,403,568,79,1755,1231,19.6,75.3,1.6981
237,1099350000000,2.7,1184,NaN,13.0,1084,357,612,71,1674,1151,19.3,75.8,1.6762
238,1099353600000,2.3,1122,NaN,10.5,996,259,660,62,1586,1048,18.4,76.3,1.6017
238,1099357200000,1.6,983,NaN,7.6,881,227,752,56,1472,928,18.2,76.4,1.5787
238,1099360800000,1.1,885,NaN,4.8,753,147,878,49,1374,813,17.9,74.8,1.5219
238,1099364400000,0.7,825,NaN,3.1,661,NaN,987,NaN,1334,753,17.5,74.5,1.4781
238,1099368000000,NaN,791,NaN,2.6,627,72,1069,38,1306,709,17.2,74.0,1.4388
238,1099371600000,0.6,802,NaN,2.7,636,96,1016,35,1289,721,17.6,73.2,1.4555
238,1099375200000,0.5,804,NaN,3.0,652,73,1054,37,1294,710,17.9,69.3,1.4099
238,1099378800000,1.5,1014,NaN,8.7,927,309,747,56,1497,951,16.1,76.3,1.3902
238,1099382400000,3.4,1316,NaN,20.7,1317,607,538,85,1860,1336,17.1,72.8,1.4054
238,1099386000000,4.4,1296,NaN,25.2,1435,562,504,112,1899,1489,20.8,57.9,1.407
238,1099389600000,4.4,1381,NaN,23.6,1394,560,495,107,1911,1558,20.6,60.2,1.4428
238,1099393200000,5.8,1570,NaN,32.9,1617,844,426,151,2170,1944,22.1,56.6,1.4851
238,1099396800000,4.9,1426,NaN,25.6,1445,667,477,151,1970,1782,24.0,50.0,1.4679
238,1099400400000,5.1,1535,NaN,31.2,1578,583,440,150,2125,1921,25.7,45.6,1.487
238,1099404000000,7.5,1678,NaN,37.9,1727,726,390,190,2318,2039,25.5,49.7,1.5985
238,1099407600000,5.8,1605,NaN,32.3,1603,674,415,168,2199,1912,25.2,50.6,1.5989
238,1099411200000,5.9,1559,NaN,31.5,1586,544,421,127,2197,1827,25.4,50.7,1.6187
238,1099414800000,6.8,1713,NaN,38.0,1728,715,390,140,2386,1919,24.4,56.0,1.6885
238,1099418400000,7.9,1751,NaN,44.1,1853,789,358,158,2496,2013,23.0,62.1,1.7283
238,1099422000000,8.0,1723,NaN,44.9,1869,737,359,121,2563,1919,21.8,65.3,1.6889
238,1099425600000,9.2,1778,NaN,48.2,1935,859,349,119,2643,1927,20.9,67.5,1.6539
238,1099429200000,5.9,1461,NaN,29.1,1529,668,450,96,2111,1573,20.2,68.6,1.6034
238,1099432800000,3.7,1258,NaN,19.1,1272,454,541,77,1804,1325,19.3,70.8,1.5728
238,1099436400000,2.6,1138,NaN,13.9,1113,337,610,66,1641,1203,19.2,68.8,1.5097
239,1099440000000,1.1,936,NaN,6.8,849,127,798,56,1381,947,20.4,61.1,1.4495
239,1099443600000,2.6,1167,NaN,13.2,1090,281,626,62,1620,1106,18.0,71.5,1.4615
239,1099447200000,2.2,1071,NaN,10.7,1003,252,665,58,1542,1045,17.5,73.2,1.4515
239,1099450800000,0.9,866,NaN,4.1,717,NaN,909,NaN,1328,827,17.2,71.7,1.394
239,1099454400000,NaN,836,NaN,2.9,647,65,985,37,1271,777,16.4,74.4,1.3779
239,1099458000000,0.5,823,NaN,2.7,630,69,1033,35,1253,748,16.8,71.9,1.3628
239,1099461600000,0.7,890,NaN,4.3,727,151,917,50,1290,833,16.9,70.5,1.3504
239,1099465200000,1.3,1019,NaN,8.0,901,231,750,64,1438,960,17.0,70.1,1.3512
239,1099468800000,2.2,1177,NaN,15.5,1166,297,621,75,1667,1157,18.8,62.5,1.3401
239,1099472400000,3.7,1348,NaN,23.8,1398,515,505,101,1847,1444,20.3,58.4,1.3745
239,1099476000000,3.7,1341,NaN,21.0,1323,499,516,94,1786,1522,23.7,49.1,1.423
239,1099479600000,3.4,1307,NaN,19.3,1278,445,527,95,1767,1452,26.6,42.8,1.4713
239,1099483200000,3.4,1305,NaN,19.7,1287,464,525,124,1771,1437,26.2,43.5,1.4591
239,1099486800000,2.6,1177,NaN,13.2,1090,298,612,86,1632,1209,26.3,43.6,1.4663
239,1099490400000,2.5,1192,NaN,13.0,1085,266,617,79,1638,1170,26.6,42.5,1.4568
239,1099494000000,2.5,1214,NaN,12.9,1080,323,611,87,1642,1190,26.3,43.7,1.4718
239,1099497600000,2.7,1240,NaN,15.1,1152,352,575,94,1699,1278,25.6,46.2,1.4903
239,1099501200000,3.2,1271,NaN,16.3,1188,372,563,107,1703,1305,25.1,47.6,1.4983
239,1099504800000,3.7,1333,NaN,20.5,1312,383,520,107,1853,1364,23.8,51.4,1.4956
239,1099508400000,4.6,1390,NaN,24.4,1414,455,487,117,1959,1428,23.3,53.1,1.496
239,1099512000000,3.3,1266,NaN,18.7,1261,355,541,97,1807,1285,22.4,55.2,1.4735
239,1099515600000,2.4,1140,NaN,12.7,1072,267,626,90,1597,1143,21.7,57.7,1.4766
239,1099519200000,2.8,1240,NaN,15.6,1168,308,582,86,1714,1235,20.5,63.0,1.5043
239,1099522800000,2.7,1187,NaN,14.2,1122,313,589,77,1641,1208,19.5,67.6,1.5156
240,1099526400000,1.8,1043,NaN,9.9,975,216,675,66,1489,1041,18.7,69.0,1.4727
240,1099530000000,1.1,948,NaN,6.3,826,137,802,57,1382,897,19.3,65.5,1.45
240,1099533600000,1.2,955,NaN,5.2,775,140,831,55,1362,862,17.6,70.8,1.4105
240,1099537200000,0.8,915,NaN,4.2,721,NaN,891,NaN,1315,816,16.8,72.9,1.3851
240,1099540800000,0.6,832,NaN,2.9,644,94,990,40,1239,747,17.8,68.1,1.3722
240,1099544400000,0.5,846,NaN,2.6,628,79,1025,40,1218,727,16.1,73.5,1.3329
240,1099548000000,0.7,897,NaN,4.7,750,156,874,46,1270,799,15.8,73.5,1.3151
240,1099551600000,0.8,908,NaN,5.1,767,153,868,53,1272,807,17.0,68.0,1.3102
240,1099555200000,3.5,1348,NaN,22.2,1357,464,526,84,1833,1324,16.0,72.2,1.3077
240,1099558800000,3.6,1384,NaN,23.3,1386,435,504,88,1833,1404,17.8,65.4,1.3213
240,1099562400000,NaN,1473,NaN,26.3,1463,683,462,143,1948,1605,20.6,56.0,1.3467
240,1099566000000,NaN,1360,NaN,19.7,1287,523,517,130,1755,1478,23.6,48.0,1.3757
240,1099569600000,NaN,1305,NaN,17.4,1223,460,545,120,1720,1414,23.7,49.8,1.4433
240,1099573200000,NaN,1337,NaN,20.2,1302,417,507,139,1786,1465,24.7,47.4,1.4527
240,1099576800000,NaN,1414,NaN,24.4,1414,486,478,139,1896,1588,25.9,42.8,1.4122
240,1099580400000,NaN,1463,NaN,24.5,1417,512,467,156,1900,1651,26.8,43.3,1.4977
240,1099584000000,NaN,1530,NaN,24.8,1425,595,457,143,1975,1652,26.6,45.5,1.5555
240,1099587600000,NaN,1915,NaN,45.9,1889,1052,340,186,2603,2110,24.8,53.9,1.6683
240,1099591200000,8.7,1882,NaN,47.5,1920,1014,328,171,2609,2204,23.1,61.1,1.7082
240,1099594800000,5.8,1589,NaN,33.0,1619,633,406,124,2216,1780,22.2,63.7,1.6865
240,1099598400000,4.3,1463,NaN,27.2,1484,485,443,97,2011,1590,21.1,66.1,1.6313
240,1099602000000,3.6,1380,NaN,21.8,1345,480,493,92,1856,1419,20.0,69.0,1.5956
240,1099605600000,3.9,1383,NaN,21.3,1332,572,495,96,1855,1415,19.1,72.0,1.5732
240,1099609200000,2.4,1181,NaN,13.3,1094,345,600,74,1599,1180,18.8,70.6,1.5209
241,1099612800000,1.6,1061,NaN,8.8,931,195,699,65,1481,1015,18.5,69.5,1.4657
241,1099616400000,1.8,1091,NaN,9.2,945,213,698,62,1467,1014,18.4,68.5,1.439
241,1099620000000,1.5,1010,NaN,7.6,884,216,719,59,1430,938,16.8,73.3,1.3915
241,1099623600000,0.7,868,NaN,3.6,688,NaN,922,NaN,1249,777,17.9,66.8,1.3596
241,1099627200000,0.5,852,NaN,2.8,639,73,1009,41,1204,723,16.5,71.0,1.3239
241,1099630800000,0.4,826,NaN,2.2,601,67,1056,38,1180,702,16.9,67.9,1.295
241,1099634400000,0.5,862,NaN,3.4,677,96,973,43,1192,725,16.1,69.3,1.2591
241,1099638000000,0.8,951,NaN,5.7,800,162,803,52,1257,836,16.1,69.6,1.2593
241,1099641600000,2.0,1210,NaN,16.3,1188,305,583,75,1575,1129,16.2,70.1,1.2837
241,1099645200000,6.2,1601,NaN,37.9,1727,725,389,118,2252,1718,16.5,69.3,1.2897
241,1099648800000,4.5,1477,NaN,25.5,1443,658,469,126,1878,1646,19.6,58.3,1.3141
241,1099652400000,4.6,1458,NaN,24.2,1408,710,471,151,1889,1664,20.7,55.5,1.3414
241,1099656000000,3.3,1354,NaN,20.9,1321,445,504,107,1799,1496,20.8,56.3,1.3664
241,1099659600000,3.6,1385,NaN,22.1,1354,455,490,114,1823,1506,21.7,53.1,1.3649
241,1099663200000,4.4,1460,NaN,25.0,1430,524,466,125,1932,1604,23.0,49.0,1.362
241,1099666800000,4.3,1492,NaN,26.4,1463,527,460,138,1935,1632,24.2,44.0,1.3078
241,1099670400000,5.0,1569,NaN,29.8,1547,601,435,144,2016,1736,24.7,43.6,1.3396
241,1099674000000,8.1,1870,NaN,45.0,1871,1001,351,180,2483,2165,23.0,54.2,1.5066
241,1099677600000,8.0,1774,NaN,42.8,1829,852,359,154,2457,2152,21.4,60.9,1.5322
241,1099681200000,3.6,1388,NaN,22.4,1363,370,485,105,1815,1556,20.3,61.4,1.4417
241,1099684800000,2.9,1303,NaN,15.9,1177,348,562,98,1619,1389,20.0,63.2,1.4581
241,1099688400000,2.7,1257,NaN,14.3,1126,361,581,93,1599,1300,19.1,64.4,1.405
241,1099692000000,1.9,1132,NaN,10.7,1002,255,640,76,1474,1126,18.1,67.5,1.3855
241,1099695600000,1.3,1050,NaN,7.6,881,162,732,69,1363,982,17.8,66.9,1.3464
242,1099699200000,1.2,1033,NaN,6.7,842,166,756,66,1362,941,17.6,66.5,1.3249
242,1099702800000,1.8,1106,NaN,9.0,938,247,685,76,1395,1010,16.1,71.2,1.2948
242,1099706400000,1.9,1107,NaN,9.0,940,255,689,73,1403,985,15.5,73.3,1.2845
242,1099710000000,1.5,1011,NaN,7.0,856,NaN,769,NaN,1341,889,15.4,72.8,1.2633
242,1099713600000,0.9,916,NaN,4.3,726,129,879,54,1248,791,15.6,70.8,1.2461
242,1099717200000,0.5,852,NaN,2.8,641,83,1012,44,1172,710,17.0,64.5,1.2374
242,1099720800000,0.6,889,NaN,3.7,694,114,913,45,1198,743,14.9,72.3,1.2186
242,1099724400000,1.1,1002,NaN,6.3,828,233,798,58,1307,857,14.0,76.6,1.2183
242,1099728000000,2.8,1231,NaN,14.5,1134,448,587,87,1572,1143,14.6,74.2,1.2256
242,1099731600000,2.9,1212,NaN,16.4,1191,455,551,97,1586,1210,15.9,69.8,1.253
242,1099735200000,1.7,1121,NaN,10.9,1012,254,650,80,1436,1060,18.4,61.3,1.2854
242,1099738800000,2.3,1260,NaN,14.1,1121,313,568,82,1569,1252,20.0,56.7,1.3078
242,1099742400000,3.3,1391,NaN,17.1,1214,490,518,112,1691,1435,20.4,57.0,1.3507
242,1099746000000,3.5,1463,NaN,19.4,1280,496,482,121,1794,1544,20.7,59.3,1.4283
242,1099749600000,3.8,1464,NaN,20.9,1321,514,475,132,1794,1600,21.7,54.8,1.4024
242,1099753200000,3.4,1412,NaN,17.7,1230,454,516,141,1672,1534,22.0,54.2,1.4096
242,1099756800000,3.8,1450,NaN,19.8,1292,507,495,130,1768,1495,21.4,57.1,1.4356
242,1099760400000,3.6,1416,NaN,19.5,1283,474,510,113,1739,1442,20.8,58.7,1.4259
242,1099764000000,3.5,1346,NaN,17.0,1211,404,540,101,1674,1340,20.1,59.6,1.3852
242,1099767600000,2.8,1273,NaN,14.6,1137,356,586,91,1563,1231,20.0,58.4,1.3473
242,1099771200000,2.5,1206,NaN,12.0,1049,345,634,90,1484,1128,19.5,58.9,1.3195
242,1099774800000,3.1,1252,NaN,13.3,1094,395,615,90,1526,1188,19.5,57.4,1.2874
242,1099778400000,1.8,1069,NaN,7.9,897,249,729,83,1364,998,19.1,59.2,1.295
242,1099782000000,1.6,1061,NaN,7.9,895,197,737,73,1359,944,18.8,59.1,1.2702
243,1099785600000,1.9,1072,NaN,7.5,880,224,767,80,1318,928,18.0,60.4,1.2331
243,1099789200000,2.0,1075,NaN,8.4,917,231,737,87,1354,1037,17.5,60.7,1.2009
243,1099792800000,1.4,992,NaN,6.9,853,177,796,79,1305,930,17.5,59.4,1.1768
243,1099796400000,1.2,914,NaN,4.6,741,NaN,891,NaN,1210,803,17.1,59.2,1.1477
243,1099800000000,NaN,854,NaN,3.8,700,98,980,56,1151,665,17.0,52.3,1.0009
243,1099803600000,0.7,774,NaN,2.1,591,64,1151,42,1044,533,16.1,49.8,0.9021
243,1099807200000,0.4,757,NaN,1.5,542,44,1339,31,1004,449,15.5,51.5,0.9026
243,1099810800000,0.4,752,NaN,1.2,516,53,1370,35,997,440,15.1,52.0,0.8878
243,1099814400000,0.5,757,NaN,1.6,551,94,1295,51,967,453,14.9,46.8,0.7885
243,1099818000000,0.7,777,NaN,1.9,580,100,1263,58,963,465,15.5,42.4,0.74
243,1099821600000,0.7,774,NaN,2.0,583,98,1246,57,966,457,16.6,38.2,0.7186
243,1099825200000,0.7,805,NaN,2.7,632,115,1176,63,1033,475,18.0,34.7,0.7089
243,1099828800000,1.0,838,NaN,3.6,686,115,1083,61,1046,532,18.0,35.1,0.7176
243,1099832400000,1.0,824,NaN,3.7,695,76,1091,34,1035,526,17.6,33.8,0.6726
243,1099836000000,0.9,812,NaN,3.9,704,55,1055,26,1044,520,17.5,33.7,0.6691
243,1099839600000,0.9,806,NaN,3.8,702,59,1052,28,1035,500,17.2,33.9,0.6591
243,1099843200000,0.9,789,NaN,3.4,675,95,1121,50,974,482,16.8,32.1,0.6073
243,1099846800000,1.1,821,NaN,4.0,713,107,1067,55,1030,539,16.0,34.1,0.6155
243,1099850400000,3.2,1024,NaN,14.3,1127,189,704,84,1346,943,14.8,37.5,0.6259
243,1099854000000,3.1,1009,NaN,10.5,995,386,784,140,1201,1016,14.4,39.2,0.6407
243,1099857600000,3.1,1064,NaN,12.2,1055,412,738,138,1242,1063,14.1,43.0,0.6883
243,1099861200000,2.3,1001,NaN,11.4,1029,342,733,127,1255,1034,13.4,48.4,0.7397
243,1099864800000,1.8,927,NaN,7.3,868,255,847,117,1155,864,12.7,51.2,0.7505
243,1099868400000,0.8,819,NaN,2.4,613,89,1118,57,1060,500,9.9,71.4,0.8736
244,1099872000000,0.9,847,NaN,2.7,630,106,1057,59,1091,537,10.2,71.6,0.8893
244,1099875600000,0.8,798,NaN,2.5,621,109,1115,62,1041,524,10.6,61.3,0.7856
244,1099879200000,0.7,757,NaN,1.7,561,67,1192,42,998,457,11.1,55.6,0.7344
244,1099882800000,0.4,703,NaN,0.5,446,NaN,1523,NaN,918,360,11.5,50.4,0.6815
244,1099886400000,0.2,689,NaN,0.3,407,13,1757,13,895,333,11.3,49.5,0.6615
244,1099890000000,0.2,698,NaN,0.4,424,20,1665,18,903,339,10.8,50.9,0.657
244,1099893600000,0.3,720,NaN,0.6,458,33,1536,26,917,358,10.9,50.1,0.6519
244,1099897200000,0.7,797,NaN,2.1,593,146,1212,72,984,494,10.8,49.7,0.6429
244,1099900800000,1.7,950,NaN,7.4,875,359,850,131,1179,828,10.7,50.4,0.6467
244,1099904400000,1.8,887,NaN,5.9,809,322,899,133,1111,769,10.9,50.0,0.6531
244,1099908000000,1.5,850,NaN,4.8,755,293,966,116,1051,714,12.1,46.5,0.653
244,1099911600000,1.3,836,NaN,4.5,740,255,987,117,1046,672,12.4,44.1,0.6324
244,1099915200000,1.2,827,NaN,5.1,768,233,972,103,1040,671,13.0,40.1,0.5989
244,1099918800000,1.3,819,NaN,6.0,810,220,947,100,1027,631,13.4,36.3,0.5556
244,1099922400000,1.8,919,NaN,10.0,978,246,820,105,1180,805,13.1,38.5,0.5776
244,1099926000000,1.7,897,NaN,7.8,890,272,850,121,1139,808,11.5,46.4,0.6302
244,1099929600000,2.2,973,NaN,11.2,1023,358,780,132,1226,964,13.1,40.4,0.606
244,1099933200000,3.2,1065,NaN,17.0,1211,514,669,156,1364,1188,13.0,39.3,0.5877
244,1099936800000,5.9,1341,NaN,31.0,1575,742,503,183,1778,1571,11.3,50.9,0.679
244,1099940400000,6.6,1303,NaN,28.9,1524,NaN,515,NaN,1744,1580,10.6,53.4,0.6818
244,1099944000000,NaN,1189,NaN,23.1,1381,NaN,566,NaN,1574,1426,9.5,57.9,0.6877
244,1099947600000,NaN,1054,NaN,13.7,1106,NaN,679,NaN,1297,1239,8.6,60.5,0.6788
244,1099951200000,NaN,943,NaN,8.0,900,NaN,816,NaN,1129,1064,8.5,59.7,0.6649
244,1099954800000,NaN,903,NaN,7.4,872,NaN,855,NaN,1108,987,7.9,61.4,0.6582
245,1099958400000,NaN,858,NaN,4.9,760,NaN,940,NaN,1049,873,7.1,63.6,0.6442
245,1099962000000,NaN,821,NaN,3.7,696,NaN,1032,NaN,1013,783,7.2,62.2,0.6362
245,1099965600000,NaN,781,NaN,2.9,645,NaN,1088,NaN,986,719,5.6,67.9,0.6247
245,1099969200000,NaN,741,NaN,1.9,580,NaN,1224,NaN,952,660,5.1,68.7,0.6077
245,1099972800000,NaN,720,NaN,1.4,540,NaN,1296,NaN,938,613,4.4,71.4,0.6024
245,1099976400000,NaN,733,NaN,1.9,574,NaN,1238,NaN,964,627,4.1,73.1,0.6074
245,1099980000000,NaN,780,NaN,3.2,666,NaN,1099,NaN,1003,697,3.2,76.8,0.5963
245,1099983600000,NaN,915,NaN,7.4,873,NaN,873,NaN,1135,915,3.7,76.2,0.6137
245,1099987200000,NaN,1228,NaN,22.4,1362,NaN,575,NaN,1543,1399,4.9,70.7,0.6193
245,1099990800000,NaN,1239,NaN,22.8,1373,NaN,550,NaN,1593,1495,7.1,62.0,0.6265
245,1099994400000,NaN,1209,NaN,18.5,1255,NaN,588,NaN,1447,1499,8.1,59.1,0.6397
245,1099998000000,NaN,1257,NaN,20.4,1308,NaN,548,NaN,1466,1720,11.1,48.8,0.643
245,1100001600000,NaN,1007,NaN,10.6,1000,NaN,727,NaN,1197,1210,11.3,46.5,0.6194
245,1100005200000,NaN,1020,NaN,11.8,1041,NaN,733,NaN,1245,1123,12.5,42.3,0.6104
245,1100008800000,NaN,1094,NaN,14.8,1144,NaN,669,NaN,1327,1209,12.5,42.8,0.6177
245,1100012400000,2.1,1045,NaN,13.1,1087,NaN,712,NaN,1270,1144,12.6,42.4,0.6159
245,1100016000000,1.5,909,NaN,7.5,879,NaN,874,NaN,1083,847,13.8,40.7,0.6405
245,1100019600000,1.6,1013,NaN,8.1,905,NaN,816,NaN,1201,923,11.0,58.8,0.7705
245,1100023200000,3.5,1236,NaN,16.9,1206,NaN,615,NaN,1523,1166,8.3,76.5,0.8426
245,1100026800000,4.6,1275,NaN,19.9,1294,NaN,570,NaN,1605,1280,8.6,75.5,0.8469
245,1100030400000,4.7,1237,NaN,16.5,1194,NaN,615,NaN,1508,1193,8.8,76.6,0.8678
245,1100034000000,3.0,1101,NaN,9.6,963,NaN,748,NaN,1320,966,8.0,81.0,0.8714
245,1100037600000,1.5,962,NaN,5.3,778,NaN,911,NaN,1162,752,7.3,85.7,0.8818
245,1100041200000,0.9,841,NaN,3.5,680,NaN,1052,NaN,1067,594,6.5,85.6,0.8353
246,1100044800000,0.8,831,NaN,2.5,620,NaN,1164,NaN,1039,545,6.5,83.5,0.8116
246,1100048400000,0.7,843,NaN,2.5,622,NaN,1146,NaN,1060,555,6.9,82.3,0.8244
246,1100052000000,0.6,798,NaN,2.2,600,NaN,1151,NaN,1049,543,7.3,78.1,0.8041
246,1100055600000,0.3,730,NaN,0.8,477,NaN,1433,NaN,950,420,7.9,68.0,0.7265
246,1100059200000,0.2,715,NaN,0.5,445,32,1601,29,925,373,8.0,64.5,0.695
246,1100062800000,0.2,726,NaN,0.5,443,29,1663,26,942,363,8.1,68.6,0.7409
246,1100066400000,0.3,771,NaN,0.9,490,48,1419,39,990,411,6.3,84.8,0.8148
246,1100070000000,0.5,805,NaN,1.6,555,113,1255,72,1019,496,6.7,79.8,0.7872
246,1100073600000,1.4,958,NaN,5.8,803,267,910,128,1172,738,7.1,77.9,0.7914
246,1100077200000,2.0,1021,NaN,9.5,959,332,760,149,1297,910,7.9,73.5,0.7883
246,1100080800000,1.6,969,NaN,6.7,843,354,857,165,1213,821,6.9,86.0,0.8632
246,1100084400000,1.3,923,NaN,4.4,733,316,962,150,1124,740,6.8,87.1,0.8652
246,1100088000000,1.4,973,NaN,6.8,850,395,868,165,1213,852,8.0,81.6,0.8755
246,1100091600000,1.9,996,NaN,7.8,893,391,808,175,1237,895,9.5,70.0,0.8296
246,1100095200000,2.7,1055,NaN,10.8,1007,457,736,145,1301,1019,10.5,62.2,0.7923
246,1100098800000,2.1,1023,NaN,9.8,971,448,752,98,1283,993,11.4,59.1,0.7963
246,1100102400000,2.4,1039,NaN,11.3,1024,543,721,105,1325,1043,11.1,58.6,0.7737
246,1100106000000,2.7,1051,NaN,12.3,1061,574,696,106,1333,1111,10.8,57.6,0.7473
246,1100109600000,2.5,1050,NaN,12.6,1070,435,699,141,1334,1087,10.6,56.9,0.7281
246,1100113200000,3.7,1156,NaN,17.0,1209,504,614,177,1467,1250,10.6,59.3,0.7588
246,1100116800000,4.6,1277,NaN,21.4,1335,586,551,182,1636,1331,10.0,71.5,0.8768
246,1100120400000,3.9,1172,NaN,15.3,1159,580,621,193,1461,1243,10.3,71.1,0.8878
246,1100124000000,2.2,1048,NaN,9.9,973,346,731,148,1298,1074,10.5,70.3,0.893
246,1100127600000,2.7,1144,NaN,13.4,1096,531,643,167,1394,1258,10.2,71.3,0.8859
247,1100131200000,2.6,1104,NaN,11.2,1023,477,677,158,1314,1189,9.7,73.1,0.8787
247,1100134800000,2.1,1038,NaN,9.4,957,344,713,132,1271,1092,9.3,73.5,0.8651
247,1100138400000,1.4,960,NaN,6.6,838,219,797,97,1189,996,9.2,73.9,0.8616
247,1100142000000,1.2,934,NaN,5.5,787,NaN,822,NaN,1147,974,8.1,78.1,0.8452
247,1100145600000,1.1,930,NaN,5.4,784,174,850,74,1151,902,7.6,81.2,0.8483
247,1100149200000,1.1,918,NaN,5.3,778,165,864,68,1136,859,7.5,81.5,0.8495
247,1100152800000,1.1,952,NaN,6.1,814,250,804,89,1153,970,8.3,77.2,0.8464
247,1100156400000,1.5,1019,NaN,8.1,905,388,757,117,1244,1062,8.9,75.6,0.8667
247,1100160000000,3.1,1287,NaN,17.3,1218,758,580,190,1580,1304,9.2,81.7,0.9506
247,1100163600000,6.8,1578,NaN,32.3,1605,1247,429,211,2032,1643,9.9,83.4,1.0194
247,1100167200000,5.4,1417,NaN,24.1,1407,1110,490,190,1709,1488,10.2,82.3,1.0253
247,1100170800000,4.5,1392,NaN,21.0,1325,1145,511,194,1631,1465,11.2,80.7,1.0688
247,1100174400000,3.0,1147,NaN,12.7,1073,720,628,210,1415,1198,11.8,76.1,1.0516
247,1100178000000,2.8,1150,NaN,13.6,1105,557,629,199,1450,1160,12.5,71.3,1.0285
247,1100181600000,3.9,1252,NaN,18.0,1240,678,564,178,1614,1277,13.2,68.4,1.0346
247,1100185200000,3.4,1186,NaN,14.3,1125,659,617,184,1493,1171,12.5,73.2,1.0563
247,1100188800000,3.2,1172,NaN,13.7,1107,552,629,186,1449,1106,12.2,75.7,1.0693
247,1100192400000,2.8,1109,NaN,11.2,1021,395,689,168,1361,1036,11.5,78.1,1.0565
247,1100196000000,3.9,1201,NaN,16.5,1196,573,597,187,1546,1196,11.6,76.0,1.0354
247,1100199600000,3.5,1189,NaN,16.1,1183,463,603,166,1534,1170,12.0,73.3,1.0264
247,1100203200000,4.7,1282,NaN,20.6,1312,568,551,177,1671,1312,12.9,68.8,1.0175
247,1100206800000,4.6,1207,NaN,16.8,1203,706,625,207,1570,1251,13.1,69.6,1.0464
247,1100210400000,1.2,904,NaN,4.8,754,193,930,114,1172,805,12.3,73.4,1.049
247,1100214000000,1.1,900,NaN,4.0,711,151,975,84,1153,736,12.7,71.0,1.0387
248,1100217600000,1.2,932,NaN,4.5,740,167,926,92,1180,774,12.9,69.9,1.0371
248,1100221200000,1.6,968,NaN,5.4,785,239,872,111,1209,826,12.9,70.5,1.0442
248,1100224800000,0.7,827,NaN,2.4,610,102,1092,71,1120,636,13.1,67.7,1.0198
248,1100228400000,0.4,789,NaN,1.2,515,NaN,1276,NaN,1054,516,13.1,67.6,1.0127
248,1100232000000,NaN,812,NaN,1.6,549,55,1213,43,1079,531,13.8,64.0,1.0042
248,1100235600000,0.6,811,NaN,1.7,559,71,1170,50,1085,558,13.7,64.4,1.0036
248,1100239200000,0.5,827,NaN,1.7,560,79,1169,53,1087,565,13.9,63.8,1.0079
248,1100242800000,0.6,849,NaN,2.3,604,117,1086,67,1108,604,14.1,64.5,1.0287
248,1100246400000,1.4,1001,NaN,5.7,798,266,855,113,1257,794,14.0,66.1,1.0488
248,1100250000000,2.0,1021,NaN,7.9,896,340,741,140,1314,907,14.2,66.4,1.0673
248,1100253600000,1.6,978,NaN,6.4,831,257,807,116,1257,838,14.9,62.5,1.0529
248,1100257200000,1.6,996,NaN,6.9,855,311,793,122,1277,884,16.3,58.4,1.0729
248,1100260800000,1.7,1014,NaN,6.7,843,279,791,116,1297,866,16.9,56.5,1.0801
248,1100264400000,2.0,1061,NaN,8.7,928,267,730,118,1366,909,17.4,55.8,1.098
248,1100268000000,2.3,1092,NaN,9.9,975,310,690,125,1418,990,17.4,57.3,1.1328
248,1100271600000,2.4,1129,NaN,11.4,1028,352,661,126,1480,1050,17.7,55.5,1.1127
248,1100275200000,2.2,1077,NaN,9.8,969,337,690,135,1405,1023,16.8,58.9,1.1199
248,1100278800000,2.6,1153,NaN,12.9,1079,358,635,140,1496,1103,17.0,57.5,1.1071
248,1100282400000,4.0,1234,NaN,16.6,1197,547,575,163,1597,1239,16.2,60.2,1.1003
248,1100286000000,5.2,1319,NaN,20.8,1319,600,539,178,1735,1384,16.7,58.0,1.0916
248,1100289600000,3.9,1251,NaN,18.8,1264,470,561,160,1677,1289,16.5,58.8,1.0921
248,1100293200000,3.8,1165,NaN,12.6,1070,522,650,166,1467,1180,15.8,61.1,1.0856
248,1100296800000,1.6,954,NaN,5.9,807,208,833,115,1243,855,15.7,60.8,1.0769
248,1100300400000,1.5,971,NaN,6.1,818,205,828,107,1252,857,15.9,59.6,1.0673
249,1100304000000,1.6,961,NaN,5.0,765,217,865,108,1212,811,15.6,60.0,1.0594
249,1100307600000,1.5,952,NaN,4.9,758,216,876,111,1203,794,15.6,60.1,1.0557
249,1100311200000,1.0,875,NaN,2.7,635,117,1037,75,1133,612,15.7,59.5,1.0534
249,1100314800000,0.8,891,NaN,2.7,633,NaN,1035,NaN,1137,590,15.7,60.1,1.064
249,1100318400000,1.3,1006,NaN,5.0,765,174,848,88,1239,807,15.6,61.7,1.0847
249,1100322000000,1.0,907,NaN,3.7,691,111,927,71,1173,702,15.8,59.9,1.0693
249,1100325600000,1.0,938,NaN,3.8,702,147,904,75,1185,753,15.2,61.8,1.0602
249,1100329200000,0.9,925,NaN,3.3,672,140,991,86,1154,709,16.1,55.4,1.0089
249,1100332800000,2.1,1157,NaN,9.7,967,421,678,124,1365,1087,14.9,64.1,1.0773
249,1100336400000,2.1,1169,NaN,10.7,1003,350,665,128,1409,1126,15.6,62.0,1.0904
249,1100340000000,3.1,1312,NaN,14.7,1139,550,565,164,1568,1386,17.9,54.6,1.11
249,1100343600000,3.8,1347,NaN,17.6,1227,589,539,199,1627,1476,21.1,44.5,1.0964
249,1100347200000,3.7,1321,NaN,17.5,1224,537,543,192,1617,1424,20.3,46.7,1.0971
249,1100350800000,3.6,1267,NaN,14.1,1118,473,592,166,1503,1310,21.5,42.7,1.0837
249,1100354400000,3.3,1234,NaN,12.1,1053,364,639,133,1476,1114,21.5,43.1,1.0919
249,1100358000000,2.1,1101,NaN,9.2,947,270,699,118,1374,1029,21.5,43.4,1.0965
249,1100361600000,2.3,1149,NaN,10.6,998,368,664,133,1434,1101,20.8,45.5,1.1054
249,1100365200000,2.1,1094,NaN,9.0,941,318,695,128,1371,1040,19.2,49.6,1.0893
249,1100368800000,1.9,1056,NaN,7.5,878,244,758,116,1308,856,18.3,51.6,1.0732
249,1100372400000,1.9,1030,NaN,8.0,899,234,767,118,1275,836,17.7,51.5,1.0357
249,1100376000000,2.3,1075,NaN,9.1,943,296,752,142,1305,894,17.2,51.5,1.0015
249,1100379600000,1.7,927,NaN,4.7,748,205,888,113,1157,696,15.9,54.9,0.9853
249,1100383200000,0.8,793,NaN,1.8,570,95,1143,59,1036,524,14.0,55.2,0.8807
249,1100386800000,0.8,796,NaN,2.1,589,93,1136,52,1026,506,13.3,53.0,0.8044
250,1100390400000,0.8,780,NaN,1.8,568,100,1190,57,997,453,11.9,55.5,0.7711
250,1100394000000,0.8,774,NaN,1.8,569,100,1222,58,984,434,11.4,54.6,0.7363
250,1100397600000,0.6,718,NaN,1.0,500,63,1401,44,914,373,10.4,53.7,0.6749
250,1100401200000,0.4,705,NaN,0.8,478,NaN,1546,NaN,885,330,9.9,54.3,0.6609
250,1100404800000,0.3,689,NaN,0.7,470,36,1643,26,863,305,9.8,51.3,0.6225
250,1100408400000,0.3,678,NaN,0.4,427,24,1771,20,853,286,9.5,52.2,0.6198
250,1100412000000,0.2,655,NaN,0.2,402,20,2077,17,814,268,10.0,45.7,0.5598
250,1100415600000,0.2,649,NaN,0.2,397,25,2062,21,798,261,10.2,41.9,0.5209
250,1100419200000,0.3,647,NaN,0.3,412,39,1964,29,779,274,10.6,36.1,0.4624
250,1100422800000,0.3,667,NaN,0.4,429,57,1793,39,790,291,10.7,36.0,0.4623
250,1100426400000,0.4,669,NaN,0.5,444,59,1664,41,791,304,10.8,35.4,0.4583
250,1100430000000,0.4,667,NaN,0.6,455,65,1716,44,786,301,11.4,32.9,0.4435
250,1100433600000,0.6,705,NaN,1.1,508,93,1494,54,820,329,12.4,32.0,0.4583
250,1100437200000,0.6,710,NaN,1.2,523,112,1479,62,827,350,12.4,31.3,0.45
250,1100440800000,0.6,713,NaN,1.4,539,110,1593,62,829,380,12.2,31.8,0.4514
250,1100444400000,0.5,703,NaN,1.1,512,81,2121,48,837,356,10.5,37.9,0.4821
250,1100448000000,0.6,738,NaN,1.3,529,100,1991,59,876,383,9.6,44.2,0.5289
250,1100451600000,0.7,795,NaN,1.8,569,109,1773,63,959,429,8.2,57.9,0.6293
250,1100455200000,1.4,861,NaN,4.7,750,148,1481,78,1051,556,7.3,63.5,0.6519
250,1100458800000,1.2,836,NaN,3.0,653,207,1798,99,978,537,8.4,55.7,0.6155
250,1100462400000,1.1,812,NaN,3.0,652,210,1586,106,964,554,9.1,49.6,0.5765
250,1100466000000,1.0,771,NaN,2.8,642,180,1678,97,915,518,10.0,41.4,0.5102
250,1100469600000,0.6,711,NaN,1.6,556,109,1938,67,840,416,10.4,36.2,0.4561
250,1100473200000,0.8,741,NaN,2.3,607,128,1312,73,865,433,11.3,32.3,0.4329
251,1100476800000,0.6,696,NaN,1.3,532,96,1416,62,814,393,10.9,33.5,0.4378
251,1100480400000,0.5,692,NaN,1.1,507,65,1483,44,811,353,10.6,34.9,0.4455
251,1100484000000,0.3,679,NaN,0.6,449,42,1666,31,800,314,10.7,36.1,0.4639
251,1100487600000,0.2,676,NaN,0.4,429,NaN,1750,NaN,803,296,11.0,37.3,0.488
251,1100491200000,NaN,681,NaN,0.4,428,24,1768,21,817,297,10.7,39.2,0.5045
251,1100494800000,0.3,683,NaN,0.4,426,28,1775,22,805,302,10.4,38.6,0.4862
251,1100498400000,0.4,704,NaN,0.8,478,55,1498,41,821,348,10.4,37.4,0.4717
251,1100502000000,0.7,767,NaN,2.0,588,181,1292,94,885,508,10.5,37.0,0.4707
251,1100505600000,2.0,964,NaN,8.7,928,480,871,167,1130,936,10.7,37.9,0.487
251,1100509200000,2.4,925,NaN,8.6,923,442,841,162,1115,944,11.1,38.1,0.5023
251,1100512800000,1.8,883,NaN,6.8,849,361,910,141,1053,843,12.6,36.6,0.5314
251,1100516400000,1.6,894,NaN,6.2,820,288,932,127,1072,820,13.8,36.2,0.569
251,1100520000000,1.7,881,NaN,6.4,831,330,911,116,1074,793,13.4,37.1,0.5683
251,1100523600000,1.8,867,NaN,6.7,842,300,909,104,1077,737,13.5,34.9,0.5393
251,1100527200000,1.7,856,NaN,6.2,821,239,937,111,1043,718,13.7,32.2,0.5032
251,1100530800000,1.7,862,NaN,6.7,843,265,930,114,1032,743,13.6,32.1,0.4977
251,1100534400000,1.7,891,NaN,7.8,891,287,874,121,1077,848,13.5,31.8,0.4876
251,1100538000000,2.6,931,NaN,11.5,1032,403,795,164,1098,991,13.5,27.9,0.4287
251,1100541600000,4.0,1025,NaN,16.7,1202,515,691,194,1263,1191,12.7,28.9,0.4233
251,1100545200000,3.8,1029,NaN,16.6,1198,446,694,175,1305,1169,12.6,30.2,0.4384
251,1100548800000,4.0,1038,NaN,16.3,1190,501,685,180,1291,1167,12.3,32.0,0.4553
251,1100552400000,2.4,904,NaN,8.6,924,355,846,147,1083,966,12.0,34.3,0.4787
251,1100556000000,1.4,844,NaN,5.4,782,217,969,112,1003,796,11.6,37.3,0.5095
251,1100559600000,1.3,839,NaN,4.0,711,180,1029,94,990,712,11.3,40.3,0.5406
252,1100563200000,1.3,844,NaN,3.9,705,167,1035,91,986,701,11.3,41.8,0.561
252,1100566800000,1.0,800,NaN,2.8,641,126,1113,76,957,591,11.2,42.0,0.5582
252,1100570400000,0.8,786,NaN,2.2,596,113,1178,73,937,609,11.0,42.6,0.5595
252,1100574000000,0.6,737,NaN,0.9,492,NaN,1391,NaN,880,467,11.2,41.3,0.5498
252,1100577600000,0.4,732,NaN,0.7,472,37,1461,32,866,391,11.1,40.8,0.5395
252,1100581200000,0.5,737,NaN,0.7,468,50,1481,40,869,395,10.7,41.8,0.536
252,1100584800000,0.5,778,NaN,1.2,517,96,1330,63,890,510,10.2,43.6,0.5405
252,1100588400000,0.9,867,NaN,3.3,669,271,1069,119,981,779,10.1,44.0,0.5434
252,1100592000000,3.5,1248,NaN,16.6,1197,892,641,202,1405,1395,10.1,45.6,0.5632
252,1100595600000,5.2,1389,NaN,26.3,1463,1071,518,222,1694,1706,11.3,43.9,0.5867
252,1100599200000,4.3,1184,NaN,16.4,1193,839,626,212,1327,1479,14.5,33.8,0.5541
252,1100602800000,3.5,1160,NaN,15.5,1165,713,655,219,1325,1403,17.5,26.4,0.5228
252,1100606400000,2.6,982,NaN,10.7,1003,498,1037,189,1117,1072,17.2,22.4,0.4354
252,1100610000000,2.5,948,NaN,11.1,1017,389,1065,147,1077,929,17.3,20.4,0.4011
252,1100613600000,2.8,1017,NaN,11.7,1039,457,769,161,1149,1024,18.1,21.0,0.4321
252,1100617200000,2.2,985,NaN,10.9,1011,425,779,148,1138,1010,17.9,22.3,0.4537
252,1100620800000,2.4,1017,NaN,11.4,1029,483,768,148,1160,1046,17.6,23.7,0.473
252,1100624400000,3.5,1121,NaN,16.3,1190,604,673,188,1297,1264,16.7,25.9,0.4886
252,1100628000000,4.2,1129,NaN,18.5,1255,648,634,206,1370,1365,14.8,29.6,0.4965
252,1100631600000,3.1,1101,NaN,14.5,1134,427,683,168,1283,1281,13.6,34.0,0.5251
252,1100635200000,3.2,1182,NaN,15.8,1175,461,637,171,1363,1463,13.4,40.4,0.6178
252,1100638800000,2.8,1144,NaN,13.2,1091,436,671,171,1295,1388,11.8,44.3,0.6121
252,1100642400000,2.2,1046,NaN,7.8,890,300,791,142,1109,1195,10.7,47.5,0.6108
252,1100646000000,1.8,990,NaN,6.1,817,277,849,134,1071,1111,10.2,49.4,0.6138
253,1100649600000,1.7,974,NaN,5.0,764,196,910,107,1029,992,9.5,51.0,0.6045
253,1100653200000,1.6,953,NaN,5.3,778,277,885,121,1051,1019,7.7,57.9,0.6107
253,1100656800000,1.1,868,NaN,2.9,647,131,1054,85,962,828,8.4,54.5,0.6022
253,1100660400000,0.8,833,NaN,1.9,574,NaN,1150,NaN,930,752,7.9,55.4,0.593
253,1100664000000,0.7,786,NaN,1.2,522,97,1253,68,910,699,6.2,61.0,0.5824
253,1100667600000,0.8,834,NaN,1.6,551,105,1193,69,917,719,6.8,58.6,0.5813
253,1100671200000,0.9,845,NaN,2.0,583,138,1132,81,929,761,5.7,62.7,0.5801
253,1100674800000,1.2,929,NaN,4.0,713,183,987,92,1002,830,5.9,62.0,0.5811
253,1100678400000,3.3,1234,NaN,15.4,1161,664,629,200,1386,1318,6.3,61.7,0.5926
253,1100682000000,3.8,1270,NaN,19.0,1267,611,565,201,1434,1482,7.5,58.8,0.6117
253,1100685600000,3.2,1241,NaN,14.6,1135,600,622,213,1280,1474,11.4,45.4,0.6113
253,1100689200000,NaN,1268,NaN,16.0,1180,NaN,593,NaN,1323,1632,14.1,39.2,0.6278
253,1100692800000,3.2,1248,NaN,14.4,1131,878,615,187,1296,1592,13.3,42.3,0.6448
253,1100696400000,4.2,1317,NaN,19.0,1269,905,554,205,1446,1679,14.7,38.9,0.6462
253,1100700000000,4.3,1308,NaN,20.3,1306,808,553,212,1471,1670,16.5,32.9,0.6127
253,1100703600000,4.0,1321,NaN,19.5,1281,858,557,198,1442,1650,17.4,32.7,0.6422
253,1100707200000,4.1,1360,NaN,21.0,1325,839,535,171,1513,1692,17.3,33.9,0.6627
253,1100710800000,7.8,1659,NaN,35.9,1685,1290,423,272,1946,2155,16.0,41.5,0.7483
253,1100714400000,10.2,1802,NaN,47.7,1924,748,356,192,2235,2452,13.7,52.8,0.8244
253,1100718000000,6.6,1549,NaN,30.1,1553,1148,446,288,1796,2032,13.0,55.1,0.824
253,1100721600000,4.3,1407,NaN,22.0,1351,729,516,254,1557,1751,12.4,56.8,0.8141
253,1100725200000,4.9,1374,NaN,19.0,1268,810,536,267,1531,1675,10.7,62.1,0.7972
253,1100728800000,2.6,1127,NaN,9.2,948,427,703,198,1188,1312,10.5,61.1,0.7755
253,1100732400000,2.3,1096,NaN,7.1,860,274,777,145,1131,1179,9.7,62.5,0.7509
254,1100736000000,2.7,1119,NaN,8.2,908,387,735,167,1173,1197,8.8,65.5,0.7435
254,1100739600000,2.2,999,NaN,5.1,771,235,864,127,1068,995,8.8,63.8,0.7236
254,1100743200000,2.0,987,NaN,5.6,794,225,852,119,1106,971,8.5,65.0,0.7221
254,1100746800000,1.3,912,NaN,3.5,685,NaN,934,NaN,1050,876,7.5,69.3,0.7201
254,1100750400000,1.2,893,NaN,3.8,701,185,935,84,1045,844,6.4,74.0,0.7134
254,1100754000000,1.1,878,NaN,3.6,687,212,964,89,1035,813,5.9,76.6,0.7179
254,1100757600000,1.4,996,NaN,6.6,841,358,797,122,1127,1005,6.1,76.7,0.7271
254,1100761200000,2.1,1119,NaN,9.9,974,531,710,162,1224,1170,6.8,74.5,0.7415
254,1100764800000,4.5,1407,NaN,21.5,1339,992,531,225,1584,1533,7.7,72.5,0.7666
254,1100768400000,5.6,1503,NaN,27.8,1498,1132,469,249,1749,1783,8.9,67.4,0.7714
254,1100772000000,5.6,1446,NaN,22.9,1374,1195,499,282,1560,1818,11.4,58.3,0.7868
254,1100775600000,4.7,1416,NaN,20.2,1302,1120,526,278,1471,1826,13.4,52.8,0.8086
254,1100779200000,4.2,1448,NaN,19.7,1288,870,518,251,1506,1839,15.8,50.1,0.892
254,1100782800000,3.6,1282,NaN,13.8,1111,570,586,208,1455,1428,18.3,50.0,1.0431
254,1100786400000,3.2,1271,NaN,15.3,1157,384,572,187,1483,1353,18.8,49.2,1.0548
254,1100790000000,3.1,1321,NaN,15.9,1178,381,552,182,1539,1491,18.4,49.6,1.0391
254,1100793600000,3.8,1362,NaN,17.4,1223,541,535,212,1597,1517,18.3,51.0,1.0586
254,1100797200000,3.9,1316,NaN,17.6,1228,484,540,174,1610,1413,17.6,53.1,1.0596
254,1100800800000,4.6,1374,NaN,20.4,1307,549,521,220,1709,1429,17.3,53.6,1.0472
254,1100804400000,4.9,1388,NaN,22.6,1367,596,500,214,1722,1503,16.8,55.2,1.048
254,1100808000000,5.4,1422,NaN,25.1,1432,620,474,212,1852,1636,16.6,56.5,1.0551
254,1100811600000,4.3,1281,NaN,17.2,1216,542,548,191,1604,1687,16.3,58.1,1.0648
254,1100815200000,3.1,1192,NaN,11.7,1040,381,640,160,1441,1405,15.9,59.0,1.059
254,1100818800000,2.5,1108,NaN,9.2,945,270,692,130,1355,1199,15.9,59.4,1.0628
255,1100822400000,2.4,1071,NaN,7.7,885,284,740,133,1298,1090,15.7,60.9,1.0774
255,1100826000000,1.9,999,NaN,5.6,793,204,817,110,1242,898,16.1,59.5,1.0811
255,1100829600000,1.3,925,NaN,3.3,670,93,940,65,1173,663,15.5,63.8,1.1119
255,1100833200000,1.2,886,NaN,2.3,608,NaN,1013,NaN,1143,611,14.9,65.3,1.1018
255,1100836800000,1.1,888,NaN,2.1,590,51,1009,41,1152,625,14.7,64.4,1.0704
255,1100840400000,0.9,863,NaN,1.3,531,45,1097,36,1095,606,14.7,59.8,0.9968
255,1100844000000,1.0,870,NaN,1.6,550,68,1126,45,1078,515,15.4,55.9,0.9722
255,1100847600000,1.6,1043,NaN,5.3,776,198,800,98,1248,826,14.5,63.0,1.0319
255,1100851200000,4.8,1478,NaN,20.5,1310,633,492,194,1775,1542,14.7,63.1,1.0513
255,1100854800000,5.9,1436,NaN,22.7,1371,548,458,191,1808,1626,15.2,62.2,1.0641
255,1100858400000,5.6,1354,NaN,16.7,1201,588,529,193,1593,1538,16.1,59.2,1.0736
255,1100862000000,3.5,1290,NaN,13.8,1110,612,571,231,1512,1441,17.0,55.9,1.0741
255,1100865600000,2.8,1203,NaN,11.8,1043,428,617,202,1470,1217,17.6,52.2,1.0396
255,1100869200000,3.6,1298,NaN,15.2,1156,463,549,188,1582,1320,17.3,55.4,1.0836
255,1100872800000,4.8,1352,NaN,17.9,1236,479,522,184,1659,1368,17.8,53.5,1.0833
255,1100876400000,5.0,1247,NaN,14.8,1142,469,574,222,1547,1199,18.3,52.3,1.0922
255,1100880000000,5.6,1375,NaN,18.3,1247,583,531,221,1650,1375,18.3,52.8,1.1016
255,1100883600000,7.5,1553,NaN,24.4,1414,760,455,193,1851,1682,17.7,56.6,1.133
255,1100887200000,7.2,1521,NaN,25.0,1430,691,449,187,1907,1761,17.3,58.2,1.1435
255,1100890800000,8.3,1623,NaN,29.8,1547,832,414,188,2040,1883,16.2,62.6,1.1455
255,1100894400000,8.6,1510,NaN,27.9,1501,881,456,185,1901,1855,15.2,57.5,0.9829
255,1100898000000,4.3,837,NaN,6.5,835,390,896,146,960,1078,14.2,27.7,0.4451
255,1100901600000,2.6,667,NaN,3.6,689,207,1210,120,709,620,13.4,14.3,0.2185
255,1100905200000,2.6,695,NaN,4.0,711,204,1193,110,739,645,12.8,14.8,0.218
256,1100908800000,2.7,683,NaN,3.6,686,243,1240,121,702,627,12.2,14.0,0.1988
256,1100912400000,2.7,695,NaN,4.0,709,264,1236,126,717,645,12.0,14.5,0.2029
256,1100916000000,2.6,703,NaN,3.5,685,215,1218,117,734,641,10.8,17.0,0.2193
256,1100919600000,2.4,698,NaN,2.4,614,NaN,1286,NaN,718,591,10.4,19.2,0.242
256,1100923200000,NaN,714,NaN,2.3,605,146,1278,94,738,594,9.7,22.5,0.2698
256,1100926800000,0.6,692,NaN,1.5,546,92,1347,70,697,500,9.0,23.1,0.2648
256,1100930400000,0.7,729,NaN,2.8,639,174,1234,96,773,628,8.7,24.7,0.2785
256,1100934000000,1.2,880,NaN,6.0,812,294,928,136,954,1040,6.9,39.4,0.3948
256,1100937600000,2.0,974,NaN,11.1,1019,412,769,177,1122,1159,6.3,44.8,0.431
256,1100941200000,2.8,1086,NaN,15.3,1157,573,674,214,1237,1330,7.2,43.2,0.4417
256,1100944800000,2.9,1087,NaN,17.1,1213,661,668,243,1216,1402,11.9,27.9,0.3882
256,1100948400000,2.2,933,NaN,10.3,990,555,849,192,956,1104,14.8,17.9,0.2977
256,1100952000000,1.6,852,NaN,8.5,919,363,967,149,831,855,14.8,14.3,0.2397
256,1100955600000,1.5,882,NaN,10.4,993,302,902,141,941,862,14.7,15.5,0.2586
256,1100959200000,1.9,888,NaN,10.9,1009,340,866,137,937,973,14.7,16.6,0.2756
256,1100962800000,1.5,878,NaN,10.6,1000,306,880,138,942,936,14.8,15.6,0.2615
256,1100966400000,1.8,892,NaN,11.1,1018,377,879,149,931,1009,15.3,14.3,0.2462
256,1100970000000,3.4,1117,NaN,21.1,1327,625,692,196,1302,1475,13.5,19.5,0.3003
256,1100973600000,4.6,1252,NaN,22.3,1359,870,604,239,1380,1765,11.1,31.8,0.4187
256,1100977200000,1.6,1012,NaN,10.6,999,421,785,164,1057,1329,10.2,33.4,0.4143
256,1100980800000,1.2,1025,NaN,8.4,916,294,832,149,1018,1262,9.5,35.9,0.4273
256,1100984400000,1.2,1033,NaN,7.6,881,339,855,159,999,1230,8.0,39.8,0.4286
256,1100988000000,0.9,1008,NaN,7.1,861,260,858,149,991,1229,6.6,44.1,0.4333
256,1100991600000,0.7,992,NaN,7.2,867,256,876,133,997,1196,6.1,45.2,0.4295
257,1100995200000,2.5,1187,NaN,13.9,1114,572,700,216,1193,1433,5.2,50.8,0.452
257,1100998800000,1.5,1065,NaN,9.7,968,428,808,196,1059,1249,4.9,53.0,0.4629
257,1101002400000,0.5,889,NaN,4.9,760,195,968,120,919,983,5.3,48.7,0.4364
257,1101006000000,0.3,901,NaN,5.1,767,NaN,961,NaN,944,965,4.2,53.6,0.4454
257,1101009600000,0.5,875,NaN,5.6,795,160,928,101,965,932,3.1,56.3,0.4368
257,1101013200000,0.1,808,NaN,2.8,636,101,1120,75,862,770,4.1,52.2,0.4338
257,1101016800000,0.2,858,NaN,2.7,633,97,1136,73,878,788,3.5,55.9,0.4431
257,1101020400000,NaN,819,NaN,3.6,690,127,1051,84,907,819,1.8,61.7,0.4376
257,1101024000000,0.2,862,NaN,4.9,757,227,983,116,938,879,1.3,65.3,0.4457
257,1101027600000,0.5,877,NaN,5.6,793,253,944,132,951,924,3.2,57.0,0.4434
257,1101031200000,0.4,941,NaN,6.4,832,234,914,125,970,964,7.2,42.8,0.4356
257,1101034800000,0.8,983,NaN,6.8,846,291,871,148,996,1055,10.3,34.2,0.4291
257,1101038400000,1.5,1067,NaN,10.1,981,402,755,186,1104,1383,10.9,33.8,0.4393
257,1101042000000,1.9,1100,NaN,11.2,1022,492,752,193,1101,1367,12.2,30.0,0.4245
257,1101045600000,1.1,958,NaN,8.7,928,351,841,174,986,1120,13.3,24.3,0.3686
257,1101049200000,0.3,866,NaN,5.0,763,160,1018,106,859,775,15.2,18.7,0.3214
257,1101052800000,0.9,1018,NaN,8.2,907,292,889,127,981,1150,14.9,21.7,0.3646
257,1101056400000,2.1,1175,NaN,12.7,1074,537,748,172,1134,1528,13.1,25.4,0.3814
257,1101060000000,2.4,1197,NaN,10.9,1012,607,717,179,1103,1655,11.7,32.7,0.4472
257,1101063600000,1.6,1110,NaN,7.4,872,308,822,150,971,1393,10.1,34.4,0.4249
257,1101067200000,1.1,1060,NaN,6.3,825,277,854,147,967,1338,9.8,36.0,0.4364
257,1101070800000,1.3,1136,NaN,7.7,885,348,806,163,1006,1403,7.1,43.2,0.436
257,1101074400000,0.8,1049,NaN,7.2,864,267,818,145,1010,1327,5.9,47.8,0.4459
257,1101078000000,1.0,1053,NaN,7.0,859,399,810,186,1008,1346,5.3,50.5,0.453
258,1101081600000,0.3,970,NaN,5.0,763,163,917,116,930,1132,5.6,48.0,0.4412
258,1101085200000,1.0,1049,NaN,8.2,907,297,795,145,1038,1209,3.9,55.9,0.4568
258,1101088800000,0.4,919,NaN,5.0,761,212,911,122,942,1044,3.3,58.0,0.4551
258,1101092400000,0.1,870,NaN,3.5,684,NaN,997,NaN,895,936,3.7,56.3,0.4544
258,1101096000000,NaN,814,NaN,2.0,587,81,1146,68,876,840,4.2,54.8,0.4571
258,1101099600000,NaN,820,NaN,2.3,604,116,1127,80,874,847,2.6,60.8,0.4544
258,1101103200000,0.1,897,NaN,4.2,722,201,987,108,953,959,3.7,57.9,0.4651
258,1101106800000,0.4,988,NaN,6.8,850,333,861,149,1030,1133,4.5,54.8,0.466
258,1101110400000,2.4,1242,NaN,16.2,1185,733,625,232,1297,1511,4.9,55.8,0.4882
258,1101114000000,3.1,1493,NaN,50.7,1981,846,448,215,1567,2346,5.4,55.1,0.497
258,1101117600000,3.1,1394,NaN,63.7,2214,801,411,218,1629,2311,6.2,51.8,0.4952
258,1101121200000,2.7,1252,NaN,25.4,1439,884,559,239,1383,1798,6.8,49.8,0.4959
258,1101124800000,2.3,1255,NaN,20.1,1301,784,571,224,1355,1750,7.3,50.6,0.5184
258,1101128400000,3.0,1360,NaN,23.5,1392,896,490,235,1458,1863,7.8,49.0,0.5191
258,1101132000000,3.6,1369,NaN,25.2,1434,953,489,237,1539,1883,8.0,49.2,0.5282
258,1101135600000,3.1,1361,NaN,21.8,1347,980,518,239,1456,1851,8.3,49.3,0.5414
258,1101139200000,3.5,1411,NaN,22.8,1371,1058,500,235,1484,1919,8.5,49.6,0.5517
258,1101142800000,4.0,1509,NaN,25.4,1439,1080,459,199,1577,2078,8.5,52.6,0.5856
258,1101146400000,6.3,1738,NaN,38.3,1735,1301,365,240,1917,2434,8.9,53.4,0.6117
258,1101150000000,6.9,1766,NaN,37.6,1720,1345,361,245,1881,2515,9.1,53.8,0.6216
258,1101153600000,6.5,1706,NaN,33.9,1641,1218,381,239,1778,2522,8.9,54.2,0.6183
258,1101157200000,3.3,1472,NaN,22.4,1361,884,462,191,1455,2334,8.5,54.2,0.6054
258,1101160800000,2.4,1392,NaN,16.9,1206,650,521,164,1347,2199,8.5,57.8,0.6432
258,1101164400000,1.7,1335,NaN,13.9,1112,444,570,130,1331,1861,7.7,71.1,0.7503
259,1101168000000,1.3,1285,NaN,11.6,1037,370,610,121,1277,1751,7.9,72.5,0.7766
259,1101171600000,1.1,1267,NaN,10.8,1008,349,628,118,1264,1652,8.0,75.3,0.8079
259,1101175200000,0.8,1176,NaN,8.8,930,287,679,113,1216,1455,8.0,76.2,0.8217
259,1101178800000,0.3,1079,NaN,6.0,812,NaN,782,NaN,1158,1158,7.8,81.3,0.8631
259,1101182400000,NaN,1084,NaN,6.1,816,226,776,94,1165,1126,7.9,81.8,0.8759
259,1101186000000,1.3,1091,NaN,6.4,829,238,755,92,1177,1126,8.2,81.4,0.888
259,1101189600000,1.4,1126,NaN,7.7,886,316,713,98,1225,1158,8.5,81.1,0.8989
259,1101193200000,2.1,1210,NaN,10.0,978,508,666,111,1332,1237,8.9,79.3,0.9088
259,1101196800000,4.5,1565,NaN,24.0,1405,920,488,139,1830,1696,9.5,77.9,0.9278
259,1101200400000,5.7,1578,NaN,27.6,1494,980,448,160,1854,1800,9.9,77.6,0.9488
259,1101204000000,6.6,1702,NaN,31.5,1585,1188,422,183,1960,1967,10.7,76.2,0.9798
259,1101207600000,5.0,1552,NaN,24.1,1406,1045,478,185,1749,1862,11.8,72.2,0.9948
259,1101211200000,5.3,1590,NaN,26.5,1466,999,448,198,1831,2003,13.3,66.9,1.0163
259,1101214800000,5.4,1640,NaN,27.1,1480,955,432,201,1865,2041,13.8,67.0,1.0513
259,1101218400000,7.3,1769,NaN,33.2,1624,1189,396,233,2041,2202,13.9,67.6,1.0666
259,1101222000000,5.1,1581,NaN,25.5,1442,933,435,202,1839,1966,14.2,66.8,1.073
259,1101225600000,5.3,1658,NaN,27.1,1482,898,419,186,1893,2030,14.2,67.8,1.0879
259,1101229200000,7.3,1821,NaN,35.4,1673,1201,371,215,2119,2201,13.6,71.0,1.1018
259,1101232800000,10.2,1982,NaN,49.5,1959,1369,322,227,2536,2386,13.2,72.6,1.0936
259,1101236400000,11.9,2008,NaN,50.6,1980,1389,325,220,2562,2342,12.4,74.7,1.0741
259,1101240000000,11.5,1918,NaN,49.4,1958,1358,335,190,2477,2237,11.5,76.2,1.0324
259,1101243600000,8.3,1693,NaN,31.7,1590,1189,412,178,1949,2025,10.4,79.3,0.9993
259,1101247200000,4.7,1495,NaN,21.8,1345,866,467,147,1649,1853,10.0,82.5,1.015
259,1101250800000,4.0,1449,NaN,19.8,1291,718,482,138,1580,1817,10.0,82.6,1.0163
260,1101254400000,3.9,1439,NaN,18.6,1257,715,494,135,1571,1704,10.1,83.5,1.0296
260,1101258000000,2.8,1270,NaN,13.4,1098,558,572,123,1420,1463,10.0,83.6,1.0235
260,1101261600000,2.3,1163,NaN,10.1,980,467,654,106,1327,1299,10.4,80.8,1.0191
260,1101265200000,1.8,1130,NaN,8.4,915,NaN,697,NaN,1281,1205,10.6,80.3,1.0252
260,1101268800000,1.4,1023,NaN,5.4,781,295,809,81,1195,1019,10.6,78.8,1.008
260,1101272400000,1.0,931,NaN,3.4,679,151,947,66,1138,867,10.5,77.8,0.9839
260,1101276000000,1.0,953,NaN,4.1,717,188,907,64,1152,911,9.8,79.2,0.9567
260,1101279600000,1.8,1108,NaN,8.7,927,380,718,86,1315,1106,9.5,80.3,0.9532
260,1101283200000,3.8,1414,NaN,18.7,1261,717,532,114,1644,1479,9.8,80.5,0.9724
260,1101286800000,4.2,1423,NaN,21.0,1323,803,496,115,1727,1568,10.3,80.3,1.002
260,1101290400000,3.6,1352,NaN,17.7,1231,726,538,110,1605,1530,11.1,77.2,1.0175
260,1101294000000,3.3,1303,NaN,15.1,1153,558,575,116,1520,1582,13.3,68.8,1.0505
260,1101297600000,2.0,1103,NaN,8.8,931,427,711,162,1293,1235,15.1,58.3,0.9978
260,1101301200000,2.0,1138,NaN,9.7,967,317,695,104,1332,1195,15.6,56.2,0.9876
260,1101304800000,2.9,1278,NaN,14.4,1130,436,580,129,1506,1471,15.4,59.6,1.0375
260,1101308400000,2.7,1292,NaN,14.7,1141,490,556,146,1498,1582,14.6,63.7,1.0508
260,1101312000000,3.4,1374,NaN,17.4,1222,602,516,160,1582,1671,13.7,66.8,1.0432
260,1101315600000,4.5,1464,NaN,22.3,1358,732,477,169,1719,1711,12.3,72.5,1.0331
260,1101319200000,6.1,1562,NaN,30.3,1557,865,427,167,1916,1852,10.8,77.2,1.0021
260,1101322800000,6.8,1592,NaN,33.3,1627,936,401,166,1957,1902,10.2,80.4,1.0003
260,1101326400000,8.4,1669,NaN,36.0,1686,1074,384,181,2066,1961,10.1,79.3,0.9795
260,1101330000000,5.3,1429,NaN,23.9,1401,812,475,144,1698,1689,10.0,76.1,0.9329
260,1101333600000,4.5,1354,NaN,19.0,1269,773,506,141,1530,1580,8.6,82.3,0.9198
260,1101337200000,4.1,1311,NaN,16.8,1203,761,542,123,1448,1428,7.7,84.3,0.8881
261,1101340800000,4.0,1311,NaN,17.5,1225,781,538,121,1464,1434,7.1,84.1,0.8557
261,1101344400000,4.0,1292,NaN,17.4,1221,743,547,114,1437,1389,6.7,83.2,0.819
261,1101348000000,3.0,1091,NaN,11.3,1025,533,666,93,1262,1130,6.0,83.0,0.78
261,1101351600000,2.1,1009,NaN,8.7,928,NaN,754,NaN,1166,983,5.1,84.0,0.7439
261,1101355200000,2.2,1050,NaN,9.4,956,456,725,89,1162,1025,4.3,85.4,0.7152
261,1101358800000,2.2,1053,NaN,9.4,955,486,710,94,1154,1050,4.0,85.7,0.7041
261,1101362400000,2.0,1016,NaN,9.1,945,498,724,93,1147,1038,4.0,84.4,0.6943
261,1101366000000,2.2,1057,NaN,10.7,1004,585,702,100,1204,1080,4.0,83.1,0.682
261,1101369600000,4.0,1309,NaN,21.3,1333,911,537,127,1555,1411,4.4,81.3,0.689
261,1101373200000,4.8,1315,NaN,22.9,1375,845,526,137,1576,1549,6.7,72.6,0.718
261,1101376800000,4.6,1315,NaN,20.1,1300,807,547,190,1531,1659,10.0,63.4,0.7791
261,1101380400000,2.8,1111,NaN,11.8,1042,603,682,171,1257,1434,13.6,48.7,0.7547
261,1101384000000,2.1,1087,NaN,10.6,1000,391,706,127,1251,1310,14.6,46.5,0.7687
261,1101387600000,2.0,1104,NaN,11.4,1028,279,696,109,1263,1227,15.4,43.0,0.7483
261,1101391200000,2.5,1142,NaN,12.8,1078,358,670,126,1256,1261,16.4,38.2,0.7081
261,1101394800000,2.5,1164,NaN,13.4,1096,403,662,136,1311,1261,16.8,37.6,0.7129
261,1101398400000,2.8,1214,NaN,14.2,1124,465,659,156,1302,1345,16.8,36.7,0.6944
261,1101402000000,4.0,1369,NaN,21.8,1346,707,558,187,1537,1608,15.4,41.3,0.7151
261,1101405600000,4.5,1368,NaN,21.4,1334,660,529,173,1547,1653,13.8,48.9,0.7699
261,1101409200000,3.1,1226,NaN,15.4,1161,402,606,137,1368,1442,13.3,50.9,0.7745
261,1101412800000,2.6,1225,NaN,14.5,1134,350,614,122,1352,1421,11.5,57.3,0.7786
261,1101416400000,2.6,1190,NaN,11.4,1028,355,654,129,1287,1329,10.7,59.8,0.7674
261,1101420000000,2.0,1128,NaN,7.8,889,296,743,110,1160,1212,10.0,61.8,0.7576
261,1101423600000,1.8,1105,NaN,7.6,883,266,747,102,1180,1179,9.9,62.1,0.7566
262,1101427200000,2.5,1152,NaN,9.5,959,373,689,114,1232,1231,9.3,64.5,0.7554
262,1101430800000,2.3,1141,NaN,9.7,967,417,698,117,1245,1214,9.1,65.7,0.7607
262,1101434400000,2.1,1121,NaN,8.1,901,308,712,98,1215,1134,8.9,71.8,0.818
262,1101438000000,1.5,1043,NaN,5.9,805,NaN,798,NaN,1155,992,9.1,72.9,0.8429
262,1101441600000,NaN,1090,NaN,6.6,841,209,757,79,1202,989,8.7,77.6,0.8753
262,1101445200000,1.2,982,NaN,4.8,752,196,844,77,1153,897,9.0,77.3,0.8873
262,1101448800000,1.0,974,NaN,4.6,743,203,864,75,1155,885,9.1,77.3,0.8944
262,1101452400000,1.7,1118,NaN,8.4,915,393,731,95,1289,1059,9.3,76.9,0.9007
262,1101456000000,4.3,1508,NaN,23.1,1379,864,496,137,1767,1567,10.0,75.0,0.9179
262,1101459600000,5.8,1521,NaN,26.6,1470,960,456,149,1857,1727,10.6,72.7,0.9272
262,1101463200000,5.6,1562,NaN,26.1,1458,1056,458,197,1770,2021,12.4,64.8,0.931
262,1101466800000,4.0,1392,NaN,16.4,1192,856,543,183,1508,1795,13.7,59.9,0.9335
262,1101470400000,4.0,1439,NaN,18.9,1267,854,522,179,1586,1852,14.9,57.0,0.9564
262,1101474000000,4.9,1539,NaN,22.7,1371,854,488,196,1712,1943,15.5,56.2,0.9814
262,1101477600000,5.6,1608,NaN,27.2,1483,949,446,208,1845,2058,15.8,56.3,1.0026
262,1101481200000,5.1,1589,NaN,24.1,1407,932,556,203,1757,1972,15.8,57.9,1.0292
262,1101484800000,6.2,1704,NaN,29.1,1531,1071,507,213,1904,2098,15.7,58.9,1.0432
262,1101488400000,7.7,1822,NaN,36.0,1686,1134,387,233,2077,2244,15.5,61.2,1.067
262,1101492000000,10.1,1956,NaN,45.2,1877,1389,347,255,2338,2465,15.5,62.8,1.0979
262,1101495600000,6.4,1676,NaN,30.7,1568,866,444,170,1983,2096,15.6,64.9,1.1396
262,1101499200000,7.7,1834,NaN,37.7,1723,947,400,167,2204,2190,15.1,67.0,1.1394
262,1101502800000,8.1,1759,NaN,31.6,1588,1155,437,205,1971,2234,14.6,67.7,1.1164
262,1101506400000,4.7,1518,NaN,19.9,1293,798,515,170,1602,2048,13.8,67.8,1.0609
262,1101510000000,4.3,1502,NaN,18.6,1256,696,560,154,1568,2044,13.4,69.0,1.0579
263,1101513600000,4.1,1499,NaN,16.9,1207,654,748,143,1530,1881,13.0,73.7,1.0957
263,1101517200000,4.2,1531,NaN,18.0,1238,685,619,140,1583,1774,12.7,77.5,1.1339
263,1101520800000,3.8,1424,NaN,14.9,1145,574,641,122,1482,1615,12.4,78.4,1.1269
263,1101524400000,2.7,1279,NaN,10.2,986,NaN,756,NaN,1362,1473,11.9,79.7,1.1075
263,1101528000000,2.4,1250,NaN,9.1,942,319,755,103,1323,1380,11.9,80.7,1.1199
263,1101531600000,2.0,1189,NaN,7.3,870,263,821,97,1272,1251,13.2,75.8,1.1459
263,1101535200000,1.7,1197,NaN,7.6,881,320,820,99,1295,1173,12.3,81.9,1.1674
263,1101538800000,2.1,1273,NaN,9.2,946,439,729,110,1349,1217,12.8,80.8,1.1898
263,1101542400000,2.5,1298,NaN,11.1,1017,398,727,110,1418,1193,13.7,76.3,1.1932
263,1101546000000,3.8,1453,NaN,16.3,1190,637,583,121,1644,1358,13.4,78.8,1.2104
263,1101549600000,3.9,1492,NaN,17.8,1233,699,561,122,1672,1481,13.8,77.8,1.2201
263,1101553200000,4.2,1481,NaN,16.7,1202,699,768,136,1639,1532,15.1,73.2,1.244
263,1101556800000,4.0,1524,NaN,17.6,1228,707,853,170,1646,1675,15.8,70.5,1.2557
263,1101560400000,4.4,1562,NaN,19.4,1280,743,479,156,1711,1709,15.4,73.3,1.27
263,1101564000000,4.7,1567,NaN,20.1,1300,745,473,158,1753,1743,15.6,71.4,1.2596
263,1101567600000,4.6,1568,NaN,19.4,1280,741,479,174,1703,1774,16.3,68.7,1.2596
263,1101571200000,4.8,1622,NaN,20.5,1312,765,477,187,1727,1804,16.4,68.2,1.2662
263,1101574800000,4.5,1515,NaN,18.7,1259,632,508,147,1695,1555,15.6,70.2,1.238
263,1101578400000,5.6,1603,NaN,24.5,1417,808,459,136,1871,1621,14.2,75.8,1.2202
263,1101582000000,4.9,1514,NaN,21.3,1334,703,489,134,1755,1614,14.0,74.6,1.1865
263,1101585600000,5.3,1567,NaN,23.5,1392,764,470,126,1821,1637,13.3,75.8,1.1506
263,1101589200000,4.6,1380,NaN,15.5,1163,667,573,130,1547,1485,13.7,72.5,1.1326
263,1101592800000,2.4,1214,NaN,9.9,972,355,663,98,1359,1280,12.8,73.8,1.0853
263,1101596400000,2.7,1225,NaN,10.1,982,359,656,89,1358,1236,11.2,78.3,1.0415
264,1101600000000,2.5,1250,NaN,10.3,989,327,665,88,1343,1204,10.6,79.4,1.0133
264,1101603600000,2.3,1143,NaN,7.6,882,289,738,86,1260,1069,10.8,77.5,1.0027
264,1101607200000,NaN,1046,NaN,6.1,817,NaN,790,NaN,1214,957,10.5,78.6,0.9976
264,1101610800000,1.3,953,NaN,4.2,722,138,911,70,1148,828,10.3,77.6,0.9743
264,1101614400000,1.0,913,NaN,3.1,659,86,1010,55,1121,748,10.3,74.9,0.9362
264,1101618000000,0.9,858,NaN,1.6,554,60,1207,45,1047,663,11.2,69.0,0.9159
264,1101621600000,0.7,848,NaN,1.7,560,62,1206,44,1045,644,8.9,77.1,0.8804
264,1101625200000,0.8,871,NaN,1.5,548,73,1197,50,1025,662,9.5,73.3,0.8719
264,1101628800000,1.0,909,NaN,2.6,624,157,1056,74,1073,736,8.6,77.2,0.8617
264,1101632400000,1.1,906,NaN,2.8,637,166,1024,81,1070,761,8.6,76.6,0.8586
264,1101636000000,0.8,859,NaN,1.9,573,98,1126,65,1039,696,9.7,72.0,0.8649
264,1101639600000,1.4,1028,NaN,5.2,773,153,877,76,1194,871,11.1,68.2,0.8979
264,1101643200000,2.2,1089,NaN,6.5,835,307,778,110,1216,1004,11.8,65.0,0.8966
264,1101646800000,2.7,1184,NaN,9.4,954,416,701,124,1313,1133,12.1,64.8,0.9135
264,1101650400000,2.3,1136,NaN,8.2,906,346,729,120,1274,1140,12.6,63.2,0.9209
264,1101654000000,1.9,1069,NaN,6.9,854,252,780,99,1242,999,13.4,61.9,0.9513
264,1101657600000,2.7,1214,NaN,8.6,922,326,741,117,1273,1124,13.3,63.3,0.9597
264,1101661200000,3.2,1212,NaN,8.6,926,490,720,132,1283,1193,11.2,70.9,0.9406
264,1101664800000,3.2,1218,NaN,10.1,981,452,677,113,1335,1258,9.6,76.5,0.9184
264,1101668400000,3.5,1279,NaN,12.6,1069,542,628,117,1418,1356,9.9,76.3,0.9296
264,1101672000000,4.5,1382,NaN,16.5,1196,605,573,127,1543,1468,10.4,74.6,0.9394
264,1101675600000,4.1,1292,NaN,13.0,1085,577,620,132,1438,1390,10.3,75.1,0.9399
264,1101679200000,3.3,1250,NaN,12.1,1054,491,634,121,1407,1348,10.4,75.4,0.947
264,1101682800000,3.1,1260,NaN,11.4,1030,492,639,122,1378,1355,10.5,75.4,0.9566
265,1101686400000,3.0,1203,NaN,10.3,988,412,658,113,1350,1315,10.2,78.4,0.9757
265,1101690000000,2.3,1146,NaN,8.0,900,283,718,99,1280,1183,9.9,80.5,0.984
265,1101693600000,2.3,1130,NaN,8.1,902,280,715,86,1289,1117,9.8,81.4,0.9855
265,1101697200000,1.7,1032,NaN,4.9,757,NaN,837,NaN,1182,1001,9.5,81.7,0.9693
265,1101700800000,1.5,993,NaN,4.2,720,156,891,66,1143,925,8.9,83.0,0.9487
265,1101704400000,1.3,987,NaN,4.9,759,166,856,67,1162,940,8.8,83.7,0.9529
265,1101708000000,1.4,1018,NaN,5.7,800,225,821,78,1185,956,8.7,84.2,0.9526
265,1101711600000,2.0,1129,NaN,9.8,971,325,707,90,1315,1064,8.7,83.7,0.9454
265,1101715200000,4.2,1440,NaN,20.6,1312,760,537,120,1657,1515,9.6,80.8,0.9687
265,1101718800000,5.9,1609,NaN,29.5,1540,948,486,139,1961,1803,11.3,75.3,1.0048
265,1101722400000,6.3,1573,NaN,28.3,1511,1044,531,172,1916,1927,13.8,68.5,1.0718
265,1101726000000,6.6,1705,NaN,30.5,1562,1172,473,232,1988,2197,14.9,64.9,1.0929
265,1101729600000,5.0,1551,NaN,23.0,1377,1000,564,168,1734,2038,15.3,63.2,1.0898
265,1101733200000,2.5,1163,NaN,11.1,1016,366,781,120,1363,1339,18.6,49.1,1.0425
265,1101736800000,2.6,1186,NaN,12.8,1077,346,797,121,1404,1328,18.6,49.3,1.0451
265,1101740400000,1.9,1166,NaN,10.8,1007,289,775,117,1391,1227,18.4,49.9,1.0453
265,1101744000000,2.3,1200,NaN,11.4,1027,316,760,121,1416,1199,17.9,51.4,1.0488
265,1101747600000,1.9,1134,NaN,8.1,903,238,821,107,1299,1046,18.0,51.9,1.0622
265,1101751200000,2.3,1161,NaN,10.0,979,267,758,115,1375,1132,16.7,57.3,1.0813
265,1101754800000,1.8,1117,NaN,7.3,871,182,781,94,1320,986,17.3,57.0,1.1137
265,1101758400000,1.9,1114,NaN,7.3,872,197,857,98,1310,991,16.8,58.7,1.1109
265,1101762000000,1.4,1022,NaN,4.6,744,149,1224,87,1210,847,16.5,59.2,1.1021
265,1101765600000,1.2,996,NaN,4.0,710,124,1699,78,1182,783,16.3,59.7,1.0941
265,1101769200000,1.0,1002,NaN,3.9,704,105,1472,69,1202,752,16.0,61.6,1.1127
266,1101772800000,1.2,1032,NaN,3.6,688,109,1514,67,1200,737,15.6,66.6,1.1763
266,1101776400000,1.4,1052,NaN,5.1,766,169,1031,81,1302,796,13.8,80.4,1.2621
266,1101780000000,1.2,1014,NaN,4.5,737,124,1509,75,1288,765,13.2,84.4,1.2779
266,1101783600000,0.8,897,NaN,2.0,581,NaN,1184,NaN,1181,636,13.6,82.8,1.2845
266,1101787200000,0.6,878,NaN,1.2,518,50,1294,42,1149,539,13.8,81.3,1.2767
266,1101790800000,0.6,840,NaN,1.4,534,47,1268,38,1109,483,13.6,75.5,1.172
266,1101794400000,0.7,879,NaN,1.9,575,110,1262,64,1111,537,11.5,81.4,1.1025
266,1101798000000,1.1,999,NaN,3.6,690,193,1027,86,1192,707,11.8,80.7,1.1181
266,1101801600000,2.5,1251,NaN,11.0,1015,475,751,127,1453,1070,12.3,78.9,1.1283
266,1101805200000,3.6,1351,NaN,17.5,1226,420,648,122,1649,1248,13.0,76.0,1.1317
266,1101808800000,3.6,1312,NaN,15.9,1177,439,711,141,1588,1261,13.7,70.9,1.1076
266,1101812400000,3.3,1201,NaN,13.4,1098,461,763,139,1500,1209,14.0,70.9,1.1244
266,1101816000000,2.0,1120,NaN,8.8,932,238,897,105,1301,1039,14.6,65.9,1.088
266,1101819600000,1.9,1071,NaN,9.4,955,232,940,103,1311,977,14.9,59.9,1.0063
266,1101823200000,2.2,1085,NaN,9.7,967,241,943,108,1321,976,14.9,58.4,0.9839
266,1101826800000,2.2,1113,NaN,10.1,980,278,984,109,1311,995,15.3,54.3,0.9357
266,1101830400000,3.8,1310,NaN,20.2,1301,496,746,149,1694,1350,14.6,56.6,0.9367
266,1101834000000,3.5,1183,NaN,14.2,1122,464,897,143,1476,1215,12.6,62.0,0.9027
266,1101837600000,5.2,1362,NaN,22.8,1373,600,755,159,1698,1461,11.9,62.3,0.8674
266,1101841200000,6.3,1408,NaN,28.0,1502,692,640,178,1843,1598,11.6,64.3,0.8789
266,1101844800000,6.8,1471,NaN,30.3,1559,731,605,168,1939,1669,11.5,68.0,0.9207
266,1101848400000,4.1,1157,NaN,12.4,1063,491,905,160,1394,1223,10.7,73.9,0.9502
266,1101852000000,2.3,1061,NaN,8.0,899,284,1067,117,1277,939,9.6,83.0,0.9899
266,1101855600000,1.9,1006,NaN,6.5,836,245,1226,113,1210,902,9.6,79.9,0.9579
267,1101859200000,2.2,1039,NaN,7.5,880,273,1198,113,1251,933,9.8,79.4,0.9626
267,1101862800000,1.3,886,NaN,3.8,699,157,1900,94,1106,766,10.1,75.3,0.9322
267,1101866400000,1.2,900,NaN,3.8,701,117,1955,76,1127,749,9.1,80.0,0.9299
267,1101870000000,0.9,856,NaN,3.0,654,NaN,2042,NaN,1100,709,8.7,82.4,0.9294
267,1101873600000,NaN,857,NaN,2.8,638,123,2061,68,1083,746,8.5,81.7,0.9074
267,1101877200000,0.6,844,NaN,2.5,618,100,2095,63,1064,757,8.3,80.4,0.8861
267,1101880800000,0.9,927,NaN,3.3,671,135,2009,74,1098,792,8.9,79.2,0.9067
267,1101884400000,1.4,1007,NaN,7.0,857,301,1699,96,1248,921,8.7,80.8,0.9096
267,1101888000000,3.4,1318,NaN,18.1,1243,641,1261,121,1638,1318,9.0,79.8,0.9203
267,1101891600000,5.0,1396,NaN,24.6,1419,849,1104,145,1799,1547,9.5,78.3,0.9338
267,1101895200000,4.7,1337,NaN,19.7,1288,861,1192,158,1648,1516,10.4,76.0,0.9561
267,1101898800000,3.2,1202,NaN,13.0,1083,629,1376,143,1410,1340,11.0,74.4,0.9736
267,1101902400000,3.5,1309,NaN,17.1,1212,737,1267,182,1533,1556,13.8,63.6,0.9959
267,1101906000000,4.0,1351,NaN,19.3,1278,712,1249,163,1623,1582,13.6,65.6,1.0167
267,1101909600000,5.7,1501,NaN,28.4,1514,933,1090,178,1898,1791,13.7,66.5,1.038
267,1101913200000,5.0,1426,NaN,22.9,1375,836,1143,162,1751,1631,13.0,73.0,1.086
267,1101916800000,5.6,1544,NaN,25.7,1446,987,1070,171,1834,1679,12.7,77.1,1.1251
267,1101920400000,6.2,1566,NaN,26.8,1474,985,1049,174,1887,1681,12.3,79.7,1.1342
267,1101924000000,7.5,1547,NaN,29.2,1532,1040,1009,185,1972,1718,12.3,78.8,1.1279
267,1101927600000,3.0,1124,NaN,11.9,1047,401,1401,126,1419,1193,12.5,72.6,1.0489
267,1101931200000,2.6,1090,NaN,10.1,981,279,1513,113,1390,1044,11.8,76.1,1.0544
267,1101934800000,2.1,1034,NaN,7.2,865,280,1732,111,1280,925,11.3,79.9,1.0697
267,1101938400000,1.8,1040,NaN,7.1,859,280,1705,107,1293,889,11.1,84.3,1.1137
267,1101942000000,2.0,1060,NaN,7.5,877,327,1648,107,1313,929,11.3,83.1,1.1089
268,1101945600000,2.2,1076,NaN,8.1,903,316,1627,102,1330,958,11.6,81.0,1.1082
268,1101949200000,1.9,975,NaN,5.5,787,223,1812,96,1238,844,11.7,77.8,1.0689
268,1101952800000,1.6,987,NaN,5.7,796,180,1789,86,1254,830,11.7,78.6,1.0813
268,1101956400000,1.1,928,NaN,3.8,699,NaN,1930,NaN,1198,785,11.9,78.2,1.0856
268,1101960000000,0.9,889,NaN,2.9,646,131,2047,70,1163,743,12.0,77.4,1.0825
268,1101963600000,0.7,880,NaN,2.4,610,101,2095,59,1150,711,12.0,78.0,1.094
268,1101967200000,0.9,919,NaN,4.0,711,189,1667,74,1195,819,12.4,75.3,1.0813
268,1101970800000,1.4,1073,NaN,7.2,867,336,768,89,1329,981,12.5,76.4,1.1021
268,1101974400000,4.2,1435,NaN,21.6,1341,804,501,131,1787,1480,12.9,73.8,1.0937
268,1101978000000,5.0,1477,NaN,27.9,1501,860,444,139,1972,1691,13.3,70.7,1.0749
268,1101981600000,4.4,1337,NaN,19.2,1275,745,525,145,1655,1548,14.3,66.1,1.0711
268,1101985200000,3.4,1308,NaN,16.4,1191,685,537,137,1559,1523,15.4,63.9,1.1071
268,1101988800000,2.8,1245,NaN,14.8,1143,639,569,128,1531,1406,15.9,62.7,1.1273
268,1101992400000,3.4,1295,NaN,16.8,1205,668,538,128,1579,1476,16.4,61.9,1.1465
268,1101996000000,2.9,1338,NaN,16.9,1208,469,539,123,1600,1481,18.0,58.0,1.1901
268,1101999600000,3.9,1405,NaN,19.0,1269,605,500,136,1735,1534,19.2,57.9,1.2757
268,1102003200000,4.0,1456,NaN,19.8,1291,641,490,137,1753,1592,18.1,62.1,1.2822
268,1102006800000,4.9,1516,NaN,24.8,1423,774,455,151,1881,1688,16.7,67.3,1.2707
268,1102010400000,7.7,1707,NaN,37.6,1721,1001,375,171,2260,1940,15.8,70.7,1.2601
268,1102014000000,9.4,1816,NaN,43.9,1851,1184,341,171,2405,2069,15.4,73.0,1.2688
268,1102017600000,7.8,1713,NaN,36.6,1699,1020,371,161,2196,1943,15.4,73.0,1.2648
268,1102021200000,6.6,1646,NaN,30.8,1570,964,401,154,2049,1846,15.3,73.6,1.2691
268,1102024800000,4.7,1468,NaN,22.0,1351,741,472,127,1783,1611,15.1,74.3,1.2623
268,1102028400000,4.8,1443,NaN,20.9,1323,757,486,115,1760,1487,14.2,78.0,1.254
269,1102032000000,3.2,1289,NaN,13.1,1087,564,587,102,1515,1208,14.1,81.4,1.3066
269,1102035600000,2.6,1194,NaN,9.3,950,434,667,100,1433,1043,14.4,82.7,1.3496
269,1102039200000,2.1,1165,NaN,9.4,957,308,661,86,1452,979,14.1,84.1,1.3461
269,1102042800000,1.3,1003,NaN,4.7,747,NaN,843,NaN,1289,806,14.1,84.8,1.3544
269,1102046400000,1.1,986,NaN,3.8,700,133,883,80,1249,768,14.0,84.1,1.3389
269,1102050000000,0.7,930,NaN,2.5,623,103,975,74,1215,720,13.9,85.1,1.3449
269,1102053600000,0.9,988,NaN,4.0,709,178,897,82,1267,785,13.8,85.5,1.3469
269,1102057200000,1.5,1094,NaN,7.0,857,289,739,96,1378,903,13.8,85.3,1.3412
269,1102060800000,3.8,1528,NaN,21.1,1328,736,487,124,1839,1389,13.7,84.5,1.3202
269,1102064400000,6.0,1628,NaN,29.0,1528,928,416,142,2081,1649,13.9,83.9,1.3284
269,1102068000000,5.1,1555,NaN,23.0,1377,897,455,154,1834,1621,14.6,81.6,1.3448
269,1102071600000,3.6,1290,NaN,13.0,1084,596,586,144,1544,1362,15.8,74.7,1.3336
269,1102075200000,3.0,1280,NaN,14.9,1144,481,555,144,1599,1624,16.4,72.1,1.336
269,1102078800000,3.1,1302,NaN,15.7,1169,495,544,139,1636,1605,16.8,70.3,1.3341
269,1102082400000,3.3,1332,NaN,18.1,1242,460,524,138,1716,1608,17.9,66.3,1.3499
269,1102086000000,3.4,1332,NaN,15.5,1163,445,548,134,1664,1522,18.8,62.7,1.3506
269,1102089600000,4.6,1493,NaN,23.8,1399,618,466,150,1893,1708,19.0,61.6,1.3407
269,1102093200000,6.9,1648,NaN,32.6,1612,858,401,173,2177,1885,17.7,68.3,1.3713
269,1102096800000,5.1,1482,NaN,24.0,1404,634,463,134,1883,1657,16.5,71.7,1.3358
269,1102100400000,4.9,1501,NaN,23.6,1392,575,476,128,1832,1645,15.7,72.7,1.2872
269,1102104000000,6.1,1601,NaN,30.7,1568,738,422,132,2111,1729,15.0,74.4,1.2593
269,1102107600000,6.2,1421,NaN,20.9,1320,739,496,134,1804,1556,14.6,75.2,1.2405
269,1102111200000,3.0,1232,NaN,12.7,1074,472,606,107,1504,1317,14.0,75.7,1.2051
269,1102114800000,3.4,1270,NaN,14.0,1117,542,586,101,1528,1290,13.1,78.7,1.1817
270,1102118400000,3.5,1257,NaN,13.7,1108,577,592,94,1520,1287,12.6,78.4,1.1419
270,1102122000000,3.2,1246,NaN,12.8,1077,568,621,99,1462,1235,12.8,77.9,1.1438
270,1102125600000,2.9,1166,NaN,11.0,1013,451,643,90,1408,1144,12.1,79.4,1.1201
270,1102129200000,2.1,1062,NaN,8.2,906,NaN,724,NaN,1305,1004,11.6,80.1,1.0899
270,1102132800000,NaN,1005,NaN,6.4,829,242,779,71,1246,944,11.6,79.7,1.0858
270,1102136400000,1.7,1032,NaN,6.8,848,277,751,71,1266,972,11.4,81.1,1.0928
270,1102140000000,1.7,1034,NaN,7.4,876,291,740,66,1305,968,11.5,81.7,1.1033
270,1102143600000,1.3,1024,NaN,6.2,822,277,800,70,1266,954,12.4,77.1,1.1072
270,1102147200000,2.8,1243,NaN,13.7,1108,510,595,90,1539,1201,12.3,79.0,1.1293
270,1102150800000,2.5,1148,NaN,9.6,963,451,680,102,1395,1017,12.2,83.9,1.189
270,1102154400000,2.7,1182,NaN,10.4,994,584,654,102,1431,1039,12.2,85.1,1.2079
270,1102158000000,1.5,1015,NaN,6.5,835,260,796,94,1263,911,12.4,80.1,1.1462
270,1102161600000,2.6,1175,NaN,10.6,1002,492,668,122,1422,1059,13.0,77.8,1.1641
270,1102165200000,3.1,1224,NaN,11.9,1046,580,630,124,1476,1213,11.8,86.5,1.1981
270,1102168800000,2.5,1123,NaN,8.4,916,373,709,103,1346,1003,11.9,85.7,1.1912
270,1102172400000,2.6,1187,NaN,9.6,961,497,685,115,1408,1017,11.9,88.7,1.2352
270,1102176000000,2.5,1116,NaN,7.1,860,413,758,107,1316,937,12.3,87.0,1.2422
270,1102179600000,2.3,1131,NaN,8.3,912,444,728,120,1356,987,12.7,84.4,1.2352
270,1102183200000,3.1,1215,NaN,10.9,1012,533,653,120,1441,1131,13.1,81.7,1.2284
270,1102186800000,1.9,1077,NaN,6.9,852,325,773,108,1302,969,13.1,80.4,1.2038
270,1102190400000,2.5,1210,NaN,10.6,1000,439,679,115,1456,1062,13.4,79.9,1.2254
270,1102194000000,3.1,1181,NaN,9.4,956,506,689,124,1400,1058,13.8,76.8,1.206
270,1102197600000,2.0,1088,NaN,6.9,851,349,766,109,1307,959,14.0,75.9,1.2064
270,1102201200000,1.9,1054,NaN,5.6,794,235,830,93,1282,887,13.5,78.3,1.2097
271,1102204800000,2.4,1096,NaN,6.3,826,378,795,103,1285,911,13.0,79.2,1.182
271,1102208400000,2.0,1042,NaN,6.5,834,304,808,106,1267,914,12.4,77.5,1.1115
271,1102212000000,1.2,887,NaN,3.4,679,180,969,96,1132,786,12.3,71.2,1.0175
271,1102215600000,1.0,884,NaN,3.0,651,NaN,1034,NaN,1105,741,12.2,69.6,0.986
271,1102219200000,1.0,862,NaN,2.8,639,148,1033,81,1100,727,12.3,67.5,0.9624
271,1102222800000,0.8,821,NaN,2.0,584,106,1132,70,1070,686,12.7,65.6,0.9566
271,1102226400000,0.6,797,NaN,1.5,543,87,1235,60,1047,648,12.5,65.9,0.9533
271,1102230000000,0.7,802,NaN,1.4,538,96,1237,63,1042,645,12.4,65.4,0.9426
271,1102233600000,0.8,848,NaN,1.9,578,120,1160,68,1068,679,13.2,62.5,0.943
271,1102237200000,0.9,863,NaN,2.4,610,130,1088,68,1086,696,13.1,62.4,0.9366
271,1102240800000,1.0,889,NaN,3.1,661,140,1001,66,1115,735,12.9,64.7,0.9564
271,1102244400000,1.3,969,NaN,4.4,733,176,901,72,1191,803,13.0,67.6,1.009
271,1102248000000,1.7,1013,NaN,5.6,795,209,826,81,1257,848,13.0,69.7,1.0403
271,1102251600000,2.4,1100,NaN,6.7,842,309,774,89,1296,882,12.0,80.0,1.1167
271,1102255200000,1.7,1019,NaN,5.5,788,226,828,85,1267,812,11.4,83.7,1.1278
271,1102258800000,1.8,1061,NaN,7.7,887,246,745,86,1367,889,12.0,80.8,1.1264
271,1102262400000,1.5,940,NaN,3.7,692,208,934,83,1177,749,11.5,81.0,1.101
271,1102266000000,1.1,904,NaN,2.8,640,154,1022,77,1152,682,11.3,81.0,1.0851
271,1102269600000,2.4,1120,NaN,8.9,935,275,744,93,1385,922,12.0,78.4,1.0954
271,1102273200000,2.0,987,NaN,4.6,746,281,880,103,1212,833,12.1,75.5,1.0669
271,1102276800000,1.5,971,NaN,4.4,734,237,905,90,1187,808,12.5,71.9,1.0351
271,1102280400000,1.7,965,NaN,4.4,733,225,909,93,1173,790,12.6,70.5,1.0239
271,1102284000000,1.0,873,NaN,2.8,641,143,1025,72,1120,685,12.5,69.1,1.0003
271,1102287600000,1.0,892,NaN,3.3,672,146,1012,73,1111,706,13.1,64.3,0.9628
272,1102291200000,1.0,857,NaN,2.3,605,115,1094,64,1071,636,13.2,62.9,0.9517
272,1102294800000,0.9,901,NaN,3.2,662,125,1034,66,1127,678,13.3,63.6,0.9673
272,1102298400000,1.1,901,NaN,3.1,661,150,1022,71,1124,714,13.3,65.3,0.9948
272,1102302000000,1.1,904,NaN,3.0,649,NaN,983,NaN,1157,726,12.7,72.2,1.0525
272,1102305600000,0.6,857,NaN,1.7,562,78,1140,54,1130,646,11.9,79.6,1.1043
272,1102309200000,0.7,881,NaN,2.3,602,108,1034,58,1157,685,11.8,81.4,1.1238
272,1102312800000,0.9,913,NaN,3.8,701,181,926,72,1219,750,12.0,80.1,1.1231
272,1102316400000,1.3,1012,NaN,6.1,817,302,819,89,1314,878,12.2,78.8,1.1178
272,1102320000000,3.1,1314,NaN,15.8,1173,587,589,112,1627,1238,12.7,77.2,1.1298
272,1102323600000,4.9,1479,NaN,26.4,1465,712,471,131,2018,1572,13.4,74.4,1.1407
272,1102327200000,4.7,1299,NaN,18.5,1254,698,566,161,1662,1488,15.9,63.4,1.1349
272,1102330800000,3.2,1221,NaN,13.2,1090,576,641,135,1489,1424,18.5,52.9,1.1174
272,1102334400000,2.5,1171,NaN,12.0,1049,438,655,119,1418,1338,18.4,52.6,1.1064
272,1102338000000,3.8,1316,NaN,19.9,1293,562,538,144,1682,1559,19.4,49.8,1.1095
272,1102341600000,3.3,1208,NaN,16.4,1191,467,573,130,1589,1415,19.5,50.1,1.1225
272,1102345200000,2.5,1145,NaN,13.8,1112,323,621,109,1481,1331,20.3,47.5,1.1187
272,1102348800000,2.7,1189,NaN,15.6,1167,391,599,114,1541,1315,18.7,53.0,1.1322
272,1102352400000,2.9,1173,NaN,15.7,1170,379,597,115,1551,1289,17.3,57.1,1.1161
272,1102356000000,3.1,1237,NaN,18.0,1239,387,570,123,1620,1389,16.4,59.5,1.1017
272,1102359600000,4.0,1253,NaN,17.9,1238,433,571,138,1613,1351,15.9,60.8,1.088
272,1102363200000,3.1,1155,NaN,14.3,1126,349,617,123,1511,1267,15.5,60.7,1.0591
272,1102366800000,2.7,1175,NaN,12.8,1077,337,634,112,1480,1279,15.3,63.1,1.0872
272,1102370400000,1.7,1001,NaN,7.3,871,245,806,87,1264,1071,16.6,58.5,1.0963
272,1102374000000,1.5,1014,NaN,5.8,804,236,871,79,1233,994,14.6,64.7,1.0677
273,1102377600000,1.4,966,NaN,5.1,770,191,900,74,1206,956,14.0,66.1,1.05
273,1102381200000,1.4,987,NaN,5.5,786,273,901,75,1220,936,13.0,69.4,1.0364
273,1102384800000,1.1,888,NaN,3.5,680,211,985,70,1138,826,13.1,67.4,1.0101
273,1102388400000,1.1,911,NaN,4.2,719,NaN,947,NaN,1170,839,11.6,73.4,0.999
273,1102392000000,NaN,828,NaN,2.6,627,146,1074,64,1103,748,11.9,71.4,0.9921
273,1102395600000,0.6,857,NaN,2.3,604,126,1126,63,1091,740,12.4,68.3,0.9801
273,1102399200000,0.8,886,NaN,2.8,641,146,1082,67,1098,783,14.1,60.6,0.9715
273,1102402800000,1.0,964,NaN,4.3,730,243,985,71,1146,891,12.9,64.2,0.9506
273,1102406400000,2.8,1230,NaN,12.6,1070,450,761,98,1431,1197,11.7,68.9,0.9439
273,1102410000000,3.4,1236,NaN,16.8,1203,499,681,114,1566,1311,12.5,65.8,0.9538
273,1102413600000,3.3,1322,NaN,17.3,1219,574,682,130,1591,1472,14.5,61.1,1.0007
273,1102417200000,4.1,1407,NaN,19.8,1292,679,643,155,1638,1694,16.9,54.2,1.0371
273,1102420800000,3.5,1357,NaN,21.6,1339,572,657,141,1583,1639,17.4,53.3,1.0528
273,1102424400000,3.0,1289,NaN,18.0,1239,396,733,118,1635,1469,18.8,49.3,1.0581
273,1102428000000,3.6,1257,NaN,16.0,1179,455,818,134,1545,1415,19.4,47.1,1.051
273,1102431600000,3.0,1199,NaN,13.7,1108,423,818,123,1450,1250,19.2,47.1,1.0371
273,1102435200000,2.6,1181,NaN,14.1,1121,356,629,117,1466,1236,17.7,51.5,1.0315
273,1102438800000,2.6,1175,NaN,13.9,1112,350,628,110,1484,1212,16.5,54.6,1.0164
273,1102442400000,3.1,1202,NaN,14.3,1126,359,606,115,1480,1212,15.4,57.9,1.0068
273,1102446000000,3.2,1170,NaN,13.3,1095,358,618,116,1470,1195,15.2,58.4,1.0007
273,1102449600000,2.4,1115,NaN,11.6,1036,289,649,99,1381,1200,14.9,58.4,0.9843
273,1102453200000,2.6,1130,NaN,11.3,1026,359,657,115,1374,1209,14.5,60.4,0.9909
273,1102456800000,2.4,1195,NaN,11.0,1013,355,646,104,1345,1276,14.5,62.3,1.0216
273,1102460400000,1.8,1111,NaN,7.7,887,244,720,92,1262,1132,14.6,60.6,1.0033
274,1102464000000,1.7,1092,NaN,7.0,855,194,750,84,1231,1061,15.0,59.3,1.0045
274,1102467600000,1.9,1111,NaN,7.0,856,176,746,81,1254,1036,14.7,60.3,1.0031
274,1102471200000,1.4,992,NaN,4.4,731,170,1035,77,1149,911,15.3,59.1,1.0191
274,1102474800000,1.5,1051,NaN,6.1,815,NaN,1305,NaN,1203,951,12.3,69.7,0.9954
274,1102478400000,1.7,1080,NaN,7.9,896,212,1075,75,1262,1033,11.6,72.5,0.9916
274,1102482000000,1.0,893,NaN,3.1,655,146,990,69,1097,816,12.0,71.9,1.003
274,1102485600000,0.9,923,NaN,3.2,664,177,988,67,1121,822,11.8,71.8,0.9909
274,1102489200000,1.0,950,NaN,4.0,713,172,917,68,1139,841,11.8,71.4,0.9864
274,1102492800000,1.0,947,NaN,3.2,666,159,985,68,1115,795,12.8,66.3,0.9804
274,1102496400000,1.1,973,NaN,4.0,712,184,923,69,1157,831,13.2,65.2,0.9841
274,1102500000000,1.7,1111,NaN,7.6,884,310,751,81,1280,1025,13.1,66.2,0.9933
274,1102503600000,2.3,1206,NaN,9.8,969,363,701,95,1365,1178,14.3,63.3,1.0266
274,1102507200000,2.1,1202,NaN,9.5,958,302,732,92,1330,1181,16.0,58.1,1.0482
274,1102510800000,2.7,1261,NaN,11.2,1022,424,635,113,1407,1250,17.3,53.9,1.0562
274,1102514400000,2.3,1102,NaN,6.9,855,258,763,98,1279,1039,17.3,53.3,1.0407
274,1102518000000,1.2,997,NaN,4.6,742,179,911,82,1180,899,16.7,54.7,1.0311
274,1102521600000,1.4,1049,NaN,5.5,790,221,870,96,1183,1019,15.4,58.9,1.02
274,1102525200000,1.9,1082,NaN,6.5,834,303,800,107,1207,1057,15.2,58.0,0.9927
274,1102528800000,2.6,1177,NaN,10.3,987,429,692,119,1324,1229,16.2,54.5,0.9956
274,1102532400000,2.4,1166,NaN,8.9,935,357,756,114,1301,1135,16.5,55.3,1.0267
274,1102536000000,3.5,1352,NaN,14.0,1118,438,625,127,1524,1188,14.6,72.1,1.1947
274,1102539600000,3.5,1210,NaN,9.2,947,457,697,121,1404,1060,13.9,76.7,1.2098
274,1102543200000,2.2,1161,NaN,8.2,909,355,721,109,1370,962,13.7,79.3,1.2326
274,1102546800000,2.3,1142,NaN,7.2,866,348,815,107,1329,939,13.8,77.3,1.2169
275,1102550400000,1.9,1054,NaN,5.5,789,241,886,100,1254,864,14.2,71.7,1.1578
275,1102554000000,1.0,926,NaN,2.9,649,134,1035,83,1145,741,14.9,65.7,1.105
275,1102557600000,0.8,873,NaN,2.0,583,94,1155,66,1108,642,14.7,67.3,1.1177
275,1102561200000,0.5,832,NaN,1.2,518,NaN,1264,NaN,1061,539,15.2,63.2,1.0821
275,1102564800000,0.4,803,NaN,0.7,466,33,1451,30,1034,449,14.8,65.5,1.0965
275,1102568400000,0.4,818,NaN,0.7,463,33,1509,29,1046,437,14.4,68.5,1.1158
275,1102572000000,0.4,814,NaN,0.8,482,57,1426,41,1027,457,14.5,62.9,1.0335
275,1102575600000,0.6,832,NaN,1.3,530,112,1346,63,1027,512,14.6,56.7,0.9358
275,1102579200000,1.9,1091,NaN,7.6,882,358,844,114,1288,931,15.0,55.3,0.9338
275,1102582800000,2.0,1019,NaN,7.4,874,287,1113,114,1235,905,14.5,56.5,0.9306
275,1102586400000,1.4,937,NaN,4.7,750,263,1386,102,1141,790,14.3,55.4,0.9005
275,1102590000000,1.4,950,NaN,5.4,786,282,1038,101,1145,850,14.7,52.5,0.8716
275,1102593600000,1.5,962,NaN,5.4,785,286,993,103,1161,870,15.5,51.7,0.9033
275,1102597200000,1.6,969,NaN,6.0,812,259,989,100,1189,842,14.9,53.4,0.8998
275,1102600800000,1.8,1010,NaN,7.1,863,265,915,95,1257,886,15.2,51.0,0.8762
275,1102604400000,1.4,946,NaN,5.3,780,249,945,99,1142,801,15.2,50.1,0.858
275,1102608000000,1.7,988,NaN,7.2,865,268,876,102,1190,895,15.6,46.6,0.8176
275,1102611600000,1.7,948,NaN,5.7,799,226,1539,105,1145,827,14.8,48.4,0.8069
275,1102615200000,2.3,1045,NaN,9.5,960,301,1376,118,1259,972,14.6,48.0,0.7902
275,1102618800000,3.2,1114,NaN,12.2,1057,388,777,135,1301,1079,15.1,45.4,0.7759
275,1102622400000,2.6,1006,NaN,10.3,987,285,1028,124,1247,964,14.5,45.4,0.7458
275,1102626000000,1.6,889,NaN,4.5,738,197,1379,100,1061,743,13.4,48.1,0.7374
275,1102629600000,0.8,792,NaN,2.0,583,105,1972,66,946,517,12.3,48.7,0.6931
275,1102633200000,0.7,808,NaN,1.8,572,88,1729,57,954,468,12.0,51.2,0.7179
276,1102636800000,0.6,814,NaN,1.9,574,92,1613,58,965,461,11.9,54.6,0.7589
276,1102640400000,0.7,827,NaN,2.7,636,88,1485,59,980,483,13.7,45.0,0.6991
276,1102644000000,0.7,801,NaN,2.7,633,90,1489,60,940,482,14.7,37.5,0.622
276,1102647600000,0.5,770,NaN,2.2,600,NaN,2081,NaN,901,416,13.8,36.8,0.576
276,1102651200000,NaN,721,NaN,0.7,470,42,2331,35,815,367,13.2,35.6,0.5375
276,1102654800000,0.3,709,NaN,0.5,437,31,2559,27,787,324,12.0,37.3,0.5239
276,1102658400000,0.4,734,NaN,0.8,478,51,2294,39,805,378,11.7,38.1,0.5223
276,1102662000000,0.5,770,NaN,1.4,533,100,2683,63,839,480,11.5,38.0,0.5159
276,1102665600000,1.4,919,NaN,5.6,795,315,2327,110,998,822,12.3,35.8,0.5086
276,1102669200000,2.4,996,NaN,10.6,998,417,2318,128,1136,1060,12.9,34.5,0.5102
276,1102672800000,1.8,925,NaN,7.2,866,328,2542,122,1013,916,14.4,30.2,0.4911
276,1102676400000,1.5,883,NaN,6.2,821,304,886,111,967,844,16.2,26.2,0.4789
276,1102680000000,1.5,884,NaN,6.2,822,300,909,110,968,807,17.1,23.5,0.453
276,1102683600000,1.8,920,NaN,8.1,903,306,849,114,1011,853,18.1,21.3,0.4396
276,1102687200000,2.1,941,NaN,9.0,941,342,837,114,1036,884,18.8,20.0,0.4278
276,1102690800000,1.7,934,NaN,8.4,914,324,873,111,1016,834,18.1,20.8,0.4274
276,1102694400000,2.3,929,NaN,8.7,928,327,842,116,1001,893,17.6,19.9,0.3952
276,1102698000000,2.9,972,NaN,11.8,1043,404,764,148,1083,1037,16.0,20.8,0.3757
276,1102701600000,4.0,1073,NaN,16.5,1195,575,675,177,1249,1244,14.6,23.7,0.3903
276,1102705200000,4.2,1050,NaN,18.7,1260,539,662,164,1256,1269,13.7,22.9,0.3581
276,1102708800000,3.5,980,NaN,14.5,1132,460,742,151,1102,1125,12.8,21.7,0.3182
276,1102712400000,2.6,872,NaN,8.0,900,386,918,147,910,946,12.7,21.3,0.3119
276,1102716000000,1.3,802,NaN,4.6,743,202,1051,110,826,751,12.8,22.5,0.3309
276,1102719600000,1.0,792,NaN,3.4,674,162,1122,99,810,670,12.6,23.4,0.3408
277,1102723200000,1.6,857,NaN,4.8,753,261,1034,116,860,754,12.4,24.0,0.3443
277,1102726800000,1.6,856,NaN,4.4,734,263,1041,121,853,781,12.5,24.0,0.3462
277,1102730400000,1.1,869,NaN,3.8,702,159,1019,103,891,842,11.9,32.4,0.4489
277,1102734000000,1.1,890,NaN,3.6,688,NaN,1015,NaN,897,840,11.7,33.8,0.4623
277,1102737600000,0.8,834,NaN,2.7,632,111,1102,83,871,746,11.5,34.2,0.4621
277,1102741200000,0.8,860,NaN,2.4,616,104,1105,76,873,754,10.5,37.8,0.4799
277,1102744800000,1.0,909,NaN,4.3,728,221,933,107,948,905,7.8,47.4,0.5046
277,1102748400000,1.2,955,NaN,5.2,772,243,1030,106,957,960,9.3,43.1,0.5062
277,1102752000000,1.7,1035,NaN,8.4,914,356,947,124,1064,1080,8.2,46.8,0.5091
277,1102755600000,2.4,1087,NaN,14.1,1121,429,711,134,1177,1209,10.7,34.2,0.439
277,1102759200000,2.8,1101,NaN,13.0,1083,518,692,147,1130,1243,14.4,28.2,0.4593
277,1102762800000,2.9,1135,NaN,13.5,1100,460,679,146,1161,1273,17.4,23.3,0.4599
277,1102766400000,2.6,1095,NaN,12.5,1067,389,702,133,1152,1216,17.8,23.6,0.4766
277,1102770000000,2.3,986,NaN,8.8,931,362,815,120,1011,976,18.3,19.5,0.4044
277,1102773600000,2.3,991,NaN,9.0,940,337,816,117,1035,973,18.9,18.9,0.4091
277,1102777200000,1.7,926,NaN,6.1,815,254,931,109,945,827,18.4,19.7,0.4117
277,1102780800000,1.8,974,NaN,7.8,891,281,857,112,1005,912,17.8,21.0,0.4234
277,1102784400000,2.5,1042,NaN,11.5,1031,369,756,131,1094,1084,16.1,23.4,0.4248
277,1102788000000,2.4,1006,NaN,10.7,1005,350,781,133,1071,1045,14.9,24.9,0.4178
277,1102791600000,2.0,979,NaN,9.2,946,323,826,138,1018,1026,14.6,24.6,0.4054
277,1102795200000,2.3,1072,NaN,10.9,1011,340,762,142,1075,1172,14.2,26.8,0.4332
277,1102798800000,2.9,1217,NaN,11.6,1037,443,669,138,1167,1452,13.3,38.7,0.5867
277,1102802400000,2.0,1124,NaN,9.0,939,292,737,118,1126,1317,11.2,45.1,0.6004
277,1102806000000,2.5,1152,NaN,11.6,1036,372,670,120,1206,1365,8.8,52.5,0.5969
278,1102809600000,3.0,1216,NaN,11.7,1039,443,685,132,1183,1378,8.6,54.3,0.606
278,1102813200000,2.4,1095,NaN,11.3,1024,360,708,121,1219,1246,8.1,53.2,0.5746
278,1102816800000,2.6,1099,NaN,10.4,994,401,715,117,1164,1186,6.8,57.8,0.5768
278,1102820400000,2.0,974,NaN,6.4,832,NaN,832,NaN,1035,1024,6.6,58.1,0.5687
278,1102824000000,2.1,1091,NaN,9.8,971,273,703,102,1148,1187,5.4,64.1,0.5772
278,1102827600000,1.7,955,NaN,5.8,804,199,843,95,1017,1007,5.6,61.6,0.5656
278,1102831200000,1.5,975,NaN,7.0,859,177,777,81,1043,1019,4.2,69.0,0.5737
278,1102834800000,1.3,909,NaN,4.0,709,206,936,95,953,921,4.8,64.6,0.563
278,1102838400000,1.9,992,NaN,6.9,853,323,821,111,1052,1038,4.0,69.0,0.5661
278,1102842000000,2.0,1018,NaN,7.7,889,392,780,118,1085,1105,4.9,66.3,0.5786
278,1102845600000,2.7,1100,NaN,9.9,974,420,728,130,1131,1208,9.4,48.7,0.5748
278,1102849200000,2.4,1101,NaN,8.9,934,333,751,116,1085,1208,12.6,39.9,0.5804
278,1102852800000,2.7,1148,NaN,11.3,1025,395,701,128,1165,1282,14.4,35.3,0.5763
278,1102856400000,3.2,1253,NaN,13.7,1108,478,633,156,1253,1494,15.1,37.4,0.6374
278,1102860000000,3.4,1229,NaN,12.7,1075,470,638,169,1226,1500,16.0,35.8,0.6456
278,1102863600000,3.2,1250,NaN,14.5,1133,508,629,168,1274,1463,17.5,30.8,0.6095
278,1102867200000,4.3,1432,NaN,18.4,1251,596,547,178,1396,1722,17.2,34.2,0.6669
278,1102870800000,5.0,1530,NaN,22.0,1352,694,491,178,1550,1934,14.3,45.8,0.7452
278,1102874400000,6.3,1604,NaN,25.4,1438,968,466,188,1650,2018,12.2,53.9,0.7617
278,1102878000000,4.6,1352,NaN,16.4,1191,658,570,169,1362,1796,11.6,51.2,0.6965
278,1102881600000,3.1,1235,NaN,12.4,1065,409,640,133,1213,1594,11.3,50.1,0.672
278,1102885200000,2.6,1127,NaN,9.6,962,345,751,125,1120,1389,10.6,51.2,0.6541
278,1102888800000,2.1,1073,NaN,7.1,860,230,896,110,1058,1238,9.6,51.7,0.6163
278,1102892400000,2.1,1074,NaN,7.2,867,285,888,112,1064,1221,8.7,55.2,0.6225
279,1102896000000,2.5,1133,NaN,9.3,951,310,825,112,1156,1254,7.9,60.2,0.6432
279,1102899600000,2.0,1021,NaN,5.9,808,224,961,102,1048,1098,7.9,59.2,0.6331
279,1102903200000,1.8,995,NaN,5.9,807,213,978,90,1056,1044,6.7,64.6,0.6381
279,1102906800000,1.3,882,NaN,2.4,614,NaN,1221,NaN,931,888,6.9,62.3,0.6227
279,1102910400000,NaN,869,NaN,2.1,594,103,1326,66,935,835,6.3,64.6,0.6197
279,1102914000000,0.7,868,NaN,1.8,567,91,1238,64,919,823,6.4,63.3,0.6123
279,1102917600000,0.9,921,NaN,3.1,655,178,1001,81,972,908,6.4,64.4,0.6204
279,1102921200000,1.5,1041,NaN,6.8,846,351,829,106,1112,1076,5.6,68.9,0.6328
279,1102924800000,3.4,1275,NaN,16.4,1193,587,596,140,1389,1393,6.4,65.6,0.6348
279,1102928400000,3.4,1238,NaN,16.7,1202,475,748,138,1382,1429,7.3,61.4,0.6306
279,1102932000000,3.2,1288,NaN,17.3,1220,576,937,165,1391,1594,9.6,53.7,0.6409
279,1102935600000,4.8,1422,NaN,22.4,1362,920,775,214,1509,1956,12.0,45.9,0.6421
279,1102939200000,3.5,1293,NaN,17.9,1236,710,784,178,1370,1872,12.7,44.4,0.6512
279,1102942800000,4.1,1410,NaN,22.4,1363,696,690,187,1515,2014,13.9,42.8,0.6761
279,1102946400000,4.8,1425,NaN,23.3,1386,744,691,203,1536,1978,15.0,41.4,0.7016
279,1102950000000,4.4,1590,NaN,28.0,1503,743,575,204,1559,2257,16.0,38.7,0.6987
279,1102953600000,4.5,1520,NaN,30.1,1552,801,568,198,1615,2104,16.0,38.6,0.6952
279,1102957200000,5.9,1595,NaN,33.4,1628,1014,495,218,1822,2140,14.1,44.9,0.7194
279,1102960800000,9.9,1881,NaN,50.8,1983,1479,334,269,2271,2523,12.6,55.9,0.8142
279,1102964400000,6.9,1633,NaN,35.6,1677,1018,400,217,1880,2188,11.7,60.8,0.8336
279,1102968000000,4.3,1391,NaN,21.5,1338,729,509,183,1514,1816,11.5,60.9,0.8249
279,1102971600000,2.9,1263,NaN,15.5,1164,508,581,147,1338,1587,10.6,64.1,0.8182
279,1102975200000,2.0,1147,NaN,10.9,1012,347,665,120,1214,1381,10.1,66.2,0.8185
279,1102978800000,1.7,1103,NaN,8.7,928,327,715,112,1174,1287,9.0,70.1,0.8036
280,1102982400000,1.9,1071,NaN,7.4,873,339,739,107,1150,1193,8.6,70.5,0.7915
280,1102986000000,2.0,1137,NaN,9.9,975,358,687,103,1234,1223,7.6,74.3,0.7783
280,1102989600000,1.9,1066,NaN,8.2,907,377,728,97,1174,1122,6.9,76.1,0.759
280,1102993200000,1.0,918,NaN,3.9,704,NaN,920,NaN,1032,932,8.0,70.6,0.7607
280,1102996800000,0.8,895,NaN,3.2,663,165,977,74,1007,866,6.8,75.4,0.7475
280,1103000400000,0.7,885,NaN,3.0,655,145,996,68,1015,848,6.6,75.3,0.7378
280,1103004000000,1.1,964,NaN,5.4,784,282,824,92,1080,959,6.0,77.3,0.7262
280,1103007600000,1.7,1088,NaN,8.7,927,494,715,111,1196,1154,6.0,76.7,0.722
280,1103011200000,3.1,1274,NaN,15.4,1160,606,587,133,1412,1373,6.9,73.7,0.7348
280,1103014800000,4.4,1406,NaN,27.2,1483,581,478,139,1767,1708,7.6,70.6,0.7371
280,1103018400000,5.6,1521,NaN,30.7,1568,920,440,192,1843,2097,9.3,64.2,0.7544
280,1103022000000,4.4,1408,NaN,24.3,1412,811,484,192,1608,2056,11.7,55.7,0.763
280,1103025600000,4.4,1377,NaN,21.7,1342,786,499,206,1546,2006,12.9,54.1,0.8003
280,1103029200000,4.7,1470,NaN,25.8,1450,677,481,182,1706,2015,14.0,53.0,0.8451
280,1103032800000,4.2,1416,NaN,21.8,1346,612,609,192,1570,1945,15.1,50.2,0.8552
280,1103036400000,3.3,1383,NaN,20.6,1314,524,785,188,1538,1793,16.7,47.3,0.8883
280,1103040000000,5.1,1574,NaN,27.2,1483,775,460,186,1778,1962,16.8,48.4,0.9175
280,1103043600000,7.4,NaN,NaN,NaN,NaN,1159,NaN,257,NaN,NaN,NaN,NaN,NaN
280,1103047200000,9.3,NaN,NaN,NaN,NaN,1310,NaN,248,NaN,NaN,NaN,NaN,NaN
280,1103050800000,7.4,NaN,NaN,NaN,NaN,1037,NaN,208,NaN,NaN,NaN,NaN,NaN
280,1103054400000,5.3,NaN,NaN,NaN,NaN,791,NaN,167,NaN,NaN,NaN,NaN,NaN
280,1103058000000,4.1,NaN,NaN,NaN,NaN,670,NaN,148,NaN,NaN,NaN,NaN,NaN
280,1103061600000,2.5,NaN,NaN,NaN,NaN,341,NaN,112,NaN,NaN,NaN,NaN,NaN
280,1103065200000,2.1,NaN,NaN,NaN,NaN,365,NaN,108,NaN,NaN,NaN,NaN,NaN
281,1103068800000,2.9,NaN,NaN,NaN,NaN,510,NaN,115,NaN,NaN,NaN,NaN,NaN
281,1103072400000,2.3,NaN,NaN,NaN,NaN,352,NaN,96,NaN,NaN,NaN,NaN,NaN
281,1103076000000,1.7,NaN,NaN,NaN,NaN,299,NaN,87,NaN,NaN,NaN,NaN,NaN
281,1103079600000,0.9,NaN,NaN,NaN,NaN,NaN,NaN,NaN,NaN,NaN,NaN,NaN,NaN
281,1103083200000,0.7,NaN,NaN,NaN,NaN,103,NaN,61,NaN,NaN,NaN,NaN,NaN
281,1103086800000,0.8,NaN,NaN,NaN,NaN,133,NaN,61,NaN,NaN,NaN,NaN,NaN
281,1103090400000,1.0,NaN,NaN,NaN,NaN,244,NaN,82,NaN,NaN,NaN,NaN,NaN
281,1103094000000,1.2,NaN,NaN,NaN,NaN,222,NaN,83,NaN,NaN,NaN,NaN,NaN
281,1103097600000,3.5,NaN,NaN,NaN,NaN,591,NaN,116,NaN,NaN,NaN,NaN,NaN
281,1103101200000,4.5,NaN,NaN,NaN,NaN,821,NaN,147,NaN,NaN,NaN,NaN,NaN
281,1103104800000,4.9,NaN,NaN,NaN,NaN,803,NaN,167,NaN,NaN,NaN,NaN,NaN
281,1103108400000,3.5,NaN,NaN,NaN,NaN,809,NaN,176,NaN,NaN,NaN,NaN,NaN
281,1103112000000,3.4,NaN,NaN,NaN,NaN,836,NaN,177,NaN,NaN,NaN,NaN,NaN
281,1103115600000,4.0,NaN,NaN,NaN,NaN,820,NaN,169,NaN,NaN,NaN,NaN,NaN
281,1103119200000,4.3,NaN,NaN,NaN,NaN,861,NaN,181,NaN,NaN,NaN,NaN,NaN
281,1103122800000,4.0,NaN,NaN,NaN,NaN,842,NaN,183,NaN,NaN,NaN,NaN,NaN
281,1103126400000,4.7,NaN,NaN,NaN,NaN,933,NaN,176,NaN,NaN,NaN,NaN,NaN
281,1103130000000,6.6,NaN,NaN,NaN,NaN,1237,NaN,229,NaN,NaN,NaN,NaN,NaN
281,1103133600000,7.3,NaN,NaN,NaN,NaN,1137,NaN,214,NaN,NaN,NaN,NaN,NaN
281,1103137200000,3.6,NaN,NaN,NaN,NaN,484,NaN,137,NaN,NaN,NaN,NaN,NaN
281,1103140800000,2.4,NaN,NaN,NaN,NaN,325,NaN,115,NaN,NaN,NaN,NaN,NaN
281,1103144400000,2.1,NaN,NaN,NaN,NaN,292,NaN,107,NaN,NaN,NaN,NaN,NaN
281,1103148000000,2.1,NaN,NaN,NaN,NaN,303,NaN,105,NaN,NaN,NaN,NaN,NaN
281,1103151600000,1.7,NaN,NaN,NaN,NaN,242,NaN,96,NaN,NaN,NaN,NaN,NaN
282,1103155200000,2.2,NaN,NaN,NaN,NaN,314,NaN,100,NaN,NaN,NaN,NaN,NaN
282,1103158800000,2.0,NaN,NaN,NaN,NaN,289,NaN,100,NaN,NaN,NaN,NaN,NaN
282,1103162400000,1.6,NaN,NaN,NaN,NaN,224,NaN,92,NaN,NaN,NaN,NaN,NaN
282,1103166000000,1.7,NaN,NaN,NaN,NaN,NaN,NaN,NaN,NaN,NaN,NaN,NaN,NaN
282,1103169600000,NaN,NaN,NaN,NaN,NaN,191,NaN,81,NaN,NaN,NaN,NaN,NaN
282,1103173200000,1.0,NaN,NaN,NaN,NaN,149,NaN,74,NaN,NaN,NaN,NaN,NaN
282,1103176800000,1.0,NaN,NaN,NaN,NaN,212,NaN,81,NaN,NaN,NaN,NaN,NaN
282,1103180400000,1.6,NaN,NaN,NaN,NaN,398,NaN,99,NaN,NaN,NaN,NaN,NaN
282,1103184000000,3.5,NaN,NaN,NaN,NaN,763,NaN,123,NaN,NaN,NaN,NaN,NaN
282,1103187600000,5.3,NaN,NaN,NaN,NaN,905,NaN,146,NaN,NaN,NaN,NaN,NaN
282,1103191200000,4.6,NaN,NaN,NaN,NaN,849,NaN,161,NaN,NaN,NaN,NaN,NaN
282,1103194800000,4.5,NaN,NaN,NaN,NaN,1015,NaN,210,NaN,NaN,NaN,NaN,NaN
282,1103198400000,4.2,NaN,NaN,NaN,NaN,845,NaN,190,NaN,NaN,NaN,NaN,NaN
282,1103202000000,4.1,NaN,NaN,NaN,NaN,740,NaN,170,NaN,NaN,NaN,NaN,NaN
282,1103205600000,5.5,NaN,NaN,NaN,NaN,1018,NaN,212,NaN,NaN,NaN,NaN,NaN
282,1103209200000,4.8,NaN,NaN,NaN,NaN,1058,NaN,217,NaN,NaN,NaN,NaN,NaN
282,1103212800000,5.5,NaN,NaN,NaN,NaN,1182,NaN,236,NaN,NaN,NaN,NaN,NaN
282,1103216400000,5.2,NaN,NaN,NaN,NaN,1089,NaN,217,NaN,NaN,NaN,NaN,NaN
282,1103220000000,7.5,NaN,NaN,NaN,NaN,1186,NaN,231,NaN,NaN,NaN,NaN,NaN
282,1103223600000,8.6,NaN,NaN,NaN,NaN,1235,NaN,227,NaN,NaN,NaN,NaN,NaN
282,1103227200000,9.1,NaN,NaN,NaN,NaN,1253,NaN,219,NaN,NaN,NaN,NaN,NaN
282,1103230800000,8.6,NaN,NaN,NaN,NaN,1237,NaN,203,NaN,NaN,NaN,NaN,NaN
282,1103234400000,5.4,NaN,NaN,NaN,NaN,1060,NaN,186,NaN,NaN,NaN,NaN,NaN
282,1103238000000,4.3,NaN,NaN,NaN,NaN,873,NaN,173,NaN,NaN,NaN,NaN,NaN
283,1103241600000,4.2,NaN,NaN,NaN,NaN,807,NaN,162,NaN,NaN,NaN,NaN,NaN
283,1103245200000,4.3,NaN,NaN,NaN,NaN,798,NaN,161,NaN,NaN,NaN,NaN,NaN
283,1103248800000,4.2,NaN,NaN,NaN,NaN,691,NaN,144,NaN,NaN,NaN,NaN,NaN
283,1103252400000,2.8,NaN,NaN,NaN,NaN,NaN,NaN,NaN,NaN,NaN,NaN,NaN,NaN
283,1103256000000,2.2,NaN,NaN,NaN,NaN,433,NaN,119,NaN,NaN,NaN,NaN,NaN
283,1103259600000,1.8,NaN,NaN,NaN,NaN,371,NaN,112,NaN,NaN,NaN,NaN,NaN
283,1103263200000,2.0,NaN,NaN,NaN,NaN,469,NaN,111,NaN,NaN,NaN,NaN,NaN
283,1103266800000,2.5,NaN,NaN,NaN,NaN,658,NaN,122,NaN,NaN,NaN,NaN,NaN
283,1103270400000,4.1,NaN,NaN,NaN,NaN,854,NaN,137,NaN,NaN,NaN,NaN,NaN
283,1103274000000,6.3,NaN,NaN,NaN,NaN,1005,NaN,151,NaN,NaN,NaN,NaN,NaN
283,1103277600000,5.0,NaN,NaN,NaN,NaN,937,NaN,164,NaN,NaN,NaN,NaN,NaN
283,1103281200000,5.1,NaN,NaN,NaN,NaN,963,NaN,198,NaN,NaN,NaN,NaN,NaN
283,1103284800000,3.6,NaN,NaN,NaN,NaN,635,NaN,213,NaN,NaN,NaN,NaN,NaN
283,1103288400000,3.5,NaN,NaN,NaN,NaN,521,NaN,164,NaN,NaN,NaN,NaN,NaN
283,1103292000000,3.7,NaN,NaN,NaN,NaN,613,NaN,177,NaN,NaN,NaN,NaN,NaN
283,1103295600000,3.1,NaN,NaN,NaN,NaN,516,NaN,168,NaN,NaN,NaN,NaN,NaN
283,1103299200000,3.2,NaN,NaN,NaN,NaN,446,NaN,150,NaN,NaN,NaN,NaN,NaN
283,1103302800000,3.8,NaN,NaN,NaN,NaN,499,NaN,152,NaN,NaN,NaN,NaN,NaN
283,1103306400000,3.2,NaN,NaN,NaN,NaN,407,NaN,138,NaN,NaN,NaN,NaN,NaN
283,1103310000000,3.2,NaN,NaN,NaN,NaN,418,NaN,129,NaN,NaN,NaN,NaN,NaN
283,1103313600000,3.3,1325,NaN,16.4,1191,403,564,130,1542,1389,13.3,68.0,1.0376
283,1103317200000,3.1,1316,NaN,13.4,1099,412,610,137,1451,1268,13.2,72.8,1.0984
283,1103320800000,2.4,1170,NaN,8.2,906,322,707,125,1317,1046,12.6,76.5,1.1106
283,1103324400000,1.4,1061,NaN,5.7,800,200,819,106,1232,862,12.6,74.3,1.0843
284,1103328000000,2.1,1109,NaN,7.0,855,244,787,121,1220,866,12.9,72.1,1.0658
284,1103331600000,1.4,1025,NaN,5.6,794,199,848,101,1202,788,13.1,70.5,1.0594
284,1103335200000,1.4,1086,NaN,5.1,769,190,822,100,1196,857,12.4,73.8,1.0574
284,1103338800000,1.3,1058,NaN,4.3,727,NaN,834,NaN,1193,860,12.2,74.5,1.0537
284,1103342400000,1.0,1034,NaN,4.2,719,153,858,86,1189,845,11.8,76.3,1.0547
284,1103346000000,1.3,1065,NaN,6.1,816,215,777,90,1245,873,10.8,80.0,1.0367
284,1103349600000,1.0,988,NaN,5.2,774,206,842,89,1189,841,10.4,77.3,0.9709
284,1103353200000,1.1,986,NaN,5.4,785,225,842,96,1173,853,10.0,76.2,0.9332
284,1103356800000,2.1,1136,NaN,11.0,1015,416,702,125,1287,1063,9.4,67.7,0.8018
284,1103360400000,3.2,1256,NaN,16.1,1184,613,582,143,1448,1276,9.3,71.2,0.8325
284,1103364000000,3.3,1228,NaN,15.7,1170,567,596,153,1375,1332,12.6,54.0,0.784
284,1103367600000,2.3,956,NaN,8.8,931,409,799,140,1046,1015,16.1,28.5,0.5164
284,1103371200000,1.0,781,NaN,3.9,704,183,1062,92,842,594,16.6,19.9,0.3728
284,1103374800000,0.8,759,NaN,3.8,699,140,1223,78,799,501,15.9,18.2,0.3255
284,1103378400000,0.8,722,NaN,3.3,671,133,1596,68,737,448,14.3,18.4,0.2991
284,1103382000000,0.6,699,NaN,2.4,613,115,1731,64,682,387,15.0,16.3,0.2749
284,1103385600000,0.9,755,NaN,3.6,690,157,1653,80,750,467,14.9,17.1,0.2875
284,1103389200000,0.8,746,NaN,3.5,684,149,1301,81,764,484,13.2,18.8,0.2837
284,1103392800000,1.2,784,NaN,4.6,744,219,1080,102,802,608,12.4,19.6,0.2797
284,1103396400000,2.1,931,NaN,9.9,972,424,868,132,974,953,11.9,21.3,0.2957
284,1103400000000,3.9,1112,NaN,19.0,1267,659,671,162,1250,1307,11.1,24.8,0.3264
284,1103403600000,4.4,1133,NaN,17.2,1215,727,674,179,1196,1415,10.1,29.7,0.3666
284,1103407200000,2.0,886,NaN,8.4,917,398,908,148,901,1023,10.2,23.8,0.2955
284,1103410800000,2.3,993,NaN,11.4,1030,414,805,146,1005,1154,9.4,27.4,0.3239
285,1103414400000,3.6,1215,NaN,15.6,1167,600,664,164,1181,1426,7.9,39.0,0.4154
285,1103418000000,3.9,1160,NaN,13.0,1083,596,706,162,1114,1363,7.6,40.6,0.4273
285,1103421600000,1.6,928,NaN,6.2,819,225,919,118,923,1006,6.4,43.7,0.4242
285,1103425200000,1.0,879,NaN,4.2,722,NaN,1014,NaN,878,873,6.3,44.7,0.4293
285,1103428800000,NaN,833,NaN,2.7,632,120,1107,78,834,760,5.1,46.5,0.4125
285,1103432400000,1.0,840,NaN,3.0,649,126,1044,79,869,799,3.3,53.5,0.418
285,1103436000000,0.8,848,NaN,2.4,612,83,1169,62,852,703,4.8,49.9,0.4325
285,1103439600000,0.7,828,NaN,3.1,660,156,1078,85,881,781,2.2,60.1,0.4361
285,1103443200000,1.0,847,NaN,3.8,698,240,1034,110,905,815,2.5,59.3,0.4401
285,1103446800000,1.0,868,NaN,3.2,665,186,1067,99,865,800,3.2,55.7,0.4344
285,1103450400000,1.5,970,NaN,6.2,819,224,923,101,959,926,5.0,48.8,0.429
285,1103454000000,2.5,1077,NaN,9.6,963,386,761,129,1081,1151,5.8,49.8,0.4613
285,1103457600000,2.6,1058,NaN,9.6,962,397,778,132,1058,1153,6.0,47.6,0.4488
285,1103461200000,3.2,1136,NaN,12.5,1067,477,702,148,1143,1298,7.4,44.6,0.4613
285,1103464800000,3.0,1228,NaN,12.5,1068,405,658,134,1264,1238,5.2,73.1,0.6535
285,1103468400000,3.4,1235,NaN,14.0,1118,453,612,148,1354,1222,4.8,81.4,0.7055
285,1103472000000,3.3,1217,NaN,11.6,1036,459,661,146,1260,1171,4.7,82.3,0.7105
285,1103475600000,3.6,1298,NaN,13.0,1082,452,642,148,1287,1237,4.7,82.8,0.7157
285,1103479200000,5.5,1327,NaN,17.3,1219,579,582,175,1453,1366,4.7,83.4,0.7177
285,1103482800000,4.5,1293,NaN,14.6,1136,542,631,170,1365,1278,5.2,83.1,0.7411
285,1103486400000,4.7,1353,NaN,16.2,1187,601,599,173,1424,1293,5.5,84.1,0.7657
285,1103490000000,4.3,1254,NaN,13.8,1111,521,630,151,1360,1198,5.8,84.5,0.7822
285,1103493600000,3.2,1189,NaN,10.6,999,411,680,129,1286,1115,6.2,84.1,0.8018
285,1103497200000,2.9,1183,NaN,9.1,944,382,731,126,1226,1092,6.6,83.3,0.8183
286,1103500800000,3.1,1185,NaN,9.7,966,421,711,127,1250,1104,6.8,82.8,0.8216
286,1103504400000,2.8,1098,NaN,7.0,859,362,792,118,1211,1006,8.2,78.4,0.8561
286,1103508000000,1.2,938,NaN,2.8,639,104,1020,83,1059,777,9.7,70.9,0.8539
286,1103511600000,0.9,883,NaN,2.0,583,NaN,1116,NaN,1019,710,9.5,69.9,0.8298
286,1103515200000,0.8,839,NaN,1.4,536,69,1229,60,970,600,9.3,65.9,0.7757
286,1103518800000,0.6,784,NaN,0.8,479,41,1365,37,905,477,8.8,62.9,0.7154
286,1103522400000,0.6,779,NaN,0.7,466,46,1393,39,881,454,8.6,58.8,0.6603
286,1103526000000,1.0,883,NaN,2.6,625,118,1069,70,997,630,9.2,55.9,0.6521
286,1103529600000,3.2,970,NaN,5.3,776,295,873,108,1059,858,8.4,57.7,0.6376
286,1103533200000,3.6,1012,NaN,7.1,861,311,785,119,1133,951,8.5,60.4,0.6713
286,1103536800000,2.9,934,NaN,5.0,766,269,878,111,1047,836,8.9,57.4,0.6575
286,1103540400000,2.4,888,NaN,3.8,700,225,956,106,999,721,9.2,55.8,0.6479
286,1103544000000,2.5,918,NaN,4.5,737,220,1007,105,1030,703,9.6,53.9,0.6425
286,1103547600000,2.6,901,NaN,4.7,747,216,1001,114,1020,657,9.6,52.4,0.6276
286,1103551200000,2.3,857,NaN,3.9,708,162,972,93,983,581,9.7,49.8,0.5998
286,1103554800000,2.2,838,NaN,3.8,699,152,1015,89,944,546,9.4,44.9,0.5296
286,1103558400000,2.3,869,NaN,5.2,772,183,1051,102,966,641,9.8,41.9,0.5083
286,1103562000000,2.9,928,NaN,6.8,850,254,1118,129,1004,794,8.9,44.9,0.5125
286,1103565600000,4.1,1037,NaN,11.9,1047,355,869,151,1159,1042,8.4,45.4,0.5035
286,1103569200000,4.1,980,NaN,10.8,1008,341,758,151,1103,993,8.0,41.0,0.4416
286,1103572800000,4.0,978,NaN,11.5,1031,341,765,149,1066,968,7.9,37.1,0.3974
286,1103576400000,3.7,891,NaN,7.6,882,342,885,149,950,894,7.8,33.9,0.3594
286,1103580000000,1.7,762,NaN,3.1,657,186,1158,114,783,592,7.3,32.4,0.334
286,1103583600000,1.1,794,NaN,3.6,687,170,1100,104,826,611,7.4,34.6,0.3576
287,1103587200000,1.1,799,NaN,3.6,690,169,1125,104,823,611,7.1,33.7,0.3417
287,1103590800000,1.5,818,NaN,4.3,725,246,1065,127,849,694,6.4,35.8,0.3471
287,1103594400000,0.5,691,NaN,0.7,471,63,1552,53,698,357,5.6,37.7,0.3444
287,1103598000000,0.3,697,NaN,0.6,455,NaN,1726,NaN,698,318,5.6,37.6,0.3448
287,1103601600000,0.2,697,NaN,0.5,437,44,1705,39,702,325,5.3,38.8,0.3473
287,1103605200000,0.3,716,NaN,0.7,473,54,1595,41,734,343,4.7,41.4,0.3576
287,1103608800000,0.6,791,NaN,2.2,598,176,1186,97,802,608,4.3,43.9,0.3675
287,1103612400000,0.7,804,NaN,2.6,630,236,1188,120,806,712,4.9,40.6,0.3539
287,1103616000000,2.6,1093,NaN,13.4,1098,613,782,167,1221,1173,5.1,40.8,0.3603
287,1103619600000,5.5,1179,NaN,23.5,1390,755,567,198,1453,1459,6.5,38.1,0.3709
287,1103623200000,2.6,951,NaN,9.4,953,460,812,157,1022,1055,7.4,36.5,0.3778
287,1103626800000,1.5,882,NaN,6.3,826,280,952,125,910,799,7.9,36.4,0.3889
287,1103630400000,1.7,897,NaN,6.7,845,322,942,135,943,787,7.8,36.8,0.3908
287,1103634000000,2.2,949,NaN,9.7,965,349,860,138,1041,892,8.7,33.7,0.379
287,1103637600000,2.1,896,NaN,7.8,891,297,921,132,935,766,8.5,34.3,0.3813
287,1103641200000,2.2,908,NaN,7.7,886,353,922,142,947,835,8.9,34.5,0.3946
287,1103644800000,2.3,959,NaN,8.6,924,316,899,137,993,897,8.8,35.7,0.4043
287,1103648400000,2.5,994,NaN,10.7,1005,348,832,145,1054,1009,7.9,38.6,0.4137
287,1103652000000,3.1,1081,NaN,16.7,1202,445,691,166,1230,1250,7.6,40.1,0.4195
287,1103655600000,3.6,1081,NaN,15.5,1164,457,705,165,1171,1283,6.9,40.3,0.4025
287,1103659200000,3.9,1175,NaN,18.3,1248,516,661,175,1308,1377,6.5,41.7,0.4047
287,1103662800000,4.0,1123,NaN,13.8,1110,575,732,185,1152,1322,6.3,42.6,0.4106
287,1103666400000,2.3,1032,NaN,9.3,952,449,833,166,1025,1198,5.9,44.7,0.4186
287,1103670000000,1.5,927,NaN,5.8,805,289,965,140,918,1007,5.8,43.4,0.4037
288,1103673600000,1.5,952,NaN,6.6,838,268,948,133,937,976,5.8,42.5,0.3937
288,1103677200000,2.2,987,NaN,7.6,883,343,913,144,949,1013,5.6,42.0,0.3856
288,1103680800000,1.3,902,NaN,5.0,761,222,1048,126,872,868,5.3,42.3,0.3806
288,1103684400000,0.9,833,NaN,2.9,648,NaN,1135,NaN,814,760,5.1,43.5,0.3852
288,1103688000000,NaN,776,NaN,1.3,525,87,1391,72,770,585,5.1,44.8,0.3967
288,1103691600000,0.5,812,NaN,1.5,541,89,1309,70,774,616,5.2,45.9,0.4099
288,1103695200000,0.5,821,NaN,1.7,563,103,1270,74,807,678,4.7,49.0,0.4209
288,1103698800000,0.9,932,NaN,3.8,701,254,944,124,875,936,4.5,51.8,0.4418
288,1103702400000,2.0,1069,NaN,8.8,931,481,782,152,1054,1110,4.5,53.0,0.4495
288,1103706000000,3.2,1137,NaN,12.5,1066,638,681,174,1151,1258,4.8,53.1,0.4605
288,1103709600000,2.3,1009,NaN,8.7,926,492,791,161,1015,1080,7.8,42.0,0.4464
288,1103713200000,1.8,962,NaN,7.5,877,413,841,120,969,949,9.3,37.6,0.4391
288,1103716800000,2.1,972,NaN,8.2,909,364,827,111,1012,894,10.0,34.2,0.4212
288,1103720400000,1.9,968,NaN,8.5,920,299,831,128,991,882,10.3,32.6,0.4094
288,1103724000000,2.4,939,NaN,8.1,902,342,884,133,969,872,9.8,31.8,0.3858
288,1103727600000,2.1,901,NaN,6.7,843,309,1061,121,907,751,9.8,30.3,0.3658
288,1103731200000,2.8,975,NaN,9.0,938,367,874,147,989,928,9.6,29.6,0.3545
288,1103734800000,3.3,1028,NaN,11.3,1025,357,774,136,1024,1160,8.1,32.5,0.3516
288,1103738400000,2.9,998,NaN,9.9,972,345,806,153,984,1090,6.8,36.1,0.3575
288,1103742000000,3.9,1094,NaN,13.6,1105,483,708,178,1086,1274,6.4,36.5,0.3519
288,1103745600000,4.1,1128,NaN,15.4,1161,480,672,174,1163,1340,5.9,37.8,0.3528
288,1103749200000,3.3,1111,NaN,11.4,1030,427,751,166,1033,1271,5.1,40.7,0.3621
288,1103752800000,3.3,1121,NaN,11.2,1023,504,725,169,1053,1354,4.8,45.1,0.3925
288,1103756400000,1.9,956,NaN,5.7,796,248,915,132,861,1084,4.5,43.9,0.3728
289,1103760000000,2.0,973,NaN,5.4,785,241,916,127,883,1086,5.2,44.1,0.3939
289,1103763600000,1.9,952,NaN,5.5,790,210,921,113,896,1038,4.3,46.4,0.3896
289,1103767200000,2.1,969,NaN,5.2,773,292,889,128,914,1064,3.0,52.5,0.4021
289,1103770800000,1.7,919,NaN,3.7,693,NaN,955,NaN,882,979,2.3,56.3,0.4134
289,1103774400000,1.3,874,NaN,3.1,657,129,985,85,867,930,1.5,61.4,0.4235
289,1103778000000,1.1,806,NaN,1.6,554,106,1206,77,807,783,4.0,50.4,0.4154
289,1103781600000,1.2,874,NaN,2.5,623,125,1096,78,847,831,2.8,55.2,0.4177
289,1103785200000,1.8,961,NaN,5.3,779,267,917,115,960,983,1.2,61.4,0.4159
289,1103788800000,3.6,1195,NaN,13.4,1096,543,668,169,1166,1315,1.4,61.3,0.4208
289,1103792400000,3.7,1184,NaN,15.0,1148,496,651,174,1178,1389,2.2,58.1,0.4218
289,1103796000000,3.4,1135,NaN,12.8,1076,491,685,171,1120,1396,4.3,49.4,0.4138
289,1103799600000,4.0,1211,NaN,15.9,1177,667,620,179,1221,1585,6.6,42.5,0.416
289,1103803200000,3.8,1228,NaN,15.9,1178,693,621,193,1202,1628,8.0,38.3,0.4133
289,1103806800000,4.1,1247,NaN,16.3,1188,707,598,210,1237,1692,9.1,36.1,0.4172
289,1103810400000,4.9,1336,NaN,18.6,1256,777,567,224,1320,1828,10.0,34.7,0.4259
289,1103814000000,3.3,1205,NaN,12.8,1079,512,652,175,1168,1476,11.0,33.0,0.4331
289,1103817600000,4.3,1305,NaN,17.9,1238,587,565,177,1325,1640,11.3,33.6,0.4504
289,1103821200000,6.6,1568,NaN,29.0,1528,864,455,208,1661,2046,9.4,41.3,0.4888
289,1103824800000,8.5,1630,NaN,33.1,1622,1089,421,247,1757,2238,8.0,45.9,0.4936
289,1103828400000,8.7,1704,NaN,36.1,1689,1070,402,242,1820,2480,7.1,50.3,0.51
289,1103832000000,9.1,1701,NaN,36.3,1692,1220,402,252,1832,2415,6.2,56.9,0.5419
289,1103835600000,7.2,1564,NaN,26.3,1462,1076,472,228,1574,2181,6.3,57.9,0.5575
289,1103839200000,5.0,1441,NaN,20.6,1314,825,517,196,1389,2051,6.2,56.8,0.5421
289,1103842800000,4.2,1376,NaN,17.0,1209,740,549,190,1283,2041,6.1,54.7,0.5201
290,1103846400000,4.6,1412,NaN,17.2,1216,759,543,187,1300,2059,6.0,55.6,0.5244
290,1103850000000,3.9,1352,NaN,14.6,1137,610,567,174,1234,2016,5.1,59.0,0.5248
290,1103853600000,3.4,1285,NaN,12.1,1052,465,605,158,1164,1967,5.1,58.4,0.517
290,1103857200000,3.0,1263,NaN,10.5,997,NaN,625,NaN,1140,1960,4.7,60.8,0.5232
290,1103860800000,2.4,1200,NaN,8.7,929,288,664,132,1082,1847,4.2,63.1,0.5259
290,1103864400000,2.5,1187,NaN,8.8,931,251,669,121,1093,1792,4.3,64.1,0.537
290,1103868000000,3.5,1166,NaN,8.2,909,351,691,136,1079,1680,4.8,61.9,0.537
290,1103871600000,3.9,1209,NaN,9.5,958,379,666,138,1124,1662,5.3,61.1,0.5499
290,1103875200000,4.8,1349,NaN,14.6,1136,539,575,149,1299,1810,5.7,61.3,0.5657
290,1103878800000,6.1,1458,NaN,20.4,1307,706,497,165,1483,2103,6.1,60.5,0.5719
290,1103882400000,6.6,1462,NaN,18.8,1263,750,510,170,1421,2082,6.7,59.7,0.589
290,1103886000000,6.5,1448,NaN,18.8,1263,747,511,165,1428,1971,7.2,58.6,0.5986
290,1103889600000,6.0,1419,NaN,18.5,1254,670,524,167,1406,1950,8.0,55.9,0.6018
290,1103893200000,6.9,1561,NaN,24.8,1425,772,465,197,1624,2101,9.8,52.4,0.6349
290,1103896800000,7.9,1558,NaN,22.9,1375,792,471,217,1563,2112,10.5,51.1,0.6503
290,1103900400000,6.1,1438,NaN,16.9,1208,626,528,204,1405,1962,10.8,52.4,0.6767
290,1103904000000,6.7,1532,NaN,22.2,1356,678,474,193,1610,2033,10.6,55.3,0.7058
290,1103907600000,6.8,1522,NaN,21.5,1337,706,479,192,1578,2034,10.4,57.0,0.7167
290,1103911200000,6.7,1514,NaN,21.5,1338,668,474,175,1598,2018,10.2,58.3,0.7256
290,1103914800000,6.4,NaN,NaN,NaN,NaN,641,NaN,168,NaN,NaN,NaN,NaN,NaN
290,1103918400000,6.8,NaN,NaN,NaN,NaN,649,NaN,170,NaN,NaN,NaN,NaN,NaN
290,1103922000000,5.6,NaN,NaN,NaN,NaN,521,NaN,157,NaN,NaN,NaN,NaN,NaN
290,1103925600000,5.4,NaN,NaN,NaN,NaN,487,NaN,143,NaN,NaN,NaN,NaN,NaN
290,1103929200000,5.2,NaN,NaN,NaN,NaN,453,NaN,152,NaN,NaN,NaN,NaN,NaN
291,1103932800000,5.9,1505,NaN,15.6,1168,567,525,169,1447,2066,9.4,66.1,0.7816
291,1103936400000,5.6,1458,NaN,14.2,1123,527,540,164,1395,2030,9.6,65.9,0.7869
291,1103940000000,5.5,1431,NaN,13.5,1100,503,553,154,1385,1913,9.5,66.2,0.7882
291,1103943600000,5.2,1366,NaN,11.4,1027,NaN,583,NaN,1328,1901,9.2,67.3,0.7851
291,1103947200000,NaN,1332,NaN,10.5,997,345,601,130,1304,1783,9.1,68.7,0.7925
291,1103950800000,2.2,1243,NaN,8.6,924,274,648,119,1250,1534,9.0,69.8,0.8039
291,1103954400000,2.0,1251,NaN,8.6,924,231,644,106,1246,1568,8.9,70.5,0.8056
291,1103958000000,2.2,1259,NaN,9.1,944,268,631,111,1267,1622,8.9,70.4,0.8074
291,1103961600000,2.0,1268,NaN,8.6,926,281,645,122,1247,1628,9.1,69.6,0.8045
291,1103965200000,2.5,1288,NaN,9.4,956,340,623,121,1272,1553,9.0,70.8,0.8173
291,1103968800000,3.0,1410,NaN,11.0,1015,406,594,136,1319,1769,9.8,68.6,0.8324
291,1103972400000,2.8,1374,NaN,10.6,999,379,598,138,1316,1776,10.2,67.3,0.8373
291,1103976000000,3.4,1458,NaN,13.2,1090,436,553,147,1383,1898,10.7,65.0,0.8378
291,1103979600000,5.5,1609,NaN,18.1,1243,602,505,178,1491,2100,11.4,62.9,0.8454
291,1103983200000,4.0,1424,NaN,13.2,1090,507,566,176,1351,1896,12.2,61.1,0.8652
291,1103986800000,2.4,1331,NaN,9.7,966,266,633,159,1266,1745,12.1,61.8,0.8723
291,1103990400000,3.1,1434,NaN,13.3,1093,335,561,168,1366,1893,11.7,65.6,0.898
291,1103994000000,4.0,1542,NaN,15.4,1161,464,531,181,1435,1972,11.4,67.9,0.9119
291,1103997600000,4.6,1651,NaN,17.8,1234,527,501,184,1513,2020,11.2,70.8,0.9386
291,1104001200000,4.8,1633,NaN,18.0,1240,592,496,170,1555,1906,10.9,75.9,0.9868
291,1104004800000,6.2,1739,NaN,21.3,1333,821,460,174,1689,1832,11.3,78.3,1.0455
291,1104008400000,4.6,1523,NaN,14.5,1132,538,541,136,1488,1470,10.3,82.8,1.0369
291,1104012000000,4.5,1543,NaN,15.8,1174,513,521,127,1542,1494,10.4,82.5,1.0406
291,1104015600000,4.2,1469,NaN,13.1,1086,514,564,125,1485,1394,11.0,81.7,1.0727
292,1104019200000,2.6,1271,NaN,7.7,886,345,688,121,1321,1113,11.7,79.8,1.0964
292,1104022800000,1.6,1161,NaN,6.0,810,231,775,117,1281,958,11.6,80.0,1.0924
292,1104026400000,1.3,1053,NaN,3.5,680,166,890,108,1166,807,11.3,80.1,1.0741
292,1104030000000,0.6,916,NaN,1.5,541,NaN,1143,NaN,1064,536,11.7,74.1,1.0167
292,1104033600000,0.5,900,NaN,1.2,522,61,1242,55,1070,471,10.8,78.7,1.0202
292,1104037200000,0.4,855,NaN,0.8,479,49,1319,46,1068,450,10.7,81.5,1.0497
292,1104040800000,0.3,848,NaN,0.7,464,54,1425,46,1062,438,10.9,80.3,1.0444
292,1104044400000,0.4,873,NaN,0.9,485,78,1305,67,1083,512,10.7,80.7,1.0377
292,1104048000000,0.6,945,NaN,1.8,569,136,1140,90,1135,632,10.5,81.8,1.0416
292,1104051600000,0.9,1003,NaN,2.5,618,198,1003,117,1159,754,10.4,82.9,1.0419
292,1104055200000,1.1,1041,NaN,3.1,659,211,908,118,1188,792,10.6,82.1,1.0451
292,1104058800000,1.0,1036,NaN,3.5,685,183,942,112,1168,776,11.5,72.6,0.9846
292,1104062400000,1.6,1124,NaN,5.7,799,277,775,134,1231,969,12.8,65.5,0.964
292,1104066000000,1.8,1130,NaN,5.8,803,267,772,127,1230,975,13.9,60.9,0.9644
292,1104069600000,1.0,991,NaN,2.7,632,123,981,88,1114,637,14.9,57.9,0.9726
292,1104073200000,0.8,988,NaN,2.2,596,68,1056,57,1118,541,14.8,63.5,1.0592
292,1104076800000,1.4,1163,NaN,5.8,801,186,772,99,1288,876,13.6,68.9,1.0699
292,1104080400000,2.1,1226,NaN,6.9,853,321,725,129,1307,1029,13.6,68.9,1.0661
292,1104084000000,2.3,1286,NaN,9.1,942,343,687,137,1362,1103,13.5,67.1,1.0357
292,1104087600000,3.5,1423,NaN,14.0,1116,550,553,146,1531,1369,12.3,75.4,1.0768
292,1104091200000,3.8,1408,NaN,13.1,1088,598,560,139,1504,1381,11.7,80.0,1.0938
292,1104094800000,2.4,1178,NaN,7.2,866,390,700,128,1342,1094,11.8,82.7,1.1381
292,1104098400000,1.0,985,NaN,3.8,701,159,877,106,1187,835,11.8,77.5,1.0741
292,1104102000000,1.3,1113,NaN,5.2,776,193,828,114,1217,881,12.0,72.3,1.0095
293,1104105600000,2.3,1178,NaN,7.4,873,316,700,137,1328,987,11.2,79.6,1.0587
293,1104109200000,1.5,1024,NaN,3.9,705,199,876,114,1168,807,11.5,74.2,1.0063
293,1104112800000,1.1,954,NaN,2.7,630,134,988,92,1107,664,11.6,68.9,0.9411
293,1104116400000,0.6,875,NaN,1.5,548,NaN,1165,NaN,1049,525,11.5,67.4,0.9106
293,1104120000000,0.7,877,NaN,1.3,526,63,1171,55,1023,496,11.7,64.6,0.8888
293,1104123600000,0.4,826,NaN,0.7,465,50,1322,46,978,433,11.9,61.1,0.8527
293,1104127200000,0.5,862,NaN,1.4,535,93,1193,67,1020,524,12.5,57.3,0.8269
293,1104130800000,0.8,938,NaN,3.0,653,161,970,95,1100,747,12.3,60.1,0.8562
293,1104134400000,1.9,1205,NaN,9.1,943,368,688,133,1361,1052,11.5,68.7,0.9302
293,1104138000000,2.3,1171,NaN,10.0,978,344,637,138,1374,1092,12.5,63.2,0.9113
293,1104141600000,1.9,1131,NaN,8.6,926,288,684,127,1324,1036,12.9,63.2,0.9335
293,1104145200000,1.6,1074,NaN,6.4,832,244,748,119,1230,934,13.5,59.9,0.9261
293,1104148800000,1.4,1062,NaN,6.2,822,224,764,113,1228,917,13.4,61.3,0.9379
293,1104152400000,1.5,1045,NaN,5.7,800,206,796,109,1193,839,14.4,57.1,0.9309
293,1104156000000,1.4,1034,NaN,5.0,763,163,840,97,1192,761,15.0,57.2,0.9698
293,1104159600000,2.0,1186,NaN,8.0,899,296,695,117,1332,926,12.4,72.6,1.0422
293,1104163200000,2.5,1256,NaN,10.5,996,386,625,132,1417,1104,12.8,73.6,1.0851
293,1104166800000,2.2,1138,NaN,6.9,854,262,735,117,1276,911,13.3,68.2,1.0356
293,1104170400000,2.0,1138,NaN,7.8,891,212,721,110,1295,918,13.4,66.6,1.0187
293,1104174000000,2.1,1114,NaN,8.0,899,245,710,119,1279,948,13.3,63.6,0.9661
293,1104177600000,2.1,1107,NaN,8.1,905,263,705,116,1288,966,12.9,62.4,0.9258
293,1104181200000,2.1,1117,NaN,7.5,876,300,706,123,1264,1057,12.4,64.7,0.9266
293,1104184800000,1.6,1090,NaN,6.0,812,242,753,117,1213,1001,12.1,65.6,0.9222
293,1104188400000,1.1,954,NaN,3.2,665,152,916,100,1119,777,11.3,69.8,0.932
294,1104192000000,1.2,987,NaN,4.1,715,165,884,101,1145,797,11.0,68.7,0.9001
294,1104195600000,NaN,969,NaN,3.1,659,NaN,945,NaN,1082,691,11.1,65.3,0.8601
294,1104199200000,NaN,939,NaN,2.9,648,NaN,949,NaN,1084,680,10.2,66.9,0.8323
294,1104202800000,NaN,961,NaN,3.0,654,NaN,925,NaN,1084,755,9.5,70.1,0.8343
294,1104206400000,NaN,916,NaN,2.5,623,NaN,962,NaN,1064,725,9.8,69.4,0.8397
294,1104210000000,NaN,835,NaN,0.9,484,NaN,1266,NaN,961,432,10.7,62.5,0.802
294,1104213600000,NaN,885,NaN,1.8,572,NaN,1081,NaN,1031,612,10.4,64.8,0.8138
294,1104217200000,NaN,1088,NaN,6.6,839,NaN,760,NaN,1236,951,9.7,73.1,0.8772
294,1104220800000,NaN,1358,NaN,15.3,1158,NaN,529,NaN,1537,1326,9.3,77.0,0.9018
294,1104224400000,NaN,1456,NaN,23.4,1389,NaN,443,NaN,1808,1504,9.1,77.1,0.8947
294,1104228000000,NaN,1274,NaN,15.3,1159,NaN,545,NaN,1493,1326,10.6,67.9,0.8666
294,1104231600000,NaN,1092,NaN,9.2,946,NaN,691,NaN,1234,1043,12.7,56.7,0.8304
294,1104235200000,NaN,1111,NaN,10.4,993,NaN,662,NaN,1287,1058,13.0,53.9,0.8029
294,1104238800000,NaN,1177,NaN,14.8,1143,NaN,574,NaN,1443,1205,13.9,49.0,0.7727
294,1104242400000,NaN,1199,NaN,14.6,1138,NaN,581,NaN,1452,1203,14.4,49.2,0.8027
294,1104246000000,NaN,1121,NaN,10.7,1003,NaN,656,NaN,1323,1058,14.3,48.6,0.79
294,1104249600000,NaN,1252,NaN,15.5,1164,NaN,559,NaN,1474,1257,13.6,52.8,0.8177
294,1104253200000,NaN,1233,NaN,14.9,1144,NaN,575,NaN,1436,1271,13.1,54.3,0.8167
294,1104256800000,NaN,1215,NaN,12.4,1063,NaN,616,NaN,1370,1214,12.4,59.3,0.853
294,1104260400000,NaN,1193,NaN,11.2,1020,NaN,645,NaN,1340,1135,12.1,61.5,0.8677
294,1104264000000,NaN,1195,NaN,11.3,1026,NaN,637,NaN,1342,1150,12.0,60.8,0.852
294,1104267600000,NaN,1301,NaN,12.9,1080,NaN,579,NaN,1435,1248,11.0,73.8,0.9677
294,1104271200000,NaN,1126,NaN,6.4,828,NaN,722,NaN,1250,955,9.6,82.9,0.99
294,1104274800000,NaN,1013,NaN,3.6,687,NaN,872,NaN,1135,726,8.6,83.5,0.9372
295,1104278400000,NaN,982,NaN,2.9,645,NaN,922,NaN,1107,708,8.7,83.0,0.9393
295,1104282000000,NaN,970,NaN,2.8,642,NaN,922,NaN,1107,704,8.8,81.2,0.9214
295,1104285600000,NaN,959,NaN,2.8,637,NaN,958,NaN,1107,667,8.9,79.0,0.9032
295,1104289200000,NaN,925,NaN,2.2,598,NaN,978,NaN,1079,662,9.0,76.5,0.8828
295,1104292800000,NaN,847,NaN,1.0,502,NaN,1198,NaN,1020,508,9.0,75.8,0.8721
295,1104296400000,NaN,885,NaN,1.4,534,NaN,1144,NaN,1036,529,9.1,73.9,0.8576
295,1104300000000,NaN,883,NaN,1.6,549,NaN,1019,NaN,1025,607,9.4,70.9,0.8386
295,1104303600000,NaN,892,NaN,2.0,587,NaN,1070,NaN,1041,623,10.1,65.9,0.8148
295,1104307200000,NaN,970,NaN,3.4,678,NaN,916,NaN,1101,732,10.1,64.6,0.7967
295,1104310800000,NaN,904,NaN,2.9,644,NaN,949,NaN,1036,697,9.3,64.7,0.7575
295,1104314400000,NaN,919,NaN,3.0,652,NaN,953,NaN,1045,712,9.9,61.3,0.7499
295,1104318000000,NaN,929,NaN,3.3,668,NaN,937,NaN,1054,696,10.6,59.9,0.7674
295,1104321600000,NaN,938,NaN,4.3,729,NaN,874,NaN,1060,702,11.1,55.3,0.7325
295,1104325200000,NaN,971,NaN,5.5,786,NaN,812,NaN,1086,796,12.0,49.3,0.69
295,1104328800000,NaN,914,NaN,4.5,739,NaN,870,NaN,1025,714,11.6,46.8,0.6397
295,1104332400000,NaN,892,NaN,4.1,719,NaN,918,NaN,1019,635,12.0,44.0,0.6169
295,1104336000000,NaN,913,NaN,4.5,735,NaN,905,NaN,1024,706,11.8,44.3,0.6141
295,1104339600000,NaN,928,NaN,4.9,759,NaN,871,NaN,1040,775,11.3,45.4,0.6063
295,1104343200000,NaN,1035,NaN,9.0,941,NaN,734,NaN,1175,965,11.3,44.1,0.5909
295,1104346800000,NaN,1033,NaN,9.0,939,NaN,729,NaN,1159,979,11.2,45.1,0.5971
295,1104350400000,NaN,990,NaN,7.2,865,NaN,764,NaN,1130,902,10.8,47.3,0.6122
295,1104354000000,NaN,934,NaN,4.7,750,NaN,891,NaN,1035,798,10.7,47.7,0.6127
295,1104357600000,NaN,881,NaN,3.3,670,NaN,979,NaN,978,697,10.5,46.9,0.5956
295,1104361200000,NaN,855,NaN,2.7,631,NaN,1033,NaN,932,626,10.2,45.4,0.5632
296,1104364800000,NaN,832,NaN,2.2,598,NaN,1122,NaN,912,537,9.7,46.0,0.5546
296,1104368400000,NaN,848,NaN,2.8,639,NaN,1057,NaN,929,574,9.8,45.2,0.5489
296,1104372000000,NaN,806,NaN,1.8,567,NaN,1163,NaN,878,490,9.4,45.4,0.5355
296,1104375600000,NaN,796,NaN,1.5,545,NaN,1210,NaN,853,450,9.3,44.0,0.5153
296,1104379200000,NaN,777,NaN,0.9,493,NaN,1247,NaN,828,438,8.8,45.2,0.5134
296,1104382800000,NaN,785,NaN,1.1,505,NaN,1226,NaN,829,428,8.7,45.6,0.5128
296,1104386400000,NaN,766,NaN,0.7,470,NaN,1317,NaN,810,404,8.5,44.8,0.498
296,1104390000000,NaN,808,NaN,1.4,534,NaN,1243,NaN,853,480,8.7,43.4,0.4905
296,1104393600000,NaN,975,NaN,6.2,822,NaN,852,NaN,1049,876,8.5,43.6,0.4865
296,1104397200000,NaN,943,NaN,6.1,816,NaN,828,NaN,1033,868,8.8,42.0,0.4773
296,1104400800000,NaN,886,NaN,5.0,764,NaN,920,NaN,946,740,10.8,35.1,0.4549
296,1104404400000,NaN,861,NaN,4.1,716,NaN,973,NaN,921,628,11.7,34.4,0.4712
296,1104408000000,NaN,881,NaN,4.4,734,NaN,961,NaN,925,636,12.6,31.7,0.4613
296,1104411600000,NaN,855,NaN,4.6,741,NaN,965,NaN,901,616,12.5,30.3,0.4367
296,1104415200000,NaN,855,NaN,4.3,725,NaN,983,NaN,898,613,11.4,32.8,0.4424
296,1104418800000,NaN,844,NaN,3.6,689,NaN,1040,NaN,867,545,12.1,31.1,0.4383
296,1104422400000,NaN,900,NaN,5.6,794,NaN,906,NaN,930,710,12.3,29.7,0.4226
296,1104426000000,NaN,883,NaN,4.8,751,NaN,962,NaN,922,661,9.8,36.4,0.4414
296,1104429600000,NaN,994,NaN,8.1,903,NaN,781,NaN,1079,922,9.3,40.8,0.4781
296,1104433200000,NaN,927,NaN,5.2,774,NaN,883,NaN,976,755,8.6,45.1,0.5038
296,1104436800000,NaN,1078,NaN,10.2,987,NaN,718,NaN,1152,1015,9.3,41.7,0.4884
296,1104440400000,NaN,952,NaN,5.5,788,NaN,849,NaN,1018,876,8.7,44.3,0.4998
296,1104444000000,NaN,882,NaN,3.1,660,NaN,991,NaN,922,727,8.0,47.6,0.5113
296,1104447600000,NaN,924,NaN,4.2,724,NaN,946,NaN,969,781,7.7,47.2,0.4975
297,1104451200000,NaN,987,NaN,6.2,823,NaN,827,NaN,1027,893,7.2,50.2,0.5118
297,1104454800000,NaN,930,NaN,4.8,752,NaN,889,NaN,981,820,6.9,50.3,0.5029
297,1104458400000,NaN,861,NaN,3.0,654,NaN,995,NaN,919,632,6.7,50.7,0.4998
297,1104462000000,NaN,783,NaN,1.2,522,NaN,1241,NaN,832,458,7.6,46.4,0.4869
297,1104465600000,NaN,744,NaN,0.4,431,NaN,1539,NaN,778,345,7.4,45.7,0.4714
297,1104469200000,NaN,753,NaN,0.4,426,NaN,1568,NaN,792,337,6.9,49.3,0.4913
297,1104472800000,NaN,787,NaN,0.6,452,NaN,1400,NaN,823,370,7.8,48.1,0.5095
297,1104476400000,NaN,820,NaN,1.1,506,NaN,1221,NaN,871,466,8.1,47.8,0.5157
297,1104480000000,NaN,840,NaN,1.6,552,NaN,1152,NaN,893,510,8.5,46.7,0.5191
297,1104483600000,NaN,897,NaN,3.1,656,NaN,953,NaN,964,641,8.9,44.1,0.5039
297,1104487200000,NaN,989,NaN,5.6,793,NaN,815,NaN,1052,862,9.4,42.5,0.5038
297,1104490800000,NaN,909,NaN,4.5,737,NaN,909,NaN,941,753,10.8,36.3,0.4712
297,1104494400000,NaN,865,NaN,3.8,697,NaN,1002,NaN,883,589,11.9,30.6,0.4264
297,1104498000000,NaN,924,NaN,6.2,821,NaN,899,NaN,955,704,12.2,29.7,0.4205
297,1104501600000,NaN,912,NaN,5.6,794,NaN,885,NaN,943,731,12.0,31.1,0.434
297,1104505200000,NaN,872,NaN,4.1,717,NaN,991,NaN,882,592,12.7,28.4,0.416
297,1104508800000,NaN,917,NaN,5.6,794,NaN,907,NaN,946,740,13.3,27.5,0.4185
297,1104512400000,NaN,962,NaN,7.6,883,NaN,818,NaN,996,896,11.4,30.8,0.4148
297,1104516000000,NaN,932,NaN,6.1,817,NaN,883,NaN,942,854,9.8,34.0,0.4112
297,1104519600000,NaN,930,NaN,5.3,781,NaN,933,NaN,906,866,9.3,33.6,0.3958
297,1104523200000,NaN,962,NaN,5.3,780,NaN,919,NaN,909,884,9.6,32.3,0.3871
297,1104526800000,NaN,974,NaN,5.5,790,NaN,915,NaN,895,951,9.1,32.5,0.3766
297,1104530400000,NaN,1055,NaN,5.6,791,NaN,845,NaN,936,1195,9.1,37.2,0.431
297,1104534000000,NaN,1003,NaN,4.6,744,NaN,882,NaN,899,1138,7.8,38.4,0.4085
298,1104537600000,NaN,1046,NaN,4.2,724,NaN,848,NaN,898,1201,8.2,40.1,0.4375
298,1104541200000,1.6,1275,NaN,8.8,930,215,649,106,1024,1617,5.3,50.7,0.4564
298,1104544800000,2.5,1173,NaN,7.5,878,300,738,129,1002,1355,5.9,50.0,0.4689
298,1104548400000,2.7,1163,NaN,7.6,881,NaN,748,NaN,1001,1296,4.9,53.9,0.4693
298,1104552000000,1.9,1054,NaN,5.6,791,253,830,126,967,1131,4.3,55.3,0.465
298,1104555600000,1.4,1004,NaN,4.8,753,181,879,106,942,1036,4.2,57.1,0.4759
298,1104559200000,1.5,1001,NaN,5.3,777,171,859,99,954,1009,3.5,58.3,0.4636
298,1104562800000,1.4,974,NaN,4.5,736,168,888,97,945,966,3.0,60.7,0.4667
298,1104566400000,1.1,915,NaN,3.0,653,169,973,94,905,901,2.6,63.2,0.4721
298,1104570000000,1.0,939,NaN,3.0,649,145,996,86,897,879,3.9,59.0,0.4807
298,1104573600000,1.2,973,NaN,4.7,748,190,878,97,968,991,4.7,57.2,0.4932
298,1104577200000,1.7,1011,NaN,5.4,782,225,846,113,992,1019,6.8,48.6,0.4822
298,1104580800000,2.3,1097,NaN,7.4,875,261,778,125,1080,1151,8.6,43.6,0.4887
298,1104584400000,2.2,1149,NaN,8.4,914,382,742,147,1072,1242,9.5,41.2,0.4908
298,1104588000000,2.4,1117,NaN,8.9,934,357,721,153,1075,1206,10.9,35.9,0.468
298,1104591600000,2.2,1085,NaN,7.9,896,299,760,147,1049,1138,12.5,32.3,0.467
298,1104595200000,2.1,1102,NaN,7.7,885,313,772,139,1051,1142,12.8,32.6,0.4814
298,1104598800000,3.0,1281,NaN,12.1,1053,510,659,165,1192,1438,10.9,39.7,0.5166
298,1104602400000,4.7,1472,NaN,16.6,1198,832,555,191,1344,1735,9.0,51.8,0.5961
298,1104606000000,3.6,1328,NaN,11.4,1029,622,637,172,1188,1611,8.1,54.1,0.5882
298,1104609600000,2.5,1198,NaN,7.9,897,402,720,151,1072,1436,7.8,54.6,0.5786
298,1104613200000,2.3,1176,NaN,8.1,905,334,718,137,1104,1389,6.2,59.6,0.5698
298,1104616800000,2.1,1118,NaN,6.4,830,295,765,130,1058,1313,5.7,59.9,0.5523
298,1104620400000,1.7,1091,NaN,5.2,773,222,820,115,1003,1232,5.6,59.7,0.5463
299,1104624000000,1.8,1078,NaN,5.2,775,230,809,112,1012,1195,4.7,62.9,0.5424
299,1104627600000,1.6,1043,NaN,4.3,726,195,875,105,972,1107,4.5,63.5,0.5411
299,1104631200000,1.3,992,NaN,3.6,685,167,916,96,963,1035,4.5,63.6,0.5414
299,1104634800000,1.3,1004,NaN,4.5,739,NaN,868,NaN,1004,1030,3.1,70.0,0.5388
299,1104638400000,1.3,947,NaN,3.3,673,148,929,87,974,929,3.2,68.3,0.531
299,1104642000000,1.1,923,NaN,2.7,634,123,984,75,943,875,3.1,69.2,0.5337
299,1104645600000,1.0,911,NaN,2.4,613,148,992,82,934,861,2.4,71.9,0.5288
299,1104649200000,1.0,924,NaN,2.6,629,143,994,83,941,852,3.1,68.7,0.5317
299,1104652800000,1.2,954,NaN,3.4,674,180,940,88,981,891,2.1,73.1,0.5289
299,1104656400000,1.3,960,NaN,3.9,704,226,887,106,1003,947,3.3,68.2,0.5346
299,1104660000000,1.6,1016,NaN,4.9,760,254,835,112,1044,1016,4.1,65.8,0.5451
299,1104663600000,2.2,1139,NaN,7.5,879,372,753,141,1092,1201,6.6,56.6,0.5528
299,1104667200000,2.2,1130,NaN,7.1,860,379,752,148,1058,1218,8.0,51.2,0.5516
299,1104670800000,2.8,1237,NaN,9.6,962,478,685,171,1138,1385,10.3,44.9,0.5612
299,1104674400000,2.1,1159,NaN,6.5,837,344,742,160,1087,1311,12.3,41.7,0.5961
299,1104678000000,1.6,1124,NaN,5.5,790,258,791,137,1071,1206,13.5,41.3,0.6342
299,1104681600000,2.8,1312,NaN,10.5,998,474,640,167,1249,1473,13.4,43.1,0.66
299,1104685200000,2.6,1246,NaN,8.9,936,438,665,164,1182,1460,9.9,53.3,0.6504
299,1104688800000,2.8,1232,NaN,8.8,931,451,674,166,1171,1627,8.9,54.6,0.6226
299,1104692400000,2.9,1286,NaN,10.5,996,473,644,167,1217,1827,8.9,54.8,0.6244
299,1104696000000,3.4,1347,NaN,13.0,1084,560,582,174,1290,2004,8.3,58.2,0.6391
299,1104699600000,2.9,NaN,NaN,NaN,NaN,470,NaN,160,NaN,NaN,NaN,NaN,NaN
299,1104703200000,3.2,NaN,NaN,NaN,NaN,506,NaN,169,NaN,NaN,NaN,NaN,NaN
299,1104706800000,3.1,NaN,NaN,NaN,NaN,482,NaN,162,NaN,NaN,NaN,NaN,NaN
300,1104710400000,3.0,NaN,NaN,NaN,NaN,436,NaN,149,NaN,NaN,NaN,NaN,NaN
300,1104714000000,3.4,NaN,NaN,NaN,NaN,472,NaN,158,NaN,NaN,NaN,NaN,NaN
300,1104717600000,3.0,NaN,NaN,NaN,NaN,379,NaN,143,NaN,NaN,NaN,NaN,NaN
300,1104721200000,2.7,NaN,NaN,NaN,NaN,NaN,NaN,NaN,NaN,NaN,NaN,NaN,NaN
300,1104724800000,NaN,NaN,NaN,NaN,NaN,286,NaN,121,NaN,NaN,NaN,NaN,NaN
300,1104728400000,1.1,NaN,NaN,NaN,NaN,155,NaN,92,NaN,NaN,NaN,NaN,NaN
300,1104732000000,1.4,NaN,NaN,NaN,NaN,264,NaN,102,NaN,NaN,NaN,NaN,NaN
300,1104735600000,1.8,NaN,NaN,NaN,NaN,366,NaN,121,NaN,NaN,NaN,NaN,NaN
300,1104739200000,3.6,NaN,NaN,NaN,NaN,622,NaN,164,NaN,NaN,NaN,NaN,NaN
300,1104742800000,3.1,NaN,NaN,NaN,NaN,551,NaN,175,NaN,NaN,NaN,NaN,NaN
300,1104746400000,1.9,NaN,NaN,NaN,NaN,349,NaN,130,NaN,NaN,NaN,NaN,NaN
300,1104750000000,1.7,NaN,NaN,NaN,NaN,285,NaN,117,NaN,NaN,NaN,NaN,NaN
300,1104753600000,1.7,NaN,NaN,NaN,NaN,265,NaN,115,NaN,NaN,NaN,NaN,NaN
300,1104757200000,1.6,NaN,NaN,NaN,NaN,222,NaN,106,NaN,NaN,NaN,NaN,NaN
300,1104760800000,1.6,NaN,NaN,NaN,NaN,237,NaN,102,NaN,NaN,NaN,NaN,NaN
300,1104764400000,1.7,NaN,NaN,NaN,NaN,294,NaN,122,NaN,NaN,NaN,NaN,NaN
300,1104768000000,2.2,NaN,NaN,NaN,NaN,329,NaN,138,NaN,NaN,NaN,NaN,NaN
300,1104771600000,3.3,NaN,NaN,NaN,NaN,487,NaN,162,NaN,NaN,NaN,NaN,NaN
300,1104775200000,3.9,NaN,NaN,NaN,NaN,604,NaN,177,NaN,NaN,NaN,NaN,NaN
300,1104778800000,5.0,NaN,NaN,NaN,NaN,728,NaN,190,NaN,NaN,NaN,NaN,NaN
300,1104782400000,4.2,NaN,NaN,NaN,NaN,653,NaN,182,NaN,NaN,NaN,NaN,NaN
300,1104786000000,3.2,NaN,NaN,NaN,NaN,509,NaN,163,NaN,NaN,NaN,NaN,NaN
300,1104789600000,1.7,NaN,NaN,NaN,NaN,277,NaN,135,NaN,NaN,NaN,NaN,NaN
300,1104793200000,1.5,NaN,NaN,NaN,NaN,268,NaN,130,NaN,NaN,NaN,NaN,NaN
301,1104796800000,1.3,NaN,NaN,NaN,NaN,193,NaN,117,NaN,NaN,NaN,NaN,NaN
301,1104800400000,1.2,NaN,NaN,NaN,NaN,167,NaN,104,NaN,NaN,NaN,NaN,NaN
301,1104804000000,1.3,NaN,NaN,NaN,NaN,159,NaN,97,NaN,NaN,NaN,NaN,NaN
301,1104807600000,0.8,NaN,NaN,NaN,NaN,NaN,NaN,NaN,NaN,NaN,NaN,NaN,NaN
301,1104811200000,0.6,NaN,NaN,NaN,NaN,89,NaN,72,NaN,NaN,NaN,NaN,NaN
301,1104814800000,0.8,NaN,NaN,NaN,NaN,97,NaN,71,NaN,NaN,NaN,NaN,NaN
301,1104818400000,0.9,NaN,NaN,NaN,NaN,182,NaN,94,NaN,NaN,NaN,NaN,NaN
301,1104822000000,1.1,NaN,NaN,NaN,NaN,262,NaN,118,NaN,NaN,NaN,NaN,NaN
301,1104825600000,3.4,NaN,NaN,NaN,NaN,561,NaN,174,NaN,NaN,NaN,NaN,NaN
301,1104829200000,3.6,NaN,NaN,NaN,NaN,540,NaN,170,NaN,NaN,NaN,NaN,NaN
301,1104832800000,3.1,NaN,NaN,NaN,NaN,480,NaN,171,NaN,NaN,NaN,NaN,NaN
301,1104836400000,3.3,NaN,NaN,NaN,NaN,608,NaN,196,NaN,NaN,NaN,NaN,NaN
301,1104840000000,3.4,NaN,NaN,NaN,NaN,584,NaN,191,NaN,NaN,NaN,NaN,NaN
301,1104843600000,2.8,NaN,NaN,NaN,NaN,426,NaN,165,NaN,NaN,NaN,NaN,NaN
301,1104847200000,2.6,NaN,NaN,NaN,NaN,397,NaN,148,NaN,NaN,NaN,NaN,NaN
301,1104850800000,3.0,NaN,NaN,NaN,NaN,473,NaN,172,NaN,NaN,NaN,NaN,NaN
301,1104854400000,2.9,NaN,NaN,NaN,NaN,369,NaN,165,NaN,NaN,NaN,NaN,NaN
301,1104858000000,3.8,NaN,NaN,NaN,NaN,532,NaN,184,NaN,NaN,NaN,NaN,NaN
301,1104861600000,3.8,NaN,NaN,NaN,NaN,498,NaN,173,NaN,NaN,NaN,NaN,NaN
301,1104865200000,3.6,NaN,NaN,NaN,NaN,487,NaN,174,NaN,NaN,NaN,NaN,NaN
301,1104868800000,4.5,NaN,NaN,NaN,NaN,629,NaN,181,NaN,NaN,NaN,NaN,NaN
301,1104872400000,3.7,NaN,NaN,NaN,NaN,502,NaN,166,NaN,NaN,NaN,NaN,NaN
301,1104876000000,2.4,NaN,NaN,NaN,NaN,381,NaN,150,NaN,NaN,NaN,NaN,NaN
301,1104879600000,1.7,NaN,NaN,NaN,NaN,250,NaN,131,NaN,NaN,NaN,NaN,NaN
302,1104883200000,1.7,NaN,NaN,NaN,NaN,266,NaN,129,NaN,NaN,NaN,NaN,NaN
302,1104886800000,1.7,1135,NaN,5.6,792,226,727,120,1170,1151,9.5,69.5,0.8261
302,1104890400000,1.9,1188,NaN,8.1,901,259,657,119,1261,1185,9.1,70.9,0.8176
302,1104894000000,2.0,1242,NaN,8.5,921,NaN,626,NaN,1219,1374,8.1,72.1,0.7798
302,1104897600000,2.0,1219,NaN,7.7,889,260,649,111,1186,1405,7.9,72.1,0.7679
302,1104901200000,1.7,1187,NaN,6.8,850,242,653,109,1169,1383,7.6,72.7,0.7598
302,1104904800000,1.8,1225,NaN,8.1,904,267,644,110,1194,1460,7.5,71.7,0.7439
302,1104908400000,2.2,1333,NaN,11.1,1019,411,576,126,1275,1612,7.9,70.6,0.7562
302,1104912000000,3.7,1489,NaN,16.4,1193,670,497,148,1475,1776,8.6,69.0,0.7732
302,1104915600000,4.8,1596,NaN,21.6,1341,830,436,162,1672,1991,9.1,67.5,0.7831
302,1104919200000,4.8,1585,NaN,19.3,1277,845,456,173,1567,1944,9.8,65.8,0.7967
302,1104922800000,5.2,1674,NaN,22.9,1376,992,438,198,1643,2098,11.2,61.9,0.8226
302,1104926400000,5.9,1741,NaN,25.3,1438,1130,416,219,1741,2159,12.8,60.1,0.882
302,1104930000000,5.9,1680,NaN,25.2,1434,977,417,206,1790,2005,13.4,62.4,0.9513
302,1104933600000,3.1,1295,NaN,13.2,1090,459,553,155,1479,1441,14.3,61.2,0.9941
302,1104937200000,2.6,1288,NaN,13.9,1112,346,560,150,1492,1380,14.6,59.6,0.9824
302,1104940800000,2.8,1281,NaN,13.8,1111,383,553,148,1483,1409,14.2,60.0,0.9684
302,1104944400000,2.8,1310,NaN,13.5,1099,414,559,158,1481,1445,13.8,62.6,0.9862
302,1104948000000,2.8,1276,NaN,13.5,1099,370,559,152,1504,1388,13.6,64.0,0.9891
302,1104951600000,3.1,1312,NaN,15.0,1148,400,532,148,1525,1411,13.4,64.5,0.9865
302,1104955200000,3.3,1332,NaN,14.9,1146,378,539,147,1523,1377,13.5,64.7,0.9971
302,1104958800000,2.7,1248,NaN,11.9,1046,357,588,144,1404,1316,13.4,65.3,0.9967
302,1104962400000,2.3,1182,NaN,9.2,947,333,643,144,1334,1210,13.2,64.5,0.9732
302,1104966000000,1.6,1059,NaN,6.0,810,227,764,126,1200,1002,13.2,62.3,0.9392
303,1104969600000,1.6,1056,NaN,5.6,795,203,783,115,1187,896,12.5,63.7,0.9196
303,1104973200000,1.7,1064,NaN,5.4,785,210,769,116,1184,946,12.3,64.6,0.9229
303,1104976800000,1.6,1059,NaN,5.4,783,198,781,112,1188,877,12.5,63.8,0.9244
303,1104980400000,1.4,991,NaN,3.5,681,NaN,874,NaN,1125,718,12.6,62.7,0.9121
303,1104984000000,NaN,950,NaN,2.5,622,89,960,67,1093,643,12.0,64.6,0.906
303,1104987600000,0.9,1005,NaN,3.4,679,89,875,67,1120,745,10.7,69.5,0.8919
303,1104991200000,0.8,939,NaN,1.8,568,101,1037,72,1054,656,12.4,62.6,0.8994
303,1104994800000,0.7,961,NaN,2.6,629,104,1011,69,1114,682,12.3,62.7,0.8947
303,1104998400000,1.1,1017,NaN,4.0,712,192,827,107,1147,829,11.4,66.6,0.8948
303,1105002000000,1.5,1108,NaN,6.2,823,237,720,117,1247,961,11.1,70.2,0.9276
303,1105005600000,1.5,1122,NaN,5.8,803,211,733,115,1225,960,13.4,61.0,0.9348
303,1105009200000,1.6,1099,NaN,6.3,826,230,739,120,1223,940,15.9,52.2,0.9377
303,1105012800000,1.6,1124,NaN,5.9,805,240,726,128,1233,938,15.6,54.0,0.9515
303,1105016400000,2.0,1186,NaN,8.5,921,295,660,138,1310,1040,16.3,51.5,0.9462
303,1105020000000,1.7,1096,NaN,6.2,819,243,733,127,1238,904,16.5,50.8,0.9442
303,1105023600000,1.5,1120,NaN,6.4,829,196,725,111,1259,910,16.3,51.9,0.9535
303,1105027200000,2.0,1185,NaN,7.9,893,237,666,122,1312,1011,16.2,53.0,0.9687
303,1105030800000,1.9,1173,NaN,7.7,885,274,685,134,1288,1038,15.6,54.8,0.966
303,1105034400000,2.1,1221,NaN,8.9,935,352,642,153,1323,1144,14.5,57.5,0.944
303,1105038000000,2.8,1330,NaN,12.4,1063,488,578,169,1419,1352,14.0,60.1,0.9566
303,1105041600000,2.7,1325,NaN,11.3,1027,426,591,162,1394,1365,13.5,63.0,0.9686
303,1105045200000,2.4,1195,NaN,8.4,915,376,666,152,1295,1245,12.6,65.4,0.9529
303,1105048800000,1.6,1150,NaN,7.3,869,237,694,127,1252,1203,12.0,67.5,0.9413
303,1105052400000,1.7,1145,NaN,5.9,806,199,736,112,1207,1120,10.5,72.0,0.912
304,1105056000000,1.3,1041,NaN,4.3,729,164,819,98,1130,972,10.0,70.9,0.8706
304,1105059600000,1.4,1032,NaN,3.6,687,142,867,89,1109,878,9.8,70.7,0.8571
304,1105063200000,1.2,1010,NaN,3.1,661,142,881,82,1100,853,8.0,75.0,0.8098
304,1105066800000,1.0,951,NaN,2.5,620,NaN,938,NaN,1077,779,7.9,75.1,0.805
304,1105070400000,1.0,944,NaN,2.5,617,127,944,77,1039,766,7.0,77.3,0.7782
304,1105074000000,0.6,862,NaN,1.4,540,73,1110,55,999,670,7.2,74.4,0.7581
304,1105077600000,0.7,909,NaN,1.8,567,100,1049,63,993,694,6.7,75.0,0.7418
304,1105081200000,1.0,965,NaN,3.1,659,126,973,69,1059,739,6.4,76.3,0.7389
304,1105084800000,1.7,1102,NaN,7.6,884,284,719,99,1218,940,6.0,78.5,0.7377
304,1105088400000,3.0,1226,NaN,15.3,1157,419,552,125,1464,1201,6.3,77.4,0.7452
304,1105092000000,2.4,1132,NaN,9.3,950,432,659,123,1253,1106,7.7,73.8,0.7769
304,1105095600000,2.2,1183,NaN,11.0,1013,310,632,128,1306,1186,10.2,61.5,0.7638
304,1105099200000,2.6,1211,NaN,10.6,998,446,605,149,1298,1302,11.3,58.1,0.7743
304,1105102800000,2.5,1253,NaN,11.4,1030,464,590,137,1351,1368,10.6,62.3,0.7981
304,1105106400000,3.0,1311,NaN,13.1,1088,505,563,147,1402,1452,11.1,62.0,0.8199
304,1105110000000,3.3,1341,NaN,14.8,1142,564,536,168,1454,1537,12.6,57.7,0.8387
304,1105113600000,3.8,1432,NaN,16.5,1195,625,509,180,1513,1651,13.3,56.2,0.8548
304,1105117200000,3.6,1404,NaN,16.5,1195,590,499,170,1501,1623,11.2,65.3,0.8639
304,1105120800000,5.0,1493,NaN,21.5,1337,712,466,180,1638,1742,8.8,74.6,0.8434
304,1105124400000,5.7,1478,NaN,22.2,1357,723,473,178,1652,1639,7.2,78.5,0.803
304,1105128000000,5.0,1411,NaN,20.5,1311,707,487,159,1589,1537,6.5,80.0,0.7789
304,1105131600000,4.8,1387,NaN,17.7,1231,737,523,156,1487,1463,5.8,83.8,0.7768
304,1105135200000,3.9,1306,NaN,15.4,1161,646,557,146,1407,1379,5.5,83.5,0.7619
304,1105138800000,3.3,1232,NaN,11.6,1035,536,623,132,1296,1256,5.8,81.3,0.7568
305,1105142400000,3.4,1277,NaN,13.0,1085,567,589,137,1329,1344,5.4,82.6,0.7495
305,1105146000000,2.4,1063,NaN,6.7,843,357,762,114,1125,1089,6.4,76.3,0.7369
305,1105149600000,1.4,991,NaN,4.6,744,187,863,95,1069,949,7.0,73.6,0.7417
305,1105153200000,1.4,989,NaN,3.8,701,NaN,871,NaN,1049,933,7.2,72.3,0.7392
305,1105156800000,1.2,972,NaN,3.4,674,169,926,88,1032,882,7.9,69.3,0.7413
305,1105160400000,1.2,973,NaN,3.4,675,184,903,94,1029,905,7.4,71.7,0.7434
305,1105164000000,1.2,985,NaN,3.6,691,205,878,97,1056,902,7.7,71.9,0.7575
305,1105167600000,1.3,1020,NaN,4.5,736,213,854,93,1069,923,8.1,68.0,0.7396
305,1105171200000,2.3,1192,NaN,10.0,978,415,638,113,1273,1210,6.7,77.1,0.7597
305,1105174800000,3.4,1325,NaN,14.7,1140,583,542,126,1403,1468,6.8,77.9,0.7756
305,1105178400000,3.0,1219,NaN,11.3,1026,462,604,133,1311,1329,8.9,66.7,0.7634
305,1105182000000,2.5,1195,NaN,10.4,992,387,632,141,1251,1295,11.6,54.1,0.7387
305,1105185600000,2.7,1230,NaN,11.2,1020,414,605,139,1301,1365,13.5,49.4,0.7598
305,1105189200000,2.8,1312,NaN,13.1,1087,440,567,147,1393,1452,13.8,50.9,0.796
305,1105192800000,3.6,1387,NaN,14.3,1127,516,530,175,1430,1615,13.4,55.9,0.8588
305,1105196400000,3.1,1375,NaN,12.8,1076,495,555,180,1377,1599,12.9,59.0,0.8736
305,1105200000000,4.3,1532,NaN,18.9,1265,643,482,194,1578,1777,13.3,59.0,0.8945
305,1105203600000,4.6,1531,NaN,17.9,1235,725,484,192,1541,1742,13.0,61.9,0.9224
305,1105207200000,4.3,1479,NaN,16.5,1196,683,498,188,1511,1739,12.5,63.6,0.9193
305,1105210800000,4.3,1521,NaN,16.9,1208,681,497,179,1549,1770,12.2,65.8,0.931
305,1105214400000,5.5,1616,NaN,22.4,1363,833,442,196,1701,1918,12.6,65.2,0.9474
305,1105218000000,3.4,1371,NaN,13.6,1105,514,553,169,1429,1581,13.3,63.6,0.9681
305,1105221600000,2.4,1198,NaN,9.1,943,371,647,151,1307,1291,13.5,62.6,0.9644
305,1105225200000,1.6,1102,NaN,6.0,813,213,764,123,1204,1000,14.1,59.6,0.9563
306,1105228800000,1.7,1120,NaN,6.3,826,242,750,127,1222,974,14.0,61.4,0.9773
306,1105232400000,1.6,1093,NaN,5.5,789,241,771,127,1206,949,13.5,63.4,0.9755
306,1105236000000,1.3,1112,NaN,5.6,791,218,764,118,1216,934,13.2,64.2,0.9706
306,1105239600000,0.8,986,NaN,3.4,674,NaN,883,NaN,1137,730,13.6,62.2,0.9643
306,1105243200000,NaN,934,NaN,2.3,609,70,976,55,1094,581,13.7,61.1,0.9537
306,1105246800000,0.6,919,NaN,1.8,571,54,1017,44,1082,521,13.5,63.8,0.9801
306,1105250400000,0.6,929,NaN,1.6,556,60,1035,46,1094,575,12.5,67.3,0.9743
306,1105254000000,0.5,919,NaN,1.6,552,55,1063,46,1080,522,13.2,64.2,0.9664
306,1105257600000,0.6,944,NaN,2.0,586,93,977,61,1090,586,13.1,63.4,0.9535
306,1105261200000,0.7,943,NaN,1.9,580,81,980,60,1074,566,13.8,60.5,0.9526
306,1105264800000,0.9,1036,NaN,3.5,683,109,846,71,1144,693,13.7,60.4,0.939
306,1105268400000,1.5,1168,NaN,5.7,797,251,698,111,1235,1022,14.0,59.7,0.9495
306,1105272000000,1.9,1232,NaN,8.1,903,284,626,127,1313,1152,15.0,56.2,0.9539
306,1105275600000,1.9,1236,NaN,8.1,901,262,628,128,1311,1108,16.9,50.9,0.9714
306,1105279200000,2.2,1278,NaN,12.6,1070,256,557,142,1479,1110,16.6,52.4,0.981
306,1105282800000,3.8,1369,NaN,18.1,1242,310,476,145,1669,1306,16.4,53.2,0.9826
306,1105286400000,2.0,1182,NaN,8.7,929,269,648,145,1324,1029,16.1,52.8,0.9579
306,1105290000000,2.2,1210,NaN,8.8,933,348,648,156,1327,1094,15.7,54.4,0.9616
306,1105293600000,3.3,1316,NaN,14.1,1121,396,548,154,1488,1282,15.4,55.3,0.9616
306,1105297200000,2.7,1221,NaN,9.3,952,432,641,165,1334,1147,15.2,54.7,0.9362
306,1105300800000,2.6,1260,NaN,11.6,1034,419,588,153,1402,1208,14.7,56.6,0.9392
306,1105304400000,2.5,1231,NaN,9.6,962,412,625,151,1348,1192,14.4,58.2,0.9495
306,1105308000000,1.5,1115,NaN,5.8,804,223,734,131,1220,1136,14.3,59.2,0.9608
306,1105311600000,1.9,1180,NaN,7.5,877,242,680,128,1297,1131,14.0,60.4,0.9622
307,1105315200000,2.0,1174,NaN,7.4,873,288,672,137,1300,1071,13.7,63.6,0.9912
307,1105318800000,1.7,1178,NaN,7.4,876,209,666,119,1319,1059,13.1,68.7,1.0329
307,1105322400000,1.2,1052,NaN,3.9,704,141,807,96,1210,909,13.2,69.9,1.0526
307,1105326000000,0.9,998,NaN,2.1,591,NaN,937,NaN,1147,820,12.8,71.2,1.0454
307,1105329600000,0.6,960,NaN,1.3,532,66,1059,60,1122,724,12.9,70.4,1.0444
307,1105333200000,NaN,958,NaN,1.8,571,64,998,54,1138,707,12.4,72.5,1.0411
307,1105336800000,NaN,989,NaN,3.0,650,105,900,66,1171,768,13.0,70.3,1.0502
307,1105340400000,0.4,1162,NaN,6.7,843,303,685,104,1336,1027,12.3,73.3,1.0448
307,1105344000000,2.6,1523,NaN,21.0,1324,620,451,137,1776,1502,12.8,71.8,1.0551
307,1105347600000,3.5,1511,NaN,21.4,1334,590,433,146,1804,1606,13.1,70.2,1.0567
307,1105351200000,2.1,1420,NaN,16.1,1183,592,488,136,1626,1520,12.8,71.8,1.0551
307,1105354800000,2.1,1413,NaN,16.4,1193,698,484,144,1598,1566,13.1,70.3,1.0566
307,1105358400000,1.7,1335,NaN,14.8,1141,482,512,133,1536,1501,13.7,67.0,1.0446
307,1105362000000,2.6,1451,NaN,20.1,1298,575,452,148,1744,1634,14.0,65.4,1.0427
307,1105365600000,2.6,1410,NaN,19.3,1276,548,459,155,1701,1587,14.4,63.8,1.0421
307,1105369200000,2.4,1429,NaN,19.3,1277,498,456,152,1721,1560,14.1,65.9,1.0531
307,1105372800000,2.4,1409,NaN,17.4,1223,479,475,145,1640,1538,14.1,65.9,1.0552
307,1105376400000,2.0,1372,NaN,17.0,1210,420,484,139,1629,1491,14.1,66.0,1.0539
307,1105380000000,2.0,1366,NaN,17.1,1213,378,489,134,1611,1469,14.0,66.4,1.0536
307,1105383600000,3.1,1365,NaN,16.4,1192,340,492,128,1593,1486,13.8,66.4,1.0451
307,1105387200000,3.3,1385,NaN,17.3,1218,399,478,135,1620,1494,13.4,68.1,1.0441
307,1105390800000,3.3,1361,NaN,14.6,1137,449,503,136,1526,1471,13.2,69.1,1.0452
307,1105394400000,2.6,1312,NaN,11.9,1047,374,545,126,1430,1399,13.0,70.0,1.042
307,1105398000000,1.7,1177,NaN,7.3,871,244,660,116,1292,1192,12.7,69.9,1.0223
308,1105401600000,1.8,1205,NaN,7.7,888,256,647,116,1292,1187,12.0,71.9,1.0071
308,1105405200000,1.5,1114,NaN,4.9,757,212,744,107,1204,1070,13.2,66.8,1.0087
308,1105408800000,1.1,1047,NaN,3.9,708,146,816,91,1167,949,12.4,69.5,0.9986
308,1105412400000,0.9,982,NaN,2.1,592,NaN,953,NaN,1106,830,13.1,65.7,0.9858
308,1105416000000,0.7,992,NaN,2.9,644,96,899,70,1128,854,11.8,70.6,0.9731
308,1105419600000,0.7,977,NaN,2.6,629,106,908,78,1129,835,12.3,68.0,0.9734
308,1105423200000,0.9,1047,NaN,3.3,671,115,863,75,1147,887,12.0,69.2,0.9697
308,1105426800000,1.3,1126,NaN,5.2,775,236,760,101,1205,1019,11.7,69.8,0.9612
308,1105430400000,3.2,1474,NaN,19.0,1268,583,502,136,1677,1503,12.1,67.6,0.95
308,1105434000000,5.1,1526,NaN,26.5,1466,662,415,147,1855,1687,12.5,65.1,0.9399
308,1105437600000,3.7,1386,NaN,15.3,1158,528,518,143,1485,1553,12.8,62.5,0.9213
308,1105441200000,3.2,1392,NaN,15.6,1166,549,519,153,1488,1624,13.4,59.9,0.9143
308,1105444800000,3.1,1363,NaN,16.4,1192,531,499,148,1501,1637,13.4,57.9,0.8895
308,1105448400000,3.0,1331,NaN,16.1,1184,493,507,149,1508,1533,13.6,56.4,0.8754
308,1105452000000,3.6,1401,NaN,18.8,1261,527,479,141,1580,1577,13.8,56.3,0.8841
308,1105455600000,3.2,1374,NaN,18.0,1239,487,483,147,1569,1532,13.7,57.9,0.9063
308,1105459200000,3.9,1436,NaN,20.1,1299,581,451,159,1616,1621,13.6,58.9,0.9139
308,1105462800000,3.4,1386,NaN,17.6,1228,531,479,152,1546,1578,13.4,59.7,0.9142
308,1105466400000,3.9,1419,NaN,19.3,1277,495,459,144,1603,1631,13.3,61.2,0.933
308,1105470000000,3.6,1428,NaN,19.7,1288,487,465,146,1580,1629,13.2,61.8,0.9313
308,1105473600000,4.7,1508,NaN,24.5,1416,596,418,162,1773,1733,12.9,61.5,0.9139
308,1105477200000,4.1,1438,NaN,18.4,1251,595,470,156,1593,1622,12.6,63.9,0.9307
308,1105480800000,3.4,1415,NaN,16.6,1197,559,486,146,1539,1597,12.0,67.4,0.9417
308,1105484400000,3.5,1433,NaN,16.2,1186,586,479,151,1497,1738,11.9,69.0,0.9568
309,1105488000000,1.2,1208,NaN,9.6,964,399,602,127,1305,1350,12.0,66.6,0.9293
309,1105491600000,2.4,1280,NaN,11.4,1029,399,564,123,1366,1363,11.4,69.6,0.9373
309,1105495200000,2.1,1174,NaN,9.1,942,381,626,122,1296,1262,11.2,70.3,0.9323
309,1105498800000,1.1,1022,NaN,4.3,729,NaN,803,NaN,1139,1034,11.5,68.2,0.9271
309,1105502400000,NaN,1002,NaN,4.2,722,162,807,85,1161,998,10.7,71.3,0.9161
309,1105506000000,1.0,1018,NaN,4.7,746,183,800,83,1171,958,10.0,74.8,0.9161
309,1105509600000,1.4,1095,NaN,7.3,868,357,676,98,1241,1078,9.2,78.5,0.9143
309,1105513200000,1.8,1182,NaN,9.3,951,479,634,109,1327,1143,8.8,79.4,0.9033
309,1105516800000,3.8,1478,NaN,17.8,1234,852,470,138,1606,1551,8.7,79.4,0.8944
309,1105520400000,4.1,1515,NaN,20.1,1298,822,434,138,1706,1669,8.9,76.5,0.8767
309,1105524000000,4.4,1488,NaN,19.6,1286,910,452,170,1648,1766,9.9,73.3,0.8936
309,1105527600000,3.5,1383,NaN,16.5,1196,800,497,191,1514,1717,11.8,65.5,0.901
309,1105531200000,3.5,1383,NaN,17.3,1218,758,497,196,1506,1738,13.0,60.9,0.9061
309,1105534800000,3.8,1337,NaN,17.7,1231,647,505,185,1518,1611,14.7,52.3,0.8687
309,1105538400000,3.1,1243,NaN,15.2,1155,431,546,156,1473,1398,15.1,49.6,0.8428
309,1105542000000,3.4,1304,NaN,18.2,1244,491,507,173,1558,1497,15.7,48.8,0.8657
309,1105545600000,3.3,1284,NaN,17.2,1216,476,522,166,1545,1415,15.8,48.9,0.8707
309,1105549200000,3.4,1303,NaN,17.6,1226,538,521,173,1554,1457,14.6,54.0,0.8946
309,1105552800000,4.7,1461,NaN,25.4,1440,621,440,177,1806,1669,14.3,56.3,0.9119
309,1105556400000,5.7,1517,NaN,28.4,1512,728,421,182,1902,1740,14.1,57.8,0.9262
309,1105560000000,5.6,1526,NaN,27.5,1492,716,428,166,1883,1770,13.1,62.9,0.943
309,1105563600000,5.9,1495,NaN,23.3,1386,782,457,177,1736,1734,12.0,67.5,0.9467
309,1105567200000,3.6,1333,NaN,15.2,1154,550,534,158,1441,1647,10.7,70.9,0.9113
309,1105570800000,2.5,1216,NaN,11.1,1020,377,605,133,1337,1379,10.0,73.2,0.8988
310,1105574400000,2.9,1232,NaN,11.5,1032,391,599,123,1347,1331,9.4,75.0,0.8874
310,1105578000000,2.5,1181,NaN,10.2,985,433,629,120,1312,1240,8.5,76.9,0.8557
310,1105581600000,1.7,1042,NaN,6.0,814,287,746,105,1167,1036,8.4,75.9,0.8407
310,1105585200000,1.6,1027,NaN,6.3,824,NaN,753,NaN,1171,969,6.9,80.7,0.8054
310,1105588800000,1.1,915,NaN,3.7,695,192,883,86,1094,826,6.2,82.1,0.7825
310,1105592400000,0.9,891,NaN,3.2,666,161,931,77,1058,798,7.0,77.3,0.7759
310,1105596000000,1.0,937,NaN,3.7,694,194,915,81,1054,817,6.5,79.7,0.7751
310,1105599600000,1.6,1086,NaN,8.0,901,343,715,103,1216,1055,7.7,76.8,0.8112
310,1105603200000,3.1,1326,NaN,16.3,1190,624,531,127,1509,1391,8.2,74.9,0.8184
310,1105606800000,4.1,1469,NaN,24.0,1403,758,452,134,1780,1665,8.8,73.2,0.8298
310,1105610400000,3.9,1321,NaN,15.7,1170,760,532,158,1488,1539,9.7,70.1,0.8432
310,1105614000000,3.6,1396,NaN,16.5,1196,713,524,175,1492,1653,11.7,62.7,0.8586
310,1105617600000,3.2,1270,NaN,12.8,1077,615,583,178,1353,1586,13.1,58.5,0.877
310,1105621200000,2.2,1189,NaN,11.3,1025,319,626,135,1316,1332,14.2,54.1,0.8707
310,1105624800000,2.4,1227,NaN,12.9,1081,338,570,133,1396,1369,14.2,54.3,0.8757
310,1105628400000,2.7,1266,NaN,14.1,1118,380,564,134,1410,1373,14.0,56.3,0.894
310,1105632000000,2.7,1277,NaN,15.8,1175,366,531,137,1480,1397,13.5,57.8,0.8933
310,1105635600000,3.9,1438,NaN,19.9,1295,567,470,160,1620,1577,12.3,63.0,0.9015
310,1105639200000,5.2,1523,NaN,26.6,1470,702,414,166,1811,1783,11.4,68.0,0.9166
310,1105642800000,4.0,1384,NaN,19.8,1290,523,475,144,1571,1568,10.8,69.5,0.8995
310,1105646400000,2.9,1283,NaN,13.3,1093,373,581,129,1354,1356,11.0,67.1,0.8766
310,1105650000000,3.3,1304,NaN,13.0,1085,467,571,129,1385,1419,9.5,71.3,0.8458
310,1105653600000,2.0,1126,NaN,7.5,880,260,690,107,1202,1177,8.8,71.0,0.8089
310,1105657200000,1.8,1141,NaN,7.8,892,244,686,101,1213,1141,8.0,73.4,0.7899
311,1105660800000,2.7,1183,NaN,8.8,930,317,669,112,1210,1179,7.6,73.0,0.7629
311,1105664400000,1.8,1090,NaN,6.4,830,224,744,98,1125,1056,7.1,73.9,0.7515
311,1105668000000,1.3,1032,NaN,4.5,736,176,809,90,1064,973,7.1,73.5,0.7439
311,1105671600000,1.0,940,NaN,3.6,691,NaN,877,NaN,1036,827,6.7,75.0,0.739
311,1105675200000,1.1,981,NaN,4.2,721,103,866,59,1059,836,5.1,81.3,0.7204
311,1105678800000,1.6,1104,NaN,6.9,851,367,687,98,1101,1085,4.3,82.9,0.6968
311,1105682400000,1.3,989,NaN,5.0,762,326,793,109,1076,959,5.3,80.4,0.7234
311,1105686000000,1.4,1079,NaN,7.3,869,374,732,110,1160,1039,5.7,79.3,0.7326
311,1105689600000,5.0,1472,NaN,24.5,1418,756,459,159,1681,1554,6.8,74.8,0.7423
311,1105693200000,4.3,1313,NaN,16.9,1206,690,513,144,1469,1546,6.9,75.2,0.7505
311,1105696800000,4.1,1363,NaN,17.7,1229,754,515,147,1490,1638,8.0,71.9,0.7712
311,1105700400000,3.8,1347,NaN,17.1,1212,750,527,179,1443,1568,9.3,67.1,0.7849
311,1105704000000,3.1,1240,NaN,14.7,1140,590,567,164,1388,1433,10.2,63.6,0.7928
311,1105707600000,3.3,1280,NaN,17.4,1222,525,526,160,1519,1452,11.0,60.9,0.7966
311,1105711200000,3.1,1210,NaN,15.1,1151,406,569,143,1428,1345,11.3,60.1,0.8022
311,1105714800000,2.7,1216,NaN,14.5,1134,360,566,138,1403,1336,12.2,56.9,0.8068
311,1105718400000,3.4,1320,NaN,16.9,1207,448,535,143,1498,1442,11.9,59.1,0.8211
311,1105722000000,5.0,1477,NaN,24.3,1412,733,450,196,1704,1748,10.3,66.3,0.8286
311,1105725600000,5.7,1500,NaN,26.1,1458,847,428,197,1750,1776,8.2,74.9,0.8187
311,1105729200000,5.8,1512,NaN,26.4,1463,765,435,189,1720,1802,7.9,77.1,0.8223
311,1105732800000,5.8,1496,NaN,25.7,1447,715,435,188,1710,1796,8.3,75.0,0.8253
311,1105736400000,5.0,1360,NaN,18.2,1246,716,513,190,1504,1600,8.2,75.2,0.8185
311,1105740000000,1.7,1024,NaN,6.2,819,235,782,126,1101,1083,8.3,69.7,0.7632
311,1105743600000,1.6,1094,NaN,6.7,845,198,780,113,1127,1064,6.7,74.4,0.7344
312,1105747200000,2.3,1111,NaN,7.5,877,293,735,129,1142,1104,6.4,74.9,0.7238
312,1105750800000,2.4,1097,NaN,7.5,878,356,737,128,1140,1053,4.9,80.1,0.7011
312,1105754400000,2.0,1051,NaN,6.2,820,285,778,122,1087,1009,4.8,79.4,0.6872
312,1105758000000,1.6,979,NaN,5.1,767,NaN,827,NaN,1041,908,3.3,82.6,0.645
312,1105761600000,NaN,978,NaN,4.8,756,266,834,115,1015,878,2.4,86.6,0.6369
312,1105765200000,1.1,902,NaN,3.1,659,158,940,92,972,800,3.4,81.4,0.6425
312,1105768800000,1.0,957,NaN,2.8,641,95,1013,70,940,784,4.2,77.0,0.6439
312,1105772400000,1.3,973,NaN,4.3,728,148,902,83,1004,854,3.5,80.8,0.6406
312,1105776000000,1.9,1074,NaN,9.7,967,337,703,127,1201,1065,3.5,80.3,0.6366
312,1105779600000,2.6,1115,NaN,10.9,1012,453,650,142,1230,1161,4.0,78.5,0.645
312,1105783200000,2.7,1136,NaN,10.6,1001,497,653,155,1216,1192,4.5,76.6,0.6534
312,1105786800000,2.4,1128,NaN,10.0,977,448,673,153,1199,1202,5.6,72.3,0.6627
312,1105790400000,2.7,1196,NaN,11.6,1035,496,633,177,1259,1338,7.5,64.4,0.672
312,1105794000000,3.1,1267,NaN,15.6,1166,535,567,179,1382,1505,8.9,60.8,0.6921
312,1105797600000,4.4,1355,NaN,18.1,1244,644,536,212,1454,1715,10.6,55.3,0.7058
312,1105801200000,3.2,1194,NaN,12.3,1061,459,622,182,1257,1473,12.3,46.3,0.6597
312,1105804800000,2.9,1188,NaN,11.4,1029,409,635,168,1243,1433,12.2,47.0,0.6686
312,1105808400000,3.0,1279,NaN,15.2,1154,515,573,179,1391,1544,10.5,55.1,0.6993
312,1105812000000,3.7,1361,NaN,17.4,1223,640,525,182,1454,1648,8.7,66.3,0.7491
312,1105815600000,5.2,1474,NaN,20.8,1319,816,496,194,1524,1784,7.9,69.9,0.7487
312,1105819200000,3.3,1235,NaN,12.8,1078,505,616,166,1265,1519,7.6,65.3,0.6842
312,1105822800000,3.6,1289,NaN,14.7,1140,560,590,168,1317,1532,6.5,67.6,0.6608
312,1105826400000,2.3,1124,NaN,8.3,910,389,717,148,1112,1340,5.9,66.4,0.6226
312,1105830000000,3.0,1231,NaN,11.1,1017,492,655,151,1207,1414,5.2,70.0,0.6232
313,1105833600000,3.8,1289,NaN,13.6,1104,531,623,165,1257,1499,5.2,67.8,0.6028
313,1105837200000,3.2,1166,NaN,9.8,970,487,705,165,1136,1306,4.9,67.1,0.5863
313,1105840800000,2.1,1062,NaN,7.6,884,293,748,128,1062,1172,5.1,65.5,0.5811
313,1105844400000,1.7,1028,NaN,6.0,813,NaN,794,NaN,1019,1076,4.0,69.5,0.5706
313,1105848000000,1.7,1003,NaN,5.9,807,219,819,115,1021,1005,3.7,68.9,0.5549
313,1105851600000,1.4,929,NaN,4.2,721,198,923,120,956,913,4.5,62.7,0.5343
313,1105855200000,1.2,951,NaN,4.5,737,166,910,106,977,922,4.7,62.3,0.5368
313,1105858800000,1.4,1011,NaN,5.4,783,255,835,118,1013,1026,3.9,67.1,0.5483
313,1105862400000,1.4,939,NaN,4.8,751,312,898,156,984,952,5.7,54.5,0.5034
313,1105866000000,1.7,946,NaN,6.3,827,236,876,130,1037,915,6.1,50.3,0.4769
313,1105869600000,1.0,841,NaN,2.6,625,172,1054,112,846,687,9.0,39.5,0.4554
313,1105873200000,1.0,850,NaN,2.6,629,138,1076,96,847,597,10.7,34.4,0.4406
313,1105876800000,0.8,831,NaN,2.2,602,121,1123,89,824,527,11.1,33.4,0.4401
313,1105880400000,1.0,866,NaN,3.0,652,143,1060,98,857,573,11.9,30.8,0.4285
313,1105884000000,0.8,819,NaN,1.9,576,114,1142,85,809,492,11.4,32.0,0.431
313,1105887600000,0.7,833,NaN,2.0,584,107,1144,80,821,463,11.3,32.5,0.4334
313,1105891200000,1.1,877,NaN,2.8,642,176,1037,112,859,565,11.0,33.0,0.4331
313,1105894800000,1.1,892,NaN,3.3,668,180,1017,121,872,632,10.3,35.0,0.4377
313,1105898400000,1.2,899,NaN,3.4,674,212,1002,132,893,691,8.4,40.9,0.4542
313,1105902000000,2.0,1008,NaN,7.1,861,331,839,160,977,943,8.3,38.5,0.4228
313,1105905600000,2.2,1013,NaN,7.4,873,369,820,167,984,985,8.1,37.9,0.41
313,1105909200000,1.5,912,NaN,4.3,730,274,959,157,893,821,7.7,39.0,0.4106
313,1105912800000,1.2,907,NaN,3.9,705,199,995,130,880,767,7.0,41.5,0.4193
313,1105916400000,1.5,953,NaN,5.2,771,248,905,145,936,895,6.6,42.6,0.4179
314,1105920000000,1.4,916,NaN,3.8,701,197,954,133,899,791,6.4,44.2,0.428
314,1105923600000,1.2,894,NaN,3.5,682,147,991,110,881,770,6.0,46.0,0.4349
314,1105927200000,1.0,895,NaN,2.9,648,135,1001,100,875,839,4.4,53.1,0.4484
314,1105930800000,0.6,845,NaN,1.4,534,NaN,1168,NaN,833,721,4.0,54.3,0.4454
314,1105934400000,0.7,837,NaN,1.1,512,95,1228,79,836,720,3.7,55.8,0.4489
314,1105938000000,0.5,795,NaN,1.0,504,94,1258,79,840,682,2.6,58.6,0.4385
314,1105941600000,0.7,874,NaN,1.6,552,121,1162,90,857,723,3.2,56.0,0.4364
314,1105945200000,1.0,920,NaN,3.2,667,131,1005,95,916,813,3.6,55.4,0.4419
314,1105948800000,3.0,1257,NaN,15.9,1176,552,612,169,1357,1365,1.8,63.3,0.4464
314,1105952400000,4.1,1222,NaN,18.0,1239,614,574,199,1346,1472,2.4,60.2,0.4426
314,1105956000000,3.1,1196,NaN,14.7,1139,530,617,186,1271,1497,4.6,52.1,0.4472
314,1105959600000,3.8,1214,NaN,15.1,1153,721,612,208,1244,1626,8.2,40.5,0.4414
314,1105963200000,2.7,1149,NaN,13.4,1096,474,639,178,1219,1476,10.5,34.7,0.4393
314,1105966800000,3.1,1166,NaN,14.5,1134,514,603,176,1227,1531,11.1,33.3,0.4384
314,1105970400000,3.1,1170,NaN,14.7,1138,504,611,177,1233,1503,11.1,32.6,0.4292
314,1105974000000,3.2,1176,NaN,17.0,1209,508,588,182,1264,1488,12.4,28.3,0.4076
314,1105977600000,3.3,1147,NaN,15.3,1158,529,615,182,1200,1435,12.9,24.5,0.363
314,1105981200000,4.0,1294,NaN,21.2,1330,676,535,193,1363,1725,11.4,28.7,0.3865
314,1105984800000,8.6,1683,NaN,43.0,1831,1216,374,272,1964,2331,9.2,39.3,0.4573
314,1105988400000,8.7,1615,NaN,37.2,1712,1230,384,225,1811,2312,7.8,48.1,0.5115
314,1105992000000,3.6,1256,NaN,16.7,1201,582,563,181,1251,1699,7.2,50.6,0.517
314,1105995600000,3.0,1205,NaN,13.4,1098,460,610,172,1170,1587,6.0,53.3,0.5008
314,1105999200000,1.9,1087,NaN,8.7,926,340,715,153,1053,1390,5.3,55.0,0.4921
314,1106002800000,1.9,1092,NaN,7.4,875,298,751,143,1010,1347,4.2,58.1,0.4832
315,1106006400000,1.6,1039,NaN,6.7,845,300,775,142,993,1268,3.4,60.9,0.4809
315,1106010000000,1.4,1001,NaN,5.0,762,223,850,131,948,1155,3.0,60.2,0.4639
315,1106013600000,1.0,925,NaN,3.4,677,151,958,105,901,1024,3.2,58.8,0.4578
315,1106017200000,0.7,880,NaN,2.4,613,NaN,1016,NaN,878,968,3.3,57.7,0.4516
315,1106020800000,NaN,873,NaN,2.1,592,108,1076,83,869,915,4.5,53.8,0.4572
315,1106024400000,0.8,880,NaN,2.5,618,125,1023,87,893,928,3.1,59.7,0.4604
315,1106028000000,0.9,950,NaN,3.5,680,181,936,106,914,1028,4.2,57.1,0.4743
315,1106031600000,1.5,1039,NaN,6.9,855,341,783,140,1025,1210,3.4,58.5,0.4608
315,1106035200000,3.1,1284,NaN,16.8,1204,552,599,167,1337,1531,3.9,57.3,0.4661
315,1106038800000,5.1,1350,NaN,20.3,1305,839,509,175,1383,1745,4.3,56.8,0.4768
315,1106042400000,5.8,1476,NaN,25.0,1428,1049,477,235,1536,1974,5.6,52.9,0.4841
315,1106046000000,3.8,1342,NaN,17.2,1215,796,542,196,1332,1806,5.5,54.9,0.4985
315,1106049600000,4.4,1488,NaN,21.4,1336,999,479,211,1483,1985,5.1,64.3,0.5697
315,1106053200000,4.9,1557,NaN,25.1,1432,1022,445,234,1605,2068,5.5,66.1,0.601
315,1106056800000,5.2,1610,NaN,28.0,1502,1023,420,240,1697,2087,5.5,69.3,0.6331
315,1106060400000,4.6,1583,NaN,26.1,1457,1065,431,243,1640,1994,5.0,75.5,0.6667
315,1106064000000,4.8,1620,NaN,24.7,1420,1098,436,224,1598,1971,5.2,76.2,0.6796
315,1106067600000,4.9,1605,NaN,24.5,1416,1099,436,240,1614,1941,5.3,77.4,0.6954
315,1106071200000,4.9,1604,NaN,27.7,1496,939,410,215,1733,1969,5.0,79.6,0.7022
315,1106074800000,5.5,1582,NaN,26.0,1455,875,423,216,1725,1813,5.1,83.0,0.7352
315,1106078400000,4.2,1523,NaN,21.7,1342,745,466,184,1588,1677,6.4,82.9,0.8022
315,1106082000000,1.5,1172,NaN,6.0,813,339,774,152,1233,1118,10.3,74.0,0.9237
315,1106085600000,0.1,1021,NaN,3.3,670,135,932,104,1187,828,11.3,71.8,0.9577
315,1106089200000,0.2,1125,NaN,4.9,758,167,820,104,1241,867,9.8,81.9,0.9923
316,1106092800000,0.9,1197,NaN,6.6,840,232,712,124,1298,974,9.5,83.8,0.9972
316,1106096400000,1.0,1174,NaN,6.7,842,273,723,127,1286,975,9.9,81.0,0.9885
316,1106100000000,0.4,1106,NaN,4.4,733,165,822,109,1208,902,9.9,79.8,0.9725
316,1106103600000,NaN,873,NaN,1.5,549,NaN,1106,NaN,1008,791,6.9,76.4,0.7661
316,1106107200000,NaN,828,NaN,1.1,506,75,1222,73,945,673,4.8,75.7,0.659
316,1106110800000,NaN,830,NaN,0.9,492,53,1263,52,948,578,4.7,78.9,0.682
316,1106114400000,NaN,840,NaN,1.2,515,72,1235,57,941,563,5.0,75.0,0.6627
316,1106118000000,0.1,909,NaN,2.5,622,130,1046,89,992,730,5.6,69.5,0.6362
316,1106121600000,0.7,1098,NaN,7.6,881,265,760,128,1203,974,7.0,64.9,0.6512
316,1106125200000,1.2,1036,NaN,7.3,868,314,732,152,1158,958,7.1,65.4,0.6644
316,1106128800000,0.2,912,NaN,3.7,692,194,923,128,1020,713,6.4,67.4,0.6537
316,1106132400000,NaN,873,NaN,2.5,618,180,1036,124,994,617,5.3,75.9,0.6824
316,1106136000000,NaN,889,NaN,2.7,634,181,1009,117,1018,591,6.3,73.0,0.7024
316,1106139600000,0.3,965,NaN,4.6,742,193,889,110,1099,661,8.6,63.3,0.7073
316,1106143200000,0.6,1009,NaN,6.7,845,263,771,128,1132,856,10.0,55.0,0.6753
316,1106146800000,0.2,918,NaN,4.3,729,176,904,114,1014,639,9.4,53.6,0.6333
316,1106150400000,0.2,920,NaN,4.3,729,168,891,110,1013,647,9.2,55.0,0.6402
316,1106154000000,0.7,923,NaN,4.1,715,170,915,112,1015,646,8.7,55.1,0.6228
316,1106157600000,1.8,1021,NaN,7.6,883,234,766,130,1139,846,8.9,54.4,0.62
316,1106161200000,2.2,998,NaN,7.0,858,256,770,135,1109,857,8.6,53.6,0.5992
316,1106164800000,2.3,1061,NaN,9.6,962,257,721,141,1167,942,9.0,50.4,0.5809
316,1106168400000,2.6,1016,NaN,7.8,892,317,758,141,1109,945,9.2,49.8,0.5808
316,1106172000000,1.1,859,NaN,2.4,611,135,1053,95,918,562,8.8,52.1,0.5918
316,1106175600000,1.2,945,NaN,3.9,707,159,963,97,1005,657,8.8,50.9,0.5781
317,1106179200000,1.8,937,NaN,4.1,715,186,896,112,995,723,8.7,51.1,0.5755
317,1106182800000,1.1,876,NaN,2.5,618,102,1032,74,948,555,8.6,51.5,0.5772
317,1106186400000,0.9,831,NaN,1.3,530,75,1169,62,893,472,8.5,51.9,0.5766
317,1106190000000,0.7,828,NaN,1.2,514,NaN,1205,NaN,880,434,8.1,53.1,0.5742
317,1106193600000,0.6,810,NaN,0.7,470,41,1315,40,863,412,7.8,54.2,0.5755
317,1106197200000,0.6,822,NaN,0.9,493,50,1278,45,876,453,7.1,56.0,0.569
317,1106200800000,0.9,898,NaN,2.9,646,189,1013,93,954,702,7.0,57.6,0.5784
317,1106204400000,1.0,909,NaN,2.7,636,182,992,104,947,720,7.5,55.3,0.5734
317,1106208000000,3.4,1256,NaN,14.4,1130,636,616,162,1316,1311,7.0,56.3,0.566
317,1106211600000,4.2,1298,NaN,17.2,1217,704,552,169,1409,1444,7.6,53.5,0.5605
317,1106215200000,4.4,1326,NaN,17.4,1223,854,547,190,1381,1613,8.3,50.5,0.5558
317,1106218800000,2.9,1139,NaN,11.5,1031,652,649,170,1181,1388,12.4,37.1,0.5329
317,1106222400000,2.6,1135,NaN,11.9,1047,529,641,151,1175,1379,13.9,32.3,0.5117
317,1106226000000,2.6,1117,NaN,12.6,1071,438,638,150,1178,1289,14.4,28.9,0.4723
317,1106229600000,3.0,1094,NaN,14.3,1128,438,626,154,1191,1280,14.8,25.4,0.4259
317,1106233200000,2.3,982,NaN,10.3,990,378,745,140,1018,1059,15.1,20.8,0.3536
317,1106236800000,3.0,1107,NaN,14.5,1134,482,639,167,1172,1299,15.4,23.5,0.4076
317,1106240400000,4.5,1290,NaN,21.9,1349,709,534,204,1386,1638,13.7,28.1,0.4381
317,1106244000000,6.0,1445,NaN,28.5,1516,796,455,210,1594,1946,11.5,37.5,0.5068
317,1106247600000,4.3,1357,NaN,21.2,1330,605,511,182,1414,1798,10.4,42.3,0.5337
317,1106251200000,3.4,1248,NaN,16.0,1179,472,577,165,1259,1609,9.9,44.0,0.5381
317,1106254800000,2.8,1220,NaN,13.0,1085,411,618,150,1205,1531,8.7,48.3,0.5458
317,1106258400000,2.1,1137,NaN,7.0,856,264,758,132,1032,1338,8.1,49.9,0.5417
317,1106262000000,1.7,1102,NaN,6.4,829,217,773,120,1015,1274,7.3,52.8,0.5419
318,1106265600000,1.8,1082,NaN,5.8,801,211,780,119,1035,1200,8.0,52.2,0.5623
318,1106269200000,1.6,1053,NaN,5.6,795,179,786,110,1039,1143,6.8,56.4,0.5609
318,1106272800000,1.4,1003,NaN,4.5,740,135,847,94,992,1048,6.7,57.4,0.5654
318,1106276400000,1.3,1019,NaN,4.6,744,NaN,836,NaN,1000,1049,5.9,62.1,0.5806
318,1106280000000,NaN,1071,NaN,5.9,808,221,757,101,1046,1172,5.4,65.9,0.5947
318,1106283600000,1.3,1118,NaN,6.6,841,284,702,117,1056,1368,5.5,66.5,0.6054
318,1106287200000,1.6,1206,NaN,9.2,948,357,628,121,1129,1540,5.9,65.8,0.6178
318,1106290800000,2.4,1256,NaN,12.2,1056,469,582,138,1230,1575,6.4,63.9,0.6192
318,1106294400000,4.5,1501,NaN,22.6,1367,766,465,174,1558,1856,7.2,62.2,0.6351
318,1106298000000,5.7,1578,NaN,29.0,1527,875,419,179,1761,2086,7.9,60.0,0.6406
318,1106301600000,4.3,1427,NaN,19.4,1280,800,500,175,1481,1948,8.3,58.5,0.6403
318,1106305200000,4.2,1440,NaN,20.5,1311,815,482,183,1476,2022,9.3,54.5,0.6415
318,1106308800000,4.5,1522,NaN,22.5,1365,841,464,189,1526,2104,10.2,53.1,0.6608
318,1106312400000,5.0,1517,NaN,24.0,1403,827,451,198,1579,2195,11.1,51.4,0.679
318,1106316000000,2.9,1300,NaN,13.9,1113,402,573,142,1291,1845,12.8,46.9,0.6919
318,1106319600000,3.0,1401,NaN,16.8,1204,415,526,139,1401,1947,13.1,48.0,0.7181
318,1106323200000,3.3,1551,NaN,20.2,1303,435,469,99,1520,2171,13.5,51.5,0.793
318,1106326800000,1.4,1411,NaN,16.4,1191,570,519,135,1426,1920,13.4,51.2,0.7808
318,1106330400000,2.3,1434,NaN,18.0,1239,530,506,223,1458,1835,12.1,55.3,0.7777
318,1106334000000,1.6,1489,NaN,20.3,1305,617,476,194,1547,1919,12.0,56.5,0.7924
318,1106337600000,4.9,1835,NaN,38.1,1731,983,355,244,2083,2254,10.4,64.4,0.8123
318,1106341200000,6.4,1804,NaN,35.7,1679,1200,370,243,2005,2210,9.4,69.1,0.815
318,1106344800000,3.5,1579,NaN,21.8,1345,1028,459,230,1608,1961,8.9,71.0,0.8115
318,1106348400000,1.7,1508,NaN,18.2,1246,797,496,207,1498,1791,8.1,73.8,0.7968
319,1106352000000,2.6,1535,NaN,20.1,1300,977,483,223,1524,1725,7.3,76.8,0.7904
319,1106355600000,1.6,1395,NaN,14.4,1131,811,552,216,1362,1553,7.3,76.7,0.7862
319,1106359200000,1.5,1392,NaN,15.1,1153,757,542,198,1395,1506,7.1,77.3,0.7826
319,1106362800000,0.9,1326,NaN,13.1,1087,NaN,571,NaN,1333,1398,6.7,78.7,0.7779
319,1106366400000,0.5,1297,NaN,11.5,1032,388,605,126,1297,1300,7.0,77.8,0.7848
319,1106370000000,0.9,1331,NaN,13.7,1106,497,568,144,1322,1383,5.7,80.5,0.7416
319,1106373600000,0.4,1288,NaN,11.6,1036,582,590,183,1242,1413,5.2,81.4,0.7276
319,1106377200000,0.5,1322,NaN,13.2,1091,574,565,193,1307,1471,5.6,80.4,0.7349
319,1106380800000,0.8,1390,NaN,15.6,1167,588,522,196,1392,1619,6.3,78.8,0.7544
319,1106384400000,1.4,1443,NaN,16.9,1207,645,502,208,1431,1673,6.9,76.9,0.7682
319,1106388000000,1.6,1496,NaN,18.5,1254,643,484,217,1472,1881,9.2,67.7,0.79
319,1106391600000,1.5,1439,NaN,16.6,1198,628,502,246,1426,1877,11.6,59.8,0.8152
319,1106395200000,1.0,1432,NaN,15.0,1150,547,527,204,1393,1818,14.0,52.0,0.8288
319,1106398800000,1.0,1398,NaN,15.0,1149,461,535,192,1417,1699,15.0,50.2,0.8495
319,1106402400000,1.3,1380,NaN,16.9,1206,455,515,186,1500,1677,14.9,49.9,0.8394
319,1106406000000,0.1,1022,NaN,7.0,857,244,770,133,1068,1088,15.8,33.8,0.6034
319,1106409600000,NaN,973,NaN,5.9,806,202,851,126,994,926,15.4,29.3,0.5068
319,1106413200000,NaN,951,NaN,7.1,862,256,823,138,972,961,14.4,25.7,0.4193
319,1106416800000,0.1,987,NaN,8.6,925,310,776,148,1016,1066,13.4,27.2,0.4157
319,1106420400000,0.4,1100,NaN,12.2,1057,391,687,167,1126,1241,12.2,28.7,0.4077
319,1106424000000,0.7,1064,NaN,12.6,1072,444,704,175,1103,1220,11.3,25.7,0.3422
319,1106427600000,2.7,1316,NaN,21.1,1327,794,549,224,1328,1613,9.7,31.9,0.3848
319,1106431200000,2.1,1262,NaN,16.9,1208,716,587,215,1219,1577,8.4,36.5,0.4035
319,1106434800000,1.3,1259,NaN,15.1,1152,565,610,196,1165,1569,8.2,36.8,0.4016
320,1106438400000,0.8,1166,NaN,10.1,981,451,697,195,993,1445,8.0,36.0,0.3872
320,1106442000000,NaN,1066,NaN,7.5,880,313,784,181,946,1240,7.0,39.9,0.4006
320,1106445600000,NaN,1051,NaN,7.6,883,241,783,150,978,1169,5.7,44.3,0.4093
320,1106449200000,NaN,992,NaN,5.9,808,NaN,849,NaN,926,1052,4.7,46.6,0.4025
320,1106452800000,NaN,969,NaN,5.5,788,224,854,139,938,1006,4.2,50.8,0.4234
320,1106456400000,NaN,862,NaN,2.3,609,82,1101,74,810,757,4.6,45.1,0.3861
320,1106460000000,NaN,859,NaN,2.0,581,89,1112,73,829,753,2.7,53.3,0.4006
320,1106463600000,NaN,849,NaN,1.6,552,93,1165,77,812,737,3.1,51.0,0.3947
320,1106467200000,NaN,879,NaN,2.1,594,134,1119,98,839,792,2.5,54.1,0.4017
320,1106470800000,NaN,956,NaN,4.4,735,189,915,121,942,945,3.1,53.5,0.4123
320,1106474400000,NaN,1039,NaN,6.4,828,292,791,162,987,1115,5.0,47.5,0.418
320,1106478000000,NaN,1066,NaN,7.3,871,326,775,178,996,1131,5.8,43.4,0.4032
320,1106481600000,NaN,1124,NaN,8.7,927,397,722,206,1047,1242,7.1,42.8,0.4327
320,1106485200000,NaN,1160,NaN,9.2,948,371,712,191,1072,1289,7.9,41.6,0.4459
320,1106488800000,NaN,1110,NaN,7.9,896,305,737,175,1040,1276,8.1,41.2,0.448
320,1106492400000,NaN,1138,NaN,9.0,940,328,706,169,1088,1359,8.3,41.3,0.4533
320,1106496000000,NaN,1095,NaN,7.0,857,281,756,180,1075,1020,8.9,49.1,0.5629
320,1106499600000,NaN,1045,NaN,3.7,694,168,911,124,1025,805,7.1,66.0,0.6678
320,1106503200000,NaN,1078,NaN,4.3,727,183,849,130,1057,857,5.7,75.1,0.6942
320,1106506800000,NaN,1169,NaN,6.8,846,217,767,141,1157,942,5.4,77.6,0.7031
320,1106510400000,NaN,1174,NaN,8.7,926,245,674,157,1220,1020,5.4,78.2,0.7074
320,1106514000000,NaN,1075,NaN,4.7,749,154,827,123,1050,899,7.3,68.1,0.6979
320,1106517600000,NaN,1044,NaN,3.5,685,141,903,104,1042,860,5.8,74.4,0.6924
320,1106521200000,NaN,1110,NaN,5.4,782,210,798,134,1101,954,6.2,72.3,0.6887
321,1106524800000,NaN,1086,NaN,4.4,733,140,848,105,1064,883,5.9,72.7,0.6791
321,1106528400000,NaN,1092,NaN,6.0,811,191,773,121,1129,966,5.0,76.5,0.6728
321,1106532000000,0.1,1127,NaN,7.6,884,248,704,136,1173,983,4.0,80.4,0.663
321,1106535600000,NaN,881,NaN,1.9,578,NaN,1017,NaN,876,607,5.8,59.0,0.5493
321,1106539200000,NaN,831,NaN,1.0,498,50,1237,48,855,443,5.8,59.5,0.5519
321,1106542800000,0.3,791,NaN,0.6,459,43,1421,40,809,390,6.6,51.3,0.5026
321,1106546400000,0.5,836,NaN,1.2,520,86,1296,67,832,479,7.0,47.2,0.4745
321,1106550000000,0.6,907,NaN,2.9,644,152,1028,104,902,732,6.6,47.9,0.4686
321,1106553600000,1.8,1174,NaN,11.1,1018,341,688,169,1210,1149,7.2,49.8,0.5061
321,1106557200000,2.0,1094,NaN,9.7,967,355,682,203,1147,1136,6.9,52.8,0.5293
321,1106560800000,1.4,992,NaN,5.7,800,327,797,183,1007,934,8.7,46.7,0.5249
321,1106564400000,0.6,955,NaN,5.4,783,240,844,151,976,845,10.0,40.6,0.4971
321,1106568000000,0.5,959,NaN,5.1,771,217,852,138,975,808,11.8,35.4,0.4877
321,1106571600000,0.7,981,NaN,5.8,804,191,829,127,997,783,10.7,37.2,0.4788
321,1106575200000,0.7,947,NaN,5.6,791,NaN,825,NaN,963,785,10.9,34.9,0.456
321,1106578800000,1.1,1023,NaN,8.0,898,256,759,148,1034,899,10.7,33.1,0.4256
321,1106582400000,1.3,1009,NaN,7.1,860,287,787,172,993,922,10.6,34.2,0.4375
321,1106586000000,1.0,1007,NaN,7.6,884,278,780,163,1014,951,8.9,38.1,0.4341
321,1106589600000,1.5,1054,NaN,10.4,992,302,715,180,1092,1051,7.8,39.7,0.4206
321,1106593200000,1.5,1018,NaN,8.9,934,259,740,169,1014,967,7.3,42.2,0.4341
321,1106596800000,1.2,976,NaN,7.3,870,221,795,152,971,861,6.9,42.5,0.4257
321,1106600400000,0.3,872,NaN,3.6,689,142,970,107,866,631,6.6,43.2,0.4247
321,1106604000000,NaN,805,NaN,1.7,559,93,1183,75,781,466,6.4,41.7,0.4034
321,1106607600000,NaN,800,NaN,1.5,541,71,1250,58,779,407,6.1,42.6,0.4041
322,1106611200000,NaN,785,NaN,1.0,504,66,1306,57,760,387,5.9,41.8,0.3928
322,1106614800000,NaN,757,NaN,0.6,459,49,1447,44,735,337,5.7,41.5,0.3836
322,1106618400000,NaN,751,NaN,0.4,424,29,1583,29,726,303,5.5,42.4,0.3867
322,1106622000000,NaN,766,NaN,0.3,412,NaN,1651,NaN,763,295,4.5,52.0,0.4436
322,1106625600000,NaN,759,NaN,0.2,399,19,1696,19,749,288,4.3,51.6,0.4323
322,1106629200000,NaN,758,NaN,0.2,388,20,1785,20,765,274,3.7,56.3,0.453
322,1106632800000,NaN,761,NaN,0.1,383,39,1745,35,787,289,3.3,58.1,0.4559
322,1106636400000,NaN,762,NaN,0.4,434,77,1556,60,763,318,3.9,47.3,0.3862
322,1106640000000,0.2,869,NaN,2.9,646,180,1068,115,876,476,4.3,45.9,0.3843
322,1106643600000,0.7,938,NaN,5.4,785,243,853,157,969,704,4.2,50.1,0.4168
322,1106647200000,0.5,951,NaN,5.1,769,236,856,147,1000,735,3.4,62.7,0.4943
322,1106650800000,0.4,892,NaN,3.8,702,297,935,188,924,735,5.0,51.4,0.4534
322,1106654400000,0.3,876,NaN,3.9,703,235,968,126,892,653,5.7,44.1,0.4063
322,1106658000000,0.3,872,NaN,3.6,686,186,972,114,880,603,5.2,44.5,0.3968
322,1106661600000,0.4,893,NaN,4.2,722,196,932,123,917,645,4.7,48.6,0.4194
322,1106665200000,0.2,879,NaN,3.6,687,167,980,107,914,564,4.5,51.0,0.4327
322,1106668800000,0.4,896,NaN,3.6,689,211,966,121,909,614,5.1,50.1,0.4432
322,1106672400000,0.4,909,NaN,3.9,706,194,928,118,923,658,5.0,50.4,0.443
322,1106676000000,0.7,958,NaN,4.9,758,206,858,134,985,719,4.3,56.4,0.4721
322,1106679600000,1.0,984,NaN,5.8,803,211,813,142,1012,772,4.3,56.7,0.476
322,1106683200000,1.1,991,NaN,6.1,814,197,790,133,1040,812,4.3,57.0,0.4771
322,1106686800000,0.3,881,NaN,2.8,638,139,990,106,910,583,3.5,60.3,0.4782
322,1106690400000,0.1,853,NaN,2.4,616,113,1071,87,870,491,4.1,52.5,0.4351
322,1106694000000,NaN,804,NaN,1.5,546,81,1194,67,796,400,3.9,50.6,0.4127
323,1106697600000,NaN,788,NaN,1.1,514,63,1285,55,771,354,3.9,47.7,0.3901
323,1106701200000,NaN,788,NaN,0.9,487,55,1346,49,769,329,4.0,47.8,0.3939
323,1106704800000,NaN,763,NaN,0.4,428,31,1532,30,757,296,3.9,50.9,0.4144
323,1106708400000,NaN,771,NaN,0.3,410,NaN,1622,NaN,765,283,3.0,57.7,0.4423
323,1106712000000,NaN,747,NaN,0.2,390,20,1775,20,738,266,3.3,52.8,0.4137
323,1106715600000,NaN,744,NaN,0.1,383,17,1881,17,720,253,2.7,53.9,0.4062
323,1106719200000,NaN,774,NaN,0.5,441,42,1646,35,760,282,2.8,54.4,0.411
323,1106722800000,NaN,800,NaN,0.9,492,90,1310,71,783,353,3.6,49.0,0.3915
323,1106726400000,0.3,896,NaN,3.3,668,227,1043,136,887,519,3.3,50.2,0.3934
323,1106730000000,0.6,913,NaN,4.4,733,250,902,163,901,681,3.5,47.5,0.3778
323,1106733600000,0.3,871,NaN,2.8,638,219,1022,143,860,583,4.3,49.4,0.4136
323,1106737200000,0.1,872,NaN,3.2,662,211,1007,134,874,628,4.5,48.4,0.4131
323,1106740800000,0.1,858,NaN,2.7,634,189,1053,130,868,566,4.3,50.0,0.4199
323,1106744400000,0.2,876,NaN,3.5,683,180,993,122,894,572,4.3,49.7,0.4166
323,1106748000000,0.5,900,NaN,4.8,751,197,891,129,913,637,4.9,45.3,0.3955
323,1106751600000,0.3,864,NaN,3.4,678,198,987,132,866,579,5.6,42.4,0.3884
323,1106755200000,0.3,902,NaN,4.2,721,203,924,133,900,666,5.7,43.1,0.3984
323,1106758800000,0.3,916,NaN,4.2,720,188,912,126,922,707,4.8,49.7,0.4305
323,1106762400000,1.0,1004,NaN,8.5,918,294,752,177,1033,990,5.1,43.0,0.3821
323,1106766000000,1.4,1024,NaN,9.2,945,302,729,185,1073,1026,5.3,44.4,0.397
323,1106769600000,1.4,1011,NaN,7.6,884,261,763,169,1048,910,4.9,47.9,0.418
323,1106773200000,1.1,1006,NaN,6.2,822,232,794,151,1025,897,4.7,50.8,0.4398
323,1106776800000,0.4,913,NaN,2.9,645,154,966,114,922,651,4.6,54.8,0.4704
323,1106780400000,0.2,905,NaN,2.5,620,120,986,90,904,598,4.0,56.8,0.4688
324,1106784000000,0.2,872,NaN,2.6,628,117,1009,87,857,560,4.2,46.8,0.39
324,1106787600000,0.2,843,NaN,2.2,597,108,1059,83,808,527,4.5,42.0,0.3571
324,1106791200000,0.2,863,NaN,2.5,622,97,1025,74,826,574,4.1,42.1,0.3487
324,1106794800000,NaN,791,NaN,0.8,480,NaN,1259,NaN,738,422,4.5,39.7,0.3379
324,1106798400000,NaN,769,NaN,0.3,412,28,1481,28,727,326,4.4,42.2,0.3571
324,1106802000000,0.4,778,NaN,0.3,417,27,1531,26,745,312,4.1,45.9,0.3804
324,1106805600000,0.5,801,NaN,0.7,470,81,1313,61,762,382,4.3,42.5,0.3556
324,1106809200000,0.7,827,NaN,1.4,533,129,1198,91,775,488,4.6,38.1,0.3267
324,1106812800000,1.9,1038,NaN,6.6,837,336,822,184,972,915,4.6,39.4,0.3367
324,1106816400000,2.4,1040,NaN,8.4,917,335,739,204,1038,1021,4.8,41.9,0.3634
324,1106820000000,2.0,980,NaN,5.5,790,318,839,185,934,897,5.9,40.2,0.376
324,1106823600000,1.3,912,NaN,3.5,683,201,961,125,872,699,7.0,38.4,0.3861
324,1106827200000,1.0,887,NaN,3.0,649,166,1009,104,854,588,6.6,40.2,0.3944
324,1106830800000,1.2,922,NaN,4.1,716,192,930,115,893,643,6.6,41.2,0.4046
324,1106834400000,1.5,928,NaN,4.7,748,198,900,126,900,685,7.3,36.8,0.3779
324,1106838000000,1.3,921,NaN,4.5,736,198,921,125,881,673,7.3,35.0,0.3584
324,1106841600000,1.5,905,NaN,4.7,747,223,924,139,850,691,7.0,33.5,0.3367
324,1106845200000,1.5,906,NaN,5.1,769,224,913,142,865,726,6.5,32.4,0.3155
324,1106848800000,2.1,981,NaN,7.7,886,266,819,170,928,912,5.7,33.9,0.3131
324,1106852400000,2.6,1053,NaN,10.3,987,326,750,195,1025,1048,5.0,36.1,0.3178
324,1106856000000,3.0,1086,NaN,11.5,1032,343,717,202,1049,1136,4.7,38.3,0.3306
324,1106859600000,2.0,967,NaN,6.0,811,243,863,168,911,909,4.5,39.9,0.339
324,1106863200000,1.4,902,NaN,3.6,689,177,995,128,838,719,4.3,41.1,0.3451
324,1106866800000,1.3,916,NaN,4.3,725,155,953,115,855,746,4.0,43.1,0.3551
325,1106870400000,1.2,895,NaN,3.4,677,143,999,111,827,700,3.7,46.0,0.3701
325,1106874000000,1.1,866,NaN,2.4,613,124,1075,97,810,579,3.3,47.4,0.3716
325,1106877600000,0.9,861,NaN,2.0,585,94,1120,77,807,553,3.0,49.1,0.3774
325,1106881200000,0.8,845,NaN,1.4,534,NaN,1146,NaN,781,519,3.5,48.0,0.3822
325,1106884800000,0.6,849,NaN,1.2,522,56,1158,51,779,467,3.6,48.0,0.3835
325,1106888400000,0.5,818,NaN,0.9,486,58,1282,49,781,422,4.0,47.8,0.3919
325,1106892000000,0.6,864,NaN,1.6,554,105,1159,79,819,545,4.1,48.1,0.3975
325,1106895600000,0.7,856,NaN,1.7,559,122,1138,92,810,556,4.1,47.4,0.3926
325,1106899200000,1.6,1024,NaN,6.2,823,274,827,167,992,879,4.2,48.7,0.4073
325,1106902800000,2.2,1050,NaN,8.2,909,342,742,206,1055,993,4.1,49.8,0.4117
325,1106906400000,1.8,984,NaN,6.4,832,296,822,184,966,892,4.3,48.4,0.4043
325,1106910000000,1.5,990,NaN,5.9,808,279,838,176,975,901,4.6,49.7,0.4271
325,1106913600000,1.8,970,NaN,5.7,798,325,842,191,941,874,4.5,49.6,0.421
325,1106917200000,1.4,943,NaN,5.3,781,222,871,147,925,722,4.4,48.4,0.4087
325,1106920800000,2.1,994,NaN,7.3,871,279,793,174,997,836,4.7,47.2,0.4075
325,1106924400000,1.6,932,NaN,5.1,767,248,888,167,920,669,4.2,49.5,0.4118
325,1106928000000,1.3,891,NaN,3.9,706,193,949,138,860,600,3.4,50.7,0.3991
325,1106931600000,1.9,NaN,NaN,NaN,NaN,256,NaN,164,NaN,NaN,NaN,NaN,NaN
325,1106935200000,2.4,NaN,NaN,NaN,NaN,288,NaN,190,NaN,NaN,NaN,NaN,NaN
325,1106938800000,3.0,NaN,NaN,NaN,NaN,300,NaN,198,NaN,NaN,NaN,NaN,NaN
325,1106942400000,1.9,NaN,NaN,NaN,NaN,224,NaN,155,NaN,NaN,NaN,NaN,NaN
325,1106946000000,1.8,NaN,NaN,NaN,NaN,219,NaN,153,NaN,NaN,NaN,NaN,NaN
325,1106949600000,1.1,NaN,NaN,NaN,NaN,145,NaN,110,NaN,NaN,NaN,NaN,NaN
325,1106953200000,1.1,NaN,NaN,NaN,NaN,115,NaN,91,NaN,NaN,NaN,NaN,NaN
326,1106956800000,1.1,NaN,NaN,NaN,NaN,136,NaN,105,NaN,NaN,NaN,NaN,NaN
326,1106960400000,1.0,NaN,NaN,NaN,NaN,107,NaN,85,NaN,NaN,NaN,NaN,NaN
326,1106964000000,0.7,793,NaN,0.8,480,70,1306,60,745,376,1.9,49.7,0.3528
326,1106967600000,0.6,790,NaN,0.6,455,NaN,1376,NaN,751,336,1.6,52.9,0.3692
326,1106971200000,0.5,776,NaN,0.5,445,37,1460,34,737,330,1.4,53.8,0.3687
326,1106974800000,0.5,766,NaN,0.5,448,33,1494,31,734,321,1.0,54.7,0.3657
326,1106978400000,0.4,774,NaN,0.6,458,43,1473,37,735,334,1.4,52.3,0.3591
326,1106982000000,0.5,801,NaN,0.9,494,73,1324,58,754,395,1.6,51.0,0.3561
326,1106985600000,0.8,847,NaN,2.0,586,125,1163,92,814,473,1.4,53.1,0.3642
326,1106989200000,1.1,874,NaN,2.8,641,154,1022,110,857,553,1.7,54.1,0.3785
326,1106992800000,1.1,879,NaN,2.8,642,140,1027,101,836,545,2.5,51.0,0.3778
326,1106996400000,1.1,888,NaN,3.0,652,150,1025,96,833,547,2.9,48.7,0.3706
326,1107000000000,1.1,873,NaN,2.4,610,139,1051,102,819,527,3.6,45.8,0.3674
326,1107003600000,1.1,877,NaN,2.5,618,135,1027,96,830,505,3.1,48.1,0.3722
326,1107007200000,1.2,893,NaN,3.0,653,152,987,102,845,550,3.4,46.6,0.3668
326,1107010800000,1.0,866,NaN,2.2,602,121,1071,88,809,465,3.7,45.8,0.3697
326,1107014400000,1.2,873,NaN,2.6,629,122,1049,87,817,467,4.4,43.7,0.3688
326,1107018000000,1.3,911,NaN,3.4,676,167,998,115,855,555,4.0,44.9,0.3689
326,1107021600000,1.4,908,NaN,3.0,653,165,980,118,847,551,3.3,46.8,0.3671
326,1107025200000,1.3,907,NaN,3.1,657,190,981,134,844,569,3.1,48.1,0.3707
326,1107028800000,1.4,925,NaN,3.4,678,176,960,125,861,594,2.8,49.0,0.37
326,1107032400000,1.5,920,NaN,2.9,649,196,983,140,849,598,3.1,47.4,0.3661
326,1107036000000,1.0,865,NaN,1.7,561,103,1102,83,791,434,2.9,49.0,0.3725
326,1107039600000,1.0,867,NaN,1.6,553,91,1136,73,792,412,2.8,49.1,0.3726
327,1107043200000,1.1,900,NaN,2.3,604,119,1051,92,815,469,2.9,49.7,0.3782
327,1107046800000,1.3,901,NaN,2.2,599,147,1023,109,825,515,3.8,46.5,0.3762
327,1107050400000,1.0,863,NaN,1.7,560,101,1107,82,787,430,3.2,46.9,0.3658
327,1107054000000,1.1,884,NaN,2.2,599,NaN,1065,NaN,813,503,3.1,45.2,0.3504
327,1107057600000,NaN,873,NaN,1.8,565,102,1097,83,793,494,3.1,44.8,0.3473
327,1107061200000,0.6,806,NaN,0.6,459,55,1322,50,728,368,3.1,44.4,0.342
327,1107064800000,0.5,801,NaN,0.6,454,51,1374,44,727,348,3.0,43.4,0.3337
327,1107068400000,0.4,790,NaN,0.4,431,53,1439,49,722,354,2.8,43.8,0.3308
327,1107072000000,0.5,805,NaN,0.7,465,74,1358,62,736,382,2.7,43.2,0.3259
327,1107075600000,0.7,843,NaN,1.2,520,113,1202,85,762,450,3.3,42.3,0.3299
327,1107079200000,0.8,849,NaN,1.4,537,107,1148,82,757,460,4.6,39.0,0.333
327,1107082800000,0.8,872,NaN,2.0,583,101,1126,77,765,441,5.6,37.5,0.3426
327,1107086400000,1.0,890,NaN,2.0,585,129,1097,92,776,454,7.2,34.2,0.3488
327,1107090000000,0.9,874,NaN,1.6,552,126,1128,95,760,415,6.9,35.6,0.3561
327,1107093600000,0.9,863,NaN,1.6,553,132,1133,95,742,419,8.2,30.1,0.3281
327,1107097200000,0.9,840,NaN,1.8,566,101,1176,76,717,368,7.6,27.9,0.2927
327,1107100800000,1.0,845,NaN,1.8,569,128,1151,95,709,397,7.9,25.9,0.2774
327,1107104400000,1.0,888,NaN,2.6,625,170,1062,118,763,510,7.8,28.3,0.3017
327,1107108000000,1.1,845,NaN,2.0,582,174,1120,123,719,473,6.3,28.8,0.2772
327,1107111600000,1.2,880,NaN,2.8,641,215,1077,140,759,537,5.4,30.1,0.2726
327,1107115200000,1.6,917,NaN,3.9,708,248,972,163,787,670,5.0,31.1,0.273
327,1107118800000,1.7,927,NaN,4.1,715,247,965,164,797,711,4.6,33.8,0.2898
327,1107122400000,1.1,868,NaN,2.4,615,154,1095,120,752,551,4.3,36.6,0.3064
327,1107126000000,1.3,932,NaN,3.5,685,186,996,130,820,670,4.0,39.0,0.3203
328,1107129600000,1.7,971,NaN,4.6,741,231,901,145,864,771,2.9,42.8,0.3276
328,1107133200000,1.5,891,NaN,3.0,650,174,987,126,782,586,3.4,38.9,0.3076
328,1107136800000,0.8,806,NaN,1.0,495,68,1282,61,685,355,4.0,36.4,0.2982
328,1107140400000,0.5,787,NaN,0.5,446,NaN,1395,NaN,657,310,4.0,36.4,0.2989
328,1107144000000,0.4,791,NaN,0.4,435,39,1486,37,668,292,3.7,37.7,0.3024
328,1107147600000,0.4,787,NaN,0.3,415,39,1474,37,667,293,3.4,38.9,0.3075
328,1107151200000,0.4,814,NaN,0.6,449,54,1363,50,674,328,3.7,37.5,0.3012
328,1107154800000,0.7,844,NaN,1.4,538,158,1164,109,726,479,3.7,35.2,0.2833
328,1107158400000,1.8,1049,NaN,7.1,863,350,826,198,923,979,3.7,33.9,0.2732
328,1107162000000,NaN,1201,NaN,14.0,1116,NaN,617,NaN,1130,1469,4.4,38.8,0.328
328,1107165600000,3.5,1293,NaN,15.1,1153,584,602,283,1141,1667,6.6,34.4,0.3359
328,1107169200000,2.8,1121,NaN,12.5,1066,478,683,256,1040,1378,10.0,22.4,0.2753
328,1107172800000,3.1,1112,NaN,12.8,1078,563,683,261,1028,1426,11.9,18.6,0.2581
328,1107176400000,2.5,1060,NaN,11.9,1048,414,707,181,983,1246,12.5,17.2,0.2477
328,1107180000000,2.7,1056,NaN,11.7,1040,398,711,194,976,1187,13.2,17.3,0.2606
328,1107183600000,2.9,1131,NaN,14.7,1139,451,643,214,1097,1363,13.5,18.7,0.2872
328,1107187200000,3.2,1162,NaN,15.7,1170,503,618,204,1131,1425,14.1,18.2,0.2908
328,1107190800000,4.1,1283,NaN,21.1,1328,640,552,228,1294,1722,13.0,20.3,0.303
328,1107194400000,6.1,1414,NaN,27.4,1490,843,488,270,1433,2051,10.4,24.7,0.3116
328,1107198000000,6.8,1486,NaN,30.8,1570,954,455,285,1557,2179,8.6,29.8,0.3344
328,1107201600000,6.8,1523,NaN,29.2,1533,984,456,282,1532,2214,7.3,36.8,0.3771
328,1107205200000,3.7,1283,NaN,15.0,1149,586,587,235,1148,1799,6.3,39.4,0.3795
328,1107208800000,2.1,1109,NaN,7.1,863,360,737,208,960,1527,5.4,43.5,0.3922
328,1107212400000,1.4,1055,NaN,5.4,782,231,798,161,940,1377,5.1,45.6,0.4056
329,1107216000000,1.3,1038,NaN,4.8,756,200,813,146,921,1317,4.2,49.4,0.412
329,1107219600000,1.1,996,NaN,3.8,698,153,871,123,894,1228,4.1,50.1,0.415
329,1107223200000,1.0,995,NaN,3.5,680,135,879,109,904,1201,4.1,51.5,0.4263
329,1107226800000,0.9,1000,NaN,3.3,670,NaN,868,NaN,917,1158,3.7,57.5,0.4621
329,1107230400000,0.8,1042,NaN,3.6,688,196,814,115,935,1204,2.5,64.8,0.4807
329,1107234000000,0.9,1042,NaN,3.8,701,208,795,114,945,1216,1.8,68.9,0.4878
329,1107237600000,1.1,1024,NaN,4.2,724,241,814,122,944,1198,2.0,64.9,0.4661
329,1107241200000,1.6,1147,NaN,7.7,886,417,702,149,1056,1381,2.2,65.3,0.473
329,1107244800000,3.7,1496,NaN,20.0,1298,896,492,187,1441,1873,3.1,64.0,0.4938
329,1107248400000,4.8,1541,NaN,22.1,1353,966,449,198,1492,2112,3.7,61.7,0.4967
329,1107252000000,4.1,1491,NaN,17.2,1215,878,503,196,1343,2038,4.4,58.8,0.4979
329,1107255600000,4.5,1533,NaN,21.4,1334,985,466,218,1434,2118,5.8,54.1,0.502
329,1107259200000,4.5,1507,NaN,19.8,1292,1017,479,227,1379,2110,7.3,50.8,0.5226
329,1107262800000,3.7,1451,NaN,18.8,1264,683,497,181,1408,1965,9.5,47.2,0.5589
329,1107266400000,4.2,1432,NaN,18.8,1264,660,487,179,1476,1888,11.8,44.4,0.6118
329,1107270000000,3.3,1408,NaN,16.7,1202,492,506,151,1411,1774,12.7,45.5,0.6648
329,1107273600000,3.2,1377,NaN,14.4,1129,497,540,162,1392,1626,13.5,44.8,0.6898
329,1107277200000,3.6,1454,NaN,16.3,1190,562,508,165,1434,1761,12.3,48.9,0.6967
329,1107280800000,3.5,1268,NaN,14.4,1128,539,573,173,1255,1533,10.8,40.3,0.5201
329,1107284400000,4.1,1259,NaN,17.0,1211,502,559,188,1243,1531,9.4,36.7,0.4324
329,1107288000000,4.0,1261,NaN,14.8,1143,452,595,186,1208,1477,8.3,39.5,0.4318
329,1107291600000,3.3,1133,NaN,9.8,971,357,683,172,1059,1332,7.8,41.3,0.4389
329,1107295200000,3.0,1054,NaN,6.1,818,289,777,150,966,1210,7.3,43.8,0.4505
329,1107298800000,2.6,1055,NaN,5.4,783,221,805,137,969,1167,6.7,47.6,0.4688
330,1107302400000,2.6,1059,NaN,4.7,747,204,820,133,964,1133,6.6,51.2,0.5007
330,1107306000000,2.6,1063,NaN,5.1,769,183,807,122,993,1109,6.4,52.6,0.5074
330,1107309600000,2.9,1135,NaN,6.9,854,222,722,130,1065,1218,5.3,57.8,0.5177
330,1107313200000,2.9,1126,NaN,7.3,869,NaN,680,NaN,1075,1222,3.4,66.7,0.5281
330,1107316800000,2.5,1058,NaN,4.8,753,210,764,121,986,1149,3.3,66.8,0.5215
330,1107320400000,2.0,1040,NaN,3.6,688,185,846,115,920,1090,3.7,62.9,0.5059
330,1107324000000,2.2,1069,NaN,4.5,737,257,792,125,946,1114,2.6,67.5,0.5034
330,1107327600000,2.4,1042,NaN,5.2,771,297,795,136,941,1089,3.5,60.9,0.4857
330,1107331200000,4.0,1322,NaN,15.1,1151,573,566,174,1286,1446,2.7,63.4,0.4787
330,1107334800000,6.7,1549,NaN,27.3,1485,883,422,224,1638,1930,2.8,64.2,0.4859
330,1107338400000,5.6,1416,NaN,19.6,1285,824,501,230,1390,1809,5.8,53.1,0.4942
330,1107342000000,4.3,1337,NaN,14.8,1143,693,560,205,1236,1769,9.7,40.1,0.4832
330,1107345600000,4.0,1281,NaN,14.5,1132,714,577,204,1206,1696,12.7,30.0,0.4398
330,1107349200000,2.6,1037,NaN,10.1,981,388,721,139,1000,1086,13.7,20.7,0.3221
330,1107352800000,2.2,1028,NaN,10.1,983,337,728,133,979,1048,13.7,19.9,0.3114
330,1107356400000,1.9,984,NaN,8.3,913,326,762,127,930,990,14.1,18.1,0.2884
330,1107360000000,1.8,1010,NaN,9.0,940,329,759,124,960,1027,14.5,18.0,0.2956
330,1107363600000,3.1,1113,NaN,13.4,1096,465,645,158,1092,1359,13.2,20.4,0.3074
330,1107367200000,4.8,1253,NaN,19.5,1284,612,536,171,1285,1618,10.5,25.1,0.3194
330,1107370800000,5.8,1400,NaN,27.8,1499,759,461,193,1527,1869,8.9,31.4,0.3597
330,1107374400000,5.9,1470,NaN,31.4,1584,771,436,195,1641,2033,8.2,36.2,0.3953
330,1107378000000,4.1,1281,NaN,15.6,1168,655,571,212,1195,1756,6.7,39.6,0.3906
330,1107381600000,1.8,1084,NaN,7.0,855,332,748,193,939,1446,5.8,42.0,0.3904
330,1107385200000,1.7,1097,NaN,7.8,892,287,719,167,979,1423,4.9,45.9,0.3999
331,1107388800000,1.7,1032,NaN,5.6,791,242,793,156,915,1278,4.5,47.9,0.4079
331,1107392400000,1.5,1046,NaN,6.0,812,242,782,153,940,1265,3.9,51.6,0.4226
331,1107396000000,1.1,975,NaN,3.9,707,192,860,128,902,1107,3.4,54.7,0.4323
331,1107399600000,0.9,932,NaN,2.8,642,NaN,950,NaN,871,1014,3.3,56.1,0.4379
331,1107403200000,NaN,926,NaN,2.6,623,134,954,96,873,1011,2.0,60.8,0.4337
331,1107406800000,0.3,932,NaN,2.9,645,142,916,105,882,1006,1.2,63.7,0.4327
331,1107410400000,0.4,937,NaN,2.8,640,194,923,130,870,1010,2.1,60.3,0.4368
331,1107414000000,0.6,996,NaN,4.2,724,216,861,134,938,1067,1.3,63.1,0.4322
331,1107417600000,3.0,1382,NaN,16.7,1202,728,534,275,1352,1630,1.3,64.8,0.441
331,1107421200000,5.6,1544,NaN,29.1,1530,975,416,309,1706,2030,2.1,62.2,0.4491
331,1107424800000,4.9,1429,NaN,20.7,1317,947,495,322,1425,1916,5.1,50.8,0.4499
331,1107428400000,3.5,1312,NaN,15.5,1164,790,570,333,1230,1761,8.5,39.7,0.4425
331,1107432000000,2.2,1205,NaN,10.3,989,551,643,235,1084,1597,11.5,33.0,0.4476
331,1107435600000,2.7,1322,NaN,13.8,1110,565,568,241,1208,1776,12.2,34.3,0.4864
331,1107439200000,2.7,1301,NaN,12.7,1074,532,574,214,1255,1636,13.5,35.0,0.5396
331,1107442800000,2.1,1280,NaN,11.4,1030,459,597,174,1246,1480,14.9,34.9,0.5869
331,1107446400000,2.0,1256,NaN,10.2,986,407,612,157,1240,1413,15.7,34.5,0.6111
331,1107450000000,2.4,1358,NaN,14.3,1128,434,545,170,1344,1611,14.7,37.2,0.618
331,1107453600000,6.7,1713,NaN,32.4,1605,980,383,212,1870,2186,12.2,44.8,0.6342
331,1107457200000,6.4,1655,NaN,29.0,1527,966,393,249,1758,2203,10.3,52.4,0.6578
331,1107460800000,3.9,1444,NaN,17.6,1227,646,485,231,1414,1891,9.3,55.5,0.6503
331,1107464400000,2.7,1314,NaN,12.6,1069,471,571,216,1271,1662,8.3,57.6,0.6304
331,1107468000000,3.0,1368,NaN,15.5,1164,528,524,217,1350,1674,6.3,65.1,0.6237
331,1107471600000,2.1,1195,NaN,9.1,943,378,645,203,1149,1462,6.5,63.1,0.6132
332,1107475200000,1.2,1083,NaN,6.4,828,235,734,161,1067,1273,6.0,62.7,0.589
332,1107478800000,1.2,1055,NaN,5.1,771,217,781,147,1030,1174,5.1,65.4,0.5797
332,1107482400000,0.7,973,NaN,3.3,672,141,887,111,954,1031,4.7,64.6,0.5568
332,1107486000000,0.9,1039,NaN,5.3,777,NaN,778,NaN,1031,1082,2.9,72.2,0.5523
332,1107489600000,0.8,949,NaN,3.1,657,158,895,115,948,991,5.0,63.5,0.5575
332,1107493200000,0.4,920,NaN,2.2,601,87,974,80,920,925,3.9,65.5,0.5367
332,1107496800000,0.7,989,NaN,3.9,703,194,843,122,988,1017,1.8,74.5,0.5271
332,1107500400000,1.4,1100,NaN,6.9,854,401,714,186,1075,1187,1.8,73.7,0.5198
332,1107504000000,4.0,1411,NaN,19.7,1288,887,492,306,1472,1638,2.3,70.9,0.5182
332,1107507600000,3.9,1328,NaN,20.1,1300,654,499,301,1405,1672,4.4,61.1,0.5176
332,1107511200000,3.1,1308,NaN,16.3,1189,566,534,274,1325,1656,7.7,49.8,0.5267
332,1107514800000,3.2,1280,NaN,14.3,1127,649,558,247,1277,1641,12.1,36.9,0.5212
332,1107518400000,1.5,1056,NaN,7.0,857,309,735,169,1028,1117,15.0,28.5,0.4821
332,1107522000000,1.2,1019,NaN,6.3,825,229,781,138,994,901,14.5,28.3,0.4665
332,1107525600000,1.9,1084,NaN,8.6,923,312,712,149,1085,1046,12.9,31.8,0.4707
332,1107529200000,1.5,998,NaN,6.6,841,276,792,165,979,884,12.1,32.3,0.4548
332,1107532800000,1.4,987,NaN,6.1,816,236,816,156,959,821,11.3,33.5,0.4476
332,1107536400000,1.9,1079,NaN,8.8,932,312,719,184,1018,1056,11.4,32.6,0.4373
332,1107540000000,2.2,1096,NaN,9.4,954,345,687,197,1085,1139,9.1,37.8,0.4372
332,1107543600000,3.0,1146,NaN,11.8,1043,386,639,204,1169,1248,8.1,41.0,0.4458
332,1107547200000,2.6,1125,NaN,11.3,1025,356,653,207,1147,1200,7.7,41.9,0.4409
332,1107550800000,2.8,1130,NaN,9.7,968,467,680,208,1102,1220,7.1,43.9,0.4433
332,1107554400000,1.6,1017,NaN,5.8,805,287,807,174,958,1032,6.3,45.8,0.4408
332,1107558000000,1.3,1017,NaN,5.3,776,239,843,157,946,971,6.0,46.1,0.4351
333,1107561600000,1.6,1041,NaN,5.3,778,266,828,166,947,1011,5.5,49.0,0.4471
333,1107565200000,1.5,1034,NaN,5.1,769,261,816,167,952,1049,4.9,52.0,0.4548
333,1107568800000,1.3,1009,NaN,4.8,751,223,828,154,939,1053,4.1,54.7,0.4536
333,1107572400000,1.6,1105,NaN,6.4,828,NaN,735,NaN,997,1157,2.1,64.2,0.4633
333,1107576000000,2.0,1084,NaN,7.0,859,272,703,164,1017,1163,1.5,66.2,0.4571
333,1107579600000,1.3,989,NaN,4.4,731,226,815,149,936,1018,1.0,67.7,0.4523
333,1107583200000,0.9,1047,NaN,5.6,792,250,757,150,957,1121,0.8,69.9,0.4591
333,1107586800000,1.4,1091,NaN,7.3,868,402,705,205,1021,1200,1.3,67.2,0.4598
333,1107590400000,3.1,1263,NaN,12.7,1074,708,614,283,1198,1403,2.0,63.6,0.4564
333,1107594000000,4.1,1165,NaN,11.3,1024,759,646,310,1134,1365,4.1,52.7,0.4345
333,1107597600000,1.3,966,NaN,4.9,760,302,877,200,890,940,7.5,39.2,0.4091
333,1107601200000,0.9,927,NaN,3.8,702,210,932,147,847,750,9.0,34.5,0.398
333,1107604800000,1.0,909,NaN,3.4,678,180,960,128,838,652,9.2,34.5,0.4025
333,1107608400000,1.0,941,NaN,4.2,723,165,922,121,880,643,9.3,33.8,0.3981
333,1107612000000,1.1,903,NaN,3.7,696,180,932,129,850,629,9.3,33.1,0.3874
333,1107615600000,0.8,891,NaN,3.3,668,147,991,110,819,549,9.7,30.8,0.3716
333,1107619200000,1.0,904,NaN,3.4,674,177,968,126,824,578,9.6,31.1,0.3718
333,1107622800000,0.9,900,NaN,3.1,659,157,990,121,807,582,8.6,32.8,0.3669
333,1107626400000,0.9,926,NaN,4.3,725,195,933,142,847,694,7.2,35.0,0.3567
333,1107630000000,1.6,999,NaN,6.2,821,263,846,174,915,926,6.4,36.8,0.3566
333,1107633600000,1.4,994,NaN,5.2,774,239,854,168,917,915,6.0,40.2,0.3773
333,1107637200000,1.4,1010,NaN,5.8,801,267,826,180,944,986,5.5,42.6,0.3874
333,1107640800000,1.1,938,NaN,3.5,685,214,934,157,870,840,4.9,43.7,0.3809
333,1107644400000,1.2,983,NaN,4.9,760,236,869,162,898,939,4.2,43.2,0.3605
334,1107648000000,1.8,963,NaN,4.7,749,251,900,173,834,869,4.0,39.2,0.3228
334,1107651600000,1.4,962,NaN,4.9,756,255,902,176,843,908,3.7,40.1,0.323
334,1107655200000,1.4,980,NaN,5.0,761,235,854,172,876,1051,3.1,47.1,0.3638
334,1107658800000,0.9,914,NaN,2.9,644,NaN,972,NaN,832,922,2.6,48.8,0.3658
334,1107662400000,NaN,898,NaN,2.6,624,129,987,108,825,871,0.8,53.8,0.3542
334,1107666000000,0.8,854,NaN,1.8,572,95,1070,88,788,793,1.2,51.9,0.3515
334,1107669600000,0.7,838,NaN,1.3,531,95,1146,85,774,753,1.0,52.2,0.3489
334,1107673200000,0.7,831,NaN,1.5,543,100,1132,88,787,737,0.6,53.3,0.3467
334,1107676800000,0.6,833,NaN,1.3,526,110,1169,94,771,722,0.8,52.8,0.3468
334,1107680400000,0.8,870,NaN,2.0,582,149,1091,115,791,737,0.3,53.7,0.3424
334,1107684000000,1.3,984,NaN,4.3,727,197,891,137,908,913,4.1,42.9,0.3551
334,1107687600000,2.0,1065,NaN,6.7,844,351,780,212,979,1117,8.0,33.3,0.3591
334,1107691200000,1.7,968,NaN,4.6,743,249,886,173,840,774,10.7,25.2,0.3242
334,1107694800000,1.2,911,NaN,3.5,683,188,981,135,790,558,11.1,23.5,0.3105
334,1107698400000,1.0,868,NaN,2.1,590,127,1081,100,753,420,10.6,26.0,0.332
334,1107702000000,0.8,868,NaN,1.9,576,96,1128,78,755,363,10.3,27.7,0.3481
334,1107705600000,1.0,904,NaN,2.7,633,138,1040,100,789,410,10.2,28.3,0.3516
334,1107709200000,1.4,944,NaN,3.7,693,217,928,150,832,568,9.2,29.9,0.3479
334,1107712800000,1.1,925,NaN,2.9,649,186,1003,142,819,570,6.9,36.4,0.3635
334,1107716400000,1.6,985,NaN,4.5,736,227,891,165,875,774,6.0,38.0,0.3584
334,1107720000000,1.8,1002,NaN,5.3,780,252,855,179,892,857,5.8,36.4,0.3385
334,1107723600000,1.4,938,NaN,3.7,692,193,937,149,805,737,5.8,35.4,0.3286
334,1107727200000,1.1,896,NaN,2.6,627,158,1033,126,782,610,5.4,36.6,0.3304
334,1107730800000,1.0,907,NaN,2.4,614,150,1052,120,782,627,5.1,37.9,0.3358
335,1107734400000,1.1,902,NaN,2.4,613,130,1049,110,777,566,4.8,38.0,0.33
335,1107738000000,1.0,885,NaN,2.0,582,104,1072,92,760,517,4.5,38.1,0.3249
335,1107741600000,0.8,863,NaN,1.5,545,86,1119,78,749,484,4.3,38.1,0.3207
335,1107745200000,0.6,861,NaN,1.2,518,NaN,1141,NaN,738,482,3.9,39.9,0.325
335,1107748800000,0.6,852,NaN,0.8,482,67,1187,65,726,496,3.8,41.0,0.3327
335,1107752400000,0.6,879,NaN,1.0,495,75,1147,73,753,623,3.3,44.6,0.3499
335,1107756000000,0.6,900,NaN,1.3,525,97,1090,85,780,696,3.6,44.5,0.3574
335,1107759600000,0.8,963,NaN,2.4,615,177,980,133,837,916,3.4,47.0,0.3713
335,1107763200000,2.3,1183,NaN,8.7,929,433,675,246,1037,1309,2.9,49.5,0.3775
335,1107766800000,2.8,1161,NaN,10.5,996,471,639,281,1067,1396,5.6,40.5,0.3704
335,1107770400000,2.1,1102,NaN,7.9,896,346,720,222,969,1226,7.5,33.8,0.352
335,1107774000000,1.7,1029,NaN,6.5,835,262,771,182,897,1002,10.8,25.2,0.3251
335,1107777600000,1.4,973,NaN,5.7,797,221,845,154,845,769,12.9,20.6,0.3045
335,1107781200000,1.6,981,NaN,6.2,820,265,807,168,876,784,12.2,21.4,0.3033
335,1107784800000,1.4,960,NaN,5.4,784,219,842,149,868,643,12.0,21.9,0.3069
335,1107788400000,1.3,973,NaN,4.9,761,235,862,156,865,682,12.2,24.0,0.3392
335,1107792000000,1.4,968,NaN,5.0,765,227,843,156,863,692,12.0,24.3,0.3393
335,1107795600000,1.7,1022,NaN,6.9,854,285,771,187,941,926,10.5,27.8,0.3525
335,1107799200000,1.9,1067,NaN,7.5,879,291,740,194,989,996,8.7,33.9,0.3832
335,1107802800000,2.3,1101,NaN,8.2,908,295,707,204,1025,1095,7.8,37.6,0.4004
335,1107806400000,2.0,1081,NaN,7.7,885,243,720,174,1017,1058,7.2,39.4,0.4032
335,1107810000000,1.6,988,NaN,4.5,738,209,843,154,906,893,7.1,39.6,0.4019
335,1107813600000,1.0,932,NaN,2.7,630,147,980,117,842,681,7.1,39.6,0.4001
335,1107817200000,0.9,923,NaN,2.3,602,117,1028,98,831,599,7.2,39.3,0.4004
336,1107820800000,0.9,915,NaN,2.1,589,105,1045,90,813,550,6.9,39.6,0.3966
336,1107824400000,0.9,879,NaN,1.4,534,84,1129,74,785,470,7.0,39.8,0.4006
336,1107828000000,0.5,852,NaN,0.8,479,51,1275,49,761,375,7.1,40.5,0.409
336,1107831600000,0.4,844,NaN,0.6,453,NaN,1378,NaN,748,337,6.9,40.9,0.4091
336,1107835200000,0.5,878,NaN,1.0,496,54,1182,54,782,451,6.0,42.9,0.404
336,1107838800000,0.6,910,NaN,1.3,524,74,1102,69,802,600,6.4,42.7,0.4126
336,1107842400000,0.6,918,NaN,1.6,551,114,1062,92,817,712,6.1,43.6,0.4129
336,1107846000000,1.0,991,NaN,3.0,653,228,944,146,885,931,5.9,45.1,0.4211
336,1107849600000,2.1,1223,NaN,10.0,979,455,658,224,1120,1332,6.0,46.4,0.4367
336,1107853200000,2.9,1277,NaN,15.1,1153,493,543,253,1268,1520,6.6,43.7,0.4273
336,1107856800000,2.2,1114,NaN,8.6,922,410,689,225,1022,1223,8.7,36.3,0.4074
336,1107860400000,1.6,1088,NaN,6.9,853,277,729,180,996,1122,10.5,33.4,0.4246
336,1107864000000,1.8,1064,NaN,7.6,881,340,727,194,979,1099,11.4,27.8,0.3748
336,1107867600000,1.5,1047,NaN,6.9,854,238,753,158,959,904,12.7,27.4,0.4011
336,1107871200000,2.2,1075,NaN,8.5,920,323,726,184,992,1022,13.3,23.3,0.354
336,1107874800000,1.6,973,NaN,5.3,777,286,858,165,844,719,13.9,20.7,0.3271
336,1107878400000,1.5,942,NaN,4.4,733,271,912,156,800,609,13.6,20.0,0.3093
336,1107882000000,1.8,NaN,NaN,NaN,NaN,276,NaN,172,NaN,NaN,NaN,NaN,NaN
336,1107885600000,1.8,NaN,NaN,NaN,NaN,295,NaN,194,NaN,NaN,NaN,NaN,NaN
336,1107889200000,2.3,NaN,NaN,NaN,NaN,340,NaN,208,NaN,NaN,NaN,NaN,NaN
336,1107892800000,1.9,NaN,NaN,NaN,NaN,275,NaN,187,NaN,NaN,NaN,NaN,NaN
336,1107896400000,1.9,NaN,NaN,NaN,NaN,293,NaN,187,NaN,NaN,NaN,NaN,NaN
336,1107900000000,1.1,NaN,NaN,NaN,NaN,157,NaN,127,NaN,NaN,NaN,NaN,NaN
336,1107903600000,0.9,NaN,NaN,NaN,NaN,133,NaN,107,NaN,NaN,NaN,NaN,NaN
337,1107907200000,0.8,NaN,NaN,NaN,NaN,120,NaN,99,NaN,NaN,NaN,NaN,NaN
337,1107910800000,0.9,NaN,NaN,NaN,NaN,122,NaN,100,NaN,NaN,NaN,NaN,NaN
337,1107914400000,0.7,NaN,NaN,NaN,NaN,80,NaN,73,NaN,NaN,NaN,NaN,NaN
337,1107918000000,0.8,NaN,NaN,NaN,NaN,NaN,NaN,NaN,NaN,NaN,NaN,NaN,NaN
337,1107921600000,NaN,NaN,NaN,NaN,NaN,88,NaN,83,NaN,NaN,NaN,NaN,NaN
337,1107925200000,0.7,NaN,NaN,NaN,NaN,109,NaN,92,NaN,NaN,NaN,NaN,NaN
337,1107928800000,0.6,NaN,NaN,NaN,NaN,120,NaN,100,NaN,NaN,NaN,NaN,NaN
337,1107932400000,1.0,NaN,NaN,NaN,NaN,233,NaN,149,NaN,NaN,NaN,NaN,NaN
337,1107936000000,1.7,NaN,NaN,NaN,NaN,394,NaN,231,NaN,NaN,NaN,NaN,NaN
337,1107939600000,2.7,NaN,NaN,NaN,NaN,424,NaN,245,NaN,NaN,NaN,NaN,NaN
337,1107943200000,3.3,NaN,NaN,NaN,NaN,446,NaN,203,NaN,NaN,NaN,NaN,NaN
337,1107946800000,2.1,NaN,NaN,NaN,NaN,266,NaN,165,NaN,NaN,NaN,NaN,NaN
337,1107950400000,2.0,NaN,NaN,NaN,NaN,261,NaN,168,NaN,NaN,NaN,NaN,NaN
337,1107954000000,2.0,NaN,NaN,NaN,NaN,220,NaN,151,NaN,NaN,NaN,NaN,NaN
337,1107957600000,2.3,NaN,NaN,NaN,NaN,241,NaN,152,NaN,NaN,NaN,NaN,NaN
337,1107961200000,2.0,NaN,NaN,NaN,NaN,208,NaN,144,NaN,NaN,NaN,NaN,NaN
337,1107964800000,2.1,NaN,NaN,NaN,NaN,215,NaN,148,NaN,NaN,NaN,NaN,NaN
337,1107968400000,2.3,NaN,NaN,NaN,NaN,257,NaN,176,NaN,NaN,NaN,NaN,NaN
337,1107972000000,3.1,NaN,NaN,NaN,NaN,355,NaN,209,NaN,NaN,NaN,NaN,NaN
337,1107975600000,3.9,NaN,NaN,NaN,NaN,415,NaN,240,NaN,NaN,NaN,NaN,NaN
337,1107979200000,3.8,NaN,NaN,NaN,NaN,349,NaN,223,NaN,NaN,NaN,NaN,NaN
337,1107982800000,2.9,NaN,NaN,NaN,NaN,254,NaN,187,NaN,NaN,NaN,NaN,NaN
337,1107986400000,2.2,NaN,NaN,NaN,NaN,228,NaN,157,NaN,NaN,NaN,NaN,NaN
337,1107990000000,1.9,NaN,NaN,NaN,NaN,156,NaN,123,NaN,NaN,NaN,NaN,NaN
338,1107993600000,2.0,NaN,NaN,NaN,NaN,161,NaN,126,NaN,NaN,NaN,NaN,NaN
338,1107997200000,1.8,NaN,NaN,NaN,NaN,123,NaN,106,NaN,NaN,NaN,NaN,NaN
338,1108000800000,1.6,NaN,NaN,NaN,NaN,108,NaN,95,NaN,NaN,NaN,NaN,NaN
338,1108004400000,1.5,NaN,NaN,NaN,NaN,NaN,NaN,NaN,NaN,NaN,NaN,NaN,NaN
338,1108008000000,1.4,NaN,NaN,NaN,NaN,95,NaN,87,NaN,NaN,NaN,NaN,NaN
338,1108011600000,1.5,NaN,NaN,NaN,NaN,102,NaN,88,NaN,NaN,NaN,NaN,NaN
338,1108015200000,1.7,NaN,NaN,NaN,NaN,178,NaN,134,NaN,NaN,NaN,NaN,NaN
338,1108018800000,1.9,NaN,NaN,NaN,NaN,214,NaN,156,NaN,NaN,NaN,NaN,NaN
338,1108022400000,3.3,NaN,NaN,NaN,NaN,492,NaN,247,NaN,NaN,NaN,NaN,NaN
338,1108026000000,3.8,NaN,NaN,NaN,NaN,540,NaN,289,NaN,NaN,NaN,NaN,NaN
338,1108029600000,4.3,NaN,NaN,NaN,NaN,604,NaN,250,NaN,NaN,NaN,NaN,NaN
338,1108033200000,3.7,NaN,NaN,NaN,NaN,646,NaN,232,NaN,NaN,NaN,NaN,NaN
338,1108036800000,2.7,NaN,NaN,NaN,NaN,418,NaN,185,NaN,NaN,NaN,NaN,NaN
338,1108040400000,2.2,NaN,NaN,NaN,NaN,250,NaN,147,NaN,NaN,NaN,NaN,NaN
338,1108044000000,2.4,NaN,NaN,NaN,NaN,226,NaN,128,NaN,NaN,NaN,NaN,NaN
338,1108047600000,2.2,NaN,NaN,NaN,NaN,271,NaN,131,NaN,NaN,NaN,NaN,NaN
338,1108051200000,2.3,NaN,NaN,NaN,NaN,288,NaN,135,NaN,NaN,NaN,NaN,NaN
338,1108054800000,2.6,NaN,NaN,NaN,NaN,299,NaN,149,NaN,NaN,NaN,NaN,NaN
338,1108058400000,4.2,NaN,NaN,NaN,NaN,534,NaN,209,NaN,NaN,NaN,NaN,NaN
338,1108062000000,6.2,NaN,NaN,NaN,NaN,687,NaN,243,NaN,NaN,NaN,NaN,NaN
338,1108065600000,8.4,NaN,NaN,NaN,NaN,1028,NaN,276,NaN,NaN,NaN,NaN,NaN
338,1108069200000,4.5,NaN,NaN,NaN,NaN,605,NaN,225,NaN,NaN,NaN,NaN,NaN
338,1108072800000,2.7,NaN,NaN,NaN,NaN,345,NaN,194,NaN,NaN,NaN,NaN,NaN
338,1108076400000,2.4,NaN,NaN,NaN,NaN,255,NaN,164,NaN,NaN,NaN,NaN,NaN
339,1108080000000,2.3,NaN,NaN,NaN,NaN,211,NaN,148,NaN,NaN,NaN,NaN,NaN
339,1108083600000,2.2,NaN,NaN,NaN,NaN,190,NaN,136,NaN,NaN,NaN,NaN,NaN
339,1108087200000,2.0,NaN,NaN,NaN,NaN,149,NaN,116,NaN,NaN,NaN,NaN,NaN
339,1108090800000,1.6,NaN,NaN,NaN,NaN,NaN,NaN,NaN,NaN,NaN,NaN,NaN,NaN
339,1108094400000,1.6,NaN,NaN,NaN,NaN,107,NaN,91,NaN,NaN,NaN,NaN,NaN
339,1108098000000,1.5,NaN,NaN,NaN,NaN,98,NaN,87,NaN,NaN,NaN,NaN,NaN
339,1108101600000,1.7,NaN,NaN,NaN,NaN,183,NaN,123,NaN,NaN,NaN,NaN,NaN
339,1108105200000,1.8,NaN,NaN,NaN,NaN,224,NaN,152,NaN,NaN,NaN,NaN,NaN
339,1108108800000,3.8,NaN,NaN,NaN,NaN,589,NaN,267,NaN,NaN,NaN,NaN,NaN
339,1108112400000,5.9,NaN,NaN,NaN,NaN,700,NaN,296,NaN,NaN,NaN,NaN,NaN
339,1108116000000,5.4,NaN,NaN,NaN,NaN,747,NaN,291,NaN,NaN,NaN,NaN,NaN
339,1108119600000,4.7,NaN,NaN,NaN,NaN,746,NaN,276,NaN,NaN,NaN,NaN,NaN
339,1108123200000,4.3,NaN,NaN,NaN,NaN,702,NaN,250,NaN,NaN,NaN,NaN,NaN
339,1108126800000,5.4,NaN,NaN,NaN,NaN,723,NaN,251,NaN,NaN,NaN,NaN,NaN
339,1108130400000,5.8,NaN,NaN,NaN,NaN,872,NaN,275,NaN,NaN,NaN,NaN,NaN
339,1108134000000,6.1,NaN,NaN,NaN,NaN,1054,NaN,312,NaN,NaN,NaN,NaN,NaN
339,1108137600000,7.1,NaN,NaN,NaN,NaN,1218,NaN,340,NaN,NaN,NaN,NaN,NaN
339,1108141200000,6.6,NaN,NaN,NaN,NaN,1227,NaN,326,NaN,NaN,NaN,NaN,NaN
339,1108144800000,6.5,NaN,NaN,NaN,NaN,1061,NaN,284,NaN,NaN,NaN,NaN,NaN
339,1108148400000,7.1,NaN,NaN,NaN,NaN,1075,NaN,289,NaN,NaN,NaN,NaN,NaN
339,1108152000000,4.9,NaN,NaN,NaN,NaN,641,NaN,215,NaN,NaN,NaN,NaN,NaN
339,1108155600000,4.0,1521,NaN,16.8,1203,490,476,207,1400,2141,8.5,50.9,0.5664
339,1108159200000,4.0,1428,NaN,13.0,1085,550,526,213,1268,2023,8.3,53.3,0.5843
339,1108162800000,3.6,1463,NaN,12.6,1069,422,530,192,1279,1967,7.1,58.1,0.5885
340,1108166400000,4.2,1494,NaN,14.2,1124,541,504,211,1313,1931,5.8,64.3,0.5964
340,1108170000000,4.3,1462,NaN,12.9,1080,599,522,229,1274,1889,5.3,66.8,0.5979
340,1108173600000,3.6,1326,NaN,9.7,967,490,578,216,1174,1699,5.0,66.6,0.5871
340,1108177200000,2.5,1185,NaN,5.9,807,NaN,685,NaN,1051,1467,5.0,66.3,0.5811
340,1108180800000,NaN,1154,NaN,5.5,788,223,709,146,1065,1390,5.1,65.9,0.5827
340,1108184400000,1.4,1175,NaN,6.6,839,214,670,136,1087,1371,4.1,69.0,0.5735
340,1108188000000,1.4,1203,NaN,7.3,870,274,641,156,1103,1427,4.6,67.6,0.5778
340,1108191600000,1.6,1250,NaN,8.8,933,338,620,176,1144,1489,5.2,65.5,0.5836
340,1108195200000,2.3,1321,NaN,11.9,1046,496,562,224,1263,1610,6.0,62.8,0.5929
340,1108198800000,2.4,1323,NaN,12.0,1049,433,550,207,1290,1619,7.1,59.3,0.6005
340,1108202400000,2.7,1381,NaN,11.9,1045,496,541,221,1307,1706,7.8,58.0,0.6136
340,1108206000000,3.4,1480,NaN,16.2,1186,615,498,229,1382,1882,9.0,54.7,0.6271
340,1108209600000,3.1,1485,NaN,17.6,1229,551,477,208,1450,1911,10.0,53.1,0.6495
340,1108213200000,3.6,1522,NaN,17.6,1229,575,470,207,1488,1943,10.8,52.0,0.6738
340,1108216800000,3.8,1570,NaN,17.5,1224,575,468,216,1448,2020,11.0,51.4,0.6746
340,1108220400000,3.3,1507,NaN,15.7,1170,574,488,224,1392,1999,11.0,51.4,0.6725
340,1108224000000,3.4,1540,NaN,16.7,1202,582,475,225,1440,2008,10.9,52.0,0.6796
340,1108227600000,3.7,1556,NaN,17.1,1214,658,472,227,1435,2026,11.1,52.0,0.6869
340,1108231200000,4.6,1707,NaN,23.0,1378,851,416,248,1637,2225,11.0,53.6,0.7033
340,1108234800000,5.0,1766,NaN,24.6,1419,903,404,251,1659,2317,11.0,55.1,0.7221
340,1108238400000,5.7,1846,NaN,26.8,1474,952,389,265,1712,2426,11.4,55.4,0.7471
340,1108242000000,5.2,1795,NaN,23.2,1382,894,410,262,1609,2355,11.1,56.9,0.7506
340,1108245600000,5.0,1755,NaN,22.0,1352,839,417,241,1587,2375,10.2,60.0,0.7461
340,1108249200000,4.5,1738,NaN,20.4,1309,743,424,231,1543,2494,10.1,59.9,0.7379
341,1108252800000,4.1,1712,NaN,18.0,1239,671,443,229,1488,2411,9.9,63.2,0.7706
341,1108256400000,4.1,1751,NaN,18.5,1255,689,435,221,1541,2226,9.4,73.4,0.8662
341,1108260000000,3.1,1574,NaN,13.3,1093,478,497,180,1451,1808,9.4,77.7,0.9203
341,1108263600000,2.7,1458,NaN,11.3,1024,NaN,530,NaN,1413,1571,9.6,78.7,0.9429
341,1108267200000,2.8,1515,NaN,12.5,1066,345,508,140,1430,1548,8.9,81.3,0.9277
341,1108270800000,2.9,1491,NaN,11.5,1031,373,515,153,1387,1541,8.5,82.9,0.9243
341,1108274400000,2.6,1453,NaN,10.9,1012,324,534,150,1348,1441,8.3,84.0,0.9234
341,1108278000000,2.6,1443,NaN,10.7,1003,341,542,145,1356,1396,8.1,85.0,0.9221
341,1108281600000,2.8,1473,NaN,11.9,1047,424,522,149,1420,1411,8.7,83.7,0.9423
341,1108285200000,3.3,1548,NaN,13.4,1097,522,491,155,1477,1497,9.5,82.4,0.976
341,1108288800000,3.2,1586,NaN,13.0,1084,492,495,158,1473,1619,11.0,78.2,1.022
341,1108292400000,3.3,1488,NaN,11.2,1023,492,533,188,1456,1590,14.1,67.9,1.0859
341,1108296000000,1.5,1220,NaN,5.5,787,204,675,154,1310,1163,16.3,56.6,1.0422
341,1108299600000,1.2,1198,NaN,4.9,758,142,698,107,1277,1001,18.7,48.0,1.0259
341,1108303200000,1.1,1168,NaN,6.5,836,118,666,92,1278,822,19.5,39.3,0.882
341,1108306800000,1.7,1149,NaN,8.4,917,126,616,106,1293,773,19.9,34.1,0.782
341,1108310400000,1.0,1052,NaN,4.4,734,115,799,90,1109,588,19.4,32.4,0.7239
341,1108314000000,1.0,1053,NaN,4.3,727,137,789,100,1081,610,17.1,35.8,0.6944
341,1108317600000,2.6,1238,NaN,11.6,1037,212,583,132,1388,1000,15.5,40.7,0.7103
341,1108321200000,2.5,1188,NaN,9.0,939,354,658,211,1234,1048,14.8,42.8,0.7182
341,1108324800000,2.1,1150,NaN,7.8,891,331,684,179,1198,1002,13.9,43.8,0.6937
341,1108328400000,1.0,984,NaN,3.7,694,141,881,116,1032,711,13.7,42.9,0.6687
341,1108332000000,1.3,1111,NaN,5.3,777,228,760,143,1137,1024,12.5,47.8,0.6877
341,1108335600000,1.5,1131,NaN,5.6,793,228,728,142,1173,1054,11.8,53.4,0.7366
342,1108339200000,1.4,1115,NaN,5.3,778,203,749,135,1158,994,10.9,55.9,0.7312
342,1108342800000,1.6,1133,NaN,6.0,811,215,708,136,1182,1031,10.1,58.9,0.7301
342,1108346400000,1.1,1024,NaN,4.0,709,142,798,109,1120,884,9.8,61.2,0.7413
342,1108350000000,0.7,968,NaN,2.8,639,NaN,891,NaN,1080,794,8.4,67.1,0.7411
342,1108353600000,0.5,923,NaN,1.8,567,66,994,62,1024,688,8.3,67.2,0.7382
342,1108357200000,0.4,902,NaN,1.5,548,54,1063,49,1024,617,7.7,68.9,0.728
342,1108360800000,0.7,995,NaN,2.9,646,121,895,81,1053,818,6.9,70.0,0.6997
342,1108364400000,0.7,858,NaN,2.2,597,141,1054,104,857,690,9.0,37.3,0.4297
342,1108368000000,2.3,1233,NaN,11.4,1030,388,619,176,1257,1291,9.4,44.9,0.5296
342,1108371600000,2.5,1140,NaN,9.5,958,366,627,193,1175,1200,10.3,45.4,0.5666
342,1108375200000,1.7,1096,NaN,11.6,1036,254,635,168,1043,1127,11.5,39.6,0.5372
342,1108378800000,2.5,1295,NaN,33.9,1639,164,477,123,1013,1582,11.7,36.9,0.506
342,1108382400000,2.1,926,NaN,7.6,882,142,744,111,913,700,11.8,36.2,0.4999
342,1108386000000,1.1,970,NaN,7.0,857,162,748,120,990,693,12.0,38.7,0.5402
342,1108389600000,1.3,960,NaN,6.9,853,177,782,123,967,709,13.7,30.3,0.4724
342,1108393200000,1.1,941,NaN,5.8,800,157,823,115,917,671,12.6,30.6,0.4443
342,1108396800000,1.1,921,NaN,5.2,771,162,850,120,885,632,13.0,27.4,0.4085
342,1108400400000,1.4,940,NaN,6.4,829,209,823,140,901,716,13.6,22.7,0.3529
342,1108404000000,2.3,1036,NaN,11.9,1046,304,694,185,1044,1059,11.8,23.0,0.3171
342,1108407600000,4.2,1102,NaN,17.4,1221,484,609,212,1136,1329,10.7,19.9,0.2547
342,1108411200000,3.5,1035,NaN,14.7,1141,399,670,200,1018,1196,10.4,18.0,0.2269
342,1108414800000,3.0,990,NaN,10.0,978,390,751,191,928,1131,9.7,20.6,0.2488
342,1108418400000,1.7,950,NaN,6.6,839,287,834,169,878,977,9.4,24.8,0.2923
342,1108422000000,1.6,988,NaN,6.6,839,202,803,139,936,963,8.8,31.2,0.3533
343,1108425600000,1.0,884,NaN,3.1,658,126,982,102,813,581,8.7,31.2,0.3521
343,1108429200000,0.8,840,NaN,2.2,597,87,1081,76,766,432,8.5,30.4,0.3391
343,1108432800000,0.6,814,NaN,1.3,526,59,1228,56,740,352,8.0,32.9,0.353
343,1108436400000,0.4,821,NaN,1.1,509,NaN,1235,NaN,762,348,7.1,37.4,0.3799
343,1108440000000,NaN,802,NaN,0.5,440,31,1413,30,738,312,6.9,39.1,0.3901
343,1108443600000,0.3,805,NaN,0.5,437,28,1491,28,738,296,6.9,39.8,0.3966
343,1108447200000,0.4,850,NaN,1.3,529,64,1183,56,780,385,6.1,40.8,0.3868
343,1108450800000,0.5,913,NaN,2.5,619,123,1018,94,834,586,6.0,41.5,0.3896
343,1108454400000,1.5,1047,NaN,6.7,844,363,784,196,979,987,6.1,39.9,0.3781
343,1108458000000,2.1,1055,NaN,8.0,899,416,731,220,1017,1035,6.5,39.5,0.3865
343,1108461600000,1.6,974,NaN,5.3,778,286,832,168,905,782,9.4,32.7,0.3855
343,1108465200000,1.0,863,NaN,3.3,669,198,993,133,776,511,11.3,24.9,0.3318
343,1108468800000,1.2,889,NaN,4.4,734,216,942,134,801,566,12.8,19.8,0.2933
343,1108472400000,1.3,906,NaN,5.5,790,211,893,138,837,642,12.3,19.3,0.274
343,1108476000000,1.4,874,NaN,4.8,751,199,918,135,792,591,12.0,19.3,0.2716
343,1108479600000,1.0,849,NaN,3.5,680,161,1015,111,741,461,11.9,19.2,0.2677
343,1108483200000,1.4,923,NaN,4.9,761,218,909,124,840,609,12.1,20.7,0.2906
343,1108486800000,1.5,962,NaN,6.6,841,252,827,158,901,821,11.5,22.1,0.2987
343,1108490400000,2.4,1067,NaN,12.3,1059,337,671,181,1085,1163,10.4,23.1,0.2905
343,1108494000000,2.8,1125,NaN,14.1,1121,357,630,185,1132,1405,9.5,25.2,0.2996
343,1108497600000,3.1,1149,NaN,14.2,1124,410,623,187,1141,1405,8.9,26.9,0.3069
343,1108501200000,3.1,1155,NaN,11.6,1034,445,648,196,1061,1429,8.2,30.1,0.327
343,1108504800000,2.0,1065,NaN,8.2,908,314,741,174,953,1284,7.4,31.8,0.3287
343,1108508400000,2.1,1145,NaN,9.2,946,366,699,182,1015,1409,6.6,37.5,0.3664
344,1108512000000,1.9,1134,NaN,8.3,912,336,707,182,999,1376,6.3,40.1,0.3842
344,1108515600000,2.5,1195,NaN,10.7,1004,387,652,193,1078,1421,5.2,44.2,0.3943
344,1108519200000,2.0,1141,NaN,8.0,898,320,689,174,1014,1356,4.4,47.5,0.4017
344,1108522800000,1.4,1077,NaN,5.9,806,NaN,725,NaN,949,1296,4.0,49.1,0.4019
344,1108526400000,1.1,1052,NaN,4.5,740,237,768,142,913,1202,3.3,52.2,0.4074
344,1108530000000,0.8,1033,NaN,3.8,701,224,782,137,883,1206,3.2,52.4,0.4071
344,1108533600000,0.9,1080,NaN,5.1,768,237,732,140,924,1305,3.6,51.7,0.4123
344,1108537200000,1.6,1208,NaN,8.8,931,454,622,201,1052,1485,3.5,54.2,0.4297
344,1108540800000,3.6,1363,NaN,16.1,1183,854,520,288,1273,1643,5.2,48.3,0.4304
344,1108544400000,3.3,1239,NaN,13.4,1096,758,577,260,1211,1459,7.8,37.6,0.3994
344,1108548000000,2.1,1044,NaN,9.0,940,428,706,206,1014,1152,8.9,33.8,0.385
344,1108551600000,1.3,956,NaN,5.0,761,205,849,98,887,885,9.1,33.0,0.3827
344,1108555200000,1.1,955,NaN,4.3,725,205,890,138,880,770,9.1,34.5,0.3994
344,1108558800000,1.5,997,NaN,6.3,825,226,790,139,948,852,9.6,31.3,0.3763
344,1108562400000,1.5,987,NaN,6.0,810,199,801,137,939,830,8.5,36.3,0.4026
344,1108566000000,1.6,1007,NaN,5.7,798,253,793,155,942,867,9.3,34.6,0.405
344,1108569600000,1.5,1025,NaN,5.6,795,259,783,155,967,881,8.9,37.9,0.4318
344,1108573200000,1.6,1083,NaN,7.0,856,252,720,148,1010,975,8.2,41.8,0.4563
344,1108576800000,2.2,1143,NaN,9.5,960,313,641,153,1110,1136,7.4,44.5,0.4582
344,1108580400000,3.4,1288,NaN,15.9,1178,433,539,171,1300,1434,7.0,43.4,0.4366
344,1108584000000,5.6,1464,NaN,24.7,1421,611,457,227,1542,1746,6.6,43.4,0.4241
344,1108587600000,5.2,1341,NaN,16.8,1204,626,534,251,1294,1592,5.9,44.3,0.4137
344,1108591200000,2.8,1177,NaN,10.7,1004,408,640,216,1111,1341,5.0,46.6,0.4099
344,1108594800000,2.4,1089,NaN,8.3,913,357,712,200,1016,1208,5.8,40.3,0.374
345,1108598400000,2.7,1196,NaN,11.0,1014,375,643,192,1101,1334,5.4,43.8,0.3945
345,1108602000000,2.6,1107,NaN,7.4,874,326,721,187,984,1208,5.7,42.1,0.3883
345,1108605600000,2.3,1102,NaN,7.9,897,326,715,173,1024,1196,5.7,42.1,0.3885
345,1108609200000,1.0,993,NaN,3.6,688,NaN,847,NaN,874,931,5.8,42.9,0.399
345,1108612800000,0.6,912,NaN,1.7,559,72,1016,64,837,656,5.7,46.6,0.4298
345,1108616400000,0.5,883,NaN,1.0,496,49,1140,46,804,478,6.9,45.0,0.4499
345,1108620000000,0.5,893,NaN,1.1,507,59,1111,51,794,489,6.9,42.2,0.4224
345,1108623600000,1.0,1033,NaN,4.0,711,220,893,115,935,893,6.4,43.8,0.423
345,1108627200000,2.6,1222,NaN,9.7,966,602,636,238,1134,1322,6.6,44.6,0.4383
345,1108630800000,2.7,1190,NaN,10.6,1000,485,624,202,1152,1280,7.7,42.1,0.444
345,1108634400000,1.8,1035,NaN,5.4,783,295,794,167,969,943,10.1,36.7,0.4536
345,1108638000000,1.2,990,NaN,3.9,705,217,873,139,913,772,9.0,41.4,0.4775
345,1108641600000,1.3,1011,NaN,4.4,732,236,830,147,944,826,8.7,42.5,0.4787
345,1108645200000,1.4,1041,NaN,5.0,763,196,790,130,1003,808,8.3,47.8,0.5238
345,1108648800000,1.8,1086,NaN,6.8,850,233,723,143,1072,901,8.9,45.5,0.5208
345,1108652400000,1.3,1021,NaN,4.8,755,207,807,143,980,763,8.9,46.1,0.5256
345,1108656000000,1.4,1014,NaN,5.0,761,198,806,136,972,722,9.0,44.9,0.5173
345,1108659600000,1.4,1023,NaN,5.2,771,212,807,143,982,735,9.3,42.3,0.4974
345,1108663200000,2.4,1172,NaN,10.0,977,280,657,177,1160,1047,8.4,45.2,0.4977
345,1108666800000,2.8,1172,NaN,11.1,1017,315,623,198,1185,1163,7.6,47.8,0.5013
345,1108670400000,3.3,1219,NaN,12.9,1081,378,590,200,1246,1244,7.4,47.2,0.4871
345,1108674000000,2.5,1106,NaN,7.8,891,320,708,191,1058,1025,7.4,46.9,0.4854
345,1108677600000,2.1,1078,NaN,6.3,824,265,759,169,1016,982,6.9,48.2,0.4832
345,1108681200000,1.2,939,NaN,2.8,637,129,960,106,883,607,7.1,47.9,0.4867
346,1108684800000,1.2,975,NaN,3.3,670,129,943,105,910,616,6.9,48.7,0.4874
346,1108688400000,1.3,958,NaN,3.1,660,172,935,130,905,654,6.8,48.2,0.4792
346,1108692000000,1.0,921,NaN,2.1,594,100,1025,82,867,479,6.3,49.6,0.4787
346,1108695600000,0.8,931,NaN,1.9,580,NaN,983,NaN,863,487,5.6,52.9,0.4855
346,1108699200000,NaN,874,NaN,0.7,472,49,1179,45,803,382,6.4,49.8,0.4814
346,1108702800000,0.4,872,NaN,0.8,476,36,1249,35,794,350,6.9,48.1,0.4796
346,1108706400000,0.5,904,NaN,1.3,530,79,1079,60,846,438,6.4,50.2,0.485
346,1108710000000,0.7,951,NaN,1.8,568,128,1021,90,888,578,6.4,50.7,0.4886
346,1108713600000,2.1,1183,NaN,7.9,896,456,673,205,1115,1140,6.9,48.8,0.4903
346,1108717200000,2.5,1187,NaN,9.8,970,477,625,199,1174,1203,8.4,44.6,0.4922
346,1108720800000,2.0,1072,NaN,7.4,874,342,715,153,1033,1000,10.8,37.1,0.4794
346,1108724400000,1.4,1011,NaN,5.3,780,254,805,163,964,806,11.2,36.2,0.4818
346,1108728000000,1.3,997,NaN,4.8,752,231,837,152,952,724,11.8,34.4,0.4758
346,1108731600000,1.4,989,NaN,5.6,791,213,804,146,953,690,11.5,33.1,0.4479
346,1108735200000,1.6,1006,NaN,6.6,837,208,775,146,971,757,10.9,32.6,0.426
346,1108738800000,1.7,1016,NaN,6.7,845,270,771,134,987,818,11.3,31.7,0.4249
346,1108742400000,1.8,1069,NaN,8.4,918,276,724,164,1045,936,11.6,30.9,0.4223
346,1108746000000,2.4,1109,NaN,10.3,989,375,664,141,1096,1133,11.1,32.2,0.4243
346,1108749600000,2.8,1182,NaN,12.6,1071,395,617,204,1187,1298,9.7,36.0,0.4333
346,1108753200000,3.3,1253,NaN,16.0,1179,421,573,210,1268,1387,8.5,39.0,0.4336
346,1108756800000,4.8,1288,NaN,17.6,1228,632,549,250,1333,1502,8.3,40.3,0.4411
346,1108760400000,2.8,1153,NaN,10.1,981,424,666,202,1097,1273,8.0,41.3,0.4448
346,1108764000000,2.4,1161,NaN,9.8,969,369,677,190,1111,1271,7.0,44.2,0.4446
346,1108767600000,2.9,1271,NaN,11.5,1031,484,618,236,1138,1464,5.4,51.8,0.4698
347,1108771200000,2.7,1156,NaN,8.2,909,456,684,250,1023,1384,4.1,55.0,0.4558
347,1108774800000,2.1,1106,NaN,6.8,850,373,727,219,997,1281,3.1,57.8,0.4462
347,1108778400000,1.5,1008,NaN,4.3,726,228,834,156,913,1083,3.1,56.7,0.4388
347,1108782000000,1.2,966,NaN,3.9,703,NaN,865,NaN,903,989,2.2,59.6,0.4333
347,1108785600000,0.9,931,NaN,2.6,627,117,948,98,860,911,2.3,58.9,0.4317
347,1108789200000,0.8,922,NaN,2.4,611,108,962,89,867,893,1.9,60.0,0.4276
347,1108792800000,0.8,911,NaN,2.3,606,126,950,104,866,894,1.9,60.3,0.4293
347,1108796400000,1.1,993,NaN,4.5,736,235,819,148,941,1018,0.9,64.6,0.4294
347,1108800000000,1.9,1100,NaN,8.5,919,339,678,194,1072,1191,0.6,65.0,0.4231
347,1108803600000,2.5,1141,NaN,9.0,940,399,651,231,1099,1285,2.1,59.9,0.4338
347,1108807200000,2.2,1085,NaN,5.7,800,346,750,200,983,1219,3.1,57.2,0.4402
347,1108810800000,2.1,1153,NaN,6.9,853,407,696,217,1027,1370,4.2,54.0,0.4483
347,1108814400000,2.3,1122,NaN,6.4,831,393,722,210,982,1317,7.4,43.8,0.4538
347,1108818000000,1.2,992,NaN,3.5,685,166,890,126,902,818,11.2,34.5,0.4586
347,1108821600000,1.2,1018,NaN,3.7,693,157,868,118,937,683,13.8,32.4,0.5084
347,1108825200000,1.1,981,NaN,2.9,649,141,924,114,901,573,12.4,34.9,0.5002
347,1108828800000,1.1,988,NaN,3.4,679,144,905,117,911,595,12.8,31.9,0.4684
347,1108832400000,1.4,1059,NaN,5.3,777,191,797,140,969,774,13.5,29.1,0.4486
347,1108836000000,1.7,1110,NaN,7.3,870,255,708,168,1057,1059,11.6,33.3,0.454
347,1108839600000,2.5,1204,NaN,10.0,979,379,639,202,1147,1326,10.9,34.9,0.4568
347,1108843200000,2.7,1275,NaN,12.3,1061,427,593,211,1203,1494,10.4,37.3,0.4708
347,1108846800000,3.1,1297,NaN,11.8,1044,509,600,231,1185,1559,9.7,39.7,0.4792
347,1108850400000,2.8,1277,NaN,10.4,991,459,609,214,1141,1575,9.1,41.9,0.4857
347,1108854000000,1.9,1207,NaN,7.7,888,293,664,181,1062,1447,9.3,41.9,0.4927
348,1108857600000,1.9,1222,NaN,7.5,880,269,684,173,1083,1367,9.4,44.7,0.5279
348,1108861200000,1.7,1141,NaN,6.1,816,244,745,169,1026,1230,8.5,45.8,0.5108
348,1108864800000,2.2,1228,NaN,8.3,913,293,643,174,1124,1396,7.8,50.0,0.53
348,1108868400000,1.6,1120,NaN,5.1,770,NaN,756,NaN,1012,1191,7.7,49.7,0.5242
348,1108872000000,1.5,1067,NaN,4.9,758,177,775,130,993,1009,8.2,46.9,0.5099
348,1108875600000,0.8,947,NaN,1.9,580,81,978,72,894,572,8.4,48.6,0.5375
348,1108879200000,0.5,918,NaN,1.0,501,42,1148,40,881,420,8.0,54.7,0.5883
348,1108882800000,0.5,920,NaN,1.1,506,61,1142,56,905,453,7.8,55.7,0.5914
348,1108886400000,0.7,941,NaN,1.5,541,101,1065,81,919,520,8.0,53.8,0.5796
348,1108890000000,0.7,949,NaN,1.6,552,98,1035,81,919,531,8.8,50.7,0.5752
348,1108893600000,0.9,990,NaN,2.3,604,114,944,88,947,579,10.1,47.6,0.587
348,1108897200000,1.0,996,NaN,2.5,620,118,928,94,946,570,10.6,45.8,0.5838
348,1108900800000,1.1,1023,NaN,2.5,623,120,916,97,976,571,9.1,56.2,0.6515
348,1108904400000,1.1,1037,NaN,2.8,636,151,891,112,1024,582,7.9,66.5,0.7124
348,1108908000000,1.0,1017,NaN,2.4,613,131,919,104,1007,551,8.0,65.0,0.6991
348,1108911600000,1.1,1042,NaN,3.3,671,145,861,107,1038,634,8.4,61.0,0.6721
348,1108915200000,1.3,1037,NaN,3.2,665,156,854,114,1013,633,8.6,57.3,0.6429
348,1108918800000,1.2,1009,NaN,2.8,640,151,915,115,996,613,8.4,56.3,0.6227
348,1108922400000,1.3,1033,NaN,3.4,675,173,853,127,1006,702,8.0,57.7,0.6222
348,1108926000000,1.1,1016,NaN,2.9,647,154,906,119,997,649,7.1,62.6,0.6341
348,1108929600000,1.5,1076,NaN,4.6,745,221,801,149,1040,841,7.4,59.3,0.6123
348,1108933200000,1.4,1029,NaN,3.8,699,193,851,140,1001,795,7.7,56.9,0.5994
348,1108936800000,1.1,984,NaN,3.1,661,130,898,105,965,638,7.7,54.4,0.5753
348,1108940400000,1.3,1003,NaN,3.7,694,156,876,116,976,663,7.7,53.0,0.5572
349,1108944000000,1.4,1009,NaN,3.3,671,148,877,112,1010,610,6.7,62.8,0.6188
349,1108947600000,1.1,946,NaN,2.1,588,93,1005,80,948,480,6.6,61.9,0.6056
349,1108951200000,0.8,910,NaN,1.2,518,66,1130,59,936,404,5.7,70.3,0.6498
349,1108954800000,0.6,886,NaN,0.7,464,NaN,1273,NaN,919,357,4.5,79.2,0.6751
349,1108958400000,NaN,879,NaN,0.5,447,38,1317,36,910,348,4.0,81.5,0.6712
349,1108962000000,0.5,907,NaN,1.0,502,50,1129,49,947,399,3.9,81.5,0.6653
349,1108965600000,0.6,949,NaN,2.1,589,77,987,63,1001,464,3.3,84.3,0.6617
349,1108969200000,1.2,1054,NaN,5.5,786,183,766,123,1129,699,4.2,80.9,0.6742
349,1108972800000,2.2,1214,NaN,10.9,1010,256,609,164,1282,1006,5.1,75.0,0.6646
349,1108976400000,2.9,1253,NaN,13.3,1095,355,566,218,1375,1206,4.6,77.6,0.6651
349,1108980000000,2.9,1197,NaN,9.6,964,491,614,254,1260,1122,3.8,84.3,0.6811
349,1108983600000,2.0,1156,NaN,7.0,859,387,684,210,1196,1069,6.2,77.4,0.7383
349,1108987200000,1.7,1132,NaN,6.6,837,384,694,208,1199,1062,7.7,67.6,0.7133
349,1108990800000,2.2,1207,NaN,9.3,950,368,623,204,1303,1162,8.1,64.8,0.7039
349,1108994400000,1.8,1127,NaN,7.9,896,258,664,172,1227,1010,8.1,64.0,0.6942
349,1108998000000,1.6,1112,NaN,6.9,851,231,694,157,1184,931,6.9,71.3,0.7118
349,1109001600000,1.9,1186,NaN,8.6,925,290,641,181,1272,1025,7.0,73.7,0.7425
349,1109005200000,2.2,1192,NaN,10.0,976,335,618,194,1290,1110,7.3,70.0,0.7195
349,1109008800000,2.2,1177,NaN,8.8,931,293,656,193,1281,979,5.8,77.8,0.7223
349,1109012400000,4.9,1478,NaN,20.2,1301,526,469,252,1682,1409,5.4,80.9,0.7293
349,1109016000000,6.3,1486,NaN,19.7,1289,607,466,283,1633,1438,5.5,79.8,0.7261
349,1109019600000,2.7,1118,NaN,7.1,863,326,680,208,1194,1083,5.6,74.0,0.6808
349,1109023200000,1.4,1019,NaN,4.4,730,188,811,143,1082,916,5.6,71.9,0.6604
349,1109026800000,1.2,961,NaN,2.9,643,163,914,124,1046,825,6.4,70.7,0.6848
350,1109030400000,0.8,931,NaN,2.1,591,102,1015,89,1015,704,6.3,70.1,0.6733
350,1109034000000,0.8,938,NaN,2.1,592,95,992,85,1032,668,4.4,80.5,0.6825
350,1109037600000,0.7,888,NaN,1.1,511,71,1112,66,963,512,3.9,83.1,0.6787
350,1109041200000,0.4,844,NaN,0.6,454,NaN,1327,NaN,908,385,2.5,86.6,0.6407
350,1109044800000,0.4,851,NaN,0.5,440,46,1349,46,918,377,3.4,85.4,0.6736
350,1109048400000,0.5,905,NaN,1.0,503,62,1152,60,956,467,3.3,84.5,0.6608
350,1109052000000,0.9,987,NaN,2.6,628,170,929,117,1035,691,3.4,84.5,0.664
350,1109055600000,1.5,1124,NaN,6.7,842,313,690,178,1180,981,3.4,84.5,0.6677
350,1109059200000,3.8,1408,NaN,16.7,1200,687,490,295,1523,1369,4.1,82.7,0.682
350,1109062800000,5.4,1501,NaN,24.0,1403,757,418,243,1789,1589,4.6,80.3,0.6889
350,1109066400000,3.5,1266,NaN,15.0,1149,559,528,255,1435,1370,6.1,74.0,0.7025
350,1109070000000,1.7,1082,NaN,6.9,855,286,725,201,1140,1005,9.1,58.4,0.6787
350,1109073600000,2.0,1123,NaN,9.1,942,324,653,208,1225,1105,11.4,48.9,0.658
350,1109077200000,2.1,1174,NaN,10.0,979,316,611,212,1282,1142,8.3,64.4,0.7072
350,1109080800000,3.0,1209,NaN,12.9,1082,407,573,238,1355,1105,6.5,71.0,0.6903
350,1109084400000,2.1,1120,NaN,9.0,940,305,657,201,1245,917,6.6,71.1,0.6973
350,1109088000000,2.5,1174,NaN,10.9,1010,360,613,218,1305,1050,7.4,69.3,0.7165
350,1109091600000,2.2,1068,NaN,7.9,896,339,702,222,1177,848,6.4,70.6,0.6834
350,1109095200000,2.4,1146,NaN,10.2,985,304,650,206,1236,952,5.8,72.5,0.6718
350,1109098800000,3.6,1204,NaN,13.2,1089,397,601,251,1335,1059,5.6,71.6,0.6556
350,1109102400000,2.6,1062,NaN,8.1,903,270,717,190,1141,720,4.2,77.8,0.6491
350,1109106000000,2.7,1122,NaN,8.5,919,339,680,218,1201,981,4.3,79.5,0.6648
350,1109109600000,1.4,940,NaN,3.6,686,190,903,150,1005,648,4.5,75.5,0.6429
350,1109113200000,0.9,935,NaN,2.6,628,126,995,111,986,611,4.4,77.1,0.6523
351,1109116800000,1.5,1011,NaN,4.3,725,189,852,142,1050,773,4.2,78.2,0.6506
351,1109120400000,1.1,952,NaN,3.2,665,146,907,119,1007,703,4.0,79.3,0.6517
351,1109124000000,0.8,899,NaN,1.8,572,98,1063,87,951,560,3.9,78.7,0.643
351,1109127600000,0.6,880,NaN,1.4,533,NaN,1161,NaN,948,499,3.5,80.6,0.6403
351,1109131200000,0.6,882,NaN,1.2,516,75,1132,70,959,575,3.2,82.8,0.6426
351,1109134800000,0.6,844,NaN,0.7,466,77,1261,68,894,478,4.1,76.0,0.6304
351,1109138400000,0.6,860,NaN,1.0,497,72,1251,66,912,442,4.2,75.9,0.6311
351,1109142000000,0.7,917,NaN,2.2,597,152,1084,117,994,602,4.5,76.3,0.648
351,1109145600000,1.7,1126,NaN,7.7,886,337,719,197,1208,936,4.4,79.1,0.6687
351,1109149200000,1.9,1033,NaN,6.2,820,360,740,198,1114,870,4.3,79.8,0.6706
351,1109152800000,1.4,944,NaN,3.8,697,243,881,167,1022,688,3.1,83.0,0.6419
351,1109156400000,1.3,955,NaN,3.6,687,277,895,180,1004,706,2.8,83.9,0.6326
351,1109160000000,1.2,992,NaN,3.7,694,266,900,169,1020,756,3.9,79.5,0.6482
351,1109163600000,1.9,1090,NaN,8.3,910,317,701,210,1192,974,5.1,74.5,0.6621
351,1109167200000,2.5,1151,NaN,10.1,983,375,629,232,1244,1121,5.7,72.5,0.6686
351,1109170800000,2.3,1148,NaN,9.9,975,349,638,223,1243,1064,5.6,74.6,0.6826
351,1109174400000,2.3,1140,NaN,9.2,946,377,653,224,1231,1076,5.4,75.9,0.6875
351,1109178000000,2.5,1160,NaN,10.3,990,403,632,238,1254,1090,4.9,78.2,0.6826
351,1109181600000,2.8,1167,NaN,11.4,1027,422,610,249,1289,1119,4.8,79.0,0.6845
351,1109185200000,2.7,1194,NaN,11.7,1038,388,605,223,1317,1181,4.8,78.6,0.6826
351,1109188800000,3.1,1224,NaN,12.6,1071,431,590,244,1331,1240,4.6,78.2,0.6686
351,1109192400000,2.9,1209,NaN,11.4,1028,425,619,243,1264,1254,4.2,79.7,0.6647
351,1109196000000,2.6,1145,NaN,9.6,962,391,657,226,1212,1192,4.3,78.9,0.6621
351,1109199600000,1.5,1016,NaN,4.6,744,231,825,167,1053,1020,4.2,77.9,0.6479
352,1109203200000,1.6,1018,NaN,4.7,750,248,831,172,1051,916,3.2,83.0,0.645
352,1109206800000,1.1,937,NaN,2.6,625,142,977,120,983,798,5.1,74.5,0.6626
352,1109210400000,0.9,949,NaN,2.9,647,117,956,100,1023,762,4.0,80.8,0.6666
352,1109214000000,0.7,895,NaN,1.5,545,NaN,1080,NaN,964,685,4.3,81.0,0.677
352,1109217600000,NaN,884,NaN,1.3,528,96,1148,86,960,619,2.9,85.3,0.6503
352,1109221200000,0.6,883,NaN,1.2,518,87,1135,81,962,606,3.3,84.5,0.6612
352,1109224800000,0.8,968,NaN,3.0,652,197,937,131,1051,788,3.6,84.4,0.6724
352,1109228400000,1.5,1071,NaN,5.5,787,290,755,170,1146,947,3.8,83.8,0.6771
352,1109232000000,3.1,1310,NaN,12.9,1082,621,555,267,1400,1254,4.1,82.5,0.6819
352,1109235600000,3.8,1332,NaN,14.5,1132,645,522,269,1439,1352,3.9,83.9,0.6847
352,1109239200000,2.7,1178,NaN,9.0,939,573,640,244,1228,1165,4.1,83.9,0.6967
352,1109242800000,1.8,1093,NaN,6.5,836,414,728,232,1142,1025,4.6,82.0,0.6997
352,1109246400000,1.4,1060,NaN,5.4,784,314,770,196,1117,941,5.5,79.5,0.7238
352,1109250000000,1.7,1121,NaN,7.4,873,317,697,195,1206,1000,6.7,76.2,0.7519
352,1109253600000,1.9,1118,NaN,7.7,888,290,685,189,1223,962,7.9,69.0,0.7394
352,1109257200000,2.2,1205,NaN,10.7,1002,385,612,212,1299,1214,8.5,66.3,0.7387
352,1109260800000,3.0,1274,NaN,13.3,1094,507,537,267,1364,1428,7.6,70.8,0.7399
352,1109264400000,3.0,1301,NaN,13.2,1092,534,525,262,1388,1484,7.2,72.4,0.7372
352,1109268000000,3.9,1405,NaN,17.5,1224,601,468,270,1503,1658,6.7,74.2,0.7326
352,1109271600000,4.0,1375,NaN,17.7,1230,583,473,260,1522,1632,6.1,75.8,0.7184
352,1109275200000,3.9,1367,NaN,17.5,1225,551,485,265,1492,1628,6.3,74.9,0.7187
352,1109278800000,3.5,1324,NaN,14.1,1121,547,531,262,1399,1481,6.0,78.0,0.7345
352,1109282400000,2.4,1170,NaN,8.4,917,385,652,227,1218,1205,5.6,81.2,0.7443
352,1109286000000,2.1,1169,NaN,7.9,895,318,681,192,1201,1106,5.5,81.5,0.7393
353,1109289600000,2.5,1181,NaN,8.1,905,356,657,202,1215,1106,5.3,84.1,0.753
353,1109293200000,2.1,1146,NaN,7.1,860,326,692,189,1181,1092,5.2,83.9,0.7487
353,1109296800000,1.5,1059,NaN,5.2,773,233,767,157,1127,984,5.1,83.5,0.7416
353,1109300400000,1.1,1010,NaN,3.4,679,NaN,854,NaN,1046,889,5.0,82.9,0.73
353,1109304000000,1.0,1007,NaN,3.4,677,116,863,97,1053,848,5.0,82.5,0.7265
353,1109307600000,0.8,932,NaN,2.1,595,120,991,100,1025,771,5.0,82.8,0.7273
353,1109311200000,1.0,998,NaN,4.1,717,228,872,146,1095,895,5.2,80.7,0.7219
353,1109314800000,1.4,1072,NaN,6.1,819,303,751,175,1161,1003,5.3,80.2,0.7179
353,1109318400000,3.6,1424,NaN,18.7,1260,NaN,494,NaN,1568,1442,5.7,79.7,0.734
353,1109322000000,5.8,1527,NaN,27.9,1502,NaN,411,NaN,1868,1727,6.2,76.8,0.7355
353,1109325600000,4.2,1364,NaN,17.8,1234,529,504,190,1533,1606,8.3,67.4,0.7384
353,1109329200000,3.3,1190,NaN,11.8,1044,615,615,166,1324,1354,10.8,52.1,0.6746
353,1109332800000,1.7,1021,NaN,6.6,839,298,771,153,1084,914,13.0,40.3,0.6028
353,1109336400000,2.1,1051,NaN,8.4,914,317,707,167,1122,913,10.9,44.8,0.5849
353,1109340000000,2.2,1021,NaN,7.6,882,305,727,137,1097,847,11.5,42.1,0.5706
353,1109343600000,1.8,1016,NaN,6.7,842,253,762,140,1067,778,12.5,38.5,0.5568
353,1109347200000,2.0,1040,NaN,7.9,893,296,723,150,1104,835,12.6,38.5,0.5586
353,1109350800000,2.3,1089,NaN,8.4,916,293,710,152,1124,903,12.3,38.4,0.5488
353,1109354400000,2.8,1148,NaN,12.1,1054,353,631,177,1233,1157,10.2,43.1,0.5366
353,1109358000000,3.4,1162,NaN,12.6,1070,399,625,189,1229,1237,8.6,48.2,0.5385
353,1109361600000,4.0,1197,NaN,13.6,1102,454,609,195,1309,1253,7.8,50.8,0.5384
353,1109365200000,2.3,1059,NaN,8.1,905,356,735,179,1098,1130,7.3,52.8,0.5404
353,1109368800000,2.7,1207,NaN,11.2,1023,473,629,188,1233,1373,6.2,62.4,0.5958
353,1109372400000,2.7,1188,NaN,10.1,983,482,648,170,1193,1338,5.1,68.2,0.6033
354,1109376000000,2.8,1153,NaN,8.8,933,443,687,161,1133,1268,4.7,69.0,0.5936
354,1109379600000,2.1,1061,NaN,6.8,849,373,757,145,1063,1125,4.0,69.8,0.5756
354,1109383200000,1.9,1028,NaN,6.4,831,320,771,136,1063,1054,3.4,71.3,0.5626
354,1109386800000,2.1,1082,NaN,6.7,843,NaN,729,NaN,1061,1090,2.8,74.0,0.5591
354,1109390400000,1.7,1037,NaN,5.2,771,233,784,122,1004,1029,2.3,75.1,0.5514
354,1109394000000,1.3,942,NaN,3.6,688,161,897,115,947,882,3.8,66.2,0.5359
354,1109397600000,0.9,904,NaN,2.7,633,137,993,103,897,717,4.6,60.5,0.5173
354,1109401200000,1.0,855,NaN,1.9,578,144,1121,108,855,599,5.7,54.3,0.5022
354,1109404800000,1.0,914,NaN,3.9,705,182,966,124,926,687,6.2,51.3,0.488
354,1109408400000,1.5,933,NaN,4.1,714,227,899,133,927,706,6.7,49.5,0.4892
354,1109412000000,1.5,942,NaN,3.7,696,203,920,124,912,682,8.8,45.0,0.5114
354,1109415600000,1.4,943,NaN,3.6,688,179,924,116,909,629,9.6,43.5,0.5202
354,1109419200000,2.4,959,NaN,4.1,717,171,892,113,939,664,9.8,43.3,0.5238
354,1109422800000,2.8,971,NaN,4.5,739,181,868,117,972,664,9.9,43.5,0.53
354,1109426400000,2.9,954,NaN,4.5,735,175,863,118,953,630,9.8,44.1,0.5332
354,1109430000000,2.6,929,NaN,2.9,645,148,962,108,906,524,9.7,45.1,0.5417
354,1109433600000,2.5,933,NaN,3.1,660,132,955,98,911,488,9.0,47.3,0.542
354,1109437200000,2.7,967,NaN,3.9,704,162,888,117,961,609,7.4,56.0,0.5797
354,1109440800000,2.8,987,NaN,4.2,723,185,863,126,974,684,6.4,61.7,0.5956
354,1109444400000,3.0,1003,NaN,5.2,772,234,821,142,1008,788,6.8,58.0,0.5758
354,1109448000000,3.7,1138,NaN,10.2,986,275,663,157,1188,1030,7.3,56.7,0.5806
354,1109451600000,3.5,1087,NaN,8.1,903,272,713,161,1106,1026,7.2,56.7,0.579
354,1109455200000,3.8,1129,NaN,8.5,920,331,689,169,1139,1182,6.7,59.1,0.5848
354,1109458800000,4.3,1191,NaN,10.7,1005,347,637,166,1224,1284,5.9,62.1,0.5808
355,1109462400000,4.8,1256,NaN,11.5,1032,488,612,189,1230,1371,6.3,60.4,0.5811
355,1109466000000,4.2,1171,NaN,9.5,960,404,679,184,1121,1234,5.5,60.2,0.5458
355,1109469600000,3.3,1016,NaN,5.3,780,255,798,145,1004,1060,4.6,64.4,0.5525
355,1109473200000,3.0,1035,NaN,5.8,805,NaN,790,NaN,1022,1038,3.5,68.8,0.5458
355,1109476800000,NaN,980,NaN,4.6,744,174,840,119,979,970,2.8,70.9,0.5383
355,1109480400000,1.0,901,NaN,2.7,631,108,988,87,915,751,3.7,65.9,0.5295
355,1109484000000,0.9,914,NaN,3.1,655,107,949,77,949,742,1.6,74.3,0.5168
355,1109487600000,1.1,940,NaN,3.2,665,188,900,112,955,879,1.4,76.3,0.5261
355,1109491200000,1.1,935,NaN,3.6,689,225,894,118,949,871,2.5,69.5,0.5172
355,1109494800000,1.2,970,NaN,3.7,691,208,891,124,956,890,3.7,64.8,0.5208
355,1109498400000,1.7,1064,NaN,6.4,830,270,739,144,1053,1059,7.8,49.9,0.5307
355,1109502000000,1.6,1023,NaN,5.2,776,202,817,128,972,808,11.2,37.1,0.4936
355,1109505600000,1.4,955,NaN,3.9,706,168,888,120,884,616,12.6,30.6,0.446
355,1109509200000,1.8,943,NaN,4.1,714,191,898,131,868,609,10.3,32.9,0.4131
355,1109512800000,1.1,895,NaN,2.5,622,149,1012,115,804,471,10.0,35.5,0.4346
355,1109516400000,0.9,890,NaN,2.2,601,101,1053,82,803,391,8.8,40.0,0.4538
355,1109520000000,1.1,904,NaN,2.3,608,134,1033,100,807,398,8.3,40.3,0.4431
355,1109523600000,1.1,888,NaN,2.4,611,150,1035,111,791,419,7.9,38.9,0.4141
355,1109527200000,1.2,905,NaN,2.9,648,188,1007,132,822,509,6.8,41.0,0.4072
355,1109530800000,1.6,974,NaN,4.9,757,254,886,155,884,723,6.0,42.0,0.3962
355,1109534400000,2.6,1048,NaN,6.8,847,324,801,181,955,888,5.5,43.5,0.3963
355,1109538000000,1.5,895,NaN,3.1,660,238,975,155,826,596,4.6,46.8,0.4001
355,1109541600000,1.0,875,NaN,2.1,594,128,1079,105,793,451,4.5,48.0,0.4085
355,1109545200000,1.3,943,NaN,3.9,703,169,950,119,870,581,4.3,48.6,0.4069
356,1109548800000,1.6,947,NaN,3.8,697,215,913,150,878,698,4.0,50.0,0.4115
356,1109552400000,1.0,865,NaN,1.8,566,111,1119,94,797,423,4.0,52.9,0.4338
356,1109556000000,0.6,823,NaN,1.0,503,60,1268,56,755,332,4.0,51.0,0.42
356,1109559600000,0.4,798,NaN,0.6,452,NaN,1435,NaN,699,280,3.9,48.1,0.393
356,1109563200000,0.3,781,NaN,0.4,425,29,1609,28,667,261,3.8,48.0,0.3879
356,1109566800000,0.3,781,NaN,0.3,409,25,1664,25,669,252,3.6,50.3,0.4022
356,1109570400000,0.3,779,NaN,0.2,402,34,1665,31,684,257,2.8,52.6,0.3972
356,1109574000000,0.4,817,NaN,0.7,462,89,1378,66,732,308,2.5,52.7,0.3908
356,1109577600000,1.0,893,NaN,2.6,629,212,1015,111,837,456,2.7,50.5,0.3804
356,1109581200000,1.2,883,NaN,3.1,659,216,943,122,842,527,2.7,49.4,0.3714
356,1109584800000,1.0,839,NaN,2.3,608,191,1040,115,780,475,3.3,45.2,0.354
356,1109588400000,0.9,809,NaN,2.0,587,200,1084,123,744,434,3.1,43.3,0.3354
356,1109592000000,0.8,805,NaN,2.0,584,164,1137,119,726,385,3.7,38.8,0.3123
356,1109595600000,1.1,840,NaN,3.1,661,185,1016,125,757,435,4.0,36.8,0.3016
356,1109599200000,1.0,812,NaN,2.9,646,156,1045,110,731,421,3.7,35.0,0.2823
356,1109602800000,0.8,782,NaN,2.1,594,155,1134,111,673,371,3.4,32.4,0.2563
356,1109606400000,0.9,799,NaN,2.5,617,158,1099,114,699,382,3.3,33.1,0.2592
356,1109610000000,0.9,812,NaN,2.8,640,166,1093,114,716,408,2.6,35.1,0.2618
356,1109613600000,2.0,922,NaN,6.7,842,268,849,140,858,676,2.1,36.6,0.2634
356,1109617200000,2.4,938,NaN,8.1,903,309,790,141,885,798,1.6,37.9,0.2645
356,1109620800000,2.5,939,NaN,7.4,872,297,814,142,870,793,1.4,38.0,0.2615
356,1109624400000,1.6,827,NaN,3.6,687,225,1015,123,727,573,1.0,36.6,0.2456
356,1109628000000,0.9,776,NaN,1.9,580,122,1183,90,655,402,1.1,35.4,0.2382
356,1109631600000,0.7,755,NaN,1.4,538,100,1285,79,621,343,1.0,34.3,0.2292
357,1109635200000,0.6,766,NaN,1.2,515,86,1327,69,642,322,1.0,37.4,0.2487
357,1109638800000,0.6,762,NaN,0.9,487,71,1364,60,640,307,0.7,41.2,0.2693
357,1109642400000,0.4,736,NaN,0.6,453,39,1498,37,602,268,0.2,40.6,0.2566
357,1109646000000,0.2,715,NaN,0.2,387,NaN,1791,NaN,559,227,0.1,40.0,0.2499
357,1109649600000,0.2,716,NaN,0.2,390,29,1804,27,551,221,-0.1,37.5,0.2326
357,1109653200000,0.2,731,NaN,0.3,408,32,1727,30,561,225,-0.3,38.4,0.2347
357,1109656800000,0.2,735,NaN,0.3,407,37,1677,33,579,232,-0.6,40.1,0.2404
357,1109660400000,0.5,779,NaN,1.0,500,134,1361,84,652,313,-0.6,41.4,0.2478
357,1109664000000,1.5,915,NaN,5.2,774,358,911,147,839,629,-0.2,40.2,0.2478
357,1109667600000,1.9,905,NaN,6.1,818,354,853,143,840,790,0.6,36.8,0.2388
357,1109671200000,1.4,835,NaN,3.6,688,284,988,122,720,630,2.8,30.3,0.2294
357,1109674800000,0.9,798,NaN,2.3,609,213,1122,109,660,472,3.1,29.1,0.224
357,1109678400000,0.7,783,NaN,1.9,580,174,1181,95,647,378,3.3,29.2,0.2288
357,1109682000000,0.8,807,NaN,2.6,623,157,1097,94,684,384,3.1,31.0,0.2386
357,1109685600000,1.0,827,NaN,3.1,660,178,1030,102,709,426,3.2,30.8,0.2399
357,1109689200000,0.9,822,NaN,2.7,632,187,1074,107,701,442,3.3,31.5,0.2464
357,1109692800000,1.0,830,NaN,3.0,655,198,1045,113,710,467,4.1,28.6,0.2363
357,1109696400000,0.9,833,NaN,3.0,653,186,1073,110,708,448,3.9,29.2,0.2378
357,1109700000000,1.4,882,NaN,5.0,766,203,922,116,815,582,1.9,35.0,0.2494
357,1109703600000,2.1,967,NaN,7.5,880,313,815,148,887,892,1.8,35.4,0.2497
357,1109707200000,2.8,1009,NaN,9.5,958,342,751,156,935,1006,1.4,36.5,0.2503
357,1109710800000,2.2,911,NaN,5.3,777,310,913,159,796,852,0.8,36.3,0.2388
357,1109714400000,1.0,808,NaN,2.4,613,165,1137,116,672,543,0.6,34.1,0.221
357,1109718000000,1.1,812,NaN,2.5,621,152,1143,110,669,529,0.3,31.9,0.2031
358,1109721600000,0.9,790,NaN,2.2,597,141,1184,102,637,465,0.2,30.2,0.191
358,1109725200000,0.8,765,NaN,1.5,544,122,1253,93,601,405,0.0,29.7,0.1847
358,1109728800000,0.6,761,NaN,1.3,525,79,1307,67,605,332,-0.1,31.9,0.1975
358,1109732400000,0.5,788,NaN,0.9,486,NaN,1294,NaN,650,420,-1.1,41.4,0.2379
358,1109736000000,NaN,790,NaN,0.7,471,81,1302,75,669,532,-1.4,44.9,0.2536
358,1109739600000,0.4,804,NaN,0.9,489,77,1262,73,698,630,-1.3,46.3,0.2635
358,1109743200000,0.5,831,NaN,1.4,537,124,1158,96,722,768,-1.2,47.2,0.27
358,1109746800000,0.7,881,NaN,3.5,680,159,1023,110,813,866,-1.3,47.5,0.2702
358,1109750400000,2.4,1099,NaN,11.0,1013,396,690,150,1056,1254,-1.9,51.4,0.2801
358,1109754000000,2.8,1100,NaN,12.4,1065,479,669,169,1072,1347,-0.5,45.9,0.2763
358,1109757600000,2.0,1042,NaN,8.3,910,438,774,181,922,1216,4.6,32.5,0.2783
358,1109761200000,2.2,1026,NaN,8.9,935,466,747,187,942,1151,7.5,24.3,0.2528
358,1109764800000,1.4,905,NaN,5.7,796,288,900,146,767,699,9.6,18.8,0.2246
358,1109768400000,1.2,891,NaN,5.5,790,205,927,131,764,584,9.3,18.4,0.2157
358,1109772000000,1.9,968,NaN,9.0,938,311,790,161,897,836,9.7,18.6,0.2244
358,1109775600000,1.3,909,NaN,6.3,826,246,898,143,802,626,10.1,16.7,0.2062
358,1109779200000,2.0,938,NaN,9.1,945,356,804,176,855,878,11.8,13.5,0.1862
358,1109782800000,2.0,971,NaN,8.4,917,397,802,178,885,952,11.6,15.3,0.2086
358,1109786400000,3.4,1148,NaN,17.5,1226,579,624,207,1126,1460,9.1,19.2,0.2225
358,1109790000000,5.1,1299,NaN,23.3,1384,819,523,240,1325,1855,7.2,25.6,0.2611
358,1109793600000,5.3,1315,NaN,19.0,1269,754,551,236,1282,1860,6.1,34.0,0.3237
358,1109797200000,2.8,1180,NaN,11.1,1020,473,656,199,1054,1629,5.1,36.4,0.323
358,1109800800000,1.6,1070,NaN,6.2,821,300,754,170,936,1454,4.8,39.6,0.344
358,1109804400000,1.4,1031,NaN,5.0,763,235,818,153,905,1348,5.0,39.6,0.3479
359,1109808000000,1.4,1047,NaN,5.3,778,207,799,140,907,1326,4.1,41.7,0.3456
359,1109811600000,1.4,1030,NaN,4.2,724,204,832,138,893,1285,4.4,43.3,0.3656
359,1109815200000,1.1,986,NaN,3.5,682,155,875,117,884,1205,3.8,45.9,0.3728
359,1109818800000,0.9,992,NaN,3.0,655,NaN,876,NaN,887,1220,3.6,49.7,0.396
359,1109822400000,1.0,1076,NaN,4.1,715,179,783,119,947,1448,3.4,56.3,0.4455
359,1109826000000,1.0,1104,NaN,4.0,713,143,754,108,1001,1433,2.9,67.9,0.5183
359,1109829600000,1.2,1160,NaN,5.1,770,212,702,121,1063,1447,2.8,74.1,0.5618
359,1109833200000,1.4,1217,NaN,6.7,846,263,650,136,1120,1481,2.9,75.6,0.5742
359,1109836800000,3.0,1457,NaN,15.6,1167,648,496,175,1422,1785,3.8,72.4,0.5867
359,1109840400000,4.2,1337,NaN,17.1,1212,717,529,211,1406,1756,5.9,50.2,0.4706
359,1109844000000,2.1,1111,NaN,8.8,931,389,687,186,1069,1368,7.3,39.4,0.4035
359,1109847600000,2.0,1165,NaN,6.9,852,438,692,177,1155,1197,3.6,75.9,0.6055
359,1109851200000,1.6,1129,NaN,5.4,783,282,757,147,1127,1084,3.6,78.6,0.6283
359,1109854800000,1.4,1092,NaN,4.9,759,268,773,150,1088,1039,5.3,69.2,0.6213
359,1109858400000,1.6,1096,NaN,5.3,777,248,767,148,1107,961,6.1,66.0,0.6255
359,1109862000000,1.5,1108,NaN,5.4,783,272,758,151,1115,964,6.0,70.1,0.6577
359,1109865600000,1.7,1124,NaN,5.5,787,291,740,151,1147,941,6.3,72.1,0.6907
359,1109869200000,1.9,1216,NaN,7.5,879,363,670,165,1252,1111,6.3,75.7,0.7252
359,1109872800000,3.8,1437,NaN,16.7,1202,660,507,197,1510,1459,5.6,80.4,0.7382
359,1109876400000,5.4,1473,NaN,18.2,1245,907,476,228,1539,1519,4.9,82.4,0.7201
359,1109880000000,4.2,1396,NaN,15.5,1164,639,508,196,1488,1412,4.3,84.0,0.7051
359,1109883600000,3.8,1285,NaN,10.9,1013,574,568,192,1331,1336,4.3,83.6,0.7025
359,1109887200000,2.3,1206,NaN,8.7,928,373,621,161,1235,1285,4.6,82.5,0.7066
359,1109890800000,2.1,1179,NaN,7.3,868,330,664,156,1205,1240,4.4,82.0,0.6938
360,1109894400000,2.3,1213,NaN,7.5,877,336,654,158,1206,1282,4.3,80.9,0.6791
360,1109898000000,2.3,1142,NaN,6.8,849,347,680,154,1173,1189,4.1,81.2,0.6721
360,1109901600000,1.7,1089,NaN,4.7,750,241,765,138,1108,1117,3.9,80.9,0.6613
360,1109905200000,1.2,982,NaN,2.5,617,NaN,891,NaN,977,1024,4.5,70.6,0.6004
360,1109908800000,0.6,888,NaN,1.3,526,96,1134,92,912,744,4.5,65.1,0.5547
360,1109912400000,0.9,979,NaN,2.2,602,147,925,103,993,928,4.0,75.2,0.6161
360,1109916000000,1.1,1023,NaN,3.6,690,210,833,117,1049,1006,3.7,76.4,0.6164
360,1109919600000,1.9,1153,NaN,7.5,878,409,682,139,1180,1173,3.1,77.3,0.5985
360,1109923200000,3.7,1393,NaN,16.8,1204,719,506,167,1497,1568,3.7,74.4,0.5992
360,1109926800000,6.1,1567,NaN,28.0,1502,959,399,205,1848,1913,5.0,69.4,0.6118
360,1109930400000,4.6,1334,NaN,15.8,1174,744,524,216,1432,1643,6.5,60.9,0.5919
360,1109934000000,3.3,1280,NaN,15.5,1165,583,533,192,1435,1605,7.6,59.8,0.6245
360,1109937600000,3.3,1330,NaN,14.9,1145,597,537,188,1399,1668,8.6,57.6,0.6471
360,1109941200000,3.4,1349,NaN,16.4,1193,550,507,189,1493,1710,10.9,52.4,0.6826
360,1109944800000,3.6,1349,NaN,15.6,1167,499,515,192,1443,1632,12.3,48.3,0.6871
360,1109948400000,3.9,1344,NaN,16.1,1182,470,525,194,1411,1545,12.5,43.4,0.6298
360,1109952000000,4.8,1337,NaN,16.6,1198,568,521,217,1401,1557,11.9,42.3,0.5902
360,1109955600000,3.9,1316,NaN,15.9,1177,525,544,178,1392,1529,12.3,41.2,0.5867
360,1109959200000,3.6,1253,NaN,13.3,1094,481,575,183,1327,1430,10.8,48.1,0.6235
360,1109962800000,3.6,1258,NaN,14.9,1144,414,558,189,1336,1509,8.9,52.5,0.5996
360,1109966400000,4.6,1326,NaN,18.5,1253,565,514,225,1479,1615,8.4,54.7,0.6057
360,1109970000000,2.3,1109,NaN,7.9,896,303,710,175,1132,1242,7.5,58.7,0.6112
360,1109973600000,1.6,1029,NaN,5.0,762,221,820,153,1049,1065,6.9,60.0,0.5977
360,1109977200000,1.8,1112,NaN,6.5,833,260,759,156,1104,1180,6.6,61.3,0.5995
361,1109980800000,2.2,1100,NaN,6.0,810,327,768,172,1070,1158,6.3,59.8,0.5761
361,1109984400000,2.1,1136,NaN,6.8,849,344,715,164,1132,1216,5.4,65.8,0.5935
361,1109988000000,1.7,1000,NaN,4.0,712,270,848,157,989,971,5.8,59.6,0.5523
361,1109991600000,1.5,1041,NaN,4.4,732,NaN,789,NaN,1003,1076,4.9,62.6,0.5477
361,1109995200000,NaN,1009,NaN,4.0,710,191,819,136,974,1011,4.4,63.9,0.5385
361,1109998800000,1.1,975,NaN,3.5,681,136,889,110,948,813,4.2,62.5,0.5191
361,1110002400000,1.1,993,NaN,4.3,727,194,810,128,989,1001,3.1,68.6,0.5302
361,1110006000000,0.8,872,NaN,2.0,587,168,1082,132,866,655,4.6,54.6,0.4682
361,1110009600000,1.3,1017,NaN,6.1,818,254,842,156,1034,933,5.0,54.5,0.4788
361,1110013200000,2.3,1070,NaN,8.7,928,410,701,185,1112,1088,7.0,48.1,0.4847
361,1110016800000,1.1,915,NaN,3.1,658,166,957,121,866,562,10.0,37.7,0.4643
361,1110020400000,1.1,978,NaN,5.2,772,162,870,117,955,586,13.0,30.3,0.452
361,1110024000000,1.5,968,NaN,5.3,777,188,830,133,929,617,14.0,28.1,0.4476
361,1110027600000,1.6,1008,NaN,6.7,843,199,787,136,998,705,13.3,28.9,0.4399
361,1110031200000,2.2,1025,NaN,8.3,913,272,724,162,1035,814,13.4,29.0,0.4436
361,1110034800000,1.5,983,NaN,5.9,806,180,820,132,966,615,13.5,28.3,0.4374
361,1110038400000,1.8,1018,NaN,7.3,868,255,751,162,1015,804,13.0,29.7,0.442
361,1110042000000,2.0,1101,NaN,8.4,916,251,721,159,1125,861,11.6,38.7,0.5271
361,1110045600000,1.9,1116,NaN,7.7,888,258,695,156,1176,980,8.6,56.3,0.6312
361,1110049200000,2.5,1161,NaN,9.1,945,344,654,177,1205,1077,8.5,57.9,0.6435
361,1110052800000,2.6,1212,NaN,10.9,1010,380,622,185,1284,1214,7.8,63.4,0.6735
361,1110056400000,3.2,1225,NaN,10.2,985,464,635,199,1255,1169,7.2,69.5,0.7084
361,1110060000000,2.2,1154,NaN,7.8,891,304,697,166,1197,1079,6.5,74.7,0.7248
361,1110063600000,1.9,1140,NaN,7.0,856,258,707,152,1171,1147,6.5,73.9,0.7224
362,1110067200000,2.4,1201,NaN,9.2,949,358,665,170,1220,1260,6.8,72.1,0.7143
362,1110070800000,1.8,1011,NaN,4.6,742,278,842,160,998,929,7.0,60.0,0.6055
362,1110074400000,0.9,867,NaN,2.1,590,116,1088,100,826,465,7.2,47.8,0.487
362,1110078000000,0.8,856,NaN,1.5,545,NaN,1166,NaN,803,398,7.2,47.3,0.483
362,1110081600000,0.7,859,NaN,1.3,527,60,1203,57,810,342,6.8,52.9,0.5245
362,1110085200000,0.6,859,NaN,0.8,479,51,1285,48,822,313,5.8,65.0,0.6029
362,1110088800000,0.5,842,NaN,0.6,454,33,1433,32,788,292,5.8,59.4,0.5502
362,1110092400000,0.6,856,NaN,1.1,505,80,1246,72,833,367,5.5,58.3,0.529
362,1110096000000,0.6,867,NaN,1.0,500,103,1219,86,818,387,5.9,54.8,0.5119
362,1110099600000,0.7,877,NaN,1.5,541,93,1148,79,829,399,7.3,48.7,0.5007
362,1110103200000,0.7,869,NaN,1.4,535,108,1162,87,783,376,9.4,39.9,0.4707
362,1110106800000,0.9,900,NaN,2.0,582,107,1081,85,792,377,11.2,33.8,0.449
362,1110110400000,1.0,899,NaN,2.3,603,122,1055,97,782,379,12.3,29.9,0.4255
362,1110114000000,1.0,895,NaN,2.6,624,122,1002,96,787,387,14.8,23.7,0.3945
362,1110117600000,1.4,992,NaN,6.7,844,156,830,113,990,552,13.1,26.6,0.399
362,1110121200000,3.0,1104,NaN,13.3,1095,246,609,163,1210,930,13.3,25.7,0.3914
362,1110124800000,1.5,933,NaN,4.0,711,205,912,146,850,554,12.0,27.7,0.3885
362,1110128400000,1.7,973,NaN,5.3,778,257,839,167,916,723,11.5,30.1,0.4067
362,1110132000000,2.3,1069,NaN,8.6,923,228,735,162,1036,875,10.1,33.2,0.4115
362,1110135600000,2.5,1055,NaN,6.2,821,321,797,194,942,949,8.6,38.1,0.4282
362,1110139200000,2.1,1032,NaN,5.3,778,270,834,185,926,869,8.0,41.2,0.4433
362,1110142800000,1.5,982,NaN,4.1,714,203,879,158,905,747,7.5,43.8,0.4551
362,1110146400000,1.4,968,NaN,3.5,680,201,918,156,891,740,6.8,46.9,0.465
362,1110150000000,1.4,979,NaN,4.1,718,207,883,157,903,807,6.1,46.3,0.4394
363,1110153600000,1.4,935,NaN,3.2,666,180,939,141,836,653,5.6,45.5,0.4187
363,1110157200000,1.2,942,NaN,3.2,666,140,960,116,848,553,5.4,48.8,0.4393
363,1110160800000,0.9,883,NaN,1.7,561,93,1080,84,785,412,5.1,51.2,0.4534
363,1110164400000,0.6,841,NaN,0.7,470,NaN,1311,NaN,708,289,5.3,51.0,0.4563
363,1110168000000,0.4,843,NaN,0.5,443,35,1490,34,730,262,5.2,57.2,0.5094
363,1110171600000,0.4,872,NaN,0.6,460,47,1359,45,755,288,4.5,63.1,0.5381
363,1110175200000,0.5,862,NaN,0.8,474,68,1312,59,753,310,5.2,54.5,0.486
363,1110178800000,0.7,917,NaN,1.7,562,131,1099,99,827,418,5.6,51.3,0.4712
363,1110182400000,1.5,1022,NaN,5.2,771,289,812,165,941,769,5.9,45.4,0.4244
363,1110186000000,1.9,1022,NaN,6.6,837,322,755,168,978,881,6.9,41.3,0.4145
363,1110189600000,1.6,961,NaN,5.5,789,330,839,169,910,816,8.6,34.2,0.3834
363,1110193200000,1.4,912,NaN,4.4,731,339,912,162,811,684,9.6,27.7,0.3308
363,1110196800000,1.3,896,NaN,4.4,731,316,911,155,799,627,10.6,25.3,0.3224
363,1110200400000,1.3,890,NaN,4.3,726,218,921,136,779,523,10.2,25.6,0.3181
363,1110204000000,1.2,891,NaN,4.5,740,177,919,124,788,502,10.0,25.2,0.3079
363,1110207600000,1.3,894,NaN,4.5,737,278,913,158,805,604,9.7,25.7,0.3088
363,1110211200000,1.4,907,NaN,4.8,753,313,886,167,819,682,9.7,26.8,0.3226
363,1110214800000,1.7,973,NaN,6.3,827,351,825,176,888,846,9.4,27.3,0.3216
363,1110218400000,2.5,1035,NaN,9.6,961,374,726,204,985,1027,7.9,28.0,0.2999
363,1110222000000,3.8,1146,NaN,15.0,1147,431,621,209,1148,1315,6.9,30.7,0.3066
363,1110225600000,4.2,1176,NaN,15.4,1162,468,600,224,1137,1363,6.1,33.3,0.3152
363,1110229200000,2.8,1057,NaN,8.9,935,368,720,211,982,1236,5.0,37.4,0.329
363,1110232800000,1.5,974,NaN,5.0,763,239,861,174,865,1076,4.2,40.9,0.3417
363,1110236400000,1.8,1044,NaN,6.5,834,292,781,181,924,1200,3.9,43.5,0.3538
364,1110240000000,1.5,988,NaN,4.4,734,205,860,157,868,1081,3.0,47.7,0.3658
364,1110243600000,1.5,1016,NaN,5.3,781,255,799,154,918,1174,2.5,52.1,0.3855
364,1110247200000,1.2,929,NaN,3.1,659,220,920,147,851,1033,2.0,53.5,0.3831
364,1110250800000,0.8,876,NaN,1.9,576,NaN,1040,NaN,815,900,1.0,56.7,0.3803
364,1110254400000,NaN,872,NaN,1.7,558,114,1054,101,807,853,0.5,59.4,0.3841
364,1110258000000,0.7,888,NaN,1.9,574,153,1035,114,820,886,1.4,56.8,0.3903
364,1110261600000,0.7,927,NaN,2.8,638,224,949,134,846,949,0.9,58.4,0.388
364,1110265200000,1.3,991,NaN,5.5,786,295,817,144,931,1037,0.3,61.0,0.3881
364,1110268800000,3.4,1317,NaN,18.3,1247,667,558,182,1360,1571,0.9,59.1,0.3913
364,1110272400000,5.5,1402,NaN,26.3,1462,867,449,223,1599,1885,4.1,47.9,0.3959
364,1110276000000,4.1,1222,NaN,16.3,1188,666,554,219,1265,1683,7.7,34.6,0.3652
364,1110279600000,3.0,1109,NaN,12.3,1060,595,650,215,1091,1412,10.9,25.7,0.3341
364,1110283200000,1.9,959,NaN,7.4,875,421,797,191,864,1006,13.7,17.4,0.2715
364,1110286800000,1.8,964,NaN,8.1,902,292,780,162,882,855,14.0,16.8,0.2672
364,1110290400000,2.1,1006,NaN,10.8,1006,308,705,165,988,964,14.1,17.0,0.2729
364,1110294000000,2.3,1002,NaN,9.7,968,347,732,171,920,886,15.0,15.8,0.2678
364,1110297600000,2.3,997,NaN,9.9,975,377,739,164,926,947,16.5,14.9,0.2775
364,1110301200000,2.0,1019,NaN,9.6,964,325,729,168,957,984,15.8,16.7,0.2972
364,1110304800000,3.1,1192,NaN,16.5,1196,508,581,204,1222,1450,13.2,23.9,0.3597
364,1110308400000,5.1,1399,NaN,23.4,1387,768,487,242,1499,1837,11.0,33.8,0.4436
364,1110312000000,5.9,1419,NaN,24.2,1408,764,466,246,1531,1899,9.5,39.0,0.4644
364,1110315600000,3.2,1250,NaN,13.3,1094,500,600,215,1198,1629,8.5,42.4,0.4716
364,1110319200000,2.4,1156,NaN,8.4,916,463,687,206,1055,1490,7.5,44.0,0.4564
364,1110322800000,1.4,1064,NaN,5.4,783,258,785,167,954,1319,6.6,46.0,0.4505
365,1110326400000,1.4,1066,NaN,5.2,771,214,795,145,949,1247,5.5,49.6,0.4526
365,1110330000000,1.3,1031,NaN,4.6,741,191,821,133,927,1144,4.9,52.2,0.4567
365,1110333600000,1.0,973,NaN,3.2,663,154,889,117,887,1014,4.6,53.5,0.4584
365,1110337200000,0.8,937,NaN,2.2,600,NaN,985,NaN,873,885,4.7,53.1,0.4589
365,1110340800000,0.8,930,NaN,2.5,616,113,969,90,893,875,3.8,56.8,0.4614
365,1110344400000,0.9,949,NaN,2.8,640,167,902,112,909,971,2.3,63.5,0.463
365,1110348000000,0.9,979,NaN,3.9,707,235,851,120,959,1048,2.0,64.9,0.4657
365,1110351600000,1.7,1094,NaN,7.2,865,372,708,141,1061,1223,2.0,65.3,0.4688
365,1110355200000,4.3,1450,NaN,20.9,1322,877,490,190,1497,1756,3.3,61.6,0.4829
365,1110358800000,6.0,1508,NaN,27.0,1479,900,419,215,1685,2014,5.7,52.5,0.4851
365,1110362400000,3.8,1374,NaN,18.5,1255,733,504,215,1375,1855,8.3,43.5,0.4774
365,1110366000000,3.3,1308,NaN,14.0,1117,691,549,235,1261,1795,10.5,38.9,0.4926
365,1110369600000,2.3,1249,NaN,10.5,996,457,593,194,1198,1575,14.5,33.4,0.5488
365,1110373200000,2.4,1282,NaN,11.2,1023,369,573,159,1305,1461,15.7,34.6,0.6147
365,1110376800000,2.2,1253,NaN,10.3,988,285,589,123,1292,1314,16.1,36.3,0.6593
365,1110380400000,1.9,1222,NaN,8.6,924,279,612,121,1216,1147,17.3,34.5,0.6728
365,1110384000000,1.7,1201,NaN,7.6,882,198,638,102,1189,948,17.6,34.1,0.6781
365,1110387600000,1.9,1238,NaN,10.2,985,229,592,114,1271,1252,18.0,33.1,0.6779
365,1110391200000,3.8,1434,NaN,17.8,1234,477,476,168,1520,1676,14.6,41.0,0.6792
365,1110394800000,5.3,1573,NaN,25.3,1436,679,407,207,1747,2056,12.8,46.2,0.6794
365,1110398400000,5.9,1552,NaN,24.4,1413,682,407,199,1724,2088,11.5,53.9,0.7312
365,1110402000000,5.5,1510,NaN,20.0,1297,679,458,192,1606,1945,10.6,58.8,0.7512
365,1110405600000,2.0,1165,NaN,7.3,870,298,671,148,1181,1482,9.7,60.0,0.7238
365,1110409200000,1.8,1177,NaN,6.6,837,265,670,137,1161,1448,8.3,64.2,0.7071
366,1110412800000,1.6,1135,NaN,5.7,800,196,705,123,1130,1304,7.8,65.5,0.6961
366,1110416400000,1.3,1070,NaN,4.5,739,155,767,109,1070,1186,7.5,65.9,0.6868
366,1110420000000,1.1,1034,NaN,4.1,715,131,801,98,1067,1051,6.1,72.1,0.6847
366,1110423600000,1.1,1014,NaN,4.4,731,NaN,784,NaN,1062,1038,4.6,78.2,0.6684
366,1110427200000,1.0,988,NaN,3.3,673,165,838,94,1034,969,4.0,80.9,0.667
366,1110430800000,0.8,975,NaN,3.3,668,169,874,95,1020,951,4.2,79.1,0.6611
366,1110434400000,0.9,984,NaN,3.5,681,224,852,101,1020,970,5.3,73.2,0.6577
366,1110438000000,1.3,1092,NaN,6.4,831,249,720,100,1143,1090,4.3,76.1,0.6395
366,1110441600000,4.1,1454,NaN,20.1,1299,863,457,150,1606,1673,4.8,74.6,0.647
366,1110445200000,3.9,1446,NaN,21.2,1328,665,439,168,1620,1833,7.5,64.5,0.6702
366,1110448800000,3.5,1316,NaN,13.7,1105,670,511,199,1372,1828,11.7,49.3,0.6772
366,1110452400000,2.7,1283,NaN,11.7,1039,500,549,168,1308,1724,14.7,41.2,0.6857
366,1110456000000,2.3,1223,NaN,10.6,999,428,578,161,1258,1547,17.4,33.2,0.6535
366,1110459600000,2.3,1176,NaN,9.8,969,NaN,612,NaN,1196,1300,18.8,26.2,0.5637
366,1110463200000,2.1,1041,NaN,9.1,945,306,692,145,1082,1000,19.1,18.1,0.3955
366,1110466800000,2.2,1008,NaN,9.2,946,334,705,148,1016,942,19.5,15.3,0.3431
366,1110470400000,1.8,962,NaN,5.9,807,268,821,131,901,745,20.2,14.4,0.337
366,1110474000000,1.9,1048,NaN,8.6,925,284,721,137,1022,941,19.8,16.0,0.3632
366,1110477600000,2.7,1145,NaN,12.7,1074,393,593,163,1186,1232,16.5,21.6,0.4012
366,1110481200000,4.7,1198,NaN,19.8,1291,603,531,219,1295,1527,14.5,18.3,0.2996
366,1110484800000,5.4,1319,NaN,23.8,1399,757,497,245,1458,1746,12.8,22.8,0.3364
366,1110488400000,4.2,1274,NaN,14.6,1136,684,547,229,1233,1741,11.5,35.9,0.4862
366,1110492000000,2.1,1085,NaN,7.6,882,426,705,184,985,1433,9.5,34.6,0.411
366,1110495600000,1.4,1017,NaN,4.9,760,254,806,151,922,1235,8.3,38.2,0.4203
367,1110499200000,1.4,1039,NaN,5.2,774,227,786,133,949,1173,7.7,41.7,0.4387
367,1110502800000,1.4,1027,NaN,4.8,751,221,798,135,936,1171,6.8,44.9,0.4472
367,1110506400000,1.0,952,NaN,3.2,662,155,905,111,887,1024,5.7,49.4,0.4551
367,1110510000000,0.8,930,NaN,2.4,609,120,968,90,864,928,5.7,50.1,0.4629
367,1110513600000,NaN,942,NaN,3.2,665,134,923,91,912,956,4.4,56.4,0.4761
367,1110517200000,0.7,897,NaN,2.1,594,128,999,89,870,871,4.9,55.2,0.4807
367,1110520800000,0.6,928,NaN,2.7,631,148,985,89,908,884,4.5,56.3,0.48
367,1110524400000,0.2,987,NaN,4.5,738,233,833,117,957,1010,3.8,59.7,0.4839
367,1110528000000,1.5,1272,NaN,13.8,1111,470,563,141,1279,1416,4.3,58.6,0.4915
367,1110531600000,3.5,1452,NaN,22.7,1370,679,445,189,1581,1817,7.1,50.0,0.5067
367,1110535200000,3.0,1415,NaN,19.3,1278,796,483,211,1399,1870,11.1,38.4,0.5066
367,1110538800000,3.0,NaN,NaN,NaN,NaN,812,NaN,235,NaN,NaN,NaN,NaN,NaN
367,1110542400000,1.0,1203,NaN,9.3,951,339,618,162,1162,1305,17.2,30.6,0.5949
367,1110546000000,1.5,1258,NaN,12.1,1052,354,551,172,1297,1205,17.8,33.3,0.6741
367,1110549600000,2.2,1328,NaN,14.2,1123,466,508,182,1404,1339,18.8,31.8,0.6853
367,1110553200000,1.7,1260,NaN,12.3,1059,417,544,180,1319,1161,19.3,29.9,0.6604
367,1110556800000,1.1,1201,NaN,10.2,985,289,585,156,1252,996,18.8,31.5,0.6752
367,1110560400000,1.3,1161,NaN,10.4,992,324,601,168,1211,906,18.2,28.1,0.5817
367,1110564000000,1.5,1254,NaN,13.9,1112,376,533,181,1349,1161,16.0,35.3,0.6356
367,1110567600000,3.4,1452,NaN,23.1,1381,619,428,226,1661,1695,13.8,43.6,0.6825
367,1110571200000,3.8,1438,NaN,22.8,1374,689,435,231,1640,1705,12.9,48.8,0.725
367,1110574800000,2.8,1273,NaN,13.4,1096,582,553,222,1350,1379,12.8,49.3,0.7277
367,1110578400000,0.8,1096,NaN,6.8,850,287,690,165,1146,943,12.2,50.9,0.7202
367,1110582000000,0.5,1151,NaN,6.0,813,238,702,151,1156,1073,10.6,55.9,0.7138
368,1110585600000,1.0,1189,NaN,5.7,797,312,688,174,1157,1213,10.3,55.9,0.7014
368,1110589200000,0.4,1078,NaN,3.9,704,231,765,145,1077,898,10.2,55.8,0.6927
368,1110592800000,0.4,1152,NaN,4.9,759,234,706,147,1113,1094,10.0,57.3,0.7015
368,1110596400000,0.3,1128,NaN,4.5,740,195,705,134,1113,1064,10.2,57.9,0.7191
368,1110600000000,NaN,1015,NaN,2.3,608,113,873,85,1027,655,10.3,59.4,0.7459
368,1110603600000,NaN,979,NaN,1.5,547,73,952,55,1039,470,9.8,68.9,0.8329
368,1110607200000,NaN,972,NaN,1.5,542,103,1029,65,1056,443,9.2,75.3,0.8764
368,1110610800000,NaN,992,NaN,1.8,565,121,912,84,1074,547,9.4,73.1,0.8621
368,1110614400000,0.1,1053,NaN,3.3,671,132,807,88,1137,570,10.6,66.1,0.8444
368,1110618000000,0.2,1140,NaN,5.8,800,178,679,109,1209,782,12.6,58.5,0.8517
368,1110621600000,0.6,1136,NaN,6.2,822,218,653,130,1184,744,15.0,48.6,0.8253
368,1110625200000,0.7,1180,NaN,6.7,846,246,646,137,1206,791,14.2,51.5,0.8313
368,1110628800000,0.6,1131,NaN,5.6,792,252,678,145,1177,749,15.1,48.6,0.8266
368,1110632400000,0.3,1083,NaN,5.8,804,208,702,128,1105,615,18.0,35.4,0.7233
368,1110636000000,0.5,1120,NaN,7.0,859,219,640,129,1167,681,17.9,35.3,0.7184
368,1110639600000,0.2,1038,NaN,3.8,699,160,765,105,1042,515,17.7,35.0,0.7014
368,1110643200000,0.4,1096,NaN,5.5,788,191,699,114,1115,583,17.6,35.5,0.7065
368,1110646800000,0.7,1126,NaN,7.6,881,270,648,146,1140,728,17.5,34.1,0.6775
368,1110650400000,0.9,1153,NaN,8.3,910,285,622,156,1208,827,15.6,40.0,0.7018
368,1110654000000,0.8,1177,NaN,7.5,878,289,641,152,1224,844,14.0,47.8,0.7582
368,1110657600000,2.4,1383,NaN,14.1,1119,550,522,201,1415,1310,13.2,51.4,0.776
368,1110661200000,3.3,1363,NaN,12.4,1064,679,536,221,1350,1353,12.0,56.1,0.7832
368,1110664800000,0.9,1087,NaN,5.8,803,314,699,157,1130,907,11.6,54.7,0.7454
368,1110668400000,0.1,1028,NaN,3.9,703,166,783,114,1070,646,12.0,53.3,0.7472
369,1110672000000,0.1,1017,NaN,2.8,641,157,892,107,1044,482,12.5,55.4,0.7999
369,1110675600000,0.1,1050,NaN,3.1,660,173,860,113,1071,526,12.3,56.0,0.7958
369,1110679200000,0.2,1023,NaN,3.3,672,184,819,118,1069,595,12.4,53.4,0.7669
369,1110682800000,NaN,940,NaN,2.0,583,93,942,69,991,416,12.7,51.8,0.7574
369,1110686400000,NaN,963,NaN,2.5,617,85,902,63,1006,398,13.2,49.7,0.7503
369,1110690000000,NaN,971,NaN,2.0,585,79,928,61,1004,394,12.3,55.9,0.7966
369,1110693600000,NaN,887,NaN,0.9,488,55,1184,42,908,312,13.3,50.1,0.7624
369,1110697200000,NaN,944,NaN,1.6,551,98,1063,68,985,381,12.3,51.8,0.7384
369,1110700800000,NaN,970,NaN,2.1,592,190,909,120,1018,509,12.9,50.4,0.7448
369,1110704400000,0.1,1034,NaN,3.0,651,166,861,112,1060,601,12.9,49.9,0.7406
369,1110708000000,0.3,1160,NaN,5.0,765,260,711,148,1134,962,13.9,47.3,0.7479
369,1110711600000,1.0,1283,NaN,7.7,887,362,607,160,1238,1231,13.5,51.6,0.7931
369,1110715200000,1.6,1387,NaN,10.1,981,415,535,164,1368,1396,13.2,56.2,0.8499
369,1110718800000,1.4,1325,NaN,8.5,921,358,570,159,1345,1297,14.2,57.8,0.9292
369,1110722400000,0.3,1057,NaN,2.8,641,170,803,110,1103,616,17.2,46.2,0.8989
369,1110726000000,0.1,1078,NaN,3.3,668,130,855,82,1109,509,19.9,36.6,0.8406
369,1110729600000,0.3,1159,NaN,5.0,762,177,742,102,1158,590,19.7,37.1,0.8399
369,1110733200000,0.5,1195,NaN,5.6,795,233,710,119,1157,718,19.0,37.4,0.8122
369,1110736800000,0.8,1217,NaN,7.1,861,282,642,135,1234,898,16.4,43.5,0.8055
369,1110740400000,3.2,1542,NaN,16.7,1200,583,469,215,1520,1577,15.1,49.8,0.8458
369,1110744000000,2.8,1407,NaN,12.5,1066,566,525,211,1397,1560,14.8,51.0,0.8507
369,1110747600000,1.0,1189,NaN,6.6,837,323,665,172,1204,1208,14.6,51.6,0.8508
369,1110751200000,0.9,1208,NaN,8.3,911,318,613,166,1245,1244,13.7,52.1,0.8121
369,1110754800000,0.9,1207,NaN,7.1,861,336,649,168,1217,1181,13.2,55.6,0.8412
370,1110758400000,0.4,1056,NaN,3.8,699,196,787,134,1085,828,13.2,55.9,0.8465
370,1110762000000,0.4,1128,NaN,5.2,771,193,733,122,1178,923,11.7,62.1,0.8535
370,1110765600000,0.3,1119,NaN,5.3,778,192,705,123,1187,1096,9.9,68.9,0.8388
370,1110769200000,0.1,1077,NaN,3.8,701,147,761,104,1122,1106,9.8,68.0,0.8227
370,1110772800000,NaN,1036,NaN,2.8,636,122,845,90,1084,976,8.9,71.9,0.8202
370,1110776400000,0.8,1016,NaN,2.9,647,117,824,85,1090,937,8.4,74.5,0.8241
370,1110780000000,1.0,1103,NaN,4.4,730,201,735,103,1139,1049,9.2,71.0,0.8299
370,1110783600000,1.6,1176,NaN,7.5,880,318,634,127,1257,1180,9.9,67.6,0.8239
370,1110787200000,3.5,1430,NaN,15.7,1169,658,481,163,1543,1514,10.8,64.4,0.8328
370,1110790800000,4.0,1572,NaN,22.9,1374,680,411,155,1763,1771,11.7,61.7,0.8483
370,1110794400000,3.5,1243,NaN,10.8,1006,497,572,170,1349,1395,13.7,51.9,0.8106
370,1110798000000,1.6,1101,NaN,6.1,817,290,707,141,1157,1024,16.3,43.5,0.7988
370,1110801600000,1.5,1103,NaN,7.0,857,230,681,123,1182,946,17.9,38.8,0.7883
370,1110805200000,1.5,1116,NaN,7.1,859,215,670,124,1197,864,19.3,35.5,0.7876
370,1110808800000,1.7,1141,NaN,8.1,904,226,646,126,1249,889,20.1,32.9,0.7672
370,1110812400000,1.6,1151,NaN,7.7,885,240,660,128,1222,903,20.0,33.0,0.7625
370,1110816000000,2.4,1263,NaN,10.8,1008,391,597,158,1308,1121,20.2,32.2,0.7526
370,1110819600000,3.4,1324,NaN,14.4,1128,492,540,177,1441,1319,18.9,34.4,0.7436
370,1110823200000,5.4,1533,NaN,25.4,1439,700,416,225,1799,1829,17.9,37.6,0.7624
370,1110826800000,6.5,1626,NaN,29.1,1531,782,371,234,1937,2000,16.7,43.4,0.8168
370,1110830400000,6.5,1639,NaN,28.3,1510,728,378,227,1904,2001,15.9,47.9,0.8573
370,1110834000000,4.0,1346,NaN,14.2,1124,510,502,192,1490,1598,15.3,52.6,0.906
370,1110837600000,2.1,1218,NaN,8.4,914,308,597,158,1291,1383,13.7,58.5,0.9146
370,1110841200000,1.6,1166,NaN,7.5,880,248,631,149,1280,1238,12.7,62.8,0.9198
371,1110844800000,1.5,1095,NaN,5.2,772,233,721,140,1175,1023,12.2,65.0,0.9193
371,1110848400000,0.7,958,NaN,2.2,601,96,947,79,1054,659,13.0,61.2,0.9105
371,1110852000000,0.7,960,NaN,2.0,582,90,933,69,1062,657,11.1,66.1,0.8738
371,1110855600000,0.6,972,NaN,1.8,571,95,931,72,1063,764,10.1,69.8,0.8619
371,1110859200000,0.5,911,NaN,1.1,508,68,1048,58,1005,667,11.6,61.0,0.8299
371,1110862800000,0.4,923,NaN,1.2,516,75,1049,59,1002,667,10.1,64.5,0.7968
371,1110866400000,0.6,981,NaN,2.4,610,145,867,88,1068,856,9.3,67.9,0.7969
371,1110870000000,0.9,1038,NaN,3.8,701,185,760,110,1102,940,10.1,64.3,0.7934
371,1110873600000,2.6,1370,NaN,14.0,1118,506,495,151,1459,1406,10.4,62.7,0.7909
371,1110877200000,3.3,1471,NaN,18.9,1265,485,434,158,1655,1617,13.0,53.9,0.8036
371,1110880800000,4.0,1447,NaN,15.6,1167,684,466,194,1514,1694,16.4,44.6,0.8242
371,1110884400000,3.1,1329,NaN,13.2,1090,562,508,181,1401,1473,19.1,36.7,0.8044
371,1110888000000,2.2,1197,NaN,10.3,989,357,577,161,1297,1087,21.0,30.6,0.7508
371,1110891600000,2.1,1198,NaN,9.7,968,306,590,143,1264,945,22.1,27.6,0.7254
371,1110895200000,2.2,1171,NaN,10.0,977,292,608,142,1234,905,22.2,25.5,0.6752
371,1110898800000,1.9,1191,NaN,10.9,1011,305,620,146,1262,903,23.6,23.2,0.6665
371,1110902400000,2.5,1213,NaN,12.3,1060,386,578,166,1292,1041,23.6,22.9,0.6571
371,1110906000000,2.9,1258,NaN,14.2,1124,408,552,172,1363,1194,22.8,24.6,0.6736
371,1110909600000,3.9,1413,NaN,21.6,1339,521,464,196,1611,1533,20.3,29.7,0.6973
371,1110913200000,6.3,1610,NaN,30.9,1573,766,381,243,1890,1932,18.0,36.0,0.7345
371,1110916800000,7.4,1710,NaN,33.5,1632,841,346,248,2028,2140,16.4,41.9,0.7759
371,1110920400000,5.7,1515,NaN,19.9,1295,754,435,233,1615,1871,14.9,47.6,0.8003
371,1110924000000,2.3,1199,NaN,8.4,916,350,613,174,1227,1435,13.8,49.6,0.7793
371,1110927600000,1.5,1128,NaN,6.1,818,244,674,149,1156,1303,13.2,51.6,0.7765
372,1110931200000,1.4,1108,NaN,5.7,798,221,694,134,1144,1199,11.8,56.9,0.7836
372,1110934800000,1.1,1038,NaN,4.0,709,183,768,123,1087,1069,11.4,58.0,0.7818
372,1110938400000,0.9,1004,NaN,2.9,646,166,823,111,1054,989,11.3,58.0,0.7742
372,1110942000000,0.7,969,NaN,2.0,584,133,904,93,1021,899,10.7,59.6,0.7673
372,1110945600000,0.6,938,NaN,1.7,559,147,942,97,1026,850,9.0,65.4,0.7532
372,1110949200000,0.6,927,NaN,1.6,549,119,967,86,1008,828,8.0,68.9,0.7402
372,1110952800000,0.8,977,NaN,3.3,673,179,830,99,1060,902,7.5,70.9,0.7358
372,1110956400000,1.0,1011,NaN,3.6,685,178,823,99,1054,902,7.6,69.2,0.7238
372,1110960000000,2.1,1228,NaN,10.2,984,390,588,129,1293,1222,8.7,64.3,0.7257
372,1110963600000,4.2,1521,NaN,25.2,1434,579,404,161,1809,1784,11.7,54.3,0.7459
372,1110967200000,4.3,1425,NaN,16.0,1178,735,468,202,1477,1761,15.9,42.2,0.7553
372,1110970800000,3.2,1339,NaN,13.3,1094,568,509,200,1376,1634,19.3,34.7,0.7681
372,1110974400000,2.8,1310,NaN,11.9,1046,487,552,194,1351,1527,23.1,27.3,0.7615
372,1110978000000,2.4,1250,NaN,10.9,1012,343,585,173,1249,1192,26.1,20.8,0.6959
372,1110981600000,2.5,1181,NaN,11.0,1015,351,617,169,1192,1023,26.8,17.9,0.6249
372,1110985200000,2.9,1272,NaN,17.3,1220,417,533,188,1353,1251,28.4,16.0,0.6095
372,1110988800000,3.0,1231,NaN,12.4,1064,509,618,211,1188,1082,28.8,15.1,0.5877
372,1110992400000,3.6,1286,NaN,17.4,1223,573,529,210,1350,1348,27.9,15.6,0.5782
372,1110996000000,3.5,1315,NaN,17.5,1225,518,509,193,1408,1365,24.1,20.6,0.6075
372,1110999600000,4.8,1494,NaN,26.2,1460,641,420,227,1682,1827,21.0,28.0,0.6904
372,1111003200000,4.4,1494,NaN,23.1,1381,544,422,223,1677,1879,18.4,38.8,0.8152
372,1111006800000,4.9,1545,NaN,23.5,1390,582,423,229,1676,1915,16.9,42.9,0.8222
372,1111010400000,2.9,1354,NaN,13.3,1094,407,517,194,1357,1705,15.5,45.0,0.7895
372,1111014000000,2.1,1301,NaN,10.5,998,327,553,171,1283,1610,14.3,49.6,0.8049
373,1111017600000,1.6,1144,NaN,6.3,826,221,661,147,1158,1300,14.7,48.0,0.7977
373,1111021200000,1.2,1080,NaN,4.4,732,142,748,111,1087,1093,13.3,51.4,0.7821
373,1111024800000,0.9,1013,NaN,3.3,671,123,817,104,1056,986,12.6,53.7,0.7793
373,1111028400000,0.7,966,NaN,2.0,587,106,921,90,1017,846,11.5,56.8,0.7706
373,1111032000000,NaN,959,NaN,1.9,578,100,909,81,1016,822,10.1,61.9,0.7631
373,1111035600000,0.5,919,NaN,1.4,532,85,997,69,983,714,9.8,61.8,0.7523
373,1111039200000,0.6,953,NaN,2.3,604,114,903,84,1020,838,9.0,64.3,0.7417
373,1111042800000,1.3,1117,NaN,5.9,808,299,669,123,1178,1109,7.9,68.4,0.7324
373,1111046400000,3.8,1485,NaN,18.9,1265,723,441,166,1647,1676,9.5,62.6,0.7444
373,1111050000000,5.6,1583,NaN,26.1,1457,745,376,189,1808,1976,13.2,51.0,0.7704
373,1111053600000,4.4,1448,NaN,16.2,1187,668,471,217,1490,1814,16.9,40.3,0.7717
373,1111057200000,3.0,1294,NaN,10.8,1006,571,567,196,1296,1538,20.8,31.3,0.7617
373,1111060800000,2.2,1269,NaN,11.1,1016,388,579,189,1273,1383,24.3,24.7,0.7407
373,1111064400000,2.0,1247,NaN,10.2,985,323,581,174,1255,1184,26.7,22.6,0.7785
373,1111068000000,2.2,1239,NaN,11.9,1045,312,559,161,1312,1094,27.1,21.7,0.7636
373,1111071600000,2.1,1199,NaN,11.8,1041,320,574,158,1271,986,28.3,17.9,0.6769
373,1111075200000,2.2,1216,NaN,10.9,1013,322,576,161,1277,967,27.8,20.0,0.7378
373,1111078800000,1.9,1131,NaN,8.6,925,276,638,147,1158,831,26.2,19.4,0.6491
373,1111082400000,2.7,1300,NaN,15.0,1149,341,530,165,1353,1182,22.7,24.4,0.6661
373,1111086000000,3.9,1358,NaN,21.3,1331,531,459,214,1518,1523,20.2,29.3,0.686
373,1111089600000,5.6,1492,NaN,24.8,1425,653,417,228,1690,1780,17.3,35.2,0.6907
373,1111093200000,4.9,1413,NaN,18.4,1251,646,478,240,1504,1682,16.1,38.7,0.7023
373,1111096800000,2.2,1210,NaN,9.1,943,333,611,188,1224,1390,14.6,44.5,0.7337
373,1111100400000,1.9,1196,NaN,8.1,902,299,620,173,1185,1390,13.7,48.6,0.7555
374,1111104000000,1.4,1101,NaN,5.9,809,224,690,150,1123,1201,12.4,52.2,0.7513
374,1111107600000,1.3,1076,NaN,5.1,770,195,721,134,1093,1107,11.9,53.4,0.7414
374,1111111200000,1.1,1040,NaN,4.5,736,209,740,132,1099,1050,10.4,58.4,0.7367
374,1111114800000,0.9,989,NaN,3.2,667,168,824,117,1048,943,8.9,63.5,0.7268
374,1111118400000,0.9,966,NaN,2.8,639,153,843,103,1033,903,8.2,65.9,0.7168
374,1111122000000,0.7,912,NaN,2.0,587,140,922,99,1002,826,7.7,67.1,0.7074
374,1111125600000,0.8,960,NaN,3.3,668,184,841,106,1038,878,7.2,68.6,0.6978
374,1111129200000,1.2,1028,NaN,5.4,784,266,709,113,1110,996,7.5,66.7,0.6943
374,1111132800000,2.9,1375,NaN,14.5,1134,518,504,141,1467,1470,8.7,61.6,0.696
374,1111136400000,5.4,1522,NaN,26.5,1466,681,380,180,1822,1883,12.0,51.0,0.7131
374,1111140000000,4.3,1400,NaN,17.6,1227,558,465,192,1542,1661,15.4,42.5,0.7379
374,1111143600000,3.1,1323,NaN,14.9,1144,457,502,187,1405,1568,18.8,33.5,0.7186
374,1111147200000,2.4,1250,NaN,10.3,990,353,579,169,1262,1291,22.2,28.1,0.7426
374,1111150800000,2.3,1283,NaN,12.0,1048,313,550,161,1336,1226,24.7,25.5,0.7785
374,1111154400000,2.3,1171,NaN,10.4,993,290,597,160,1208,841,25.0,23.4,0.7301
374,1111158000000,2.3,1264,NaN,12.9,1081,318,555,177,1323,951,25.9,21.9,0.7209
374,1111161600000,3.4,1301,NaN,15.1,1152,479,525,219,1343,1151,25.6,21.7,0.7039
374,1111165200000,3.7,1321,NaN,15.8,1175,494,525,212,1366,1279,25.1,21.8,0.6854
374,1111168800000,4.1,1343,NaN,20.1,1298,551,477,225,1495,1416,22.1,25.6,0.6728
374,1111172400000,5.6,1493,NaN,25.6,1444,701,417,240,1702,1738,19.1,32.5,0.7112
374,1111176000000,5.3,1545,NaN,24.0,1403,571,407,223,1743,1821,16.7,42.5,0.8002
374,1111179600000,4.9,1477,NaN,18.3,1247,643,456,241,1562,1733,15.5,48.3,0.8439
374,1111183200000,2.0,1202,NaN,7.2,864,282,620,159,1255,1115,13.3,60.5,0.9168
374,1111186800000,1.9,1236,NaN,6.8,849,251,631,150,1274,1131,12.1,67.6,0.9539
375,1111190400000,2.2,1206,NaN,6.8,849,307,640,163,1245,1127,11.8,68.3,0.9432
375,1111194000000,1.9,1192,NaN,6.4,832,282,646,155,1253,1167,11.6,68.3,0.9314
375,1111197600000,1.1,1044,NaN,2.7,630,160,845,119,1099,809,11.8,67.9,0.9362
375,1111201200000,1.0,1053,NaN,2.9,648,125,808,94,1109,709,12.3,65.8,0.9374
375,1111204800000,0.9,1023,NaN,2.2,600,106,872,80,1089,575,12.2,66.9,0.9496
375,1111208400000,0.9,1005,NaN,2.5,620,111,846,83,1098,572,12.1,67.3,0.948
375,1111212000000,0.7,959,NaN,1.9,578,115,907,79,1079,546,11.8,67.1,0.9274
375,1111215600000,1.0,1049,NaN,3.6,686,156,793,96,1159,795,11.9,65.6,0.9129
375,1111219200000,2.0,1255,NaN,10.1,983,320,555,141,1439,1268,12.2,65.6,0.93
375,1111222800000,2.7,1285,NaN,10.9,1009,380,517,153,1452,1366,12.8,64.4,0.9448
375,1111226400000,2.5,1254,NaN,9.9,973,371,543,156,1403,1328,13.4,62.0,0.9498
375,1111230000000,2.4,1253,NaN,9.7,966,343,560,162,1378,1251,14.5,57.0,0.9333
375,1111233600000,2.2,1242,NaN,8.9,935,297,584,164,1327,1127,15.8,51.3,0.9144
375,1111237200000,2.1,1212,NaN,8.5,918,281,593,160,1308,1066,17.5,46.0,0.9104
375,1111240800000,1.8,1165,NaN,6.6,839,220,652,140,1214,867,19.5,40.2,0.901
375,1111244400000,1.4,1136,NaN,5.4,781,174,712,119,1169,691,21.2,35.9,0.8943
375,1111248000000,2.1,1233,NaN,8.7,926,260,617,153,1293,917,21.7,35.1,0.8993
375,1111251600000,1.7,1177,NaN,5.8,800,222,696,139,1191,748,20.5,38.4,0.9161
375,1111255200000,1.9,1223,NaN,7.6,883,266,614,156,1289,968,18.2,45.9,0.9488
375,1111258800000,2.7,1360,NaN,12.4,1063,387,507,183,1483,1420,16.2,53.0,0.9722
375,1111262400000,3.2,1435,NaN,14.7,1140,425,477,185,1550,1530,15.0,57.6,0.9777
375,1111266000000,3.3,1305,NaN,10.5,995,484,552,200,1402,1341,14.1,60.8,0.9716
375,1111269600000,2.3,1199,NaN,7.3,869,325,618,163,1306,1160,13.2,65.6,0.9882
375,1111273200000,1.9,1217,NaN,8.5,921,257,589,154,1336,1261,13.5,63.8,0.9797
376,1111276800000,1.9,1200,NaN,6.8,847,273,636,151,1297,1132,13.6,63.4,0.9794
376,1111280400000,1.9,1150,NaN,5.9,807,276,669,149,1243,1042,13.6,63.5,0.9857
376,1111284000000,1.5,1086,NaN,4.3,726,202,736,131,1192,848,13.4,64.8,0.988
376,1111287600000,1.1,1027,NaN,3.5,684,132,788,94,1149,666,13.2,64.8,0.9801
376,1111291200000,NaN,993,NaN,2.8,640,85,848,66,1110,548,13.0,65.3,0.9704
376,1111294800000,0.8,985,NaN,2.4,610,87,851,69,1101,604,12.6,65.9,0.9583
376,1111298400000,0.6,934,NaN,1.6,552,70,966,57,1063,520,13.1,64.0,0.9591
376,1111302000000,0.7,977,NaN,2.7,631,113,859,78,1120,659,12.4,66.2,0.95
376,1111305600000,0.7,970,NaN,2.5,618,112,888,84,1095,611,13.3,62.4,0.946
376,1111309200000,1.0,1041,NaN,3.9,706,140,778,97,1178,756,14.0,59.7,0.9491
376,1111312800000,1.5,1144,NaN,6.2,821,214,651,123,1262,988,15.4,54.0,0.9385
376,1111316400000,2.4,1209,NaN,8.8,933,334,581,166,1329,1058,17.0,47.5,0.9146
376,1111320000000,1.6,1083,NaN,4.3,727,203,763,130,1135,636,18.6,42.6,0.904
376,1111323600000,1.2,1063,NaN,3.4,678,163,796,109,1107,522,21.5,35.0,0.8886
376,1111327200000,0.9,988,NaN,2.2,600,110,912,82,1033,415,21.3,35.6,0.8924
376,1111330800000,0.9,1060,NaN,3.6,686,107,830,73,1110,445,23.1,32.1,0.8973
376,1111334400000,1.1,1087,NaN,4.1,717,135,786,91,1112,515,22.1,34.5,0.9035
376,1111338000000,1.4,1153,NaN,5.7,798,187,715,109,1184,678,21.5,35.7,0.905
376,1111341600000,1.7,1167,NaN,6.6,838,240,660,128,1227,825,19.3,41.6,0.923
376,1111345200000,2.9,1370,NaN,12.7,1072,398,535,155,1428,1233,17.3,47.8,0.9363
376,1111348800000,4.0,1403,NaN,14.8,1142,585,492,176,1518,1419,16.0,54.9,0.9934
376,1111352400000,4.0,1364,NaN,12.3,1061,590,534,179,1436,1397,15.6,58.0,1.0197
376,1111356000000,1.9,1111,NaN,6.3,825,295,679,124,1238,975,14.8,61.3,1.025
376,1111359600000,1.5,1091,NaN,5.3,777,209,711,105,1217,891,13.8,63.4,0.9916
377,1111363200000,1.5,1107,NaN,5.3,777,183,697,99,1221,945,13.1,66.1,0.9913
377,1111366800000,1.6,1095,NaN,4.7,746,177,716,104,1217,916,13.3,66.4,1.0128
377,1111370400000,1.1,1027,NaN,3.3,673,126,794,95,1160,770,13.3,67.0,1.0207
377,1111374000000,0.8,996,NaN,2.7,631,100,845,81,1153,697,13.1,68.6,1.0288
377,1111377600000,0.7,955,NaN,2.0,582,83,902,68,1118,611,12.2,72.4,1.0224
377,1111381200000,0.6,947,NaN,1.6,553,84,944,69,1110,693,11.6,73.8,1.0054
377,1111384800000,0.7,1003,NaN,3.0,650,113,831,73,1158,750,12.9,67.5,0.999
377,1111388400000,1.3,1120,NaN,6.1,815,270,660,113,1291,1053,12.8,68.0,1.0023
377,1111392000000,3.2,1476,NaN,17.3,1219,487,459,141,1673,1561,13.5,63.9,0.9875
377,1111395600000,6.1,1653,NaN,31.0,1573,723,345,174,2147,1920,14.7,59.8,0.9928
377,1111399200000,4.3,1403,NaN,15.4,1161,614,487,178,1576,1583,15.9,56.6,1.0147
377,1111402800000,2.6,1241,NaN,10.9,1011,395,545,163,1428,1274,18.3,49.4,1.0264
377,1111406400000,2.0,1176,NaN,8.4,914,310,621,143,1347,1083,19.8,44.2,1.0091
377,1111410000000,1.8,1160,NaN,7.1,862,259,636,127,1320,924,21.6,39.6,1.009
377,1111413600000,2.1,1224,NaN,10.0,977,251,571,131,1424,1002,23.3,35.8,1.0086
377,1111417200000,2.1,1175,NaN,8.2,906,261,616,135,1332,905,23.8,33.4,0.9699
377,1111420800000,2.0,1235,NaN,9.2,947,241,594,131,1362,923,22.8,35.3,0.9693
377,1111424400000,2.6,1288,NaN,12.4,1064,317,539,153,1446,1123,22.8,34.9,0.9576
377,1111428000000,4.5,1512,NaN,23.3,1386,505,425,198,1831,1602,20.9,39.3,0.9615
377,1111431600000,6.4,1609,NaN,29.7,1544,669,367,232,1999,1878,18.6,46.4,0.9867
377,1111435200000,6.0,1537,NaN,25.7,1446,638,392,224,1855,1840,17.2,52.7,1.0285
377,1111438800000,3.8,1315,NaN,14.3,1126,433,498,183,1537,1474,15.3,61.0,1.054
377,1111442400000,2.1,1155,NaN,8.2,909,252,604,144,1331,1244,14.2,65.4,1.0497
377,1111446000000,1.2,1033,NaN,4.9,759,154,735,117,1185,937,13.8,65.2,1.0275
378,1111449600000,1.3,1078,NaN,5.9,808,152,696,106,1221,891,13.3,65.6,0.9969
378,1111453200000,1.5,1069,NaN,5.7,799,181,682,121,1211,1044,12.6,67.9,0.9886
378,1111456800000,0.9,952,NaN,2.9,648,109,847,87,1107,792,12.8,64.5,0.9493
378,1111460400000,0.7,910,NaN,1.8,570,73,964,62,1060,670,12.8,63.6,0.936
378,1111464000000,0.5,878,NaN,1.2,517,83,1069,70,1046,689,12.0,65.2,0.9103
378,1111467600000,0.6,899,NaN,1.6,556,90,1001,66,1064,717,10.6,70.8,0.9033
378,1111471200000,0.7,939,NaN,2.5,620,151,905,88,1095,813,10.9,69.2,0.9033
378,1111474800000,0.9,1001,NaN,3.8,701,191,816,93,1130,891,10.3,70.9,0.8907
378,1111478400000,2.2,1303,NaN,13.5,1102,403,536,116,1488,1323,11.8,66.3,0.9174
378,1111482000000,4.7,1557,NaN,27.8,1499,555,381,151,1945,1817,14.1,58.9,0.9447
378,1111485600000,4.5,1402,NaN,18.8,1263,551,446,169,1640,1723,16.5,51.6,0.9601
378,1111489200000,3.1,1380,NaN,15.7,1170,473,477,166,1566,1656,20.2,42.1,0.984
378,1111492800000,2.8,1350,NaN,15.6,1168,388,475,160,1564,1539,21.7,39.0,0.9979
378,1111496400000,2.4,1283,NaN,12.3,1061,296,525,145,1434,1294,23.5,35.0,0.9977
378,1111500000000,2.5,1293,NaN,12.4,1064,283,522,131,1446,1229,23.5,34.2,0.9748
378,1111503600000,2.0,1197,NaN,9.1,943,256,599,130,1294,951,25.5,28.3,0.9124
378,1111507200000,1.7,1142,NaN,8.6,924,234,629,122,1236,819,25.5,24.7,0.7928
378,1111510800000,1.7,1147,NaN,8.4,914,215,633,113,1233,801,22.9,29.2,0.8055
378,1111514400000,3.3,1448,NaN,20.9,1322,454,447,156,1655,1492,21.3,32.9,0.8209
378,1111518000000,4.5,1487,NaN,21.9,1350,605,418,198,1698,1692,20.1,42.4,0.988
378,1111521600000,5.8,1476,NaN,20.4,1308,529,428,175,1674,1654,18.6,46.6,0.9858
378,1111525200000,4.3,1282,NaN,11.0,1013,354,545,141,1384,1287,17.4,50.6,0.9989
378,1111528800000,3.0,1147,NaN,6.8,848,195,636,101,1289,938,16.4,57.2,1.0574
378,1111532400000,2.8,1130,NaN,6.3,828,161,645,102,1283,973,16.3,59.4,1.0895
379,1111536000000,2.7,1154,NaN,6.2,822,187,656,119,1285,1087,16.0,60.2,1.0844
379,1111539600000,2.4,1049,NaN,3.5,683,156,782,110,1190,796,15.6,61.6,1.0859
379,1111543200000,2.2,1056,NaN,3.3,672,116,769,87,1184,830,15.4,62.0,1.0793
379,1111546800000,2.0,1011,NaN,2.5,622,83,827,66,1158,703,15.2,63.5,1.0881
379,1111550400000,NaN,993,NaN,2.3,604,85,848,65,1160,762,14.5,66.4,1.0919
379,1111554000000,0.5,976,NaN,1.8,568,78,891,63,1143,705,15.0,64.8,1.1007
379,1111557600000,0.7,1050,NaN,3.6,690,127,761,71,1223,867,14.2,68.3,1.0988
379,1111561200000,1.2,1143,NaN,6.1,818,279,646,103,1316,1122,14.0,68.6,1.0918
379,1111564800000,3.9,1606,NaN,22.3,1360,649,396,144,1895,1771,15.4,63.4,1.1045
379,1111568400000,4.9,1592,NaN,27.0,1478,593,360,158,1975,1874,17.8,53.3,1.0736
379,1111572000000,4.6,1510,NaN,19.5,1282,584,419,169,1726,1812,19.4,47.5,1.061
379,1111575600000,3.4,1421,NaN,15.8,1172,563,474,184,1513,1726,21.4,38.7,0.9724
379,1111579200000,2.0,1169,NaN,10.3,987,337,596,143,1285,1184,22.9,29.3,0.8077
379,1111582800000,1.9,1187,NaN,11.0,1014,272,578,133,1315,1131,24.2,26.5,0.7869
379,1111586400000,2.4,1171,NaN,11.9,1045,322,570,141,1291,1149,24.5,23.1,0.6968
379,1111590000000,2.4,1175,NaN,11.7,1040,362,582,153,1268,1185,23.1,22.8,0.6346
379,1111593600000,2.2,1216,NaN,12.0,1050,361,564,149,1311,1244,23.3,23.8,0.6738
379,1111597200000,2.5,1239,NaN,12.3,1062,431,558,159,1299,1380,23.2,23.3,0.6562
379,1111600800000,3.9,1463,NaN,23.2,1383,545,440,181,1636,1727,22.7,25.5,0.6944
379,1111604400000,6.2,1616,NaN,32.6,1610,796,374,227,1909,2021,21.0,29.2,0.7192
379,1111608000000,7.2,1663,NaN,32.0,1597,874,366,230,1906,2159,19.5,35.6,0.7978
379,1111611600000,3.9,1445,NaN,18.8,1263,551,464,194,1500,1844,18.8,37.3,0.8031
379,1111615200000,2.4,1293,NaN,12.1,1052,393,536,172,1332,1593,17.7,39.7,0.799
379,1111618800000,2.3,1354,NaN,13.0,1084,369,502,158,1380,1651,16.7,45.2,0.8506
380,1111622400000,1.9,1251,NaN,9.9,973,314,559,144,1277,1482,15.9,47.0,0.8434
380,1111626000000,1.7,1222,NaN,8.1,902,294,590,133,1256,1384,15.1,50.2,0.8543
380,1111629600000,0.9,1044,NaN,3.8,702,165,746,109,1099,1101,15.3,49.2,0.8493
380,1111633200000,0.7,1006,NaN,3.1,659,143,791,94,1082,999,13.1,56.1,0.8416
380,1111636800000,0.5,953,NaN,2.0,583,93,889,73,1043,895,13.3,54.4,0.8287
380,1111640400000,0.4,959,NaN,2.2,598,111,878,76,1045,904,12.4,58.3,0.8364
380,1111644000000,0.4,949,NaN,2.3,607,105,884,74,1043,851,12.9,56.0,0.8292
380,1111647600000,0.7,1073,NaN,4.9,760,173,727,73,1128,1052,11.9,59.6,0.8294
380,1111651200000,3.1,1499,NaN,19.8,1291,541,444,107,1653,1609,13.4,55.1,0.8444
380,1111654800000,3.4,1404,NaN,15.0,1149,581,469,115,1523,1614,16.1,46.4,0.8436
380,1111658400000,3.5,1465,NaN,18.1,1241,591,434,132,1572,1774,17.9,42.2,0.8557
380,1111662000000,3.2,1474,NaN,15.3,1158,653,469,155,1476,1802,18.2,43.2,0.8926
380,1111665600000,3.2,1611,NaN,17.8,1233,690,413,140,1687,1741,16.0,67.9,1.2217
380,1111669200000,3.3,1590,NaN,17.3,1219,602,410,147,1677,1830,17.6,59.7,1.188
380,1111672800000,3.0,1422,NaN,14.1,1120,489,476,161,1525,1696,20.9,43.4,1.0618
380,1111676400000,2.0,1273,NaN,10.3,988,288,563,123,1387,1257,24.1,33.3,0.9881
380,1111680000000,2.3,1296,NaN,11.0,1014,323,543,142,1401,1305,22.9,35.2,0.9694
380,1111683600000,2.2,1247,NaN,10.3,989,301,557,143,1383,1183,22.2,36.2,0.956
380,1111687200000,2.7,1359,NaN,14.6,1135,335,505,153,1500,1347,21.3,37.8,0.9462
380,1111690800000,5.9,1726,NaN,30.8,1570,659,359,200,2021,1947,20.1,43.2,1.0051
380,1111694400000,7.5,1818,NaN,35.5,1675,847,330,232,2143,2129,18.8,49.1,1.0538
380,1111698000000,5.0,1667,NaN,24.2,1410,691,383,201,1818,1948,18.2,52.2,1.0795
380,1111701600000,4.0,1549,NaN,17.8,1233,590,424,175,1648,1804,17.4,57.3,1.1288
380,1111705200000,2.7,1385,NaN,11.9,1045,449,496,159,1462,1572,17.0,56.6,1.0902
381,1111708800000,2.0,1320,NaN,9.3,950,316,542,135,1428,1426,16.2,66.3,1.208
381,1111712400000,1.5,1205,NaN,6.3,828,239,622,128,1344,1170,15.3,73.3,1.2655
381,1111716000000,1.0,1099,NaN,4.0,709,165,727,109,1263,1000,15.2,73.3,1.2556
381,1111719600000,1.0,1106,NaN,4.1,715,152,714,101,1279,949,13.9,80.4,1.2694
381,1111723200000,0.9,1099,NaN,4.1,718,144,714,96,1300,905,13.6,82.8,1.2817
381,1111726800000,0.8,1042,NaN,3.3,671,126,754,87,1255,845,13.7,82.0,1.277
381,1111730400000,0.6,980,NaN,2.5,621,132,858,81,1190,692,13.7,78.0,1.2174
381,1111734000000,1.0,1138,NaN,5.4,782,228,705,100,1321,926,14.1,75.5,1.2065
381,1111737600000,3.2,1517,NaN,17.4,1222,580,437,146,1750,1470,14.8,73.6,1.2331
381,1111741200000,4.3,1537,NaN,22.9,1374,564,384,158,1941,1660,16.0,67.8,1.2276
381,1111744800000,2.7,1296,NaN,11.1,1017,369,526,136,1494,1360,18.4,59.2,1.2398
381,1111748400000,1.6,1255,NaN,9.5,958,260,579,117,1420,1215,20.4,50.5,1.1954
381,1111752000000,1.4,1367,NaN,13.6,1105,371,503,140,1578,1391,21.3,46.6,1.1628
381,1111755600000,2.3,1473,NaN,17.0,1210,513,462,169,1686,1521,20.4,49.8,1.1765
381,1111759200000,2.1,1422,NaN,15.8,1175,471,474,163,1647,1483,21.1,47.8,1.1813
381,1111762800000,1.4,1378,NaN,14.3,1125,378,502,144,1601,1380,21.5,47.8,1.206
381,1111766400000,3.4,1446,NaN,17.5,1224,445,471,153,1706,1450,21.7,47.4,1.2184
381,1111770000000,3.8,1473,NaN,17.8,1235,483,468,164,1702,1519,21.0,49.8,1.2208
381,1111773600000,4.9,1619,NaN,24.3,1411,530,417,174,1908,1684,20.4,51.9,1.2261
381,1111777200000,5.7,1673,NaN,27.2,1484,649,397,196,2008,1812,19.4,56.3,1.25
381,1111780800000,5.5,1605,NaN,23.7,1397,604,420,189,1891,1710,18.8,58.3,1.2514
381,1111784400000,3.9,1460,NaN,16.7,1201,486,466,155,1685,1591,18.2,61.0,1.2634
381,1111788000000,3.1,1407,NaN,14.0,1117,402,486,137,1596,1521,17.7,63.3,1.2729
381,1111791600000,2.0,1286,NaN,10.1,982,268,550,117,1458,1353,17.7,63.5,1.27
382,1111795200000,2.5,1372,NaN,12.1,1054,350,504,128,1534,1463,17.1,66.9,1.2926
382,1111798800000,2.2,1312,NaN,10.5,995,312,527,124,1488,1447,16.8,69.0,1.3135
382,1111802400000,1.5,1205,NaN,7.2,867,243,601,108,1361,1294,16.6,70.0,1.3078
382,1111806000000,1.2,1167,NaN,6.4,829,202,622,89,1360,1172,16.1,71.3,1.2955
382,1111809600000,NaN,1122,NaN,6.0,811,181,641,92,1336,1122,16.2,71.2,1.3013
382,1111813200000,0.8,1126,NaN,5.3,779,139,663,84,1309,1103,16.3,69.8,1.2853
382,1111816800000,0.1,1121,NaN,4.9,757,156,672,83,1293,1113,16.1,70.0,1.2739
382,1111820400000,1.1,1135,NaN,5.7,797,175,651,80,1325,1109,16.1,69.5,1.2623
382,1111824000000,1.7,1248,NaN,9.0,939,281,565,93,1458,1229,16.5,68.1,1.2653
382,1111827600000,2.1,1325,NaN,10.9,1010,322,513,106,1522,1404,17.4,65.0,1.2775
382,1111831200000,2.3,1347,NaN,10.6,1000,369,510,115,1490,1450,18.4,60.2,1.2623
382,1111834800000,2.1,1317,NaN,9.3,952,366,541,124,1443,1393,19.1,57.5,1.2569
382,1111838400000,1.9,1243,NaN,8.3,912,301,579,113,1406,1227,21.2,48.4,1.2028
382,1111842000000,1.7,1169,NaN,6.6,841,232,623,104,1361,1040,22.3,43.9,1.1695
382,1111845600000,1.3,1085,NaN,5.1,769,156,711,85,1264,820,23.7,39.4,1.1366
382,1111849200000,1.3,1177,NaN,7.9,896,169,616,94,1374,1011,23.1,41.2,1.1523
382,1111852800000,1.6,1207,NaN,7.7,888,203,611,99,1382,1042,25.7,35.7,1.1626
382,1111856400000,2.2,1269,NaN,10.7,1005,260,553,112,1463,1136,24.3,38.4,1.1503
382,1111860000000,2.3,1205,NaN,10.5,996,289,559,122,1456,1101,21.9,45.1,1.1687
382,1111863600000,2.2,1218,NaN,10.9,1009,273,553,119,1486,1108,19.7,51.8,1.1779
382,1111867200000,2.0,1183,NaN,8.4,914,263,604,119,1387,1078,18.7,54.5,1.1644
382,1111870800000,2.3,1242,NaN,10.0,978,295,564,127,1449,1210,17.8,58.1,1.1742
382,1111874400000,2.2,1263,NaN,10.3,990,303,553,126,1465,1270,17.3,60.8,1.1885
382,1111878000000,1.6,1139,NaN,7.2,865,209,625,111,1362,1119,16.5,63.8,1.1873
383,1111881600000,1.6,1166,NaN,6.4,829,200,632,102,1338,1133,16.3,65.2,1.1982
383,1111885200000,1.3,1079,NaN,4.3,727,174,724,93,1275,1010,16.5,63.8,1.1896
383,1111888800000,1.0,1008,NaN,3.3,669,115,791,78,1241,894,16.6,63.0,1.1784
383,1111892400000,1.0,1034,NaN,3.9,707,122,740,74,1267,930,16.2,64.3,1.1729
383,1111896000000,1.0,1001,NaN,3.4,675,105,778,68,1260,861,15.9,65.1,1.1654
383,1111899600000,0.8,977,NaN,2.3,605,102,852,68,1212,841,15.8,65.4,1.1629
383,1111903200000,0.7,986,NaN,2.3,602,96,878,61,1211,851,15.8,65.9,1.1792
383,1111906800000,1.1,1082,NaN,4.2,720,144,697,76,1297,960,15.6,67.7,1.1911
383,1111910400000,1.1,1068,NaN,3.6,688,152,725,78,1289,926,15.2,71.5,1.2228
383,1111914000000,1.1,1136,NaN,4.4,733,156,692,79,1344,901,14.5,80.8,1.3224
383,1111917600000,1.4,1184,NaN,4.6,743,208,672,90,1369,915,15.2,81.4,1.393
383,1111921200000,1.3,1179,NaN,4.5,738,174,680,89,1335,956,15.9,77.3,1.3838
383,1111924800000,1.5,1182,NaN,5.0,761,206,677,97,1338,1019,17.5,67.1,1.3342
383,1111928400000,1.3,1082,NaN,3.8,700,160,759,91,1286,842,18.1,62.8,1.2916
383,1111932000000,0.8,996,NaN,2.5,620,91,820,62,1238,612,18.6,62.1,1.3224
383,1111935600000,0.9,1024,NaN,2.7,630,106,862,66,1240,544,16.2,71.9,1.3171
383,1111939200000,1.4,1093,NaN,3.5,682,199,797,104,1256,638,15.4,75.2,1.3024
383,1111942800000,1.8,1170,NaN,4.9,756,299,713,126,1341,793,14.4,80.8,1.3182
383,1111946400000,1.6,1153,NaN,4.4,734,272,712,122,1324,811,13.8,83.5,1.3154
383,1111950000000,1.8,1220,NaN,5.7,796,285,652,121,1367,896,13.9,83.6,1.3208
383,1111953600000,2.1,1218,NaN,6.3,825,307,627,126,1393,978,14.2,82.3,1.3219
383,1111957200000,1.9,1172,NaN,6.0,810,237,637,115,1376,964,14.1,81.4,1.3046
383,1111960800000,1.7,1182,NaN,6.0,812,244,650,116,1368,993,14.4,79.0,1.2917
383,1111964400000,1.9,1160,NaN,5.6,794,284,658,120,1356,966,14.6,77.7,1.2834
384,1111968000000,1.6,1106,NaN,4.3,728,221,722,111,1309,885,14.4,78.6,1.2839
384,1111971600000,1.2,1031,NaN,3.0,652,173,803,101,1256,775,14.4,78.0,1.2741
384,1111975200000,1.0,1015,NaN,2.8,640,144,821,92,1247,738,14.1,79.1,1.2665
384,1111978800000,1.0,1003,NaN,2.7,635,117,829,78,1235,711,13.7,80.6,1.2528
384,1111982400000,0.8,951,NaN,2.0,583,89,905,63,1212,624,13.9,79.6,1.2616
384,1111986000000,0.6,938,NaN,1.9,575,97,955,63,1195,585,13.8,79.0,1.2425
384,1111989600000,0.6,933,NaN,1.9,574,95,937,63,1201,646,13.9,78.0,1.2346
384,1111993200000,1.0,1010,NaN,3.1,656,166,815,84,1260,809,14.1,77.8,1.2445
384,1111996800000,1.0,1025,NaN,3.4,675,160,798,89,1257,828,15.0,73.2,1.2413
384,1112000400000,1.3,1086,NaN,4.9,756,176,700,101,1308,894,16.4,67.3,1.2451
384,1112004000000,1.5,1111,NaN,5.2,773,216,690,115,1331,915,17.8,61.7,1.2436
384,1112007600000,1.6,1129,NaN,5.5,788,220,692,111,1305,920,20.8,50.4,1.2213
384,1112011200000,1.4,1097,NaN,4.2,721,183,746,96,1266,807,21.6,46.8,1.1959
384,1112014800000,1.4,1029,NaN,3.3,670,154,800,87,1223,678,23.1,41.3,1.1506
384,1112018400000,1.2,1071,NaN,4.8,752,132,736,81,1289,668,23.6,39.4,1.132
384,1112022000000,1.3,1053,NaN,4.2,721,140,764,85,1216,617,25.1,34.0,1.068
384,1112025600000,1.4,1055,NaN,3.7,693,186,789,98,1203,598,24.7,35.6,1.0882
384,1112029200000,1.6,1176,NaN,6.2,822,213,704,109,1294,778,24.2,38.1,1.1357
384,1112032800000,2.8,1293,NaN,9.7,965,376,589,150,1399,1062,22.7,42.4,1.154
384,1112036400000,3.7,1307,NaN,12.4,1063,508,554,175,1432,1224,19.6,47.8,1.0781
384,1112040000000,2.9,1163,NaN,9.4,954,388,600,157,1369,1118,17.6,54.4,1.0839
384,1112043600000,1.8,1103,NaN,7.1,861,250,660,130,1310,964,16.2,60.6,1.1089
384,1112047200000,1.6,1120,NaN,6.1,817,232,669,120,1310,1050,15.2,65.8,1.1288
384,1112050800000,1.7,1107,NaN,6.0,810,229,677,114,1311,1016,14.5,68.9,1.1298
385,1112054400000,1.5,1078,NaN,5.0,766,184,692,100,1269,998,14.3,68.5,1.1122
385,1112058000000,1.0,963,NaN,2.9,646,117,834,83,1181,846,14.7,66.4,1.1006
385,1112061600000,0.8,923,NaN,2.2,596,103,908,72,1148,762,13.4,70.4,1.0793
385,1112065200000,0.5,853,NaN,1.0,502,66,1117,51,1087,592,14.2,65.1,1.0495
385,1112068800000,NaN,883,NaN,1.3,530,63,997,46,1102,617,13.7,68.2,1.0611
385,1112072400000,0.5,921,NaN,1.9,575,95,956,58,1143,672,13.7,67.8,1.0575
385,1112076000000,1.0,1031,NaN,4.7,748,188,738,86,1245,890,12.9,71.8,1.0657
385,1112079600000,3.0,1371,NaN,16.0,1180,527,472,122,1632,1354,13.2,69.9,1.0543
385,1112083200000,5.1,1519,NaN,26.3,1461,623,370,140,2005,1648,14.4,65.8,1.0727
385,1112086800000,4.3,1409,NaN,18.8,1262,606,434,146,1709,1566,15.3,63.3,1.092
385,1112090400000,3.3,1303,NaN,14.4,1128,460,489,152,1573,1541,17.7,55.6,1.112
385,1112094000000,2.4,1184,NaN,10.0,978,346,567,147,1425,1226,19.6,49.4,1.1176
385,1112097600000,2.4,1202,NaN,12.1,1052,296,519,134,1525,1126,18.1,58.3,1.2013
385,1112101200000,2.5,1197,NaN,11.7,1040,321,530,136,1519,1147,18.0,57.9,1.1826
385,1112104800000,2.3,1234,NaN,12.0,1049,312,523,142,1516,1190,18.6,55.0,1.1696
385,1112108400000,2.7,1247,NaN,12.3,1059,355,508,153,1550,1212,18.3,57.9,1.2047
385,1112112000000,2.7,1234,NaN,12.3,1060,349,509,153,1504,1251,18.3,54.8,1.1403
385,1112115600000,3.3,1339,NaN,16.7,1200,385,457,155,1671,1404,18.3,53.9,1.1252
385,1112119200000,3.9,1331,NaN,15.3,1160,456,474,181,1598,1419,18.5,54.6,1.1515
385,1112122800000,2.6,1251,NaN,13.4,1097,306,502,151,1541,1328,17.1,61.5,1.191
385,1112126400000,3.2,1267,NaN,13.5,1102,402,498,159,1545,1378,16.4,62.5,1.1531
385,1112130000000,2.3,1145,NaN,9.0,938,340,591,151,1376,1159,15.2,64.2,1.0983
385,1112133600000,1.4,1010,NaN,4.8,752,206,740,127,1218,932,14.6,67.3,1.1102
385,1112137200000,1.1,1025,NaN,5.0,761,158,745,107,1237,942,13.5,70.8,1.0928
386,1112140800000,1.2,1024,NaN,4.9,759,178,721,101,1224,944,13.0,71.9,1.0697
386,1112144400000,0.9,938,NaN,3.4,679,118,829,80,1144,798,13.0,70.2,1.0457
386,1112148000000,0.7,905,NaN,2.4,615,95,885,68,1104,776,11.6,74.9,1.0224
386,1112151600000,0.5,826,NaN,1.1,512,84,1108,61,1043,636,12.5,67.4,0.9722
386,1112155200000,0.4,879,NaN,1.4,539,82,1045,56,1073,678,11.5,71.5,0.9684
386,1112158800000,0.5,901,NaN,2.1,589,122,933,70,1109,754,10.2,77.9,0.9692
386,1112162400000,0.8,948,NaN,3.8,702,146,801,78,1164,818,11.0,73.1,0.9554
386,1112166000000,2.3,1250,NaN,12.6,1069,397,532,106,1457,1202,10.7,73.6,0.9439
386,1112169600000,2.9,1263,NaN,14.7,1138,371,503,117,1533,1296,12.1,67.3,0.9499
386,1112173200000,3.1,1319,NaN,15.5,1164,454,489,144,1543,1418,15.1,58.6,0.9982
386,1112176800000,2.7,1202,NaN,12.1,1055,433,534,158,1458,1293,18.6,49.5,1.052
386,1112180400000,1.8,1109,NaN,7.9,896,287,629,137,1308,1027,20.9,42.5,1.037
386,1112184000000,1.9,1136,NaN,9.6,962,265,594,130,1350,1052,23.6,34.8,0.9986
386,1112187600000,1.8,1082,NaN,8.3,910,225,629,125,1301,875,25.6,28.5,0.9199
386,1112191200000,1.8,1070,NaN,9.2,947,210,609,124,1292,815,26.1,26.3,0.875
386,1112194800000,1.8,1070,NaN,8.4,917,215,633,125,1252,760,26.6,24.9,0.8525
386,1112198400000,1.7,1123,NaN,9.2,945,227,623,135,1303,856,25.1,28.5,0.8932
386,1112202000000,3.2,1271,NaN,16.1,1183,403,493,179,1498,1258,24.1,32.1,0.9504
386,1112205600000,3.4,1304,NaN,17.1,1212,444,476,183,1585,1383,21.5,39.1,0.9914
386,1112209200000,4.2,1360,NaN,19.9,1295,475,451,193,1639,1518,19.3,46.2,1.023
386,1112212800000,3.5,1278,NaN,14.9,1147,438,505,185,1536,1890,18.2,52.6,1.0911
386,1112216400000,2.0,1130,NaN,8.8,933,254,608,147,1373,1389,16.8,58.2,1.1022
386,1112220000000,1.4,1066,NaN,5.8,802,172,689,117,1282,1090,16.0,61.9,1.115
386,1112223600000,1.5,1090,NaN,6.6,841,174,661,112,1317,1092,15.3,65.4,1.126
387,1112227200000,1.2,1013,NaN,4.8,754,146,729,101,1245,954,14.5,67.8,1.1171
387,1112230800000,1.1,998,NaN,4.1,718,134,757,93,1230,951,14.2,68.6,1.1068
387,1112234400000,0.7,923,NaN,2.5,616,83,874,64,1169,790,13.9,68.7,1.0892
387,1112238000000,0.6,904,NaN,1.7,565,81,942,61,1144,752,13.1,72.5,1.0911
387,1112241600000,0.5,884,NaN,1.6,556,73,965,54,1135,708,12.9,72.7,1.076
387,1112245200000,0.6,936,NaN,2.6,628,104,876,64,1173,782,12.3,74.2,1.0583
387,1112248800000,0.9,1068,NaN,6.1,816,191,681,80,1264,1011,12.6,71.5,1.038
387,1112252400000,4.0,1531,NaN,23.6,1394,673,407,133,1860,1683,12.7,69.6,1.0206
387,1112256000000,4.1,1184,NaN,10.9,1012,547,567,170,1397,1341,16.8,51.6,0.9818
387,1112259600000,1.9,1064,NaN,6.8,848,275,692,139,1212,1014,20.3,40.1,0.9439
387,1112263200000,1.3,996,NaN,4.9,759,200,773,124,1119,751,21.0,37.3,0.9139
387,1112266800000,1.2,984,NaN,4.2,724,185,810,118,1088,630,21.0,36.9,0.9089
387,1112270400000,1.2,980,NaN,4.3,728,164,808,108,1098,565,22.8,33.0,0.904
387,1112274000000,1.2,970,NaN,4.0,710,150,833,100,1094,535,24.0,30.3,0.8925
387,1112277600000,0.9,940,NaN,3.1,656,134,913,91,1052,471,22.6,33.2,0.9007
387,1112281200000,1.0,963,NaN,3.7,691,128,857,89,1075,512,22.5,32.9,0.8846
387,1112284800000,1.1,961,NaN,3.8,702,150,849,102,1070,527,21.5,33.8,0.8575
387,1112288400000,1.5,1067,NaN,6.5,836,171,713,114,1206,690,21.4,36.4,0.9172
387,1112292000000,2.1,1084,NaN,7.2,866,204,682,124,1219,778,20.0,38.9,0.8974
387,1112295600000,2.1,1102,NaN,8.3,912,215,647,136,1287,872,17.8,45.2,0.9123
387,1112299200000,1.5,976,NaN,4.4,731,156,787,118,1095,622,16.3,47.3,0.8686
387,1112302800000,1.0,895,NaN,2.3,607,114,944,93,1012,512,16.3,44.8,0.8244
387,1112306400000,0.8,886,NaN,1.8,568,81,1015,72,992,438,15.6,47.1,0.8273
387,1112310000000,0.8,886,NaN,2.1,589,83,975,69,1001,443,15.1,47.6,0.8139
388,1112313600000,0.7,848,NaN,1.5,541,69,1067,61,937,392,15.1,44.5,0.7569
388,1112317200000,0.6,818,NaN,1.0,497,53,1198,50,885,347,14.6,43.0,0.7108
388,1112320800000,0.5,848,NaN,1.1,509,36,1126,35,882,341,14.5,43.7,0.7163
388,1112324400000,0.5,826,NaN,0.9,488,30,1187,29,895,322,13.6,46.7,0.7245
388,1112328000000,NaN,818,NaN,0.8,473,47,1257,41,898,323,13.7,48.8,0.7606
388,1112331600000,0.5,868,NaN,1.4,535,88,1136,66,944,395,13.5,50.6,0.7783
388,1112335200000,0.6,901,NaN,2.0,586,135,993,89,979,510,13.7,47.4,0.7412
388,1112338800000,1.5,1044,NaN,6.7,845,280,710,150,1158,909,13.7,45.9,0.7154
388,1112342400000,1.9,1030,NaN,6.3,828,313,705,150,1130,869,16.1,41.0,0.7435
388,1112346000000,1.3,965,NaN,4.3,730,205,799,127,1038,652,16.1,41.5,0.7559
388,1112349600000,1.0,948,NaN,3.5,684,180,851,120,1011,599,16.5,40.8,0.757
388,1112353200000,1.0,939,NaN,3.6,687,197,870,123,981,550,18.9,33.8,0.7312
388,1112356800000,1.1,925,NaN,4.0,713,172,853,115,957,518,19.2,29.5,0.648
388,1112360400000,1.3,924,NaN,4.5,739,184,834,122,966,541,19.9,26.3,0.6054
388,1112364000000,1.0,891,NaN,3.3,669,160,923,111,911,456,19.2,27.0,0.5934
388,1112367600000,1.1,897,NaN,3.6,687,176,908,119,916,467,19.4,25.3,0.5625
388,1112371200000,1.4,939,NaN,4.3,726,219,890,137,955,508,18.9,26.2,0.5667
388,1112374800000,1.5,943,NaN,5.1,770,222,856,147,959,583,19.3,24.7,0.5483
388,1112378400000,1.6,928,NaN,5.5,790,231,812,154,951,609,17.1,25.3,0.4881
388,1112382000000,2.2,961,NaN,7.4,874,248,747,160,1003,757,15.6,26.2,0.4604
388,1112385600000,1.4,867,NaN,3.7,694,183,906,134,858,539,13.8,30.6,0.479
388,1112389200000,0.9,823,NaN,1.9,579,144,1070,110,778,420,13.1,31.7,0.4756
388,1112392800000,0.8,835,NaN,2.1,593,132,1072,99,793,408,13.2,31.8,0.4798
388,1112396400000,1.1,893,NaN,3.4,675,180,955,127,853,560,13.6,30.8,0.4779
389,1112400000000,1.5,965,NaN,5.8,803,280,802,174,951,889,13.1,32.0,0.4817
389,1112403600000,1.1,838,NaN,1.9,580,167,1055,127,791,516,12.7,33.6,0.4902
389,1112407200000,0.6,835,NaN,1.5,546,102,1111,81,768,391,12.2,35.6,0.5038
389,1112410800000,0.5,820,NaN,1.4,536,92,1137,70,777,374,11.9,35.6,0.4945
389,1112414400000,0.4,815,NaN,0.9,488,63,1223,49,742,326,11.2,38.3,0.5099
389,1112418000000,0.4,842,NaN,1.4,535,59,1140,44,805,352,11.0,40.5,0.5316
389,1112421600000,0.6,884,NaN,2.0,587,163,999,107,863,566,10.7,42.8,0.5489
389,1112425200000,0.9,922,NaN,3.1,658,227,898,141,922,706,11.1,43.3,0.572
389,1112428800000,0.9,903,NaN,2.5,618,183,933,121,899,575,14.2,36.9,0.5939
389,1112432400000,0.8,899,NaN,2.7,631,145,955,103,884,505,15.6,33.3,0.5861
389,1112436000000,1.0,890,NaN,2.7,634,150,952,102,856,471,16.3,30.0,0.5514
389,1112439600000,0.8,877,NaN,2.7,632,138,993,95,834,421,17.0,26.1,0.5036
389,1112443200000,0.8,867,NaN,2.4,613,134,1019,93,817,389,19.3,22.3,0.495
389,1112446800000,1.0,892,NaN,2.4,614,137,986,95,843,408,20.5,21.9,0.5215
389,1112450400000,0.8,889,NaN,2.3,603,112,1022,80,853,382,22.0,20.2,0.5274
389,1112454000000,0.8,900,NaN,2.5,622,112,1008,81,861,387,21.7,20.9,0.5367
389,1112457600000,0.9,910,NaN,2.9,644,149,971,106,873,428,21.6,20.8,0.5292
389,1112461200000,1.1,947,NaN,3.5,682,159,906,113,928,488,21.0,22.3,0.5468
389,1112464800000,1.1,947,NaN,4.0,708,161,858,117,958,556,18.6,26.6,0.5631
389,1112468400000,1.2,936,NaN,3.5,685,171,866,124,942,568,15.5,33.9,0.5957
389,1112472000000,1.1,925,NaN,2.9,645,167,904,122,930,546,14.3,38.0,0.6162
389,1112475600000,0.8,885,NaN,1.8,567,116,1021,87,872,428,13.5,39.4,0.6089
389,1112479200000,0.7,891,NaN,1.8,567,105,1031,79,881,418,13.1,41.3,0.6184
389,1112482800000,0.7,904,NaN,2.1,593,125,1012,93,894,472,13.5,37.8,0.5815
390,1112486400000,0.8,929,NaN,2.5,617,140,953,102,898,544,13.5,37.4,0.5745
390,1112490000000,0.8,951,NaN,2.8,642,109,895,86,929,666,12.7,40.8,0.5977
390,1112493600000,0.7,938,NaN,2.7,631,99,882,77,931,679,12.0,44.2,0.6177
390,1112497200000,0.8,921,NaN,2.8,642,120,861,88,948,768,10.5,48.7,0.6164
390,1112500800000,0.5,850,NaN,2.0,583,83,955,64,914,589,10.1,49.7,0.6122
390,1112504400000,0.3,811,NaN,1.0,494,60,1118,46,872,470,9.6,51.0,0.6082
390,1112508000000,0.4,848,NaN,1.3,530,75,1072,55,901,523,9.1,52.4,0.6074
390,1112511600000,0.6,882,NaN,1.7,563,127,978,84,936,660,8.9,52.7,0.6034
390,1112515200000,0.7,936,NaN,2.4,611,134,911,89,949,741,13.5,40.0,0.6168
390,1112518800000,1.2,1022,NaN,4.1,715,192,806,118,1004,831,17.8,30.7,0.6205
390,1112522400000,1.4,970,NaN,3.4,677,166,888,113,931,613,21.1,23.7,0.5875
390,1112526000000,1.3,1000,NaN,5.3,779,171,805,115,1001,640,24.0,19.3,0.5673
390,1112529600000,1.4,996,NaN,5.3,781,177,806,124,985,631,26.5,16.4,0.5594
390,1112533200000,1.0,928,NaN,3.8,701,119,926,86,902,456,28.7,13.7,0.5302
390,1112536800000,1.0,933,NaN,4.2,722,121,899,87,890,450,28.5,13.1,0.5002
390,1112540400000,1.1,956,NaN,5.4,783,142,857,100,896,516,30.0,11.1,0.4624
390,1112544000000,1.3,968,NaN,6.3,826,197,867,132,898,548,29.4,10.4,0.4192
390,1112547600000,1.4,953,NaN,6.1,817,242,872,156,891,603,28.9,9.9,0.3866
390,1112551200000,1.2,1015,NaN,4.6,743,190,851,138,981,597,22.8,21.7,0.5945
390,1112554800000,2.7,1248,NaN,11.1,1018,367,599,181,1289,1167,19.9,33.0,0.7608
390,1112558400000,2.5,1180,NaN,7.9,894,355,636,187,1200,1372,17.5,40.7,0.8073
390,1112562000000,1.5,1102,NaN,6.0,812,235,693,158,1178,1042,16.4,46.6,0.8642
390,1112565600000,1.6,1116,NaN,5.8,803,233,696,153,1173,1055,15.5,49.0,0.8579
390,1112569200000,1.2,1100,NaN,5.1,769,170,722,128,1147,1049,14.3,52.5,0.8497
391,1112572800000,0.9,1012,NaN,3.5,683,117,801,93,1073,816,14.2,51.4,0.8275
391,1112576400000,0.6,944,NaN,1.9,579,70,925,58,1002,598,13.8,51.2,0.8058
391,1112580000000,0.5,912,NaN,1.5,544,69,959,55,1002,573,12.1,56.3,0.7927
391,1112583600000,0.4,887,NaN,1.1,508,62,1047,51,974,549,11.3,58.9,0.7888
391,1112587200000,NaN,864,NaN,0.8,478,52,1116,43,958,489,11.8,56.0,0.7743
391,1112590800000,0.5,888,NaN,1.3,528,77,1077,53,987,578,10.4,59.9,0.755
391,1112594400000,1.1,1031,NaN,4.4,730,182,760,93,1129,905,9.5,63.1,0.7531
391,1112598000000,4.0,1384,NaN,17.4,1221,594,470,155,1600,1457,9.7,61.9,0.7446
391,1112601600000,5.0,1446,NaN,22.4,1362,586,415,174,1777,1705,13.5,48.9,0.7553
391,1112605200000,3.9,1297,NaN,13.6,1102,523,507,187,1375,1583,18.2,36.3,0.7487
391,1112608800000,3.1,1314,NaN,13.5,1101,472,539,190,1374,1729,21.9,29.3,0.7568
391,1112612400000,2.4,1163,NaN,11.4,1027,353,604,179,1264,1269,24.3,23.7,0.7119
391,1112616000000,2.4,1142,NaN,12.4,1063,293,603,175,1241,1092,26.9,18.3,0.6406
391,1112619600000,2.1,1003,NaN,9.5,961,235,702,156,1041,770,28.3,13.5,0.5139
391,1112623200000,2.2,1071,NaN,11.9,1047,265,654,168,1129,816,28.5,13.1,0.5028
