timestamp,key,f1_tariff,f2_kwh_day,f3_kwh_max_30min,f4_kwh_median_30min,f5_kwh_p90_30min,f6_kwh_stdev_30min,f7_evening_share,f8_night_share,f9_load_factor,f10_peak_half_hour_slot,f11_zero_half_hour_count
1349996400000,MAC000002,0,7.098,0.886,0.1385,0.342,0.193891371376,0.59932375317,0,0.174158406124,39,21
1349996400000,MAC000003,0,13.434,1.437,0.165,0.478,0.317824088202,0.180065505434,0.415959505732,0.194763395964,1,0
1349996400000,MAC000004,0,1.522,0.249,0,0.177,0.0718632840693,0.262812089356,0.268068331143,0.12734270415,8,40
1349996400000,MAC000005,1,4.448,0.887,0.037,0.137,0.13503600343,0.583857913669,0.0881294964029,0.104472003006,37,0
1349996400000,MAC000006,0,4.074,0.445,0.069,0.148,0.0688275698757,0.291114383898,0.103583701522,0.190730337079,28,0
1349996400000,MAC000007,0,6.335,0.607,0.0765,0.32,0.153444546116,0.448934490923,0.130544593528,0.217428610653,42,0
1349996400000,MAC000008,0,23.159,1.281,0.486,0.762,0.218230763717,0.289995250227,0.143486333607,0.376642596929,19,0
1349996400000,MAC000009,0,8.153,0.765,0.161,0.26,0.136674032766,0.314976082424,0.0981233901631,0.222031590414,22,0
1349996400000,MAC000010,0,22.8919999,2.2079999,0.2905,0.969,0.391728310409,0.451293025735,0.119736152891,0.215994875989,34,0
1349996400000,MAC000012,0,1.168,0.055,0.0175,0.054,0.0236046723247,0.255993150685,0.255993150685,0.442424242424,3,20
1349996400000,MAC000013,0,7.513,0.344,0.133,0.279,0.0780611377872,0.433648342872,0.166910688141,0.455002422481,42,0
1349996400000,MAC000015,1,11.497,1.267,0.193,0.404,0.196238162019,0.316778289989,0.124902148387,0.189045645883,28,0
1349996400000,MAC000016,0,0.145,0.01,0,0.009,0.00404397485636,0.641379310345,0.0206896551724,0.302083333333,35,28
1349996400000,MAC000017,1,7.433,0.851,0.106,0.321,0.160554376768,0.327593165613,0.285214583614,0.18196729338,0,0
1349996400000,MAC000018,0,12.315,0.707,0.1595,0.487,0.166562539087,0.407389362566,0.270645554202,0.362888967468,37,0
1349996400000,MAC000019,0,6.465,0.57,0.112,0.183,0.0950230577829,0.262954369683,0.135344160866,0.236293859649,33,0
1349996400000,MAC000020,0,9.605,1.143,0.0965,0.534,0.230657144515,0.36887038001,0.0744403956273,0.175069262176,36,0
1349996400000,MAC000021,0,26.139,1.426,0.413,0.862,0.258914553654,0.227361413979,0.168177818585,0.381881136045,27,0
1349996400000,MAC000022,0,6.314,0.698,0.1,0.215,0.123260895112,0.517738359202,0.132404181185,0.188455109838,37,0
1349996400000,MAC000023,0,17.928,1.127,0.3245,0.752,0.284181720031,0.329428826417,0.0540495314592,0.3314108252,23,0
1349996400000,MAC000024,0,17.103,2.224,0.1665,0.974,0.443260324013,0.503478921827,0.110448459335,0.160212455036,31,0
1349996400000,MAC000025,0,4.228,1.165,0.0305,0.135,0.195021989501,0.109271523179,0.0423368022706,0.0756080114449,28,0
1349996400000,MAC000026,0,22.701,1.177,0.39,0.761,0.252440703124,0.317254746487,0.142724990089,0.401816057774,20,0
1349996400000,MAC000027,0,6.88,0.43,0.112,0.25,0.0724949231939,0.302761627907,0.19636627907,0.333333333333,14,0
1349996400000,MAC000028,0,6.457,0.299,0.111,0.235,0.0568968326533,0.362552268856,0.195911413969,0.44990245262,37,0
1349996400000,MAC000029,0,5.042,1.191,0.054,0.083,0.205467957592,0.185045616819,0.133478778263,0.0881961936748,15,0
1349996400000,MAC000030,0,7.141,0.433,0.1325,0.29,0.0927369127297,0.312841338748,0.155440414508,0.343581601232,35,0
1349996400000,MAC000031,1,17.8000001,1.3430001,0.274,0.649,0.298398533184,0.1624719092,0.0866853927714,0.276123088462,15,0
1349996400000,MAC000032,0,11.413,0.738,0.2275,0.51,0.186288110148,0.286077280294,0.368351879436,0.322182700994,23,0
1349996400000,MAC000033,0,7.231,0.43,0.137,0.225,0.0761666182303,0.307426358733,0.175079518739,0.350339147287,30,0
1349996400000,MAC000034,0,7.599,0.312,0.157,0.262,0.0794861508508,0.367548361627,0.168443216213,0.507411858974,39,0
1349996400000,MAC000035,0,14.969,0.948,0.2675,0.432,0.13522111361,0.329681341439,0.168615137952,0.328960091421,21,0
1349996400000,MAC000036,0,2.928,0.271,0.043,0.125,0.0632149112156,0.325819672131,0.0806010928962,0.225092250923,14,6
1349996400000,MAC000037,0,0,0,0,0,0,0,0,0,0,48
1349996400000,MAC000038,0,8.169,0.441,0.1595,0.274,0.0921094584923,0.383890317052,0.107234667646,0.385912698413,12,0
1349996400000,MAC000039,0,9.199,1.016,0.108,0.342,0.207024303081,0.181432764431,0.137080117404,0.188627788714,19,0
1349996400000,MAC000040,0,19.096,0.962,0.3925,0.505,0.152049927838,0.249790532049,0.151707163804,0.413548163548,25,0
1349996400000,MAC000041,0,7.117,0.668,0.0665,0.339,0.143673782633,0.56034846143,0.0976535056906,0.221962325349,38,0
1349996400000,MAC000042,0,16.08,1.474,0.2755,0.696,0.274362670566,0.378171641791,0.0731965174129,0.227272727273,16,0
1349996400000,MAC000043,0,2.749,0.142,0.0475,0.106,0.033370857785,0.399417970171,0.164423426701,0.4033157277,40,0
1349996400000,MAC000044,1,12.431,0.955,0.126,0.675,0.235216964523,0.305767838468,0.206982543641,0.271182373473,20,0
1349996400000,MAC000045,0,20.861,1.673,0.2465,1.15,0.418092729925,0.151239154403,0.27261396865,0.259775353656,28,0
1349996400000,MAC000046,1,10.689,0.776,0.204,0.373,0.161158327462,0.318271119843,0.101225558986,0.286968427835,20,0
1349996400000,MAC000047,0,5.904,0.241,0.147,0.17,0.0501589141297,0.320291327913,0.130081300813,0.510373443983,17,0
1349996400000,MAC000048,1,3.608,0.18,0.061,0.125,0.0329085433014,0.201219512195,0.275776053215,0.417592592593,23,0
1349996400000,MAC000049,0,34.9759998,3.7809999,0.475,1.3099999,0.649127490366,0.331941902058,0.148444648607,0.192717979839,31,0
1349996400000,MAC000050,0,22.2679999,1.5599999,0.3125,1.131,0.400423563437,0.376414583153,0.0535746364899,0.29738249636,39,0
1349996400000,MAC000051,1,21.9930001,2.0050001,0.3265,1.001,0.412360471904,0.179875414087,0.104533260108,0.228522433532,27,0
1349996400000,MAC000052,1,3.538,0.195,0.064,0.116,0.04120070708,0.344262295082,0.152063312606,0.377991452991,40,0
1349996400000,MAC000053,0,8.428,0.993,0.082,0.464,0.222851485798,0.471286188894,0.1205505458,0.1768210809,46,0
1349996400000,MAC000054,0,9.484,0.644,0.1805,0.31,0.104331170105,0.344474905103,0.159848165331,0.306806418219,33,0
1349996400000,MAC000055,0,11.212,0.568,0.1925,0.375,0.124128937221,0.392793435605,0.166428826258,0.411238262911,37,0
1349996400000,MAC000056,0,7.371,0.539,0.144,0.279,0.115685800456,0.366571699905,0.0512820512821,0.284902597403,23,0
1349996400000,MAC000057,0,9.808,0.653,0.1875,0.269,0.0852326065671,0.294963295269,0.241027732463,0.312914752425,23,0
1349996400000,MAC000058,0,5.221,0.793,0.0675,0.172,0.150277692898,0.466385749856,0.0678031028539,0.137163724254,36,0
1349996400000,MAC000059,0,18.255,1.177,0.319,0.552,0.226583700158,0.35217748562,0.147685565598,0.323120220901,32,0
1349996400000,MAC000060,0,9.078,0.493,0.107,0.419,0.151561954466,0.502313284865,0.0625688477638,0.383620689655,36,0
1349996400000,MAC000061,0,4.376,0.387,0.056,0.213,0.0843060726691,0.543418647166,0.0728976234004,0.235572782084,41,0
1349996400000,MAC000062,0,9.019,0.555,0.1695,0.258,0.0739242967454,0.303359574232,0.193702184278,0.338551051051,19,0
1349996400000,MAC000064,1,10.771,0.877,0.092,0.482,0.224232927591,0.4127750441,0.251322996936,0.255867540859,10,0
1349996400000,MAC000065,1,5.767,0.79,0.0455,0.255,0.144244293588,0.586440090168,0.0534073174961,0.152083333333,39,0
1349996400000,MAC000071,1,12.402,1.618,0.0935,0.648,0.317808945818,0.471536848895,0.0766811804548,0.159687886279,13,0
1349996400000,MAC000075,1,4.936,0.449,0.0775,0.23,0.0798629903161,0.457252836305,0.182333873582,0.229027468448,39,0
1349996400000,MAC000076,1,18.5239998,2.3989999,0.284,0.689,0.378818917702,0.408011222285,0.0956596857661,0.160865643429,37,0
1349996400000,MAC000082,1,4.102,0.759,0.051,0.098,0.136387615263,0.241345685032,0.360068259386,0.11259332455,32,0
1349996400000,MAC000088,1,12.696,0.547,0.2425,0.443,0.127714362283,0.360822306238,0.123582230624,0.483546617916,32,0
1349996400000,MAC000106,1,16.897,0.881,0.3585,0.642,0.188889020501,0.316979345446,0.0969402852577,0.399569617858,18,0
1349996400000,MAC000107,1,7.936,0.551,0.1295,0.379,0.124931703565,0.297505040323,0.117439516129,0.300060496068,33,0
1349996400000,MAC000109,1,5.765,0.531,0.099,0.196,0.0840900409242,0.349349522984,0.128360797918,0.226184871312,23,0
1349996400000,MAC000124,1,11.493,0.88,0.204,0.324,0.154606746598,0.370660401984,0.17471504394,0.272088068182,35,0
1349996400000,MAC000139,1,23.3719999,1.707,0.388,0.962,0.346222158407,0.373994520683,0.0992212908575,0.285247020846,22,0
1349996400000,MAC000141,1,2.533,0.109,0.07,0.089,0.0367413479517,0.369522305567,0.388866956178,0.484136085627,11,9
1349996400000,MAC000146,1,6.621,0.704,0.1275,0.181,0.0954693245346,0.378492674823,0.149373206464,0.195933948864,35,0
1349996400000,MAC000147,1,4.192,0.193,0.08,0.131,0.0416444941005,0.340410305344,0.179866412214,0.452504317789,14,0
1349996400000,MAC000158,1,3.409,0.245,0.059,0.127,0.0443069264635,0.30888823702,0.189791727779,0.289880952381,25,0
1349996400000,MAC000165,1,7.747,0.746,0.1255,0.294,0.121985781204,0.508067639086,0.10416935588,0.216348302055,37,0
1349996400000,MAC000170,1,19.192,1.348,0.3415,0.634,0.237687674387,0.259899958316,0.232127969987,0.296612265084,16,0
1349996400000,MAC000173,1,6.241,0.451,0.1115,0.216,0.0933723481514,0.346579073866,0.123217433104,0.288294530673,20,0
1349996400000,MAC000186,1,3.01,0.49,0.0385,0.111,0.0731012307048,0.461794019934,0.137873754153,0.127976190476,37,0
1349996400000,MAC000187,1,7.556,0.793,0.077,0.353,0.158466983067,0.479221810482,0.0923769190048,0.198507776377,39,0
1349996400000,MAC000193,1,10.2940001,1.2640001,0.0975,0.392,0.264462116324,0.45628521997,0.0460462400812,0.169666391179,37,0
1349996400000,MAC000194,1,9.527,0.938,0.125,0.397,0.170748473588,0.404954340296,0.208355201008,0.211598258706,36,0
1349996400000,MAC000195,1,21.252,0.779,0.499,0.555,0.178627113937,0.249952945605,0.29907773386,0.568356867779,20,0
1349996400000,MAC000198,1,4.329,0.319,0.0575,0.193,0.0684713006333,0.382074382074,0.113883113883,0.282719435737,44,0
1349996400000,MAC000219,1,5.979,0.282,0.121,0.196,0.0499816242275,0.35825388861,0.175614651279,0.441710992908,37,0
1349996400000,MAC000236,1,3.435,0.4,0.054,0.12,0.0611524414374,0.336244541485,0.138573508006,0.17890625,26,0
1349996400000,MAC000247,1,9.881,0.742,0.1945,0.361,0.145688593351,0.44074486388,0.115575346625,0.277431491465,43,0
1349996400000,MAC000257,1,26.6840001,1.6720001,0.5015,0.737,0.233757080547,0.350996854478,0.160283315244,0.332486026018,41,0
1349996400000,MAC000259,1,9.726,0.853,0.1625,0.323,0.154353304818,0.340838988279,0.0981904174378,0.237543962485,31,0
1349996400000,MAC000261,1,6.418,0.334,0.124,0.224,0.0651165488225,0.265970707385,0.239015269554,0.400324351297,39,0
1349996400000,MAC000265,1,7.284,0.396,0.133,0.294,0.10272079877,0.451400329489,0.0820977484898,0.383207070707,40,0
1349996400000,MAC000266,1,5.993,1.024,0.0905,0.153,0.141787398004,0.264308359753,0.124979142333,0.121927897135,33,0
1349996400000,MAC000278,1,7.446,1.325,0.092,0.251,0.20088861186,0.249798549557,0.135643298415,0.117075471698,18,0
1349996400000,MAC000286,1,12.125,0.776,0.242,0.363,0.112477727348,0.282226804124,0.159422680412,0.325520833333,20,0
1349996400000,MAC000288,1,10.3419999,1.0369999,0.1235,0.464,0.229833352325,0.241442663329,0.235641067836,0.20777083127,0,0
1349996400000,MAC000290,1,6.67,0.605,0.106,0.254,0.0956638991324,0.297151424288,0.185457271364,0.229683195592,33,0
1349996400000,MAC000292,1,4.81,0.284,0.0825,0.177,0.058248375633,0.285239085239,0.107276507277,0.352846244131,26,0
1349996400000,MAC000293,1,7.819,0.631,0.1305,0.216,0.0989604802399,0.301061516818,0.187875687428,0.258155044902,29,0
1349996400000,MAC000298,1,2.345,0.109,0.0495,0.076,0.0218993812539,0.238805970149,0.23539445629,0.448203363914,24,0
1350082800000,MAC000002,0,11.087,0.933,0.18,0.275,0.190315033736,0.32849282944,0.202128619103,0.247566095034,21,0
1350082800000,MAC000003,0,14.372,1.473,0.171,0.706,0.323189304261,0.209295853048,0.403910381297,0.203269970582,2,0
1350082800000,MAC000004,0,1.728,0.215,0,0.168,0.0712229480809,0.19212962963,0.355324074074,0.167441860465,30,36
1350082800000,MAC000005,1,5.177,0.603,0.0365,0.257,0.125863350104,0.393084798146,0.186787714893,0.178862631288,11,0
1350082800000,MAC000006,0,3.275,0.342,0.053,0.108,0.0580503515577,0.440610687023,0.0989312977099,0.199500487329,34,0
1350082800000,MAC000007,0,7.846,1.002,0.134,0.257,0.146062480685,0.343614580678,0.11279632934,0.163132069195,24,0
1350082800000,MAC000008,0,16.9,0.595,0.309,0.497,0.1035472584,0.356568047337,0.215029585799,0.591736694678,42,0
1350082800000,MAC000009,0,7.867,0.61,0.152,0.25,0.111587454414,0.337358586501,0.101944832846,0.268681693989,23,0
1350082800000,MAC000010,0,27.9080001,2.1110001,0.4905,1.099,0.402712158697,0.426365201998,0.110756771855,0.275422378592,37,0
1350082800000,MAC000012,0,1.158,0.055,0.0195,0.054,0.0220705544788,0.248704663212,0.246113989637,0.438636363636,29,16
1350082800000,MAC000013,0,6.931,0.238,0.144,0.192,0.0413651119017,0.304285095946,0.273120761795,0.606705182073,37,0
1350082800000,MAC000015,1,8.398,0.407,0.138,0.351,0.0921796159529,0.445939509407,0.169683257919,0.429873054873,40,0
1350082800000,MAC000016,0,0.147,0.01,0,0.009,0.00404869449123,0.639455782313,0.0204081632653,0.30625,37,28
1350082800000,MAC000017,1,6.265,0.525,0.0905,0.241,0.0992127322103,0.464166001596,0.0988028731045,0.248611111111,36,0
1350082800000,MAC000018,0,13.604,0.758,0.295,0.451,0.161939267594,0.363201999412,0.157894736842,0.373900615655,30,0
1350082800000,MAC000019,0,4.08,0.358,0.081,0.135,0.053286959005,0.276715686275,0.180147058824,0.237430167598,15,0
1350082800000,MAC000020,0,3.649,0.211,0.067,0.11,0.031193942777,0.211016716909,0.187448616059,0.360288309637,13,0
1350082800000,MAC000021,0,18.097,0.49,0.3775,0.423,0.041823283778,0.253356909985,0.253743714428,0.769430272109,35,0
1350082800000,MAC000022,0,8.71,0.86,0.1535,0.346,0.168714497294,0.518599311137,0.126636050517,0.210998062016,38,0
1350082800000,MAC000023,0,16.1820001,1.354,0.2525,0.673,0.29661771874,0.406871836566,0.0598195522196,0.248984491937,37,0
1350082800000,MAC000024,0,11.311,1.67,0.1485,0.602,0.293465961228,0.316064008487,0.192113871453,0.141105289421,24,0
1350082800000,MAC000025,0,4.4679999,1.2869999,0.027,0.122,0.251268756675,0.0828111030173,0.0380483446296,0.0723258263268,30,0
1350082800000,MAC000026,0,9.325,0.654,0.153,0.312,0.0994764921106,0.209115281501,0.207077747989,0.297050203874,16,0
1350082800000,MAC000027,0,9.89,0.685,0.1805,0.288,0.107203458886,0.254903943377,0.189585439838,0.300790754258,28,0
1350082800000,MAC000028,0,5.674,0.25,0.1,0.181,0.0442191315747,0.357772294677,0.190341910469,0.472833333333,38,0
1350082800000,MAC000029,0,2.03,0.081,0.047,0.053,0.0192580700977,0.199014778325,0.326600985222,0.522119341564,1,5
1350082800000,MAC000030,0,20.13,2.3050001,0.136,1.173,0.525160837649,0.509836065574,0.0680576254347,0.181941423777,40,0
1350082800000,MAC000031,1,18.59,1.443,0.2805,0.78,0.311736932253,0.296664873588,0.0764389456697,0.268393393393,32,0
1350082800000,MAC000032,0,6.857,0.577,0.1235,0.269,0.114016444279,0.273005687618,0.172524427592,0.247580878105,14,0
1350082800000,MAC000033,0,6.048,0.296,0.12,0.208,0.0636955649947,0.368551587302,0.166335978836,0.425675675676,30,0
1350082800000,MAC000034,0,5.565,0.267,0.112,0.196,0.0617604263296,0.407726864331,0.142857142857,0.434222846442,21,0
1350082800000,MAC000035,0,21.3049999,1.355,0.374,0.881,0.281093098706,0.354517715816,0.118375968638,0.327567649139,22,0
1350082800000,MAC000036,0,3.236,0.244,0.0495,0.16,0.0607830271448,0.252472187886,0.0763288009889,0.276297814208,39,3
1350082800000,MAC000037,0,0,0,0,0,0,0,0,0,0,48
1350082800000,MAC000038,0,7.918,0.458,0.1255,0.283,0.0975369499073,0.39959585754,0.1624147512,0.360171033479,41,0
1350082800000,MAC000039,0,6.048,0.395,0.0975,0.211,0.0800413955401,0.282076719577,0.165509259259,0.318987341772,37,0
1350082800000,MAC000040,0,15.541,1.005,0.258,0.472,0.173862642094,0.369731677498,0.185831027604,0.322160033167,43,0
1350082800000,MAC000041,0,9.194,0.833,0.151,0.373,0.164773323884,0.392864911899,0.074070045682,0.229941976791,19,0
1350082800000,MAC000042,0,10.29,0.708,0.1945,0.327,0.135652378189,0.283381924198,0.126530612245,0.302789548023,19,0
1350082800000,MAC000043,0,2.81,0.15,0.048,0.107,0.0321739790911,0.39359430605,0.155160142349,0.390277777778,36,0
1350082800000,MAC000044,1,20.501,0.952,0.3675,0.795,0.272238424883,0.241500414614,0.251353592508,0.448638830532,7,0
1350082800000,MAC000045,0,23.6720001,1.619,0.2235,1.217,0.49357279039,0.105060830918,0.163146332531,0.304611901637,28,0
1350082800000,MAC000046,1,11.111,0.602,0.205,0.418,0.128497728512,0.317343173432,0.114841148411,0.384516888151,35,0
1350082800000,MAC000047,0,5.199,0.277,0.0885,0.169,0.0552920866286,0.359876899404,0.152144643201,0.391019855596,44,0
1350082800000,MAC000048,1,2.926,0.081,0.054,0.079,0.0106750455372,0.248462064252,0.243677375256,0.752572016461,5,0
1350082800000,MAC000049,0,41.4999998,3.4749999,0.6275,2.28,0.821184368284,0.344289153466,0.0532771086905,0.248800965193,24,0
1350082800000,MAC000050,0,27.309,1.722,0.395,1.42,0.500244998569,0.549452561427,0.0403163792156,0.330393437863,38,0
1350082800000,MAC000051,1,13.717,0.909,0.186,0.626,0.218491060037,0.405336443829,0.136400087483,0.314379354602,23,0
1350082800000,MAC000052,1,4.163,0.584,0.0535,0.167,0.0977992713809,0.362959404276,0.122027384098,0.148508847032,34,0
1350082800000,MAC000053,0,5.136,0.401,0.0805,0.195,0.0778039737631,0.282320872274,0.163940809969,0.266832917706,21,0
1350082800000,MAC000054,0,10.245,0.526,0.218,0.346,0.111863738958,0.351195705222,0.140263543192,0.405774714829,34,0
1350082800000,MAC000055,0,9.486,0.567,0.1415,0.392,0.118967541967,0.412080961417,0.220957200084,0.348544973545,35,0
1350082800000,MAC000056,0,7.433,0.488,0.149,0.272,0.107354744807,0.407103457554,0.0575810574465,0.317324112022,40,0
1350082800000,MAC000057,0,10.694,1.288,0.183,0.265,0.167467777788,0.363287824949,0.210304843838,0.17297489648,35,0
1350082800000,MAC000058,0,3.297,0.327,0.059,0.103,0.0553726603155,0.349105247194,0.116166211708,0.21005351682,19,0
1350082800000,MAC000059,0,15.507,0.721,0.2565,0.45,0.141825950589,0.182240278584,0.172889662733,0.448075589459,28,0
1350082800000,MAC000060,0,12.251,0.885,0.1645,0.561,0.22341042571,0.531630071015,0.0794220879928,0.288394538606,34,0
1350082800000,MAC000061,0,6.223,0.621,0.099,0.247,0.115454985742,0.300176763619,0.0592961594086,0.208769457864,20,0
1350082800000,MAC000062,0,10.681,0.598,0.187,0.342,0.0983026766301,0.316730643198,0.18415878663,0.372108416945,26,0
1350082800000,MAC000064,1,11.787,0.92,0.257,0.379,0.149429178634,0.32162551964,0.150844150335,0.26691576087,14,0
1350082800000,MAC000065,1,4.248,0.338,0.041,0.195,0.0856523982929,0.561911487759,0.0746233521657,0.261834319527,40,0
1350082800000,MAC000071,1,26.91,2.881,0.2135,1.226,0.649564005488,0.446599773318,0.0418431809736,0.19459389101,37,0
1350082800000,MAC000075,1,7.014,0.765,0.0865,0.321,0.146606847413,0.486170516111,0.121186199031,0.191013071895,39,0
1350082800000,MAC000076,1,20.285,1.596,0.3465,0.825,0.362598017759,0.280700024649,0.064875523786,0.264789578112,21,0
1350082800000,MAC000082,1,5.6710001,1.7410001,0.051,0.238,0.27222778084,0.579262924012,0.263974602998,0.067860900994,34,0
1350082800000,MAC000088,1,17.138,0.908,0.314,0.645,0.192102073381,0.341871863695,0.126327459447,0.393217694567,32,0
1350082800000,MAC000106,1,15.245,1.114,0.2865,0.535,0.197133281858,0.368842243358,0.0953755329616,0.285102483543,36,0
1350082800000,MAC000107,1,7.605,0.615,0.097,0.349,0.133082822935,0.199211045365,0.0958579881657,0.25762195122,26,0
1350082800000,MAC000109,1,5.996,0.407,0.0955,0.213,0.0743241305963,0.332721814543,0.150600400267,0.306920556921,25,0
1350082800000,MAC000124,1,10.235,0.657,0.195,0.311,0.106386332061,0.316267708842,0.162481680508,0.324549720954,21,0
1350082800000,MAC000139,1,21.119,1.316,0.368,0.715,0.232153549185,0.301055921208,0.159335195795,0.334330673759,12,0
1350082800000,MAC000141,1,2.754,0.174,0.071,0.1,0.0427456747325,0.392156862745,0.384168482208,0.32974137931,7,8
1350082800000,MAC000146,1,5.77,0.43,0.095,0.186,0.0714690953995,0.307452339688,0.161525129983,0.279554263566,17,0
1350082800000,MAC000147,1,5.256,0.207,0.0985,0.184,0.0513837685137,0.323820395738,0.150684931507,0.528985507246,14,0
1350082800000,MAC000158,1,3.295,0.203,0.0535,0.122,0.0470188302631,0.347192716237,0.134142640364,0.33815681445,25,0
1350082800000,MAC000165,1,8.762,0.909,0.129,0.296,0.135106124697,0.450696188085,0.146313627026,0.200815914925,36,0
1350082800000,MAC000170,1,13.227,0.814,0.246,0.393,0.152430299133,0.405231722991,0.150676646254,0.338528869779,38,0
1350082800000,MAC000173,1,6.419,0.696,0.086,0.253,0.137133867016,0.332450537467,0.0889546658358,0.19213960728,19,0
1350082800000,MAC000186,1,3.103,0.203,0.052,0.133,0.0453148658386,0.384466645182,0.151144054141,0.318452380952,41,0
1350082800000,MAC000187,1,9.587,0.83,0.17,0.328,0.181049111613,0.311880671743,0.155627412121,0.240637550201,28,0
1350082800000,MAC000193,1,20.5179999,1.934,0.3195,1.095,0.438549640058,0.442002141739,0.0247587485367,0.221022922053,16,0
1350082800000,MAC000194,1,10.386,0.876,0.1145,0.466,0.207147956885,0.408145580589,0.102060466012,0.247003424658,36,0
1350082800000,MAC000195,1,21.04,0.734,0.5005,0.556,0.181904317034,0.256939163498,0.195152091255,0.597184377838,30,0
1350082800000,MAC000198,1,5.204,1.025,0.0605,0.189,0.147919154909,0.36145272867,0.144119907763,0.105772357724,44,0
1350082800000,MAC000219,1,7.63,0.534,0.1515,0.215,0.0987064161908,0.268283093054,0.138401048493,0.297674781523,27,0
1350082800000,MAC000236,1,3.454,0.24,0.056,0.143,0.051404425204,0.375796178344,0.128257093225,0.299826388889,26,0
1350082800000,MAC000247,1,14.032,1.378,0.218,0.709,0.329112907002,0.232896237172,0.0612172177879,0.212143202709,31,0
1350082800000,MAC000257,1,23.975,0.843,0.461,0.659,0.141661567004,0.202544316997,0.296475495308,0.592501977066,18,0
1350082800000,MAC000259,1,12.228,1.074,0.186,0.544,0.232000853088,0.19259077527,0.0984625449787,0.237197392924,18,0
1350082800000,MAC000261,1,8.617,0.916,0.132,0.295,0.14460535225,0.472322153882,0.17836834165,0.195983442504,40,0
1350082800000,MAC000265,1,6.578,0.399,0.0705,0.282,0.100683488868,0.488446336272,0.0944055944056,0.343462823726,38,0
1350082800000,MAC000266,1,4.268,0.3,0.0815,0.127,0.0471331594763,0.272258669166,0.162605435801,0.296388888889,14,0
1350082800000,MAC000278,1,7.705,0.914,0.1425,0.253,0.16250230634,0.35574302401,0.10369889682,0.175624544128,17,0
1350082800000,MAC000286,1,11.128,0.521,0.217,0.32,0.0974594645082,0.295740474479,0.181973400431,0.444977607166,31,0
1350082800000,MAC000288,1,9.672,1.007,0.152,0.37,0.190848762113,0.207609594706,0.185380479735,0.200099304866,31,0
1350082800000,MAC000290,1,6.907,0.443,0.13,0.235,0.0893726374008,0.369914579412,0.114231938613,0.324821294206,38,0
1350082800000,MAC000292,1,6.431,0.724,0.105,0.227,0.120316854178,0.264811071373,0.07790390297,0.185054097606,25,0
1350082800000,MAC000293,1,6.3,0.23,0.117,0.207,0.0466482850703,0.37,0.212222222222,0.570652173913,35,0
1350082800000,MAC000298,1,2.215,0.104,0.044,0.068,0.0178698880608,0.239729119639,0.228893905192,0.443709935897,28,0
1350169200000,MAC000002,0,13.223,1.085,0.158,0.712,0.271771272518,0.54420328216,0.117295621266,0.253897849462,37,0
1350169200000,MAC000003,0,15.5469999,1.595,0.1725,0.659,0.34688075108,0.160095196244,0.356467481549,0.203069486677,22,0
1350169200000,MAC000004,0,1.862,0.316,0,0.174,0.0783825975407,0.408700322234,0.263157894737,0.122758438819,8,34
1350169200000,MAC000005,1,4.668,0.574,0.034,0.225,0.115356964101,0.514781491003,0.0805484147386,0.169425087108,14,0
1350169200000,MAC000006,0,2.587,0.2,0.043,0.105,0.0404357719019,0.352918438346,0.129107073831,0.269479166667,17,0
1350169200000,MAC000007,0,10.937,1.691,0.124,0.452,0.285735599636,0.557922647892,0.0695803236719,0.134745219791,36,0
1350169200000,MAC000008,0,24.492,1.335,0.3825,0.935,0.279426607836,0.331373509717,0.155152702923,0.382209737828,17,0
1350169200000,MAC000009,0,10.429,1.248,0.2035,0.316,0.199120225365,0.291398983603,0.0739284686931,0.174095219017,24,0
1350169200000,MAC000010,0,26.976,1.781,0.3905,1.12,0.394471904365,0.37600088968,0.102053677343,0.315553060079,24,0
1350169200000,MAC000012,0,1.139,0.055,0.02,0.054,0.0228908092759,0.244951712028,0.25636523266,0.431439393939,29,19
1350169200000,MAC000013,0,5.451,0.21,0.1135,0.189,0.0476763857734,0.360300862227,0.240689781691,0.540773809524,41,0
1350169200000,MAC000015,1,11.945,0.935,0.1425,0.648,0.225750968029,0.468480535789,0.124152365006,0.266154188948,38,0
1350169200000,MAC000016,0,0.225,0.059,0,0.009,0.00966772174558,0.413333333333,0.0133333333333,0.0794491525424,32,29
1350169200000,MAC000017,1,5.21,0.261,0.0915,0.191,0.0589727897471,0.406333973129,0.109404990403,0.415868454662,40,0
1350169200000,MAC000018,0,14.044,1.466,0.254,0.479,0.221143320169,0.314226716035,0.253987467958,0.199579354252,30,0
1350169200000,MAC000019,0,3.638,0.156,0.0735,0.113,0.031120704746,0.321880153931,0.212479384277,0.485844017094,34,0
1350169200000,MAC000020,0,7.121,0.844,0.097,0.249,0.160463195363,0.519168656088,0.0943687684314,0.175775078989,36,0
1350169200000,MAC000021,0,26.306,1.285,0.419,1.006,0.260328795175,0.444081198206,0.179806888162,0.42649156939,43,0
1350169200000,MAC000022,0,18.4829999,1.385,0.192,1.0779999,0.369561188842,0.590813177465,0.121462966626,0.2780234642,38,0
1350169200000,MAC000023,0,12.0780001,1.3710001,0.176,0.568,0.23600341955,0.367693331945,0.0863553561322,0.183533904982,38,0
1350169200000,MAC000024,0,14.734,2.5869999,0.151,0.893,0.45339762772,0.309623998914,0.180399076965,0.118654172864,19,0
1350169200000,MAC000025,0,4.348,1.299,0.0255,0.144,0.234871670043,0.0708371665133,0.0333486660534,0.0697331280472,28,0
1350169200000,MAC000026,0,7.574,0.204,0.1555,0.19,0.0235999279071,0.247557433325,0.250858199102,0.773488562092,0,0
1350169200000,MAC000027,0,11.96,0.824,0.227,0.368,0.135271229593,0.286120401338,0.128678929766,0.302386731392,21,0
1350169200000,MAC000028,0,5.139,0.293,0.084,0.176,0.0507421612378,0.32087954855,0.182914964001,0.365401023891,31,0
1350169200000,MAC000029,0,4.5930001,1.5190001,0.0475,0.061,0.258520574502,0.11278031542,0.0890485502058,0.0629937431099,28,6
1350169200000,MAC000030,0,19.7170001,2.7490001,0.156,1.012,0.535821000639,0.567074100689,0.0825176239665,0.149425544007,35,0
1350169200000,MAC000031,1,28.6289999,2.0569999,0.4415,1.421,0.518246553301,0.38185056894,0.0561668240461,0.289955044683,37,0
1350169200000,MAC000032,0,18.719,1.64,0.2865,0.733,0.272255049661,0.204925476788,0.18099257439,0.237792174797,21,0
1350169200000,MAC000033,0,7.391,0.463,0.1485,0.253,0.0868985254917,0.33107833852,0.140982275741,0.332568394528,21,0
1350169200000,MAC000034,0,5.552,0.258,0.104,0.192,0.0582005631893,0.385086455331,0.159942363112,0.448320413437,45,0
1350169200000,MAC000035,0,32.097,2.207,0.3925,1.331,0.539919982364,0.240770165436,0.102096769168,0.302984821024,24,0
1350169200000,MAC000036,0,2.521,0.266,0.041,0.09,0.0594933433193,0.306624355415,0.0829036096787,0.197446741855,16,8
1350169200000,MAC000037,0,0,0,0,0,0,0,0,0,0,48
1350169200000,MAC000038,0,20.2910001,1.806,0.3115,1.131,0.405752070071,0.209107485047,0.0571682023697,0.234069307171,24,0
1350169200000,MAC000039,0,12.0559999,1.596,0.107,0.572,0.374041620904,0.141755143843,0.0775547451688,0.157372596857,32,0
1350169200000,MAC000040,0,14.385,0.514,0.295,0.361,0.0665110129509,0.254223149114,0.198331595412,0.583049610895,13,0
1350169200000,MAC000041,0,7.383,0.418,0.0925,0.325,0.111232612171,0.396993092239,0.097385886496,0.367972488038,26,0
1350169200000,MAC000042,0,10.174,0.853,0.1505,0.349,0.178480152764,0.380872813053,0.101828189503,0.248485736616,22,0
1350169200000,MAC000043,0,3.486,0.168,0.0655,0.138,0.0428600557046,0.396156052783,0.126506024096,0.432291666667,29,0
1350169200000,MAC000044,1,19.3369999,1.244,0.286,0.876,0.324400660801,0.189429591919,0.10741066405,0.32383775288,23,0
1350169200000,MAC000045,0,18.6289999,2.4319999,0.188,0.928,0.474761871679,0.179075635724,0.243276607672,0.159582311078,0,0
1350169200000,MAC000046,1,14.062,1.045,0.1895,0.869,0.293369147317,0.191509031432,0.0875408903428,0.280342902711,25,0
1350169200000,MAC000047,0,5.988,0.287,0.1105,0.172,0.0583336309516,0.293921175685,0.181195724783,0.434668989547,36,0
1350169200000,MAC000048,1,4.286,0.352,0.054,0.17,0.0791754271469,0.508399440037,0.164955669622,0.253669507576,42,0
1350169200000,MAC000049,0,41.7349999,2.987,0.7355,1.913,0.732235705065,0.312399662903,0.0658919373808,0.291087768525,18,0
1350169200000,MAC000050,0,14.767,1.426,0.2315,0.602,0.272964931324,0.392632220492,0.124669872012,0.215740416082,42,0
1350169200000,MAC000051,1,17.258,1.238,0.2415,0.684,0.28969962593,0.250608413489,0.199443736238,0.290421378568,16,0
1350169200000,MAC000052,1,8.343,1.09,0.056,0.559,0.249532116858,0.317271964521,0.0709576890807,0.159461009174,30,0
1350169200000,MAC000053,0,4.732,0.655,0.067,0.159,0.104630467466,0.483093829248,0.154480135249,0.150508905852,42,0
1350169200000,MAC000054,0,11.02,0.686,0.2125,0.356,0.132997154314,0.283575317604,0.0990925589837,0.334669582119,22,0
1350169200000,MAC000055,0,9.334,0.749,0.1455,0.378,0.142327960232,0.385258195843,0.227340904221,0.259623943035,42,0
1350169200000,MAC000056,0,7.302,0.584,0.117,0.336,0.126261901254,0.267871815941,0.0703916735141,0.260488013699,16,0
1350169200000,MAC000057,0,11.749,0.901,0.1715,0.368,0.191079743343,0.219167588731,0.19269725083,0.271665741768,17,0
1350169200000,MAC000058,0,3.262,0.287,0.0515,0.108,0.0581151724069,0.359901900674,0.112814224402,0.236788617886,25,0
1350169200000,MAC000059,0,17.055,1.164,0.3345,0.454,0.151662887716,0.340428026972,0.191087657578,0.30525128866,34,0
1350169200000,MAC000060,0,10.649,0.726,0.1375,0.506,0.187072400154,0.5258709738,0.0642313832285,0.305584251607,33,0
1350169200000,MAC000061,0,5.501,0.462,0.0545,0.253,0.11424694372,0.415197236866,0.0567169605526,0.248060966811,39,2
1350169200000,MAC000062,0,11.398,0.558,0.205,0.357,0.0931005187806,0.318213721706,0.216880154413,0.425552568698,18,0
1350169200000,MAC000064,1,8.643,0.907,0.114,0.349,0.156760752721,0.387712599792,0.13768367465,0.198525358324,12,0
1350169200000,MAC000065,1,4.492,0.293,0.0465,0.239,0.0840810207809,0.535396260018,0.0750222617988,0.319397042093,39,0
1350169200000,MAC000071,1,11.588,1.012,0.131,0.623,0.241725466985,0.239040386607,0.0987228167069,0.238554018445,16,0
1350169200000,MAC000075,1,4.553,0.588,0.071,0.138,0.0951698021047,0.445640237206,0.160773116626,0.161316609977,37,0
1350169200000,MAC000076,1,17.566,1.136,0.3195,0.634,0.268970177896,0.371570078561,0.101787544119,0.322146420188,42,0
1350169200000,MAC000082,1,5.689,1.748,0.05,0.106,0.316154365618,0.196519599227,0.0957989101775,0.0678036803966,33,0
1350169200000,MAC000088,1,14.781,0.571,0.2925,0.48,0.130563906168,0.32257628036,0.131587849266,0.539295096322,28,0
1350169200000,MAC000106,1,11.757,0.82,0.1855,0.459,0.162448377217,0.254741855916,0.114995321936,0.298704268293,18,0
1350169200000,MAC000107,1,9.923,1.391,0.1425,0.459,0.252945954338,0.175753300413,0.0868688904565,0.14861909897,18,0
1350169200000,MAC000109,1,6.127,0.641,0.087,0.192,0.100033221478,0.289374897992,0.16092704423,0.199135465419,26,0
1350169200000,MAC000124,1,9.352,0.679,0.1485,0.341,0.11825455124,0.435201026518,0.164884516681,0.286941580756,36,0
1350169200000,MAC000139,1,19.115,1.508,0.292,0.526,0.30490696939,0.386712006278,0.141825791263,0.264077696729,21,0
1350169200000,MAC000141,1,5.94,0.764,0.08,0.255,0.146266238415,0.580134680135,0.169191919192,0.161976439791,36,11
1350169200000,MAC000146,1,6.524,0.789,0.0995,0.195,0.123402429969,0.296750459841,0.143930104231,0.172264469793,33,0
1350169200000,MAC000147,1,7.1879999,1.0549999,0.0755,0.274,0.200132290568,0.226210353731,0.12270450922,0.141943139442,12,0
1350169200000,MAC000158,1,4.284,0.541,0.06,0.151,0.0947939651736,0.316993464052,0.0978057889823,0.164972273567,24,0
1350169200000,MAC000165,1,7.873,0.551,0.122,0.3,0.104760737235,0.470849739616,0.127016385114,0.2976784634,36,0
1350169200000,MAC000170,1,13.136,0.761,0.2365,0.484,0.145168628001,0.377892813642,0.283800243605,0.359614542269,41,0
1350169200000,MAC000173,1,7.016,0.381,0.155,0.263,0.0880294300536,0.361031927024,0.0859464082098,0.383639545057,20,0
1350169200000,MAC000186,1,4.52,0.553,0.0925,0.172,0.0871787754496,0.324336283186,0.105973451327,0.170283303195,27,0
1350169200000,MAC000187,1,10.977,1.041,0.1995,0.479,0.210783375792,0.332513437187,0.0539309465246,0.219680595581,32,0
1350169200000,MAC000193,1,19.634,2.319,0.237,1.636,0.569492462576,0.214373026383,0.0258734847713,0.176387092137,18,0
1350169200000,MAC000194,1,10.42,1.712,0.1155,0.295,0.313838787791,0.55537428023,0.104510556622,0.126801012461,36,0
1350169200000,MAC000195,1,22.515,0.663,0.506,0.525,0.142047733504,0.274883411059,0.171441261381,0.707484917044,32,0
1350169200000,MAC000198,1,6.677,0.804,0.101,0.235,0.12267576499,0.167740002995,0.334731166692,0.17301513267,11,0
1350169200000,MAC000219,1,5.953,0.225,0.1165,0.187,0.044816984124,0.343188308416,0.180749202083,0.551203703704,38,0
1350169200000,MAC000236,1,4.324,0.324,0.059,0.179,0.0681764968462,0.332562442183,0.107076780759,0.278034979424,25,0
1350169200000,MAC000247,1,13.24,1.285,0.169,0.74,0.286259376363,0.411102719033,0.0634441087613,0.214656290532,34,0
1350169200000,MAC000257,1,22.773,1.406,0.4405,0.557,0.189594073643,0.312782681245,0.22210512449,0.337437766714,40,0
1350169200000,MAC000259,1,12.188,1.204,0.171,0.727,0.263891931269,0.279947489334,0.0702330160814,0.210894241417,28,0
1350169200000,MAC000261,1,9.862,1.191,0.1315,0.267,0.219648768713,0.256844453458,0.135063881566,0.172509095998,31,0
1350169200000,MAC000265,1,6.88,0.322,0.1425,0.242,0.0729724072662,0.278052325581,0.201744186047,0.445134575569,22,0
1350169200000,MAC000266,1,5.804,0.768,0.092,0.161,0.117210429238,0.258959338387,0.130254996554,0.157443576389,15,0
1350169200000,MAC000278,1,7.4829999,1.3839999,0.1215,0.233,0.19915813616,0.244153417669,0.126286250518,0.112641504707,20,0
1350169200000,MAC000286,1,11.82,1.16,0.161,0.343,0.216020205459,0.267428087986,0.144585448393,0.212284482759,31,0
1350169200000,MAC000288,1,15.304,1.659,0.1635,0.863,0.345922458395,0.345007841087,0.130750130685,0.192184046614,46,0
1350169200000,MAC000290,1,7.777,0.444,0.162,0.285,0.100800233462,0.387938793879,0.0819081908191,0.364911786787,40,0
1350169200000,MAC000292,1,5.096,0.314,0.1075,0.176,0.0675229384892,0.331632653061,0.100863422292,0.338110403397,35,0
1350169200000,MAC000293,1,8.802,0.722,0.137,0.294,0.126542915151,0.265394228584,0.162122244944,0.25398199446,24,0
1350169200000,MAC000298,1,2.138,0.104,0.0445,0.071,0.0212739652445,0.320392890552,0.238540692236,0.42828525641,36,0
1350255600000,MAC000002,0,10.257,1.164,0.131,0.299,0.222132764003,0.435019986351,0.12879009457,0.18358032646,38,0
1350255600000,MAC000003,0,12.77,1.455,0.172,0.583,0.295109157653,0.143696162882,0.404855129209,0.1828465063,2,0
1350255600000,MAC000004,0,1.812,0.212,0,0.179,0.0731293089899,0.225717439294,0.298013245033,0.178066037736,36,37
1350255600000,MAC000005,1,8.097,1.979,0.081,0.353,0.294358848195,0.228973693961,0.0490305051254,0.085238756948,25,0
1350255600000,MAC000006,0,3.451,0.34,0.06,0.101,0.0625160777931,0.313532309476,0.124022022602,0.211458333333,20,0
1350255600000,MAC000007,0,8.242,0.792,0.1105,0.315,0.160574224573,0.443581654938,0.107255520505,0.216803451178,17,0
1350255600000,MAC000008,0,19.761,1.091,0.3795,0.552,0.167142299186,0.269267749608,0.164414756338,0.377348762603,14,0
1350255600000,MAC000009,0,10.4040001,1.1390001,0.16,0.478,0.207286093784,0.220876583805,0.0844867350588,0.190298492584,23,0
1350255600000,MAC000010,0,24.667,1.751,0.3865,1.044,0.357624700838,0.371994973041,0.0930392832529,0.293487055016,35,0
1350255600000,MAC000012,0,1.15,0.055,0.019,0.053,0.0222316950296,0.255652173913,0.255652173913,0.435606060606,16,17
1350255600000,MAC000013,0,5.455,0.247,0.1065,0.198,0.049380111374,0.355637030247,0.232997250229,0.460104588394,18,0
1350255600000,MAC000014,1,2.959,0.445,0.108,0.178,0.0801048712626,0.571138898276,0,0.26597752809,35,0
1350255600000,MAC000015,1,8.285,0.395,0.149,0.272,0.071901477611,0.337115268558,0.178273989137,0.43697257384,38,0
1350255600000,MAC000016,0,0.477,0.163,0,0.009,0.0285827790884,0.890985324948,0.0062893081761,0.0609662576687,36,29
1350255600000,MAC000017,1,5.692,0.625,0.095,0.184,0.0918047823131,0.290934645116,0.147575544624,0.189733333333,23,0
1350255600000,MAC000018,0,11.974,0.636,0.226,0.437,0.137457562896,0.349841322866,0.239268414899,0.392230083857,43,0
1350255600000,MAC000019,0,3.427,0.14,0.0705,0.109,0.0296709310488,0.296469215057,0.207761890867,0.509970238095,33,0
1350255600000,MAC000020,0,5.572,0.29,0.0805,0.213,0.0688585002418,0.391062455133,0.123474515434,0.400287356322,35,0
1350255600000,MAC000021,0,23.998,1.155,0.4575,0.649,0.163400193586,0.29464955413,0.196516376365,0.432864357864,35,0
1350255600000,MAC000022,0,13.136,0.974,0.224,0.453,0.170138219953,0.399893422655,0.1784409257,0.280971937029,38,0
1350255600000,MAC000023,0,20.9150001,1.692,0.459,0.93,0.335529109356,0.256227586631,0.0540282091608,0.257523149379,20,0
1350255600000,MAC000024,0,10.4359999,2.5139999,0.0835,0.464,0.379873696316,0.186182447165,0.263510926251,0.0864823680317,19,0
1350255600000,MAC000025,0,4.0050001,1.4170001,0.028,0.111,0.213046262543,0.103370783936,0.0424469402635,0.0588832012668,27,0
1350255600000,MAC000026,0,16.0040001,1.6210001,0.206,0.634,0.277317504713,0.349975004062,0.114283928304,0.205685779261,19,0
1350255600000,MAC000027,0,10.482,0.594,0.2075,0.293,0.0801274050601,0.266647586338,0.197004388475,0.367634680135,16,0
1350255600000,MAC000028,0,7.036,0.605,0.11,0.218,0.0934952836006,0.340534394542,0.123649801023,0.242286501377,16,0
1350255600000,MAC000029,0,3.993,0.357,0.064,0.127,0.0743551881876,0.309792136238,0.180315552216,0.233018207283,28,3
1350255600000,MAC000030,0,12.112,1.472,0.165,0.595,0.263259878996,0.196747027741,0.105597754293,0.171422101449,28,0
1350255600000,MAC000031,1,16.137,1.118,0.1905,0.697,0.256315532779,0.429076036438,0.0902274276507,0.300704382826,37,0
1350255600000,MAC000032,0,12.443,1.008,0.162,0.407,0.206523025309,0.141766455035,0.448766374668,0.257171792328,12,0
1350255600000,MAC000033,0,5.644,0.481,0.1025,0.194,0.076629202803,0.354004252303,0.186924167257,0.244455994456,16,0
1350255600000,MAC000034,0,5.54,0.285,0.1115,0.201,0.0673850358429,0.396931407942,0.136462093863,0.404970760234,44,0
1350255600000,MAC000035,0,18.642,1.135,0.29,0.647,0.228480088939,0.266441368952,0.138933590816,0.34218061674,27,0
1350255600000,MAC000036,0,2.594,0.242,0.0395,0.087,0.0606073284669,0.313415574402,0.0817270624518,0.223312672176,40,8
1350255600000,MAC000037,0,0.813,0.812,0,0,0.115971872712,0,0,0.0208589901478,17,46
1350255600000,MAC000038,0,8.848,1.001,0.1315,0.308,0.166219525194,0.418286618445,0.0867992766727,0.184149184149,35,0
1350255600000,MAC000039,0,9.372,0.803,0.1555,0.356,0.165464938381,0.483034571063,0.1347631242,0.243150684932,37,0
1350255600000,MAC000040,0,18.8830001,1.0470001,0.369,0.515,0.186475177631,0.248265634442,0.149552506754,0.375736196603,21,0
1350255600000,MAC000041,0,8.719,0.911,0.1335,0.346,0.153936741551,0.435944489047,0.0805138203922,0.199391694109,25,0
1350255600000,MAC000042,0,13.3890001,2.0190001,0.1705,0.529,0.308476064729,0.458211969092,0.0980655754869,0.138156259667,41,0
1350255600000,MAC000043,0,3.269,0.167,0.0605,0.112,0.0368754884619,0.381768124809,0.134597736311,0.407809381238,39,0
1350255600000,MAC000044,1,15.3519999,1.1059999,0.136,0.725,0.287394999284,0.32321521185,0.179781137179,0.289180253316,35,0
1350255600000,MAC000045,0,19.262,1.687,0.234,1.1390001,0.404202347966,0.357179944969,0.172411997716,0.23787295001,28,0
1350255600000,MAC000046,1,10.743,0.731,0.206,0.361,0.163126823904,0.289583915108,0.0723261658755,0.306173050616,27,0
1350255600000,MAC000047,0,6.333,0.556,0.103,0.227,0.0936646069428,0.252013263856,0.1245855045,0.237297661871,22,0
1350255600000,MAC000048,1,4.403,0.656,0.0655,0.129,0.0900314157168,0.15875539405,0.16148080854,0.139831046748,16,0
1350255600000,MAC000049,0,35.3839998,3.497,0.3055,1.497,0.814814860786,0.431042272954,0.0623163015053,0.210799731913,31,0
1350255600000,MAC000050,0,19.005,1.883,0.2265,0.855,0.438969978389,0.593159694817,0.0584583004473,0.210269516729,37,0
1350255600000,MAC000051,1,14.457,0.834,0.267,0.582,0.210145451241,0.363560904752,0.111364736806,0.361136091127,17,0
1350255600000,MAC000052,1,6.832,1.066,0.0695,0.232,0.225639215465,0.564256440281,0.171106557377,0.133520950594,39,0
1350255600000,MAC000053,0,7.113,0.71,0.0725,0.377,0.185553974206,0.527484886827,0.10361310277,0.208714788732,40,0
1350255600000,MAC000054,0,8.169,0.389,0.142,0.267,0.081662837389,0.395764475456,0.153629575223,0.4375,43,0
1350255600000,MAC000055,0,15.291,1.873,0.1825,0.501,0.345774306584,0.2740827938,0.225426721601,0.170081420182,11,0
1350255600000,MAC000056,0,6.889,1.247,0.108,0.268,0.18607950693,0.245608941791,0.0621280301931,0.115092889602,17,0
1350255600000,MAC000057,0,10.362,0.485,0.1955,0.296,0.0740747440653,0.312680949624,0.235186257479,0.445103092784,36,0
1350255600000,MAC000058,0,2.666,0.277,0.0505,0.089,0.0412885972623,0.270442610653,0.124906226557,0.20051143201,17,0
1350255600000,MAC000059,0,17.802,0.956,0.37,0.519,0.153948804396,0.328333895068,0.153690596562,0.387944560669,38,0
1350255600000,MAC000060,0,9.901,0.855,0.16,0.469,0.178141065309,0.508837491163,0.0696899303101,0.241252436647,25,0
1350255600000,MAC000061,0,4.846,0.3,0.047,0.227,0.0827944136434,0.510317787866,0.113702022286,0.336527777778,40,0
1350255600000,MAC000062,0,10.118,0.477,0.1905,0.287,0.0747110986661,0.340976477565,0.191243328721,0.441911250874,40,0
1350255600000,MAC000064,1,6.398,0.366,0.089,0.241,0.0898700354061,0.255704907784,0.22553923101,0.364184881603,17,0
1350255600000,MAC000065,1,5.458,0.824,0.0445,0.259,0.138240273668,0.599853426163,0.0613777940638,0.137995550162,37,0
1350255600000,MAC000071,1,15.604,1.576,0.1325,0.8,0.355377254556,0.617341707255,0.0770315303768,0.206271150592,38,0
1350255600000,MAC000075,1,3.768,0.504,0.0625,0.103,0.072902903463,0.379777070064,0.194002123142,0.155753968254,41,0
1350255600000,MAC000076,1,21.3569999,1.511,0.3435,0.814,0.33802806299,0.3031792869,0.0649904015779,0.294465584326,30,0
1350255600000,MAC000082,1,3.63,0.892,0.036,0.127,0.150081175952,0.406887052342,0.118732782369,0.0847813901345,23,0
1350255600000,MAC000088,1,14.83,0.829,0.2965,0.431,0.131092359034,0.303573836817,0.14254888739,0.372687977483,18,0
1350255600000,MAC000106,1,14.966,0.969,0.2705,0.529,0.189718207518,0.363356942403,0.102766270212,0.321766425869,18,0
1350255600000,MAC000107,1,7.668,0.841,0.0975,0.341,0.156735379435,0.33776734481,0.120239958268,0.189952437574,34,0
1350255600000,MAC000109,1,7.388,0.722,0.136,0.274,0.115241563924,0.347726042231,0.121819166215,0.213180978763,29,0
1350255600000,MAC000124,1,10.504,1.048,0.169,0.323,0.168319306346,0.366812642803,0.140137090632,0.20881043257,39,0
1350255600000,MAC000139,1,17.6860001,1.0190001,0.3075,0.743,0.236413041041,0.291077686921,0.113705755322,0.361588124885,19,0
1350255600000,MAC000141,1,5.755,0.453,0.096,0.318,0.125377802326,0.541442224153,0.233014769765,0.26467071376,12,8
1350255600000,MAC000146,1,7.001,0.416,0.1225,0.262,0.0916390086115,0.293100985573,0.117126124839,0.350610977564,33,0
1350255600000,MAC000147,1,6.159,0.83,0.102,0.171,0.123622603827,0.208800129891,0.113330086053,0.154593373494,29,0
1350255600000,MAC000158,1,4.362,0.889,0.0585,0.121,0.135948002468,0.300550206327,0.0942228335626,0.1022215973,24,0
1350255600000,MAC000165,1,8.156,0.85,0.1275,0.249,0.1323247006,0.432687591957,0.13830308975,0.199901960784,37,0
1350255600000,MAC000170,1,10.805,0.933,0.167,0.391,0.144558846089,0.312725590005,0.151318833873,0.241269203287,41,0
1350255600000,MAC000173,1,5.564,0.618,0.074,0.24,0.114242584248,0.434759166068,0.136592379583,0.187567421791,17,0
1350255600000,MAC000186,1,4.244,0.443,0.088,0.148,0.0683653888228,0.305372290292,0.171065032988,0.199586155004,27,0
1350255600000,MAC000187,1,10.885,0.939,0.184,0.415,0.215402650052,0.441341295361,0.0566835094166,0.241502484913,42,0
1350255600000,MAC000193,1,12.342,1.938,0.1735,0.617,0.324938880471,0.309026089775,0.0351644790147,0.132675438596,18,0
1350255600000,MAC000194,1,9.809,0.845,0.1245,0.508,0.181251952815,0.449485166684,0.1061270262,0.241839250493,36,0
1350255600000,MAC000195,1,25.187,0.707,0.5145,0.552,0.0479230022985,0.250367252948,0.248461507921,0.742191183404,12,0
1350255600000,MAC000198,1,7.641,0.819,0.091,0.335,0.159412156616,0.18544693103,0.155738777647,0.194368131868,21,0
1350255600000,MAC000219,1,6.25,0.287,0.1295,0.195,0.0472920704829,0.33008,0.1808,0.45368757259,37,0
1350255600000,MAC000236,1,4.667,0.409,0.0705,0.192,0.081765732325,0.395757445897,0.100064281123,0.237724123879,34,0
1350255600000,MAC000247,1,14.2,1.293,0.253,0.442,0.266273068901,0.286267605634,0.0665492957746,0.228796081464,32,0
1350255600000,MAC000257,1,25.458,1.1,0.4335,0.858,0.193260793683,0.368882080289,0.181868175033,0.482159090909,37,0
1350255600000,MAC000259,1,10.018,1.038,0.1115,0.406,0.208860994277,0.406767817928,0.0705729686564,0.20106775851,34,0
1350255600000,MAC000261,1,7.871,0.424,0.1325,0.342,0.0947845120926,0.394867234151,0.147122347859,0.38674331761,39,0
1350255600000,MAC000265,1,6.439,0.201,0.1285,0.18,0.0296219158615,0.309830719056,0.227364497593,0.667392205638,16,0
1350255600000,MAC000266,1,5.15,0.79,0.0825,0.145,0.116696000776,0.259029126214,0.137475728155,0.135812236287,33,0
1350255600000,MAC000278,1,8.742,0.798,0.109,0.526,0.199648401884,0.345916266301,0.0738961336079,0.228226817043,14,0
1350255600000,MAC000286,1,10.285,0.579,0.2095,0.304,0.0937873791223,0.268838113758,0.169956246962,0.370070523892,31,0
1350255600000,MAC000288,1,7.906,0.959,0.1085,0.37,0.181017835025,0.318618770554,0.103718694662,0.171750086896,21,0
1350255600000,MAC000290,1,5.749,0.319,0.099,0.233,0.0770882177507,0.442511741172,0.11828144025,0.375457157785,41,0
1350255600000,MAC000292,1,4.948,0.398,0.0915,0.183,0.0696493698623,0.358326596605,0.105497170574,0.259003350084,34,0
1350255600000,MAC000293,1,9.932,1.572,0.133,0.279,0.22973923926,0.259867096255,0.147905759162,0.131626378287,32,0
1350255600000,MAC000298,1,2.152,0.108,0.043,0.07,0.0215622483882,0.299256505576,0.235594795539,0.41512345679,44,0
1350342000000,MAC000002,0,9.769,0.991,0.145,0.31,0.182187287974,0.365851161838,0.162145562494,0.205369155735,25,0
1350342000000,MAC000003,0,13.555,1.498,0.188,0.481,0.288735514758,0.193360383622,0.400737735153,0.188515242546,2,0
1350342000000,MAC000004,0,1.538,0.182,0,0.166,0.0667542003464,0.326397919376,0.221066319896,0.176053113553,29,39
1350342000000,MAC000005,1,3.938,0.445,0.037,0.171,0.0922981939001,0.582783138649,0.104621635348,0.18436329588,34,0
1350342000000,MAC000006,0,3.24,0.214,0.0555,0.123,0.0449230824113,0.267592592593,0.114197530864,0.315420560748,22,0
1350342000000,MAC000007,0,9.4339999,1.2589999,0.1015,0.311,0.24176166398,0.354674574461,0.0926436304075,0.156109356787,34,0
1350342000000,MAC000008,0,22.5060001,1.1210001,0.451,0.727,0.203080822397,0.354349953993,0.158757663917,0.418264906563,38,0
1350342000000,MAC000009,0,8.679,0.764,0.144,0.277,0.13882192674,0.321696047932,0.108307408688,0.236665575916,23,0
1350342000000,MAC000010,0,28.817,1.86,0.4465,1.069,0.41414583059,0.369677624319,0.090571537634,0.322771057348,19,0
1350342000000,MAC000012,0,1.14,0.053,0.0195,0.052,0.0230709954994,0.25,0.248245614035,0.448113207547,28,18
1350342000000,MAC000013,0,6.209,0.282,0.118,0.206,0.0533801186395,0.372684812369,0.205669189886,0.458702718676,37,0
1350342000000,MAC000014,1,5.175,0.717,0.089,0.195,0.113656217063,0.312077294686,0.209661835749,0.150366108787,8,0
1350342000000,MAC000015,1,8.811,0.402,0.16,0.324,0.0828330417842,0.354102826013,0.148337305641,0.466338520165,40,0
1350342000000,MAC000016,0,0.147,0.01,0,0.009,0.00410997896386,0.646258503401,0.0204081632653,0.30625,31,29
1350342000000,MAC000017,1,4.515,0.353,0.08,0.145,0.0680393287769,0.383388704319,0.135105204873,0.266466005666,15,0
1350342000000,MAC000018,0,8.527,0.513,0.133,0.302,0.0827620810877,0.267151401431,0.291309956608,0.346288174139,44,0
1350342000000,MAC000019,0,3.58,0.139,0.078,0.106,0.027260191774,0.307262569832,0.22625698324,0.536570743405,37,0
1350342000000,MAC000020,0,5.15,0.226,0.1045,0.184,0.0509251731847,0.362912621359,0.133009708738,0.474741887906,36,0
1350342000000,MAC000021,0,19.756,0.853,0.3745,0.514,0.11788868926,0.22788013768,0.218262806236,0.482512700274,13,0
1350342000000,MAC000022,0,10.046,0.47,0.183,0.294,0.0800299061349,0.371491140753,0.149512243679,0.454775916704,34,0
1350342000000,MAC000023,0,11.87,0.855,0.1545,0.504,0.190388851907,0.484245998315,0.083150800337,0.289230019493,39,0
1350342000000,MAC000024,0,28.7500001,2.211,0.4095,1.46,0.597781175394,0.42803478112,0.0942956518459,0.270899292364,37,0
1350342000000,MAC000025,0,3.766,1.724,0.026,0.066,0.252519021152,0.669410515135,0.0435475305364,0.0464777607741,34,0
1350342000000,MAC000026,0,18.575,1.779,0.212,0.593,0.355127470635,0.346325706595,0.106433378197,0.217526231966,21,0
1350342000000,MAC000027,0,9.929,0.828,0.1915,0.287,0.128714475614,0.265384228019,0.171114915903,0.249823872786,18,0
1350342000000,MAC000028,0,5.732,0.225,0.107,0.169,0.0382327484698,0.313852058618,0.253140265178,0.530740740741,0,0
1350342000000,MAC000029,0,4.899,0.706,0.0475,0.162,0.140088722817,0.207797509696,0.146560522556,0.144564447592,15,0
1350342000000,MAC000030,0,7.361,0.356,0.136,0.255,0.074337767875,0.285966580628,0.153104197799,0.430770131086,35,0
1350342000000,MAC000031,1,13.051,1.319,0.163,0.519,0.232992567353,0.420580798406,0.0904145276224,0.210523768813,15,0
1350342000000,MAC000032,0,5.516,0.643,0.084,0.183,0.103629541819,0.157360406091,0.312001450326,0.18252208729,23,0
1350342000000,MAC000033,0,6.63,0.46,0.1255,0.203,0.0829014537971,0.282805429864,0.159577677225,0.30027173913,18,0
1350342000000,MAC000034,0,5.895,0.329,0.1035,0.235,0.077800132886,0.447497879559,0.133502968617,0.373290273556,46,0
1350342000000,MAC000035,0,16.6309999,1.2359999,0.2445,0.614,0.219540704334,0.298779389687,0.151885034886,0.280322971372,29,0
1350342000000,MAC000036,0,2.318,0.28,0.0405,0.095,0.0556458138338,0.366264020708,0.109577221743,0.172470238095,15,7
1350342000000,MAC000037,0,0,0,0,0,0,0,0,0,0,48
1350342000000,MAC000038,0,10.127,1.251,0.1575,0.335,0.192949528114,0.462624666732,0.0902537770317,0.168648414602,34,0
1350342000000,MAC000039,0,6.081,0.378,0.105,0.229,0.0718882687028,0.228416378885,0.209669462259,0.335152116402,11,0
1350342000000,MAC000040,0,15.182,0.631,0.277,0.415,0.0991663077725,0.335067843499,0.201686207351,0.501254622293,35,0
1350342000000,MAC000041,0,10.526,1.044,0.1245,0.423,0.231707876281,0.380581417443,0.0716321489645,0.210049489144,46,0
1350342000000,MAC000042,0,9.018,0.414,0.155,0.345,0.100569135631,0.346418274562,0.170326014637,0.453804347826,24,0
1350342000000,MAC000043,0,2.93,0.141,0.0515,0.111,0.0313395106943,0.398634812287,0.169965870307,0.432919621749,41,0
1350342000000,MAC000044,1,14.613,0.933,0.1295,0.825,0.290542302302,0.449120646,0.217135427359,0.326299571275,34,0
1350342000000,MAC000045,0,16.3449999,1.653,0.2305,0.607,0.351741020262,0.253288468971,0.188253289619,0.206001712795,28,0
1350342000000,MAC000046,1,12.095,0.831,0.1945,0.516,0.192459247806,0.256304257958,0.0885489871848,0.303224027276,28,0
1350342000000,MAC000047,0,5.608,0.28,0.1175,0.166,0.0547248166334,0.280135520685,0.131776034237,0.417261904762,21,0
1350342000000,MAC000048,1,4.432,0.426,0.068,0.167,0.0724495034873,0.409972924188,0.188402527076,0.216744913928,42,0
1350342000000,MAC000049,0,25.9220002,2.4289999,0.27,1.2460001,0.576525913566,0.479939819613,0.0914281298401,0.22233087405,37,0
1350342000000,MAC000050,0,24.8479996,2.6129999,0.2675,1.382,0.590803891793,0.644357689059,0.0436252421704,0.198112008475,37,0
1350342000000,MAC000051,1,19.1389999,2.128,0.366,0.823,0.360192579923,0.344479854457,0.0970792627466,0.187372727718,23,0
1350342000000,MAC000052,1,4.939,0.601,0.0775,0.171,0.0972032320243,0.309171897145,0.152055071877,0.171207709373,32,0
1350342000000,MAC000053,0,9.489,0.956,0.07,0.762,0.27070841911,0.547897565602,0.0769311834756,0.206786087866,42,0
1350342000000,MAC000054,0,7.88,0.404,0.1375,0.293,0.0936120837404,0.447461928934,0.122461928934,0.406353135314,34,0
1350342000000,MAC000055,0,10.741,0.518,0.185,0.367,0.103467031702,0.388790615399,0.172144120659,0.43199002574,36,0
1350342000000,MAC000056,0,6.059,0.477,0.105,0.24,0.0977431241365,0.262914672388,0.0835121307146,0.26463137666,33,0
1350342000000,MAC000057,0,10.601,0.414,0.196,0.331,0.070791651339,0.313272332799,0.229034996698,0.533464170692,22,0
1350342000000,MAC000058,0,2.636,0.225,0.044,0.098,0.0455854661293,0.25531107739,0.134294385432,0.244074074074,16,0
1350342000000,MAC000059,0,17.523,1.682,0.3065,0.51,0.225209754659,0.301432403127,0.163271129373,0.217040725327,31,0
1350342000000,MAC000060,0,5.57,0.284,0.0685,0.255,0.0945874723764,0.510592459605,0.0951526032316,0.40859741784,43,0
1350342000000,MAC000061,0,5.706,0.283,0.069,0.231,0.0832908120683,0.378548895899,0.090255871013,0.420053003534,39,0
1350342000000,MAC000062,0,9.559,0.396,0.1735,0.308,0.0774833287401,0.365100951982,0.176064441887,0.502893518519,39,0
1350342000000,MAC000064,1,11.249,1.37,0.0875,0.616,0.280300767747,0.479420392924,0.315494710641,0.171061435523,35,0
1350342000000,MAC000065,1,6.615,1.003,0.044,0.271,0.22043013408,0.74134542706,0.048828420257,0.137400299103,44,0
1350342000000,MAC000071,1,19.6489999,1.816,0.153,1.02,0.4439140036,0.485826253172,0.106977454868,0.225415288867,35,0
1350342000000,MAC000075,1,3.109,0.205,0.056,0.094,0.0322924395069,0.286265680283,0.227082663236,0.315955284553,43,0
1350342000000,MAC000076,1,18.299,1.585,0.2595,0.887,0.335162164704,0.480791300071,0.0937209683589,0.240523133544,41,0
1350342000000,MAC000082,1,6.402,0.747,0.0475,0.515,0.200399249936,0.468134957826,0.0649796938457,0.178547523427,29,0
1350342000000,MAC000088,1,13.961,0.883,0.235,0.45,0.158643335502,0.361292171048,0.121911037891,0.329393167233,17,0
1350342000000,MAC000106,1,16.137,1.124,0.223,0.668,0.242985995503,0.413397781496,0.106649315238,0.299099199288,38,0
1350342000000,MAC000107,1,5.781,0.532,0.067,0.175,0.109181024422,0.305483480367,0.152741740183,0.226386278195,21,0
1350342000000,MAC000109,1,6.909,0.35,0.1335,0.219,0.0702517515351,0.355912577797,0.162396873643,0.41125,37,0
1350342000000,MAC000124,1,9.831,0.696,0.1685,0.33,0.105076887772,0.27199674499,0.18044959821,0.294270833333,18,0
1350342000000,MAC000139,1,20.408,1.807,0.28,0.715,0.359058452375,0.465895727166,0.0896217169737,0.235288692123,14,0
1350342000000,MAC000141,1,4.419,0.401,0.0875,0.174,0.0942974916267,0.51369088029,0.315003394433,0.229582294264,39,13
1350342000000,MAC000146,1,5.412,0.297,0.0985,0.189,0.0569138603505,0.376201034738,0.180524759793,0.37962962963,39,0
1350342000000,MAC000147,1,7.122,0.84,0.104,0.292,0.149096691612,0.296405504072,0.0935130581297,0.180395136778,23,0
1350342000000,MAC000158,1,3.496,0.307,0.0565,0.132,0.0545956093066,0.401601830664,0.120423340961,0.237242128122,26,0
1350342000000,MAC000165,1,7.098,0.778,0.1125,0.272,0.129962915384,0.507466892082,0.154691462384,0.190070694087,35,0
1350342000000,MAC000170,1,11.142,1.036,0.1585,0.389,0.172753632982,0.248788368336,0.139113265123,0.224058880309,25,0
1350342000000,MAC000173,1,5.491,0.567,0.077,0.253,0.108084214771,0.444727736296,0.142414860681,0.201756319812,13,0
1350342000000,MAC000186,1,3.53,0.231,0.0735,0.124,0.0472942730559,0.315864022663,0.198300283286,0.318362193362,16,0
1350342000000,MAC000187,1,7.789,0.666,0.1285,0.331,0.14790956409,0.501476441135,0.0618821414816,0.2436498999,42,0
1350342000000,MAC000193,1,12.2409999,1.3559999,0.2055,0.4,0.294016182908,0.238542604677,0.0339024592264,0.188068473493,26,0
1350342000000,MAC000194,1,7.396,0.63,0.1055,0.293,0.122613694405,0.302460789616,0.222417522985,0.244576719577,12,0
1350342000000,MAC000195,1,25.006,0.679,0.5085,0.584,0.0416037650206,0.25781812365,0.248420379109,0.767243495336,41,0
1350342000000,MAC000198,1,8.92,0.712,0.125,0.327,0.15255153956,0.485426008969,0.264461883408,0.261001872659,40,0
1350342000000,MAC000219,1,6.055,0.296,0.1,0.207,0.0592958646616,0.364327002477,0.176383154418,0.426168355856,20,0
1350342000000,MAC000236,1,3.755,0.317,0.058,0.145,0.0566592029454,0.413581890812,0.112383488682,0.252030337607,34,0
1350342000000,MAC000247,1,8.663,0.554,0.155,0.345,0.117930238839,0.376774789334,0.108969179268,0.325774669073,38,0
1350342000000,MAC000257,1,21.958,0.949,0.377,0.774,0.169105977414,0.373030330631,0.204116950542,0.482042500878,38,0
1350342000000,MAC000259,1,9.456,1.345,0.114,0.33,0.233276213247,0.274957698816,0.0691624365482,0.146468401487,17,0
1350342000000,MAC000261,1,6.82,0.29,0.13,0.247,0.0674199628366,0.35366568915,0.176246334311,0.489942528736,41,0
1350342000000,MAC000265,1,8.059,0.475,0.116,0.401,0.104881925592,0.450800347438,0.172229805187,0.353464912281,40,0
1350342000000,MAC000266,1,6.859,1.075,0.0945,0.172,0.183659585418,0.374835981922,0.113281819507,0.132926356589,33,0
1350342000000,MAC000278,1,7.23,1.224,0.0875,0.301,0.18855101266,0.244813278008,0.09377593361,0.123059640523,19,0
1350342000000,MAC000286,1,13.731,0.917,0.2455,0.488,0.174521775892,0.241206030151,0.141140485034,0.31195474373,31,0
1350342000000,MAC000288,1,8.172,0.936,0.128,0.276,0.152857271352,0.344958394518,0.153940283896,0.185761047463,32,0
1350342000000,MAC000290,1,6.883,0.771,0.1235,0.229,0.116328331957,0.341856748511,0.102426267616,0.185986813662,19,0
1350342000000,MAC000292,1,5.268,0.281,0.1075,0.219,0.070760894332,0.42331055429,0.0960516324981,0.390569395018,41,0
1350342000000,MAC000293,1,6.892,0.576,0.121,0.198,0.0918442597855,0.226059199071,0.228235635519,0.24927662037,22,0
1350342000000,MAC000298,1,2.066,0.08,0.042,0.069,0.0197821029525,0.24733785092,0.25701839303,0.538020833333,2,0
1350428400000,MAC000002,0,10.885,0.784,0.148,0.502,0.182477537383,0.257694074414,0.138631143776,0.289248511905,20,0
1350428400000,MAC000003,0,44.2670002,3.5280001,0.235,2.665,1.13977915267,0.0583278737736,0.670635014026,0.261402818791,2,0
1350428400000,MAC000004,0,1.59,0.197,0,0.146,0.0614531071224,0.221383647799,0.230817610063,0.168147208122,1,34
1350428400000,MAC000005,1,4.55,0.551,0.038,0.182,0.0996460315177,0.407912087912,0.0881318681319,0.17203569268,32,0
1350428400000,MAC000006,0,3.059,0.178,0.0555,0.113,0.039218267206,0.351748937561,0.103301732592,0.358029026217,17,0
1350428400000,MAC000007,0,9.654,1.349,0.113,0.425,0.233443749916,0.504454112285,0.0917754298736,0.149091919941,36,0
1350428400000,MAC000008,0,20.436,1.252,0.3795,0.55,0.184043982515,0.308964572323,0.202975141906,0.340055910543,19,0
1350428400000,MAC000009,0,8.115,0.565,0.1505,0.257,0.115207675932,0.340973505853,0.094516327788,0.299225663717,23,0
1350428400000,MAC000010,0,28.3560001,1.464,0.464,1.164,0.376384642239,0.321378193958,0.14536605958,0.403517760986,16,0
1350428400000,MAC000012,0,1.123,0.054,0.018,0.052,0.022862578215,0.26803205699,0.245770258237,0.43325617284,4,19
1350428400000,MAC000013,0,5.841,0.292,0.106,0.213,0.0574304493315,0.396336243794,0.231980825201,0.416738013699,38,0
1350428400000,MAC000014,1,4.27,0.712,0.037,0.166,0.141977398191,0.312646370023,0.244028103044,0.124941479401,8,0
1350428400000,MAC000015,1,10.196,0.422,0.162,0.391,0.106719030116,0.420360925853,0.139172224402,0.503357030016,43,0
1350428400000,MAC000016,0,0.147,0.01,0,0.009,0.00407945181162,0.639455782313,0.0204081632653,0.30625,31,29
1350428400000,MAC000017,1,7.771,0.967,0.082,0.426,0.206681038437,0.632737099472,0.100501865912,0.167420716994,35,0
1350428400000,MAC000018,0,14.066,0.739,0.205,0.54,0.184837198449,0.353049907579,0.239513721029,0.396538114569,43,0
1350428400000,MAC000019,0,3.579,0.153,0.0755,0.107,0.0295627202247,0.296730930427,0.216540933222,0.487336601307,33,0
1350428400000,MAC000020,0,7.829,0.658,0.106,0.337,0.137688089473,0.330438114702,0.08557925661,0.247878672746,28,0
1350428400000,MAC000021,0,37.9449996,2.233,0.467,1.848,0.554658927367,0.504177095841,0.118144684339,0.354017386923,39,0
1350428400000,MAC000022,0,10.729,0.945,0.1995,0.279,0.12463947836,0.373194146705,0.185385404045,0.236529982363,39,0
1350428400000,MAC000023,0,16.3370001,1.4960001,0.222,0.547,0.31206220034,0.44059496578,0.0751055880816,0.227509455882,19,0
1350428400000,MAC000024,0,18.0089999,2.5539999,0.197,0.97,0.455749402924,0.210450331559,0.168138154079,0.146901923495,29,0
1350428400000,MAC000025,0,4.129,1.594,0.029,0.135,0.236353944469,0.0789537418261,0.0414143860499,0.0539653910498,26,0
1350428400000,MAC000026,0,16.437,1.226,0.243,0.675,0.222441275607,0.29987223946,0.12131167488,0.279312805873,17,0
1350428400000,MAC000027,0,7.739,0.522,0.126,0.244,0.0856765330529,0.302364646595,0.204160744282,0.308868135377,15,0
1350428400000,MAC000028,0,5.918,0.523,0.1015,0.178,0.0707091926878,0.331361946604,0.171341669483,0.23573932441,19,0
1350428400000,MAC000029,0,6.5660001,1.2180001,0.047,0.158,0.255020347755,0.126104171092,0.0982333216839,0.112308421609,30,0
1350428400000,MAC000030,0,7.703,1.012,0.143,0.245,0.141410709222,0.324548877061,0.138777099831,0.161950214448,34,0
1350428400000,MAC000031,1,25.1750001,1.598,0.276,1.334,0.510746800611,0.339304864591,0.0446474675486,0.328209742647,34,0
1350428400000,MAC000032,0,5.498,1.33,0.0475,0.257,0.213170506709,0.122226264096,0.586576937068,0.0861215538847,6,0
1350428400000,MAC000033,0,8.799,0.695,0.157,0.265,0.126096219255,0.433799295374,0.159108989658,0.263758992806,39,0
1350428400000,MAC000034,0,5.64,0.241,0.1095,0.191,0.0564106963852,0.353191489362,0.159574468085,0.48755186722,35,0
1350428400000,MAC000035,0,19.026,1.308,0.3825,0.58,0.198513919012,0.318301271944,0.134395038369,0.303038990826,21,0
1350428400000,MAC000036,0,3.19,0.231,0.06,0.126,0.0613004752338,0.27210031348,0.0705329153605,0.287698412698,14,6
1350428400000,MAC000037,0,0,0,0,0,0,0,0,0,0,48
1350428400000,MAC000038,0,8.717,1.39,0.135,0.257,0.198793521397,0.456579098314,0.140988872318,0.130650479616,36,0
1350428400000,MAC000039,0,8.84,0.929,0.127,0.324,0.171520933287,0.524660633484,0.149547511312,0.198241837101,37,0
1350428400000,MAC000040,0,14.114,0.604,0.274,0.384,0.0777498548587,0.294105143829,0.204761229984,0.486823951435,14,0
1350428400000,MAC000041,0,10.195,0.857,0.123,0.479,0.185130217638,0.484453163315,0.0685630210888,0.247836444963,21,0
1350428400000,MAC000042,0,11.436,0.816,0.168,0.485,0.186048884705,0.40783490731,0.0957502623295,0.291973039216,35,0
1350428400000,MAC000043,0,4.053,0.354,0.066,0.127,0.0711330637637,0.285961016531,0.123118677523,0.238524011299,17,0
1350428400000,MAC000044,1,11.894,0.891,0.1475,0.507,0.210999008522,0.265427946864,0.128804439213,0.278105125327,17,0
1350428400000,MAC000045,0,17.061,1.7410001,0.2435,0.655,0.349463754371,0.125315046011,0.176132700311,0.204157081898,28,0
1350428400000,MAC000046,1,13.695,1.017,0.213,0.576,0.218236125585,0.324059875867,0.0676889375685,0.280543264503,34,0
1350428400000,MAC000047,0,5.193,0.253,0.085,0.169,0.0523794871785,0.30271519353,0.140958983247,0.427618577075,16,0
1350428400000,MAC000048,1,7.286,1.015,0.0805,0.213,0.197216775649,0.367005215482,0.108701619544,0.149548440066,42,0
1350428400000,MAC000049,0,28.0379999,2.4189999,0.3325,1.166,0.574243427234,0.350773950891,0.0893073688897,0.241473758604,32,0
1350428400000,MAC000050,0,25.2060001,2.325,0.203,1.497,0.599335211039,0.62175672609,0.0492739821897,0.22586021595,34,0
1350428400000,MAC000051,1,14.849,1.402,0.244,0.512,0.247456687252,0.346690012795,0.173075627988,0.220652044698,25,0
1350428400000,MAC000052,1,4.005,0.573,0.065,0.121,0.0859641170901,0.452184769039,0.183270911361,0.145615183246,35,0
1350428400000,MAC000053,0,8.491,1.348,0.0775,0.289,0.267703757257,0.556942645154,0.0930396890826,0.131228363007,42,0
1350428400000,MAC000054,0,8.32,0.481,0.1345,0.258,0.098017926365,0.378725961538,0.154927884615,0.36036036036,43,0
1350428400000,MAC000055,0,12.433,0.557,0.247,0.458,0.127707427607,0.332180487413,0.137617630499,0.465028426092,32,0
1350428400000,MAC000056,0,7.141,1.408,0.1365,0.251,0.200097605306,0.263688559025,0.0512533258647,0.10566110322,17,0
1350428400000,MAC000057,0,12.19,1.108,0.235,0.318,0.144636895698,0.302543068089,0.205660377358,0.229204271961,36,0
1350428400000,MAC000058,0,3.322,0.25,0.0665,0.106,0.0464811603113,0.318482841662,0.111980734497,0.276833333333,22,0
1350428400000,MAC000059,0,16.644,0.885,0.388,0.464,0.127388268444,0.296803652968,0.158435472242,0.400144248107,34,0
1350428400000,MAC000060,0,4.581,0.283,0.0505,0.257,0.0930255131335,0.623226369788,0.11394891945,0.337234982332,36,0
1350428400000,MAC000061,0,4.586,0.329,0.0605,0.209,0.0818089640395,0.560619276058,0.124727431313,0.290400202634,38,0
1350428400000,MAC000062,0,9.623,0.424,0.1875,0.316,0.0710577785982,0.319027330354,0.1881949496,0.47282822327,13,0
1350428400000,MAC000064,1,19.208,1.9,0.2195,0.972,0.429967892858,0.188931695127,0.347511453561,0.210614035088,11,0
1350428400000,MAC000065,1,4.358,0.389,0.0405,0.215,0.0943135193414,0.544515832951,0.0729692519504,0.233397600686,37,0
1350428400000,MAC000071,1,13.7569999,2.1489999,0.1175,0.726,0.407041385762,0.443919462411,0.0931162324134,0.133366299637,33,0
1350428400000,MAC000075,1,10.6850001,1.168,0.069,0.95,0.352517660841,0.779036033888,0.0683200742319,0.190585760916,40,0
1350428400000,MAC000076,1,21.06,1.539,0.3595,1.023,0.364322572655,0.357597340931,0.0449667616334,0.285087719298,40,0
1350428400000,MAC000082,1,3.604,1.245,0.05,0.082,0.175158955587,0.257769145394,0.166759156493,0.0603078982597,30,0
1350428400000,MAC000088,1,12.38,0.556,0.2305,0.415,0.114425709766,0.380371567044,0.131987075929,0.463878896882,39,0
1350428400000,MAC000106,1,13.922,0.89,0.2725,0.452,0.154661991443,0.36898434133,0.110328975722,0.325889513109,35,0
1350428400000,MAC000107,1,5.523,0.385,0.067,0.2,0.0780943356487,0.312511316314,0.154807170016,0.298863636364,35,0
1350428400000,MAC000109,1,7.04,0.374,0.13,0.259,0.080398054841,0.345028409091,0.132954545455,0.392156862745,34,0
1350428400000,MAC000124,1,9.805,0.373,0.204,0.292,0.0708950925615,0.321774604793,0.153799082101,0.547642984808,25,0
1350428400000,MAC000139,1,14.124,1.26,0.1875,0.544,0.220131163552,0.447323704333,0.133743981875,0.233531746032,39,0
1350428400000,MAC000141,1,6.256,0.762,0.077,0.354,0.164264184234,0.58631713555,0.165441176471,0.17104111986,37,12
1350428400000,MAC000146,1,6.193,0.792,0.1015,0.199,0.111437667477,0.449539803003,0.14920071048,0.162905092593,36,0
1350428400000,MAC000147,1,6.057,0.661,0.09,0.192,0.12066096722,0.287270926201,0.155027241209,0.190903933434,31,0
1350428400000,MAC000158,1,6.655,1.501,0.062,0.286,0.244521342762,0.256649135988,0.0626596543952,0.0923689762381,21,0
1350428400000,MAC000165,1,6.647,0.33,0.1215,0.219,0.0633400181505,0.365578456447,0.153302241613,0.419633838384,35,0
1350428400000,MAC000170,1,12.023,1.045,0.1885,0.464,0.183957874433,0.395076104134,0.129834483906,0.239692982456,44,0
1350428400000,MAC000173,1,5.44,0.352,0.0775,0.251,0.0882372118528,0.432169117647,0.146875,0.32196969697,34,0
1350428400000,MAC000186,1,2.764,0.233,0.038,0.116,0.0472880505225,0.360347322721,0.20513748191,0.247138769671,14,0
1350428400000,MAC000187,1,9.412,0.994,0.163,0.318,0.180015836495,0.51614959626,0.0702294942626,0.197266934943,36,0
1350428400000,MAC000193,1,12.513,1.289,0.2255,0.561,0.296478298549,0.27395508671,0.0332454247583,0.202240108611,22,0
1350428400000,MAC000194,1,8.957,0.817,0.1155,0.392,0.169123689892,0.438651334152,0.12135759741,0.228401672787,40,0
1350428400000,MAC000195,1,25.569,0.911,0.508,0.584,0.0788067669075,0.243302436544,0.253158121162,0.584728320527,30,0
1350428400000,MAC000198,1,8.277,1.103,0.125,0.247,0.152011636924,0.292738915066,0.171559743869,0.156334995467,47,0
1350428400000,MAC000219,1,6.042,0.244,0.1165,0.2,0.0503465593826,0.357663025488,0.157067196293,0.515881147541,23,0
1350428400000,MAC000236,1,3.788,0.356,0.062,0.145,0.0594319755874,0.435850052798,0.119060190074,0.221676029963,34,0
1350428400000,MAC000247,1,10.149,0.601,0.2045,0.371,0.123758148932,0.3196374027,0.0938023450586,0.351809484193,25,0
1350428400000,MAC000257,1,26.0130001,1.88,0.4535,0.75,0.258338961279,0.371775653051,0.178026370745,0.288264628768,39,0
1350428400000,MAC000259,1,10.365,1.332,0.143,0.387,0.217029990847,0.436468885673,0.0922334780511,0.16211524024,34,0
1350428400000,MAC000261,1,6.882,0.313,0.1275,0.236,0.0692695895878,0.362394652717,0.162016855565,0.458067092652,34,0
1350428400000,MAC000265,1,10.02,0.41,0.185,0.341,0.0914980646426,0.385628742515,0.147405189621,0.509146341463,40,0
1350428400000,MAC000266,1,6.196,0.924,0.098,0.198,0.13547431556,0.305035506779,0.132020658489,0.142672929907,33,0
1350428400000,MAC000278,1,8.636,1.426,0.117,0.38,0.234172286409,0.29249652617,0.0726030569708,0.126168770453,24,0
1350428400000,MAC000286,1,11.979,0.82,0.226,0.328,0.120793540502,0.26563152183,0.152099507471,0.304344512195,17,0
1350428400000,MAC000288,1,10.3849999,1.5779999,0.131,0.432,0.252943369273,0.285989410554,0.236976400934,0.137106576866,0,0
1350428400000,MAC000290,1,6.422,0.326,0.096,0.271,0.0884778593617,0.441451261289,0.101993148552,0.410403885481,40,0
1350428400000,MAC000292,1,4.869,0.27,0.0915,0.17,0.0616549221643,0.284452659684,0.111521873075,0.375694444444,25,0
1350428400000,MAC000293,1,6.547,0.312,0.1195,0.202,0.0509451255369,0.376050099282,0.214907591263,0.437166132479,34,0
1350428400000,MAC000298,1,2.375,0.108,0.0515,0.077,0.0246153657832,0.248,0.293052631579,0.458140432099,2,0
1350514800000,MAC000002,0,10.751,0.897,0.166,0.332,0.172420693072,0.427867175146,0.203329922798,0.249698067633,38,0
1350514800000,MAC000003,0,20.815,2.177,0.244,0.979,0.478359548252,0.111554167668,0.538698054288,0.19919422753,2,0
1350514800000,MAC000004,0,1.895,0.265,0,0.188,0.0772077796122,0.359366754617,0.234828496042,0.148977987421,5,35
1350514800000,MAC000005,1,4.427,0.464,0.035,0.249,0.1115347927,0.428506889541,0.089676982155,0.198769755747,24,0
1350514800000,MAC000006,0,3.042,0.202,0.055,0.101,0.0395677820329,0.345825115056,0.114069690993,0.313737623762,17,0
1350514800000,MAC000007,0,6.47,1.054,0.0875,0.213,0.160576819406,0.207882534776,0.141731066461,0.127885831752,24,0
1350514800000,MAC000008,0,19.368,0.679,0.3895,0.543,0.108072892068,0.288878562577,0.204925650558,0.594256259205,21,0
1350514800000,MAC000009,0,9.234,1.402,0.1515,0.315,0.209029466125,0.301386181503,0.0747238466537,0.137214693295,23,0
1350514800000,MAC000010,0,25.574,1.891,0.499,0.845,0.324849661924,0.41381872214,0.0923203253304,0.287745986026,35,0
1350514800000,MAC000012,0,1.16,0.054,0.0185,0.052,0.023337499628,0.250862068966,0.243965517241,0.447530864198,5,18
1350514800000,MAC000013,0,5.759,0.325,0.112,0.196,0.0603995342088,0.395033860045,0.218267060254,0.369166666667,37,0
1350514800000,MAC000014,1,7.288,1.388,0.0895,0.305,0.233898779152,0.19058726674,0.166026344676,0.109390009606,18,0
1350514800000,MAC000015,1,7.951,0.347,0.1565,0.263,0.0588534513231,0.317947427996,0.178090806188,0.477365513929,44,0
1350514800000,MAC000016,0,0.147,0.01,0,0.009,0.00413524611319,0.632653061224,0.0204081632653,0.30625,36,29
1350514800000,MAC000017,1,5.412,0.326,0.0845,0.208,0.0714415553675,0.328713968958,0.116592756837,0.345858895706,36,0
1350514800000,MAC000018,0,9.962,0.504,0.1485,0.448,0.125345016909,0.241116241719,0.362678177073,0.411789021164,46,0
1350514800000,MAC000019,0,3.529,0.146,0.075,0.106,0.0292289736273,0.275715500142,0.239727968263,0.503567351598,34,0
1350514800000,MAC000020,0,5.286,0.361,0.075,0.207,0.0721060055867,0.469920544835,0.133938706016,0.305055401662,38,0
1350514800000,MAC000021,0,18.977,0.608,0.376,0.496,0.0718987973889,0.242451388523,0.239500447911,0.650253563596,11,0
1350514800000,MAC000022,0,9.817,0.409,0.1815,0.299,0.0769155352707,0.339818681878,0.189874707141,0.500050937245,40,0
1350514800000,MAC000023,0,19.38,1.235,0.2855,0.879,0.340364173839,0.42213622291,0.0557275541796,0.326923076923,36,0
1350514800000,MAC000024,0,13.0249999,2.0799999,0.129,0.715,0.385840819333,0.0700191943955,0.194241844102,0.130458739245,23,0
1350514800000,MAC000025,0,4.6339999,1.5319999,0.0285,0.162,0.234168993,0.108113942773,0.0414328882484,0.0630167564524,27,0
1350514800000,MAC000026,0,15.678,0.943,0.223,0.549,0.201576042827,0.414785049113,0.126482969767,0.346367974549,37,0
1350514800000,MAC000027,0,8.048,0.399,0.131,0.257,0.0740856298857,0.332877733598,0.189239562624,0.420217209691,13,0
1350514800000,MAC000028,0,5.177,0.205,0.097,0.145,0.0299102752574,0.278732856867,0.240486768399,0.526117886179,20,0
1350514800000,MAC000029,0,6.3870001,1.8940001,0.0535,0.111,0.31662784295,0.140284951616,0.0878346627864,0.0702547492386,27,0
1350514800000,MAC000030,0,9.408,1.255,0.1185,0.334,0.2394321407,0.194196428571,0.107142857143,0.156175298805,22,0
1350514800000,MAC000031,1,16.469,2.059,0.12,0.96,0.465324583829,0.522618252474,0.0759001760884,0.166636312126,37,0
1350514800000,MAC000032,0,4.398,0.757,0.0555,0.161,0.140285219137,0.204183719873,0.113460663938,0.121036988111,15,0
1350514800000,MAC000033,0,6.718,0.284,0.1405,0.228,0.063069392449,0.350253051503,0.143643941649,0.492811032864,16,0
1350514800000,MAC000034,0,5.932,0.24,0.1235,0.204,0.0585269999421,0.314396493594,0.173465947404,0.514930555556,47,0
1350514800000,MAC000035,0,26.7369999,1.604,0.45,1.04,0.364580433477,0.268466919507,0.0935033851722,0.347269844919,27,0
1350514800000,MAC000036,0,2.747,0.221,0.045,0.138,0.0574029033758,0.329086275937,0.08081543502,0.258955505279,14,10
1350514800000,MAC000037,0,0.779,0.779,0,0,0.111261561119,0,0,0.0208333333333,17,47
1350514800000,MAC000038,0,11.7779999,1.0829999,0.1695,0.486,0.206482802072,0.502971637825,0.0696213284906,0.226569732755,34,0
1350514800000,MAC000039,0,12.758,1.617,0.1465,0.655,0.312851266468,0.360322934629,0.0988399435648,0.164373325088,21,0
1350514800000,MAC000040,0,18.8729999,1.0829999,0.3655,0.501,0.168210506418,0.252530070749,0.162666243643,0.36305404822,24,0
1350514800000,MAC000041,0,6.651,0.448,0.106,0.271,0.103209718989,0.489099383551,0.102240264622,0.309291294643,38,0
1350514800000,MAC000042,0,8.911,0.58,0.153,0.324,0.114825984822,0.349455728874,0.123555156548,0.326889214967,25,0
1350514800000,MAC000043,0,3.114,0.161,0.0505,0.123,0.0400242764873,0.45183044316,0.148683365446,0.402950310559,35,0
1350514800000,MAC000044,1,15.646,1.281,0.127,0.794,0.318419662705,0.398951808769,0.188802249776,0.254456154046,40,0
1350514800000,MAC000045,0,14.621,1.674,0.1665,0.612,0.378645103163,0.171944463443,0.219478831817,0.181961867782,28,0
1350514800000,MAC000046,1,12.16,0.849,0.21,0.648,0.227148906276,0.468996710526,0.0707236842105,0.304738992056,34,0
1350514800000,MAC000047,0,4.942,0.246,0.0755,0.169,0.0511199399832,0.323553217321,0.153379198705,0.418529810298,16,0
1350514800000,MAC000048,1,4.242,0.836,0.06,0.092,0.113731706404,0.220886374352,0.185525695427,0.105711722488,46,0
1350514800000,MAC000049,0,30.1719999,4.2280002,0.3575,1.321,0.730977749122,0.373127397498,0.101617393947,0.148671547189,32,0
1350514800000,MAC000050,0,29.221,2.9979999,0.322,1.538,0.659392872874,0.636768077752,0.041613907806,0.207379394594,36,0
1350514800000,MAC000051,1,28.3940001,1.783,0.4975,1.353,0.476138900628,0.407762205368,0.0745932236578,0.331767621284,36,0
1350514800000,MAC000052,1,2.355,0.135,0.046,0.08,0.0291600513331,0.213588110403,0.225053078556,0.363425925926,16,0
1350514800000,MAC000053,0,6.089,0.858,0.074,0.192,0.174537663863,0.442765642963,0.124651010018,0.150994395675,42,0
1350514800000,MAC000054,0,8.26,0.345,0.166,0.284,0.0761087033277,0.3700968523,0.129176755448,0.498792270531,39,0
1350514800000,MAC000055,0,7.276,0.678,0.135,0.186,0.0887625186789,0.213304013194,0.332462891699,0.223574237955,8,0
1350514800000,MAC000056,0,5.941,0.389,0.084,0.273,0.0973071253779,0.346574650732,0.0999831678169,0.318176949443,17,0
1350514800000,MAC000057,0,9.87,0.447,0.1875,0.319,0.0835006549376,0.357345491388,0.243465045593,0.460011185682,37,0
1350514800000,MAC000058,0,3.209,0.275,0.054,0.109,0.0521820471809,0.394827048925,0.119040199439,0.248278529981,16,0
1350514800000,MAC000059,0,16.885,0.975,0.3325,0.479,0.147938365486,0.352798341723,0.162214983713,0.360790598291,37,0
1350514800000,MAC000060,0,4.557,0.284,0.05,0.26,0.0939377243793,0.626289225368,0.114549045425,0.341399460593,41,0
1350514800000,MAC000061,0,4.349,0.287,0.0645,0.204,0.0695110121921,0.491147390205,0.0825477121177,0.315693960511,38,2
1350514800000,MAC000062,0,10.516,0.687,0.1785,0.349,0.128207974488,0.317421072651,0.164130848231,0.318898592916,22,0
1350514800000,MAC000064,1,12.887,1.5140001,0.088,0.54,0.311498328646,0.316442926981,0.324357887794,0.177331009864,9,0
1350514800000,MAC000065,1,4.437,0.355,0.041,0.266,0.100169146219,0.636691458192,0.0741491999098,0.265927479772,37,0
1350514800000,MAC000071,1,13.911,1.399,0.146,0.722,0.308345515606,0.479979872044,0.104305944936,0.211564491354,34,0
1350514800000,MAC000075,1,4.755,0.33,0.0805,0.199,0.0623295697115,0.323869610936,0.198738170347,0.300189393939,15,0
1350514800000,MAC000076,1,15.35,1.277,0.2955,0.575,0.23535779131,0.414397394137,0.0628013029316,0.250424171235,37,0
1350514800000,MAC000082,1,4.013,0.922,0.046,0.125,0.158112746359,0.401694492898,0.123847495639,0.0926062675959,29,0
1350514800000,MAC000088,1,12.942,0.624,0.2325,0.444,0.132091134102,0.379925822902,0.135527739144,0.432091346154,25,0
1350514800000,MAC000106,1,16.1110001,1.0880001,0.2495,0.557,0.223249819412,0.342933397412,0.108435229915,0.308497982139,30,0
1350514800000,MAC000107,1,11.263,1.024,0.131,0.536,0.241800665975,0.224007813194,0.0786646541774,0.229146321615,33,0
1350514800000,MAC000109,1,7.999,0.807,0.125,0.238,0.1431152638,0.459682460308,0.134391798975,0.206500413052,35,0
1350514800000,MAC000124,1,9.382,0.411,0.1565,0.359,0.0942286576926,0.415263270092,0.171498614368,0.475567721006,39,0
1350514800000,MAC000139,1,26.4519999,1.666,0.4175,1.091,0.376265021341,0.268070464494,0.109443520752,0.330782311675,33,0
1350514800000,MAC000141,1,5.343,0.514,0.082,0.307,0.117909107869,0.531162268389,0.211304510575,0.221168970941,14,10
1350514800000,MAC000146,1,5.634,0.364,0.106,0.181,0.0571130335094,0.327476038339,0.181043663472,0.329319616554,33,0
1350514800000,MAC000147,1,6.044,0.347,0.111,0.197,0.0664106019816,0.266214427531,0.148908007942,0.362872238232,32,0
1350514800000,MAC000158,1,3.287,0.158,0.0625,0.129,0.0414799095865,0.36051110435,0.117432309096,0.433412447257,43,0
1350514800000,MAC000165,1,7.268,0.672,0.123,0.258,0.108454603805,0.444551458448,0.144606494221,0.230116514691,36,0
1350514800000,MAC000170,1,13.55,0.919,0.23,0.464,0.178985785112,0.418450184502,0.159409594096,0.313708239761,36,0
1350514800000,MAC000173,1,4.984,0.316,0.068,0.22,0.0799328711413,0.447030497592,0.150481540931,0.32858649789,36,0
1350514800000,MAC000186,1,2.611,0.178,0.04,0.116,0.0386125371056,0.398314821907,0.162389888931,0.312096581401,28,0
1350514800000,MAC000187,1,10.264,0.85,0.145,0.433,0.210548781753,0.423324240062,0.0502727981294,0.256921151439,33,0
1350514800000,MAC000193,1,15.8849999,1.796,0.143,1.179,0.481388787999,0.331255897584,0.0289581367892,0.18818414325,18,0
1350514800000,MAC000194,1,6.507,0.679,0.109,0.18,0.107002646321,0.222222222222,0.166282465038,0.203898097954,15,0
1350514800000,MAC000195,1,21.287,0.788,0.4975,0.539,0.185648860934,0.184055996618,0.300136233382,0.562790820643,40,0
1350514800000,MAC000198,1,9.455,0.978,0.135,0.39,0.196872578248,0.296668429402,0.257641459545,0.201410190866,25,0
1350514800000,MAC000219,1,6.613,0.539,0.095,0.218,0.10409813596,0.295024950854,0.150612430062,0.261042908459,24,0
1350514800000,MAC000236,1,4.261,0.311,0.0615,0.183,0.0637031656668,0.393334897911,0.119220840178,0.28543676313,34,0
1350514800000,MAC000247,1,15.2,1.258,0.2035,0.782,0.324878780813,0.207763157895,0.0643421052632,0.251722310546,19,0
1350514800000,MAC000257,1,23.2199999,1.2539999,0.48,0.686,0.168468303913,0.317355724881,0.176744186808,0.393973357625,40,0
1350514800000,MAC000259,1,8.936,0.812,0.129,0.352,0.169248871652,0.339413607878,0.0654655326768,0.229269293924,18,0
1350514800000,MAC000261,1,7.556,0.449,0.123,0.331,0.103749665327,0.458178930651,0.145579671784,0.350593912398,41,0
1350514800000,MAC000265,1,9.364,0.339,0.2,0.301,0.0743633627684,0.309055958992,0.179303716361,0.57546705998,43,0
1350514800000,MAC000266,1,5.474,0.986,0.0905,0.132,0.136595198539,0.225794665692,0.164413591524,0.11566091954,33,0
1350514800000,MAC000278,1,6.984,0.459,0.128,0.269,0.105526574161,0.288802978236,0.108390607102,0.323738005841,30,0
1350514800000,MAC000286,1,11.388,0.996,0.203,0.319,0.162415298438,0.242272567615,0.212504390587,0.238202811245,30,0
1350514800000,MAC000288,1,14.9490001,1.507,0.1605,0.733,0.334066920473,0.267509530621,0.0658238004828,0.206660585324,24,0
1350514800000,MAC000290,1,6.398,0.409,0.1085,0.24,0.0863804468455,0.412316348859,0.107221006565,0.325896495518,26,0
1350514800000,MAC000292,1,4.789,0.325,0.0835,0.177,0.0665376583796,0.178534140739,0.113176028398,0.306987179487,25,0
1350514800000,MAC000293,1,6.322,0.355,0.1205,0.191,0.0491137957254,0.352578298007,0.223821575451,0.371009389671,36,0
1350514800000,MAC000298,1,5.899,0.713,0.0725,0.263,0.155138948417,0.120189862689,0.143583658247,0.172364422627,16,0
1350601200000,MAC000002,0,8.431,0.822,0.134,0.269,0.120949970646,0.431028347764,0.170561024789,0.213681062449,40,0
1350601200000,MAC000003,0,23.5130002,2.194,0.233,1.1390001,0.530314179249,0.101901075134,0.595202657294,0.223269904664,2,0
1350601200000,MAC000004,0,1.597,0.253,0,0.179,0.0747848969777,0.345021916093,0.273638071384,0.131505270092,3,38
1350601200000,MAC000005,1,4.84,0.628,0.0615,0.223,0.112615002948,0.496074380165,0.0828512396694,0.160562632696,34,0
1350601200000,MAC000006,0,2.795,0.18,0.0465,0.107,0.0367991392468,0.403935599284,0.128801431127,0.32349537037,18,0
1350601200000,MAC000007,0,10.355,1.021,0.127,0.555,0.217876564785,0.38860453887,0.0833413809754,0.211292033954,35,0
1350601200000,MAC000008,0,17.432,0.854,0.306,0.526,0.137550495778,0.349128040385,0.177891234511,0.425253708041,35,0
1350601200000,MAC000009,0,9.081,0.911,0.1795,0.313,0.160671333298,0.293359762141,0.0890871049444,0.2076701427,23,0
1350601200000,MAC000010,0,25.663,1.601,0.5235,0.952,0.300221688201,0.3515956825,0.0939095195418,0.333944930252,35,0
1350601200000,MAC000012,0,1.178,0.055,0.019,0.052,0.0230361657086,0.247028862479,0.247877758913,0.446212121212,18,18
1350601200000,MAC000013,0,5.43,0.246,0.107,0.186,0.0526357867013,0.386556169429,0.219152854512,0.459857723577,36,0
1350601200000,MAC000014,1,4.056,0.742,0.044,0.162,0.112221692793,0.372287968442,0.277613412229,0.113881401617,8,0
1350601200000,MAC000015,1,14.196,0.822,0.1905,0.653,0.220546999904,0.293462947309,0.100591715976,0.359793187348,31,0
1350601200000,MAC000016,0,0.145,0.01,0,0.009,0.00410532978443,0.641379310345,0.0137931034483,0.302083333333,35,29
1350601200000,MAC000017,1,7.404,0.448,0.114,0.34,0.112357409636,0.427471636953,0.106023770935,0.344308035714,18,0
1350601200000,MAC000018,0,7.042,0.397,0.128,0.185,0.0560524153261,0.260437375746,0.209315535359,0.369542401343,46,0
1350601200000,MAC000019,0,3.514,0.126,0.077,0.103,0.0253902526682,0.254980079681,0.250711439954,0.581018518519,33,0
1350601200000,MAC000020,0,9.275,1.062,0.12,0.435,0.219735185278,0.38307277628,0.0741778975741,0.181948367859,22,0
1350601200000,MAC000021,0,22.199,0.961,0.378,0.808,0.19533528756,0.185413757376,0.209243659624,0.481247832119,23,0
1350601200000,MAC000022,0,9.621,0.369,0.1825,0.297,0.0758800880364,0.365450576863,0.188545889201,0.543191056911,38,0
1350601200000,MAC000023,0,13.307,1.105,0.166,0.495,0.230428698262,0.48478244533,0.0851431577365,0.25088612368,39,0
1350601200000,MAC000024,0,19.618,1.443,0.194,0.952,0.402169582718,0.543021714752,0.146447140381,0.283235158235,20,0
1350601200000,MAC000025,0,3.898,0.781,0.0265,0.148,0.153864924302,0.118778860954,0.0505387378143,0.103979940248,29,0
1350601200000,MAC000026,0,11.881,1.289,0.175,0.487,0.214039714927,0.158488342732,0.164716774682,0.192025471942,18,0
1350601200000,MAC000027,0,8.326,0.684,0.147,0.264,0.0958903363078,0.222075426375,0.199855873168,0.253594054581,24,0
1350601200000,MAC000028,0,6.735,0.529,0.114,0.221,0.0772623119234,0.303192279139,0.151002227171,0.265241020794,19,0
1350601200000,MAC000029,0,3.843,0.582,0.0565,0.084,0.0827811890493,0.190215977101,0.176164454853,0.13756443299,30,0
1350601200000,MAC000030,0,20.8870001,1.869,0.199,1.114,0.45209706048,0.497630102467,0.0534303631281,0.232822811887,37,0
1350601200000,MAC000031,1,15.455,1.312,0.1245,0.696,0.315392843714,0.458751206729,0.0975088967972,0.245410950203,39,0
1350601200000,MAC000032,0,5.776,1.198,0.056,0.286,0.20873042157,0.130886426593,0.481648199446,0.100445186422,9,0
1350601200000,MAC000033,0,5.877,0.39,0.0895,0.26,0.0868950291659,0.352730985197,0.190062957291,0.313942307692,16,0
1350601200000,MAC000034,0,7.179,0.316,0.1335,0.274,0.0809286996503,0.410224265218,0.135116311464,0.473299050633,45,0
1350601200000,MAC000035,0,17.207,0.698,0.3275,0.596,0.154174142555,0.344104143662,0.147498111234,0.513580468004,19,0
1350601200000,MAC000036,0,2.525,0.263,0.044,0.107,0.0591554236677,0.310099009901,0.0883168316832,0.200015842839,41,7
1350601200000,MAC000037,0,0,0,0,0,0,0,0,0,0,48
1350601200000,MAC000038,0,9.811,0.88,0.158,0.378,0.166172066894,0.440933645908,0.103761084497,0.232267992424,37,0
1350601200000,MAC000039,0,12.288,1.112,0.178,0.549,0.253951438927,0.398111979167,0.100341796875,0.230215827338,19,0
1350601200000,MAC000040,0,17.786,0.613,0.3915,0.458,0.0919172994085,0.281176206005,0.169740245137,0.604472539424,33,0
1350601200000,MAC000041,0,6.982,0.608,0.06,0.332,0.149133603179,0.596104268118,0.0743340017187,0.239240679825,39,0
1350601200000,MAC000042,0,10.6599999,1.3049999,0.166,0.375,0.197893039822,0.365666044706,0.0920262672798,0.170178810933,17,0
1350601200000,MAC000043,0,3.306,0.167,0.0515,0.132,0.042523829104,0.464004839685,0.139140955838,0.412425149701,36,0
1350601200000,MAC000044,1,15.979,1.054,0.1165,0.812,0.324852225352,0.378684523437,0.165842668502,0.315840449083,42,0
1350601200000,MAC000045,0,16.276,1.675,0.216,0.75,0.337278806117,0.269230769231,0.194949619071,0.202437810945,28,0
1350601200000,MAC000046,1,10.415,0.685,0.202,0.366,0.146192722343,0.467402784446,0.108689390302,0.316757907543,35,0
1350601200000,MAC000047,0,5.663,0.191,0.1145,0.17,0.0436637194855,0.276885043263,0.152922479251,0.617691972077,17,0
1350601200000,MAC000048,1,3.593,0.229,0.0625,0.095,0.033568952411,0.205399387698,0.225160033398,0.326874090247,13,0
1350601200000,MAC000049,0,38.8680002,4.369,0.4545,1.821,0.827595079604,0.386616247882,0.0638314291251,0.185339895666,30,0
1350601200000,MAC000050,0,21.479,1.507,0.2965,1.149,0.389229473917,0.26211648587,0.0543321383677,0.296933753594,25,0
1350601200000,MAC000051,1,12.137,0.522,0.2405,0.42,0.134919573201,0.395402488259,0.189832742852,0.4843949553,41,0
1350601200000,MAC000052,1,4.298,0.498,0.069,0.139,0.0905635040394,0.273150302466,0.119823173569,0.179802543507,33,0
1350601200000,MAC000053,0,5.86,0.518,0.0765,0.241,0.102286532458,0.373208191126,0.136348122867,0.235682110682,12,0
1350601200000,MAC000054,0,10.255,0.971,0.164,0.318,0.157691879095,0.451194539249,0.149780594832,0.220026604875,38,0
1350601200000,MAC000055,0,14.1990001,1.67,0.1485,0.656,0.366345963723,0.658074514698,0.110430311216,0.17713323478,40,0
1350601200000,MAC000056,0,7.6220001,1.0190001,0.1105,0.324,0.168979417429,0.380215161635,0.0581212272616,0.1558308667,13,0
1350601200000,MAC000057,0,11.011,0.857,0.172,0.342,0.150931791933,0.347743165925,0.148215420943,0.267673084403,21,0
1350601200000,MAC000058,0,5.852,0.734,0.07,0.273,0.171475682597,0.507860560492,0.0601503759398,0.166099000908,34,0
1350601200000,MAC000059,0,18.056,1.484,0.3835,0.518,0.205467691432,0.314687638458,0.181214000886,0.253481581312,33,0
1350601200000,MAC000060,0,10.322,1.077,0.0505,0.55,0.263121245684,0.685041658593,0.0501840728541,0.19966728567,35,0
1350601200000,MAC000061,0,4.759,0.255,0.0575,0.22,0.079045079328,0.4547173776,0.08237024585,0.388807189542,32,0
1350601200000,MAC000062,0,9.555,0.402,0.185,0.329,0.0757037554798,0.342438513867,0.174986917844,0.495180348259,18,0
1350601200000,MAC000064,1,14.236,1.648,0.231,0.597,0.311234760894,0.206518685024,0.24697948862,0.179965614887,16,0
1350601200000,MAC000065,1,5.535,0.674,0.07,0.233,0.124114053101,0.508943089431,0.0825654923216,0.171086795252,38,0
1350601200000,MAC000071,1,13.4360001,1.515,0.1415,0.621,0.289684376178,0.480872287281,0.0859630836115,0.184763477723,38,0
1350601200000,MAC000075,1,4.363,0.251,0.071,0.187,0.0586920776821,0.453816181526,0.17465046986,0.362134794157,35,0
1350601200000,MAC000076,1,27.5970002,2.1670001,0.4345,1.3940001,0.523521793854,0.303185126621,0.0488821245144,0.265314941225,31,0
1350601200000,MAC000082,1,3.4880001,1.1670001,0.0515,0.083,0.163223829292,0.275229349907,0.165424307184,0.0622679198999,32,0
1350601200000,MAC000088,1,12.492,0.535,0.2415,0.454,0.125211737336,0.34357989113,0.1225584374,0.486448598131,43,0
1350601200000,MAC000106,1,17.346,0.787,0.3645,0.592,0.193058132976,0.326415311887,0.101233713825,0.45918043202,25,0
1350601200000,MAC000107,1,8.404,0.478,0.1395,0.42,0.131654034204,0.274155164208,0.107924797715,0.366283124128,32,0
1350601200000,MAC000109,1,7.031,0.389,0.1375,0.257,0.0782599806157,0.339212060873,0.150903143223,0.376553127678,34,0
1350601200000,MAC000124,1,10.101,0.782,0.178,0.31,0.134504942017,0.238986238986,0.164835164835,0.269101662404,15,0
1350601200000,MAC000139,1,20.49,1.374,0.41,0.624,0.278258844199,0.325622254758,0.103953147877,0.310680494905,33,0
1350601200000,MAC000141,1,11.637,0.847,0.2075,0.552,0.193985277174,0.452522127696,0.0883389189654,0.28623081464,38,0
1350601200000,MAC000146,1,6.558,0.86,0.1105,0.196,0.117289638822,0.449679780421,0.151113144251,0.15886627907,35,0
1350601200000,MAC000147,1,6.276,0.745,0.1065,0.172,0.119261529841,0.240280433397,0.165710643722,0.175503355705,32,0
1350601200000,MAC000158,1,3.5,0.336,0.049,0.155,0.0661330204126,0.362857142857,0.117142857143,0.217013888889,23,0
1350601200000,MAC000165,1,7.046,0.444,0.124,0.243,0.0840691576257,0.43372126029,0.116520011354,0.330611861862,39,0
1350601200000,MAC000170,1,43.986,1.575,0.916,1.304,0.326205688223,0.277270040467,0.134861092166,0.581825396825,45,0
1350601200000,MAC000173,1,4.805,0.317,0.073,0.208,0.0747351544855,0.468886576483,0.157127991675,0.315786014721,36,0
1350601200000,MAC000186,1,3.27,0.481,0.041,0.114,0.0742601353913,0.467278287462,0.13119266055,0.141632016632,37,0
1350601200000,MAC000187,1,8.629,0.863,0.144,0.331,0.169217099163,0.468420442693,0.0640862208831,0.208309192739,38,0
1350601200000,MAC000193,1,15.405,1.084,0.334,0.754,0.2821525449,0.442453748783,0.0316780266147,0.296067804428,34,0
1350601200000,MAC000194,1,7.401,0.364,0.1145,0.313,0.0885175727022,0.421564653425,0.144845291177,0.423592032967,36,0
1350601200000,MAC000195,1,23.557,0.971,0.5015,0.549,0.1505526264,0.241287090886,0.27881309165,0.50542825266,40,0
1350601200000,MAC000198,1,7.241,0.364,0.141,0.219,0.0696873941205,0.272614279796,0.229802513465,0.41443452381,13,0
1350601200000,MAC000219,1,6.848,0.817,0.1365,0.178,0.107672213479,0.286068925234,0.142377336449,0.174622603019,28,0
1350601200000,MAC000236,1,4.05,0.196,0.0765,0.14,0.0437119477374,0.333086419753,0.12987654321,0.430484693878,35,0
1350601200000,MAC000247,1,7.826,0.576,0.0975,0.296,0.119515333454,0.441093789931,0.118323536928,0.283058449074,14,0
1350601200000,MAC000257,1,21.62,0.816,0.4085,0.658,0.127937457594,0.235337650324,0.205504162812,0.55198120915,34,0
1350601200000,MAC000259,1,11.977,1.027,0.169,0.475,0.226388952688,0.386073307172,0.0757284795859,0.242960889322,35,0
1350601200000,MAC000261,1,7.332,0.385,0.1275,0.249,0.0741106998573,0.366339334424,0.151936715767,0.396753246753,38,0
1350601200000,MAC000265,1,11.547,0.982,0.221,0.342,0.16926531273,0.432579890881,0.115354637568,0.244971995927,39,0
1350601200000,MAC000266,1,10.99,0.986,0.1255,0.575,0.235899427576,0.139763421292,0.0889899909008,0.232209263016,33,0
1350601200000,MAC000278,1,6.708,1.38,0.104,0.187,0.190650367165,0.308139534884,0.114788312463,0.101268115942,14,0
1350601200000,MAC000286,1,12.044,1.068,0.23,0.317,0.163521638901,0.253819329127,0.160660909997,0.234940699126,30,0
1350601200000,MAC000288,1,9.645,0.934,0.1355,0.358,0.185574154793,0.244997407983,0.121824779679,0.215136509636,26,0
1350601200000,MAC000290,1,6.002,0.306,0.1055,0.217,0.0674984439121,0.405864711763,0.11946017994,0.408632897603,41,0
1350601200000,MAC000292,1,5.997,0.36,0.0905,0.246,0.0915522178527,0.363848590962,0.0908787727197,0.347048611111,24,0
1350601200000,MAC000293,1,7.758,0.471,0.1385,0.222,0.0851923375369,0.321216808456,0.178267594741,0.343152866242,29,0
1350601200000,MAC000298,1,3.79,0.197,0.0765,0.131,0.0413203734723,0.228496042216,0.231662269129,0.400803722504,16,0
1350687600000,MAC000002,0,17.5779999,1.4529999,0.229,0.688,0.289747297787,0.48145408739,0.113949255399,0.24689244083,36,0
1350687600000,MAC000003,0,21.6670005,2.2030001,0.229,0.975,0.513050354782,0.107490651509,0.588960179329,0.200718866819,3,0
1350687600000,MAC000004,0,1.613,0.206,0,0.165,0.0673315999848,0.331680099194,0.218846869188,0.159797899742,23,39
1350687600000,MAC000005,1,4.701,0.64,0.041,0.239,0.108646855034,0.293554562859,0.0891299723463,0.149904336735,24,0
1350687600000,MAC000006,0,3.138,0.185,0.056,0.118,0.0408376372938,0.324410452518,0.171128107075,0.346166574738,29,0
1350687600000,MAC000007,0,11.597,1.171,0.16,0.452,0.218691879766,0.362938691041,0.0894196775028,0.20211227104,14,0
1350687600000,MAC000008,0,18.657,0.901,0.29,0.593,0.170545885933,0.302942595273,0.182344428365,0.422591678181,19,0
1350687600000,MAC000009,0,7.242,0.518,0.136,0.24,0.0987453909215,0.379038939519,0.106324219829,0.285320305728,24,0
1350687600000,MAC000010,0,28.4059999,1.612,0.468,1.087,0.382399829496,0.397908890368,0.0989227631448,0.359624245455,34,0
1350687600000,MAC000012,0,1.209,0.055,0.028,0.053,0.0227877408459,0.253101736973,0.275434243176,0.448608534323,36,17
1350687600000,MAC000013,0,5.156,0.196,0.114,0.15,0.0401468047404,0.329519006982,0.27734678045,0.536859641816,47,0
1350687600000,MAC000014,1,5.22,1.03,0.049,0.154,0.180953607995,0.220689655172,0.0890804597701,0.103427778879,18,0
1350687600000,MAC000015,1,12.542,0.821,0.147,0.528,0.205066038063,0.217907829692,0.12206984532,0.311765144547,23,0
1350687600000,MAC000016,0,0.148,0.01,0,0.009,0.00399228744169,0.621621621622,0.0405405405405,0.302040816327,33,29
1350687600000,MAC000017,1,7.801,0.543,0.15,0.292,0.108109917533,0.387129855147,0.0933213690552,0.293193520502,27,0
1350687600000,MAC000018,0,11.95,0.696,0.161,0.499,0.162791419401,0.341087866109,0.167949790795,0.350398780202,38,0
1350687600000,MAC000019,0,3.644,0.134,0.078,0.108,0.0282457826923,0.272502744237,0.23710208562,0.554980201036,14,0
1350687600000,MAC000020,0,5.474,0.589,0.078,0.233,0.0964449721502,0.267080745342,0.159846547315,0.189667717681,21,0
1350687600000,MAC000021,0,17.041,0.485,0.354,0.395,0.0436620908313,0.244117129276,0.256381667743,0.717062907637,33,0
1350687600000,MAC000022,0,10.581,0.598,0.182,0.291,0.10048421709,0.380209810037,0.214913524242,0.361101631288,37,0
1350687600000,MAC000023,0,16.733,1.6799999,0.254,0.625,0.322598193661,0.451263969402,0.059821908803,0.203267747765,37,0
1350687600000,MAC000024,0,15.576,1.368,0.17,0.825,0.344030826375,0.171545968156,0.138289676425,0.232366630863,31,0
1350687600000,MAC000025,0,4.456,1.296,0.027,0.104,0.248253771426,0.0736086175943,0.0388240574506,0.070168808264,27,0
1350687600000,MAC000026,0,7.743,0.217,0.146,0.196,0.0261880871779,0.241250161436,0.264238667183,0.728204645914,13,0
1350687600000,MAC000027,0,12.829,0.662,0.242,0.324,0.08578941314,0.251383584067,0.224725231896,0.395492940379,28,0
1350687600000,MAC000028,0,5.844,0.215,0.115,0.162,0.0372798438237,0.308692676249,0.186002737851,0.554722354058,35,0
1350687600000,MAC000029,0,5.555,1.734,0.056,0.094,0.257814495395,0.124932493249,0.173177317732,0.0653790928136,29,2
1350687600000,MAC000030,0,23.8990002,1.5190001,0.265,1.141,0.446289552378,0.460270300345,0.0477425829722,0.321089312607,26,0
1350687600000,MAC000031,1,31.1220001,2.1270001,0.536,1.409,0.583053088533,0.233339758906,0.0444701495904,0.298609698788,20,0
1350687600000,MAC000032,0,7.929,0.933,0.08,0.473,0.217225987233,0.12574095094,0.234455795182,0.173436577203,22,0
1350687600000,MAC000033,0,8.151,0.729,0.116,0.328,0.154165369867,0.496012759171,0.11998527788,0.228185101201,41,0
1350687600000,MAC000034,0,5.536,0.406,0.087,0.228,0.0883941751234,0.464234104046,0.141979768786,0.278274856741,38,0
1350687600000,MAC000035,0,16.525,0.877,0.297,0.468,0.147983525091,0.292465960666,0.198063540091,0.384543783306,33,0
1350687600000,MAC000036,0,2.812,0.241,0.043,0.135,0.0567064824882,0.327169274538,0.0913940256046,0.238123465154,35,6
1350687600000,MAC000037,0,0,0,0,0,0,0,0,0,0,49
1350687600000,MAC000038,0,7.819,0.529,0.129,0.264,0.0924134454393,0.359892569382,0.192991431129,0.301647312989,11,0
1350687600000,MAC000039,0,7.214,0.685,0.1,0.239,0.130641004487,0.410313279734,0.142223454394,0.214926262476,39,0
1350687600000,MAC000040,0,17.023,0.936,0.309,0.466,0.1428201264,0.262468425072,0.211596075897,0.371162567591,19,0
1350687600000,MAC000041,0,8.253,0.749,0.111,0.38,0.155682696665,0.490003635042,0.120925723979,0.224871256914,41,0
1350687600000,MAC000042,0,12.727,0.834,0.146,0.622,0.209627052265,0.515203897226,0.109373772295,0.311432486664,36,0
1350687600000,MAC000043,0,3.65,0.204,0.05,0.134,0.0489685957044,0.427397260274,0.141917808219,0.365146058423,13,0
1350687600000,MAC000044,1,20.385,0.825,0.285,0.772,0.275800836881,0.197252882021,0.34211429973,0.50426716141,35,0
1350687600000,MAC000045,0,24.685,1.638,0.337,1.138,0.438055269335,0.127000202552,0.370710958072,0.307555256535,28,0
1350687600000,MAC000046,1,12.975,0.986,0.267,0.453,0.185335765857,0.392138728324,0.112832369942,0.268555698141,30,0
1350687600000,MAC000047,0,6.029,0.236,0.145,0.176,0.0529531788503,0.284292585835,0.144965997678,0.521359391214,16,0
1350687600000,MAC000048,1,3.082,0.083,0.056,0.081,0.0111707433074,0.233614536016,0.259896171317,0.757806737153,5,0
1350687600000,MAC000049,0,43.5549999,3.391,0.635,1.701,0.794373005443,0.409895535323,0.0613018024597,0.262128442636,36,0
1350687600000,MAC000050,0,24.756,1.756,0.249,1.183,0.492546992442,0.552997253191,0.0583292939085,0.287713262982,35,0
1350687600000,MAC000051,1,17.279,1.354,0.357,0.56,0.274717494512,0.279587939117,0.158805486429,0.260437705363,24,0
1350687600000,MAC000052,1,4.512,0.581,0.073,0.135,0.0833857122628,0.410017730496,0.201906028369,0.158488180126,35,0
1350687600000,MAC000053,0,4.215,0.195,0.07,0.154,0.0431359927349,0.314353499407,0.237010676157,0.441130298273,44,0
1350687600000,MAC000054,0,7.933,0.453,0.131,0.269,0.0932029264886,0.397453674524,0.170301273163,0.357390638375,35,0
1350687600000,MAC000055,0,18.147,1.272,0.28,0.647,0.300007248281,0.243401113132,0.102826913539,0.291153253754,18,0
1350687600000,MAC000056,0,7.366,0.418,0.154,0.278,0.100200897742,0.393021992941,0.0775183274504,0.359632848355,15,0
1350687600000,MAC000057,0,17.432,1.189,0.245,0.763,0.263411955675,0.412345112437,0.148462597522,0.299205300287,38,0
1350687600000,MAC000058,0,2.938,0.171,0.05,0.118,0.0427851582047,0.198093941457,0.123553437713,0.350638501014,19,0
1350687600000,MAC000059,0,20.412,1.054,0.404,0.657,0.203023372536,0.336615716245,0.143689986283,0.395229059366,34,0
1350687600000,MAC000060,0,10.694,0.75,0.2,0.42,0.157003123667,0.376098746961,0.158126051992,0.290993197279,26,0
1350687600000,MAC000061,0,8.842,0.489,0.225,0.323,0.132014850931,0.338611173943,0.0530422981226,0.369016318184,24,0
1350687600000,MAC000062,0,11.271,0.688,0.211,0.329,0.104316334017,0.307426137876,0.163516990507,0.334331988609,19,0
1350687600000,MAC000064,1,11.973,1.344,0.146,0.572,0.282667003266,0.0963835296083,0.128873298254,0.181805758017,16,0
1350687600000,MAC000065,1,5.449,0.364,0.047,0.271,0.106543845452,0.605432189393,0.118553863094,0.305505718771,42,0
1350687600000,MAC000071,1,23.9930001,1.8940001,0.311,1.026,0.453710583489,0.303630220049,0.051973492052,0.258528530841,33,0
1350687600000,MAC000075,1,5.074,0.373,0.087,0.179,0.0680291237826,0.278675601104,0.159637366969,0.277616676697,22,0
1350687600000,MAC000076,1,26.6870001,1.965,0.383,1.284,0.488685649807,0.540487875968,0.0812755271058,0.277166745599,38,0
1350687600000,MAC000082,1,4.292,1.252,0.05,0.092,0.190038977567,0.222273998136,0.339235787512,0.0699615309383,26,0
1350687600000,MAC000088,1,15.625,0.645,0.344,0.493,0.146365858717,0.308608,0.124928,0.494383800032,33,0
1350687600000,MAC000106,1,13.967,0.649,0.25,0.488,0.141158177188,0.378463521157,0.136106536837,0.439200025156,18,0
1350687600000,MAC000107,1,6.489,0.414,0.096,0.248,0.0889943818451,0.19340422253,0.119741100324,0.319875776398,28,0
1350687600000,MAC000109,1,5.91,0.344,0.111,0.201,0.0598330385583,0.21421319797,0.194923857868,0.350616990982,18,0
1350687600000,MAC000124,1,8.489,0.942,0.14,0.242,0.121746228306,0.245494168924,0.174343267758,0.183911781273,18,0
1350687600000,MAC000139,1,20.201,2.217,0.318,0.602,0.322434665143,0.375228949062,0.142072174645,0.18595638526,34,0
1350687600000,MAC000141,1,6.621,0.856,0.086,0.263,0.15083544658,0.574988672406,0.188793233651,0.157853328247,39,6
1350687600000,MAC000146,1,6.669,0.711,0.105,0.199,0.120310863489,0.436647173489,0.190133453291,0.191423404805,36,0
1350687600000,MAC000147,1,5.686,0.463,0.11,0.17,0.0694523648776,0.26925782624,0.136827295111,0.250628113016,16,0
1350687600000,MAC000158,1,3.638,0.216,0.07,0.117,0.0440095215172,0.349367784497,0.141836173722,0.343726379441,24,0
1350687600000,MAC000165,1,8.51,0.983,0.132,0.234,0.16487674899,0.479788484136,0.147238542891,0.176676978014,37,0
1350687600000,MAC000170,1,18.182,1.258,0.242,0.794,0.29409080981,0.40408095919,0.337641623584,0.294961227734,39,0
1350687600000,MAC000173,1,6.015,0.507,0.08,0.255,0.107920706079,0.468827930175,0.102410640067,0.242120516846,20,0
1350687600000,MAC000186,1,2.565,0.205,0.039,0.084,0.036287149027,0.360233918129,0.178947368421,0.255350920856,26,0
1350687600000,MAC000187,1,9.811,0.885,0.141,0.399,0.199452645426,0.516155335848,0.0967281622668,0.226242361351,36,0
1350687600000,MAC000193,1,11.285,1.562,0.096,0.4,0.331910868542,0.290385467435,0.0432432432432,0.147443100159,19,0
1350687600000,MAC000194,1,8.974,0.621,0.138,0.365,0.124161185561,0.355248495654,0.12391352797,0.294916034046,13,0
1350687600000,MAC000195,1,21.08,0.822,0.498,0.541,0.201994744283,0.2305028463,0.201518026565,0.523362629723,30,0
1350687600000,MAC000198,1,9.089,0.843,0.133,0.324,0.148647524805,0.252062933216,0.258114203983,0.220035345099,15,0
1350687600000,MAC000219,1,7.482,0.463,0.13,0.235,0.0846491448133,0.373830526597,0.142207965785,0.329792392119,25,0
1350687600000,MAC000236,1,3.602,0.298,0.056,0.125,0.0525023313181,0.355913381455,0.146585230428,0.246678537187,33,0
1350687600000,MAC000247,1,9.431,0.426,0.21,0.329,0.109404716169,0.367405365285,0.0972325310147,0.451806074542,39,0
1350687600000,MAC000257,1,24.583,1.068,0.397,0.813,0.200084390775,0.349347109791,0.186755074645,0.469750821677,32,0
1350687600000,MAC000259,1,10.35,0.814,0.168,0.446,0.177921705471,0.30077294686,0.0715942028986,0.259489545204,17,0
1350687600000,MAC000261,1,8.852,0.764,0.125,0.574,0.185754012347,0.431540894713,0.137934929959,0.236456886419,32,0
1350687600000,MAC000265,1,8.327,0.37,0.114,0.326,0.0951506663812,0.435931307794,0.174132340579,0.459293987865,41,0
1350687600000,MAC000266,1,4.873,0.282,0.09,0.156,0.0493372654721,0.308639441822,0.171352349682,0.352655955999,15,0
1350687600000,MAC000278,1,7.558,0.726,0.13,0.233,0.12097217265,0.36358825086,0.183778777454,0.212458537134,36,0
1350687600000,MAC000286,1,12.901,1.173,0.232,0.35,0.194627850011,0.248895434462,0.139834121386,0.224454999391,30,0
1350687600000,MAC000288,1,8.567,0.895,0.135,0.344,0.150104908476,0.344344578032,0.158982140773,0.195348306921,40,0
1350687600000,MAC000290,1,6.777,0.428,0.122,0.233,0.0820774159402,0.366976538291,0.141212926073,0.323145145909,23,0
1350687600000,MAC000292,1,5.044,0.325,0.094,0.188,0.0657910756814,0.254956383822,0.106066613799,0.316734693878,28,0
1350687600000,MAC000293,1,7.13,0.567,0.12,0.198,0.0949728473439,0.407573632539,0.214446002805,0.25663175323,34,0
1350687600000,MAC000298,1,4.29,0.444,0.075,0.148,0.0824284627938,0.212121212121,0.199533799534,0.197186982901,18,0
1350774000000,MAC000002,0,24.4900001,2.1600001,0.385,0.829,0.33200584353,0.445120459595,0.151163739685,0.236207551757,37,0
1350774000000,MAC000003,0,20.247,2.234,0.1695,1.027,0.508945467791,0.074085049637,0.61495530202,0.188814905998,2,0
1350774000000,MAC000004,0,1.671,0.217,0,0.178,0.0711654926474,0.232196289647,0.222022740874,0.160426267281,30,37
1350774000000,MAC000005,1,4.132,0.796,0.033,0.164,0.151205549024,0.398354307841,0.248547918683,0.108144891122,40,0
1350774000000,MAC000006,0,2.857,0.187,0.055,0.099,0.0363449845138,0.347217360868,0.128456422821,0.318293226381,17,0
1350774000000,MAC000007,0,10.585,1.775,0.138,0.443,0.264815973019,0.48134152102,0.0800188946623,0.124237089202,35,0
1350774000000,MAC000008,0,19.993,1.102,0.313,0.628,0.18762384683,0.367278547492,0.17616165658,0.377968088324,40,0
1350774000000,MAC000009,0,9.075,1.296,0.167,0.282,0.19398082017,0.300275482094,0.0814325068871,0.145881558642,24,0
1350774000000,MAC000010,0,25.253,2.391,0.277,1.33,0.501472674546,0.532055597355,0.0993149328793,0.22003520145,35,0
1350774000000,MAC000012,0,1.137,0.055,0.0195,0.052,0.022818264112,0.231310466139,0.253298153034,0.430681818182,6,17
1350774000000,MAC000013,0,6.571,0.301,0.121,0.207,0.0528627308789,0.351088114442,0.187642672348,0.454803433001,39,0
1350774000000,MAC000014,1,6.237,1.044,0.0725,0.237,0.17669576092,0.243867243867,0.0554753888087,0.124461206897,18,0
1350774000000,MAC000015,1,9.237,0.341,0.171,0.295,0.0788598192602,0.366136191404,0.151997401754,0.564332844575,41,0
1350774000000,MAC000016,0,0.147,0.01,0,0.009,0.00409982850251,0.632653061224,0.0204081632653,0.30625,34,29
1350774000000,MAC000017,1,6.504,0.553,0.0825,0.245,0.111693777803,0.446955719557,0.0925584255843,0.245027124774,19,0
1350774000000,MAC000018,0,10.729,0.69,0.134,0.424,0.149513793899,0.460993568832,0.141578898313,0.323943236715,38,0
1350774000000,MAC000019,0,3.455,0.131,0.079,0.106,0.0287166397635,0.275542691751,0.21476121563,0.549459287532,41,0
1350774000000,MAC000020,0,7.866,0.778,0.105,0.315,0.135131822214,0.42664632596,0.0891177218408,0.210636246787,36,0
1350774000000,MAC000021,0,19.96,0.866,0.396,0.51,0.111025772784,0.291883767535,0.208967935872,0.480177059276,44,0
1350774000000,MAC000022,0,11.216,0.866,0.188,0.325,0.143101702374,0.395417261056,0.15522467903,0.269822940724,36,0
1350774000000,MAC000023,0,20.806,1.623,0.393,0.833,0.37325733741,0.289483802749,0.0470056714409,0.267072294106,26,0
1350774000000,MAC000024,0,21.9839998,3.2539999,0.163,1.3609999,0.643575902776,0.42808406503,0.101437409948,0.140749849388,21,0
1350774000000,MAC000025,0,3.928,1.228,0.025,0.096,0.216388667808,0.084266802444,0.048116089613,0.0666395222584,27,0
1350774000000,MAC000026,0,11.696,0.7,0.181,0.518,0.146031151547,0.420656634747,0.159370725034,0.348095238095,36,0
1350774000000,MAC000027,0,11.224,0.555,0.223,0.354,0.106484805906,0.343014967926,0.174447612259,0.421321321321,34,0
1350774000000,MAC000028,0,6.416,0.288,0.1185,0.203,0.0565023352516,0.314058603491,0.14993765586,0.46412037037,35,0
1350774000000,MAC000029,0,5.676,1.472,0.0555,0.085,0.281159170519,0.137949260042,0.0981324876674,0.0803328804348,28,0
1350774000000,MAC000030,0,21.236,1.775,0.375,0.796,0.360640161919,0.272226407986,0.0595686569976,0.249248826291,26,0
1350774000000,MAC000031,1,35.9510002,2.3640001,0.6125,1.494,0.620641290702,0.315151176239,0.045061333231,0.316827047018,36,0
1350774000000,MAC000032,0,8.926,0.793,0.1855,0.263,0.144815825323,0.228209724401,0.259466726417,0.234499789828,8,0
1350774000000,MAC000033,0,7.142,0.402,0.1345,0.24,0.0898767578255,0.331419770372,0.119994399328,0.370128524046,16,0
1350774000000,MAC000034,0,6.466,0.29,0.1115,0.215,0.0504413679159,0.351067120322,0.210330961955,0.464511494253,43,0
1350774000000,MAC000035,0,34.5550004,2.1830001,0.6085,1.579,0.561126195225,0.281435392488,0.0797569083518,0.329773618273,24,0
1350774000000,MAC000036,0,2.438,0.234,0.04,0.09,0.0522689193552,0.356849876948,0.0881870385562,0.217058404558,16,8
1350774000000,MAC000037,0,0.011,0.007,0,0,0.00114089846417,0,0,0.0327380952381,19,46
1350774000000,MAC000038,0,17.651,1.943,0.249,0.846,0.45623941721,0.250750665685,0.0507053424735,0.189258449134,23,0
1350774000000,MAC000039,0,13.045,1.771,0.112,0.726,0.352501550799,0.444461479494,0.0663089306248,0.153456145304,35,0
1350774000000,MAC000040,0,16.347,0.587,0.3245,0.49,0.0969378895329,0.321037499235,0.183030525479,0.580174616695,34,0
1350774000000,MAC000041,0,10.983,0.684,0.179,0.498,0.169811250149,0.330783938815,0.0626422653191,0.33452119883,32,0
1350774000000,MAC000042,0,11.245,1.546,0.1165,0.504,0.260219437813,0.433081369498,0.0906180524678,0.151533527382,21,0
1350774000000,MAC000043,0,3.522,0.235,0.0505,0.139,0.0493282479079,0.353492333901,0.149346961953,0.312234042553,12,0
1350774000000,MAC000044,1,21.5859998,1.5779999,0.2485,1.001,0.401448717656,0.13856203223,0.0555915876549,0.284986284959,17,0
1350774000000,MAC000045,0,31.4470002,2.4779999,0.4935,1.296,0.555828924833,0.385569371415,0.191401404322,0.264384932986,0,0
1350774000000,MAC000046,1,17.1040001,3.1530001,0.2125,0.727,0.490056868001,0.175163703373,0.0669434046601,0.113014057759,23,0
1350774000000,MAC000047,0,5.989,0.249,0.1395,0.181,0.0521916498683,0.275171147103,0.136750709634,0.50108768407,23,0
1350774000000,MAC000048,1,2.964,0.083,0.055,0.08,0.010656570743,0.254048582996,0.243927125506,0.743975903614,5,0
1350774000000,MAC000049,0,55.5599995,3.892,0.8165,2.3329999,0.899920680436,0.317134628484,0.103347733111,0.29740493052,35,0
1350774000000,MAC000050,0,29.648,1.982,0.5935,1.4220001,0.548399198791,0.26143416082,0.0535280626012,0.311638076017,29,0
1350774000000,MAC000051,1,14.188,1.068,0.2925,0.559,0.225645447673,0.328094164082,0.129334648999,0.276763420724,29,0
1350774000000,MAC000052,1,3.576,0.313,0.062,0.14,0.0590688157999,0.23937360179,0.173657718121,0.238019169329,33,0
1350774000000,MAC000053,0,8.99,0.727,0.084,0.529,0.207619037977,0.51212458287,0.085873192436,0.25762265016,36,0
1350774000000,MAC000054,0,10.748,0.685,0.2345,0.359,0.127513860902,0.316058801638,0.103833271306,0.326885644769,28,0
1350774000000,MAC000055,0,7.8,0.603,0.1365,0.209,0.102939100119,0.202051282051,0.296025641026,0.269485903814,47,0
1350774000000,MAC000056,0,6.386,0.357,0.1415,0.266,0.0958438309468,0.263545255246,0.0840901973066,0.37266573296,33,0
1350774000000,MAC000057,0,9.32,0.532,0.182,0.263,0.0695345637475,0.34313304721,0.189055793991,0.364974937343,37,0
1350774000000,MAC000058,0,2.397,0.224,0.0325,0.109,0.0488737345318,0.493116395494,0.137254901961,0.222935267857,35,0
1350774000000,MAC000059,0,15.076,0.527,0.281,0.45,0.100127384144,0.318055187052,0.196869196073,0.595983554712,37,0
1350774000000,MAC000060,0,9.413,0.679,0.1235,0.452,0.168994975219,0.537023265696,0.104961223839,0.288813205695,36,0
1350774000000,MAC000061,0,4.92,0.376,0.0575,0.223,0.0890278514474,0.432520325203,0.0774390243902,0.272606382979,35,2
1350774000000,MAC000062,0,14.568,1.028,0.286,0.422,0.147811253518,0.373970345964,0.17016749039,0.295233463035,39,0
1350774000000,MAC000064,1,5.207,0.416,0.073,0.21,0.0938198605448,0.509314384482,0.211638179374,0.260767227564,38,0
1350774000000,MAC000065,1,7.912,0.993,0.059,0.335,0.2147013753,0.331774519717,0.059403437816,0.165995300436,31,0
1350774000000,MAC000071,1,31.7959999,2.8169999,0.4825,1.447,0.640270861191,0.295854825437,0.0296578186868,0.235149694036,30,0
1350774000000,MAC000075,1,7.976,0.815,0.091,0.465,0.186022437416,0.179413239719,0.0934052156469,0.203885480573,22,0
1350774000000,MAC000076,1,23.2369998,1.796,0.3235,1.133,0.449879339356,0.338425785071,0.0785815731685,0.269545747494,35,0
1350774000000,MAC000082,1,4.633,1.581,0.047,0.092,0.237690887287,0.695661558385,0.127994819771,0.061050495467,34,0
1350774000000,MAC000088,1,23.211,1.79,0.3215,1.0829999,0.409591814079,0.47197449916,0.0906466761449,0.270146648045,38,0
1350774000000,MAC000106,1,14.736,0.597,0.2775,0.536,0.164108322966,0.363531487514,0.113938653637,0.514237855946,31,0
1350774000000,MAC000107,1,11.205,1.058,0.169,0.593,0.234261063973,0.212405176261,0.0682730923695,0.220640359168,18,0
1350774000000,MAC000109,1,8.23,0.493,0.169,0.278,0.090994953691,0.37752126367,0.098177399757,0.347785665991,38,0
1350774000000,MAC000124,1,10.503,0.944,0.1685,0.35,0.139996377371,0.387222698277,0.139769589641,0.231792902542,32,0
1350774000000,MAC000139,1,22.3789999,1.196,0.4005,1.01,0.275472486543,0.357612048606,0.13812056007,0.389823716207,13,0
1350774000000,MAC000141,1,9.889,0.948,0.1285,0.387,0.168142857117,0.443624228941,0.109313378501,0.217321554149,38,0
1350774000000,MAC000146,1,5.362,0.298,0.093,0.17,0.0558673870031,0.406378217083,0.175307721,0.374860178971,36,0
1350774000000,MAC000147,1,5.222,0.699,0.075,0.194,0.0986489901818,0.271160474914,0.153006510915,0.155639008107,16,0
1350774000000,MAC000158,1,3.085,0.211,0.051,0.126,0.0457596709193,0.363047001621,0.138087520259,0.304601105845,16,0
1350774000000,MAC000165,1,8.859,0.857,0.153,0.259,0.129905559647,0.418218760582,0.173044361666,0.215358809802,36,0
1350774000000,MAC000170,1,13.806,1.016,0.2435,0.459,0.146995269907,0.34448790381,0.227727075185,0.283095472441,36,0
1350774000000,MAC000173,1,6.161,0.349,0.0975,0.304,0.0966267495709,0.477844505762,0.0931666937186,0.367776981853,35,0
1350774000000,MAC000186,1,3.566,0.184,0.049,0.162,0.0552558286267,0.473639932698,0.120302860348,0.403759057971,26,0
1350774000000,MAC000187,1,9.795,0.7,0.178,0.395,0.158033937053,0.444614599285,0.112914752425,0.291517857143,42,0
1350774000000,MAC000193,1,24.8420001,2.6960001,0.29,1.742,0.682749410356,0.170155381329,0.0177119393861,0.191966487223,22,0
1350774000000,MAC000194,1,17.8599999,1.517,0.1695,1.0599999,0.391513237566,0.360358339084,0.0795632703223,0.245275762195,34,0
1350774000000,MAC000195,1,23.181,0.848,0.5035,0.576,0.159168203254,0.277684310427,0.17134722402,0.569501768868,44,0
1350774000000,MAC000198,1,8.025,0.529,0.1275,0.287,0.0822181185045,0.247476635514,0.212087227414,0.31604442344,26,0
1350774000000,MAC000219,1,6.023,0.277,0.0995,0.208,0.0576114823564,0.361115723062,0.169682882285,0.452993381468,37,0
1350774000000,MAC000236,1,5.045,0.42,0.063,0.226,0.0892174869778,0.280079286422,0.0921704658077,0.250248015873,20,0
1350774000000,MAC000247,1,15.5979999,1.596,0.219,0.707,0.311389751747,0.394601868154,0.0608411338687,0.203607976974,36,0
1350774000000,MAC000257,1,24.275,1.074,0.436,0.74,0.187965725996,0.297919670443,0.184181256437,0.470883767846,26,0
1350774000000,MAC000259,1,14.0039999,1.2079999,0.144,0.877,0.323462285822,0.155741217907,0.076192516968,0.241514918931,29,0
1350774000000,MAC000261,1,6.035,0.312,0.1215,0.205,0.0604499584999,0.363877381939,0.191714995857,0.402978098291,37,0
1350774000000,MAC000265,1,10.963,0.683,0.1655,0.418,0.144020215535,0.456900483444,0.135911703001,0.334400927282,34,0
1350774000000,MAC000266,1,5.612,0.287,0.117,0.16,0.0476785387313,0.316999287242,0.133464005702,0.40737514518,15,0
1350774000000,MAC000278,1,6.009,1.071,0.084,0.209,0.149589390256,0.301547678482,0.14012314861,0.116888422035,20,0
1350774000000,MAC000286,1,16.013,1.059,0.2645,0.747,0.249010520158,0.252357459564,0.1057890464,0.315018098835,24,0
1350774000000,MAC000288,1,8.314,1.283,0.1315,0.232,0.204063200824,0.473658888622,0.136276160693,0.135002598077,34,0
1350774000000,MAC000290,1,6.662,0.364,0.1285,0.235,0.0756105587681,0.378114680276,0.114079855899,0.381295787546,19,0
1350774000000,MAC000292,1,4.723,0.299,0.0715,0.187,0.0638956635146,0.272072835062,0.117298327334,0.329083054627,37,0
1350774000000,MAC000293,1,8.292,0.656,0.154,0.222,0.113286417986,0.264109985528,0.16341051616,0.263338414634,24,0
1350774000000,MAC000298,1,4.085,0.355,0.0705,0.141,0.0569302349311,0.281517747858,0.177968176255,0.239730046948,31,0
